match_count,text_too_thin_to_judge,page_chars,ar_gemi,co_name_el,co_titles_el,afm,legal_type_descr,prefecture_descr,email,phone,url,discovered_url,scanned_url,sms_marketing,sms_marketing_quote,email_marketing,email_marketing_quote,cold_calling,cold_calling_quote,same_business_as
3,False,6329,137943201000,NOYZIT ΜΟΝΟΠΡΟΣΩΠΗ ΙΔΙΩΤΙΚΗ ΚΕΦΑΛΑΙΟΥΧΙΚΗ ΕΤΑΙΡΕΙΑ,NOOSEIT,800713689,ΙΚΕ,ΑΤΤΙΚΗΣ,stamatoudis.ioannis@gmail.com,2112120506,http://www.nooseit.com,,https://nooseit.com/,True,"SMS Text Messaging, Viber & WhatsApp Campaigns",True,Email & CRM Marketing Automation Email Campaigns & Database Marketing,True,"Sales, Call Center & Customer Lifecycle Operations",
2,False,5000,152999801000,DEVA GROUP ΕΤΑΙΡΕΙΑ ΤΕΧΝΟΛΟΓΙΑΣ ΚΑΙ ΕΠΙΚΟΙΝΩΝΙΑΣ ΜΟΝΟΠΡΟΣΩΠΗ Ι.Κ.Ε.,DEVA GROUP  ΜΟΝΟΠΡΟΣΩΠΗ Ι.Κ.Ε.,801263451,ΙΚΕ,ΑΤΤΙΚΗΣ,ek@deva.gr,2108013354,www.deva.gr,,https://deva.gr/,True,Remind your customers about your special offers through all media available. Social media. Newsletter. SMS. Viber. Αpp Notification. Chatbot.,True,Remind your customers about your special offers through all media available. Social media. Newsletter. SMS. Viber. Αpp Notification. Chatbot.,False,,
2,False,6556,160165516000,LOOP MEDIA Ι.Κ.Ε.,LOOP MEDIA,801614359,ΙΚΕ,ΑΧΑΙΑΣ,nikos@loopmedia.gr,6909180978,https://loopmedia.gr/,,https://loopmedia.gr/,True,"Lifecycle email, SMS, loyalty.",True,"Lifecycle email, SMS, loyalty.",False,,
2,False,6664,154060106000,NUCLEUS ADVERTISING ΜΟΝΟΠΡΟΣΩΠΗ Ι.Κ.Ε.,NUCLEUS ADVERTISING,801308577,ΙΚΕ,ΘΕΣΣΑΛΟΝΙΚΗΣ,info@nucleusadv.gr,6949463598,http://www.nucleusadv.gr,,https://nucleusadv.gr/,True,Direct Messaging,True,Email Marketing,False,,
2,False,4490,121614103000,PARAGON ΜΟΝΟΠΡΟΣΩΠΗ ΙΚΕ,PARAGON MARKETING & MANAGEMENT,800421299,ΙΚΕ,ΑΤΤΙΚΗΣ,accounting@paragonmm.com,6945586264,,https://paragonmm.com/,https://paragonmm.com/,True,Email & SMS Loyalty Flows,True,Email & SMS Loyalty Flows,False,,
2,False,3898,147413216000,PDA ADVERTISING &ΣΙΑ  Ο.Ε.,PDA ADVERTISING,801032163,ΟΕ,ΑΧΑΙΑΣ,andreas.zafiropoulos@pdams.gr,2610362397,,https://pdams.gr/,https://pdams.gr/,True,Interactive SMS – Short & Long Code,True,Email Marketing,False,,
2,False,5000,144040927000,VISION GROUP ΜΟΝΟΠΡΟΣΩΠΗ ΙΚΕ,VISION GROUP,800887339,ΙΚΕ,ΗΡΑΚΛΕΙΟΥ,info@bafaki.gr,2810314919,http://www.visionadv.gr/,,https://www.visionadv.gr/,True,SMS Marketing,True,Email Marketing,False,,117506627000
2,False,5000,117506627000,VISIONADV ΜΟΝΟΠΡΟΣΩΠΗ ΕΤΑΙΡΕΙΑ ΠΕΡΙΟΡΙΣΜΕΝΗΣ ΕΥΘΥΝΗΣ,ΒΙΖΙΟΝΕΪΝΤΙΒΙ Μ.Ε.Π.Ε,800346260,ΕΠΕ,,info@visionadv.gr,2810321020,www.visionadv.gr,,https://www.visionadv.gr/,True,SMS Marketing,True,Email Marketing,False,,144040927000
2,False,7288,125026901000,ΓΩΓΟΣ ΜΟΝΟΠΡΟΣΩΠΗ ΙΔΙΩΤΙΚΗ ΚΕΦΑΛΑΙΟΥΧΙΚΗ ΕΤΑΙΡΕΙΑ,BRANDIT NEW ERA ΜΟΝ. ΙΚΕ,800485295,ΙΚΕ,ΑΤΤΙΚΗΣ,logistirio@brandit.gr,2103833392,,https://brandit.gr/el/,https://brandit.gr/el/,True,SSMS & E-mail campaigns,True,SSMS & E-mail campaigns,False,,
2,False,4423,151918506000,ΔΗΜΑΝΑ ΜΟΝΟΠΡΟΣΩΠΗ Ι.Κ.Ε.,,801214733,ΙΚΕ,ΘΕΣΣΑΛΟΝΙΚΗΣ,info@f13creative.gr,2310933030,,https://k13creative.gr/,https://k13creative.gr/,True,"Προώθηση της επιχείρησης σας με χρήση Social Media, Email Marketing, SMS Marketing, Google adwords, SEO.",True,"Προώθηση της επιχείρησης σας με χρήση Social Media, Email Marketing, SMS Marketing, Google adwords, SEO.",False,,
2,False,7419,183090403000,ΜΑΛΑΙ ΤΖΟΝ,Agenz,169402252,ΑΤΟΜΙΚΗ,ΑΤΤΙΚΗΣ,info@agenz.gr,6946348096,agenz.gr,,https://agenz.gr/,True,Our retention systems turn first-time buyers into lifetime customers through smart email and SMS flows.,True,Our retention systems turn first-time buyers into lifetime customers through smart email and SMS flows.,False,,
2,False,8124,141400406000,ΟΦΑΚΟΓΛΟΥ Ι. ΚΑΙ ΣΙΑ Ε.Ε.,RISTART,800803081,ΕΕ,ΘΕΣΣΑΛΟΝΙΚΗΣ,ioannis@ristart.gr,2310530650,,https://www.ristart.gr/,https://www.ristart.gr/,True,"Viber, SMS",True,Emails,False,,
1,False,2128,2400901000,( ΠΤΩΧΕΥΣΕ) DEPEND ΕΤΑΙΡΕΙΑ ΠΡΟΩΘΗΣΗΣ ΠΩΛΗΣΕΩΝ ΕΤΑΙΡΕΙΑ ΠΕΡΙΟΡΙΣΜΕΝΗΣ ΕΥΘΥΝΗΣ,(ΠΤΩΧΕΥΣΕ) DEPEND LTD,095657843,ΕΠΕ,ΑΤΤΙΚΗΣ,info@depepnd.gr,2102582812,www.depend.gr,,https://www.depend.gr/,False,,False,,True,Telemarketing services,
1,False,9384,154816801000,23 MARKETING AGENCY Ι.Κ.Ε.,23 MARKETING AGENCY,801345561,ΙΚΕ,ΑΤΤΙΚΗΣ,info@23marketingagency.com,2117058388,https://www.23marketingagency.com/,,https://23marketingagency.com/,False,,True,Email Marketing,False,,
1,False,5727,138579704000,AD OPERATION EXPERTS ΜΟΝΟΠΡΟΣΩΠΗ  IKE,ΑDΟPS  ΜΟΝ. IKE,800726821,ΙΚΕ,ΑΘΗΝΩΝ,galinos@adops.gr,2107243813,http://www.adops.gr,,https://adops.gr/,False,,True,"from organic search, paid media and social media ads to email marketing, search ads and display campaigns.",False,,
1,False,10027,149942503000,AZTECH DIGITAL Ι.Κ.Ε.,AZTECH DIGITAL ,801136820,ΙΚΕ,ΑΤΤΙΚΗΣ,c.fronimos@global-media.gr,2106985981,http://www.global-media.gr,,https://aztechdigital.gr/,False,,True,Email Marketing Ads,False,,
1,False,9229,176500303000,BRANDMEDIA VENTURES ΜΟΝΟΠΡΟΣΩΠΗ Ι.Κ.Ε.,,802446019,ΙΚΕ,ΑΤΤΙΚΗΣ,INFO@BRANDMEDIAVENTURES.EU,6934314516,,https://brandmediaventures.eu/,https://brandmediaventures.eu/,False,,True,"Harness the power of digital channels to reach and engage your target audience, including email marketing, social media marketing, search engine optimization (SEO), and pay-per-click (PPC) advertising.",False,,
1,False,6398,139272708000,C.N.C. TECHNOLOGIES ΙΚΕ ΜΟΝΟΠΡΟΣΩΠΗ ΙΔΙΩΤΙΚΗ ΚΕΦΑΛΑΙΟΥΧΙΚΗ ΕΤΑΙΡΕΙΑ,CNCTECH M.I.K.E.,800743577,ΙΚΕ,ΑΤΤΙΚΗΣ,xamilakisacc@yahoo.gr,2109313611,www.cnctech.gr,,https://www.cnctech.gr/el/,False,,True,"Το Digital Marketing περιλαμβάνει διάφορες δραστηριότητες digital marketing, συμπεριλαμβανομένου του διαδικτύου, των μηχανών αναζήτησης, των μέσων κοινωνικής δικτύωσης, του email και άλλων.",False,,
1,False,7374,192235103000,DIGEDIA - DIGITAL MEDIA ΜΟΝΟΠΡΟΣΩΠΗ Ι.Κ.Ε.,DIGEDIA - DIGITAL MEDIA,803212157,ΙΚΕ,ΑΤΤΙΚΗΣ,a.andrianos@digedia.gr,6980818068,,https://www.digedia.gr/,https://www.digedia.gr/,False,,True,E-Mail Marketing (Newsletters),False,,
1,False,10027,126390707000,DIGITAD PC ΜΟΝΟΠΡΟΣΩΠΗ ΕΤΑΙΡΕΙΑ ΠΕΡΙΟΡΙΣΜΕΝΗΣ ΕΥΘΥΝΗΣ ΠΑΡΟΧΗΣ ΥΠΗΡΕΣΙΩΝ ΔΙΑΦΗΜΙΣΗΣ ΚΑΙ ΔΙΑΔΙΚΤΥΟΥ,DIGITAD PC ΕΠΕ,800508694,ΕΠΕ,ΑΤΤΙΚΗΣ,drakosioannis@hotmail.com,2104100985,www.digitad.net,,https://digitad.net/,False,,True,Email Marketing,False,,
1,False,3850,122420701000,Generation Network Ανώνυμη Διαφημιστική Εταιρεία,GEN NET,998920311,ΑΕ,ΑΤΤΙΚΗΣ,info@genet.gr,2109406808,,https://www.genet.gr/el/,https://www.genet.gr/el/,True,"Οι αποδέκτες των μηνυμάτων μπορούν να επιλέξουν μόνοι τους το επιθυμητό μέσο επικοινωνίας (π.χ. SMS, MMS), καθώς επίσης και συγκεκριμένο περιεχόμενο.
 Υπηρεσίες: 
 Bluetooth download πληροφοριών
 Επικοινωνία SMS/MMS διαγωνισμού",False,,False,,
1,False,4329,188007906000,HIVE ADVERTISING Ε.Ε.,HIVE ADVERTISING,803040214,ΕΕ,ΘΕΣΣΑΛΟΝΙΚΗΣ,tsipouridou@hiveadv.gr,6934909832,,https://hiveadv.gr/,https://hiveadv.gr/,False,,True,Email Marketing,False,,
1,False,7176,181580201000,IMAGINE MORE Ι.Κ.Ε.,IMAGINE MORE,802722960,ΙΚΕ,ΑΤΤΙΚΗΣ,konstantinos@imaginemore.gr,6944544088,https://imaginemore.gr,,https://imaginemore.gr/,False,,True,"Email Marketing & Αυτοματισμοί
Οργανώνουμε στρατηγικές επικοινωνίας με προσωποποιημένα emails και αυτοματοποιημένες διαδικασίες που αυξάνουν την αλληλεπίδραση με το κοινό σας.",False,,
1,False,7393,172450601000,IT DEV Ε.Ε.,IT DEV,802223278,ΕΕ,ΑΤΤΙΚΗΣ,info@itdev.gr,2111984740,www.itdev.gr,,https://www.itdev.gr/,False,,True,Email Marketing,False,,
1,False,10027,168796020000,LEAD MEDIA Ε.Ε.,LEAD MEDIA GROUP,802044682,ΕΕ,ΔΩΔΕΚΑΝΗΣΟΥ,info@leadmedia.gr,2241115265,,https://leadmedia.gr/,https://leadmedia.gr/,False,,True,Email marketing,False,,
1,False,9094,157673120000,MOBLAC I.K.E.,MOBLAC,801478542,ΙΚΕ,ΔΩΔΕΚΑΝΗΣΟΥ,vasilis@tavernaris.com,2122133014,https://www.moblac.com,,https://moblac.com/,False,,True,"Let’s not forget E-Commerce, E-mail Marketing and E-verything else.",False,,
1,False,5000,43550306000,MY COMPANY PROJECTS Ο.Ε.,MY COMPANY,998679742,ΟΕ,ΘΕΣΣΑΛΟΝΙΚΗΣ,info@mycompany.com.gr,2310231557,,https://mycompany.com.gr/,https://mycompany.com.gr/,True,"SMS-Marketing.gr 
 Group Messaging Platform for Greece,
in affordable prices.",False,,False,,
1,False,3894,2838001000,NEW ADVISOR ΣΥΜΒΟΥΛΟΙ ΕΠΙΚΟΙΝΩΝΙΑΣ ΚΑΙ ΤΕΧΝΟΛΟΓΙΑΣ ΜΟΝΟΠΡΟΣΩΠΗ ΑΝΩΝΥΜΗ ΕΤΑΙΡΕΙΑ,NEW ADVISOR A.E.,094505665,ΑΕ,ΑΤΤΙΚΗΣ,Alkis.Haritsis@tempomediagroup.gr,2106175700,www.newadvisor.gr,,https://www.newadvisor.gr/,False,,True,CRM & E-mail marketing,False,,
1,False,8302,183521406000,North Synergy Ο.Ε.,North Synergy,802828949,ΟΕ,ΘΕΣΣΑΛΟΝΙΚΗΣ,contact@northdigitalsynergy.com,6972220609,,https://northdigitalsynergy.com/,https://northdigitalsynergy.com/,False,,True,"SEO, AI, branding, advertising, websites, email marketing and automation shouldn’t operate independently.",False,,
1,False,7298,129788001000,R2 DIGITAL IKE,R2 DIGITAL,800568918,ΙΚΕ,ΑΤΤΙΚΗΣ,ka@r2digital.gr,2109230303,,https://r2digital.gr/,https://r2digital.gr/,False,,True,Email Marketing,False,,
1,False,10027,124663701000,RELEVANCE DIGITAL Ανώνυμη Εταιρεία Παροχής Υπηρεσιών Marketing και Ψηφιακού Μετασχηματισμού,RELEVANCE DIGITAL Α.Ε.,800478280,ΑΕ,ΑΤΤΙΚΗΣ,v_stergiopoulos@artion.gr,2106009062,http://www.relevancedigital.com,,https://relevancedigital.com/,False,,True,CRM & Email Marketing,False,,
1,False,10027,176055703000,ROOM360 Ο.Ε.,,802421596,ΟΕ,ΑΤΤΙΚΗΣ,christina@room360.gr,6983878192,,https://room360.gr/,https://room360.gr/,False,,True,-Email Marketing: Ο σκοπός εδώ είναι να φαινόμαστε τακτικά μπροστά στον ιδανικό μας πελάτη με την αφορμή σημαντικών νέων αλλά και προσφορών! Στατιστικές έρευνες δείχνουν οι τα newsletters αυξάνουν κατά πολύ το awareness αλλά και τις πωλήσεις της επιχείρησής σου.,False,,
1,False,8438,86022902000,SHAPE ΙΔΙΩΤΙΚΗ ΚΕΦΑΛΑΙΟΥΧΙΚΗ ΕΤΑΙΡΕΙΑ,SHAPE ΙΚΕ,095682692,ΙΚΕ,ΑΤΤΙΚΗΣ,account@shape.com.gr,2102796459,,https://shape.com.gr/,https://shape.com.gr/,False,,True,– Email Marketing,False,,
1,False,5000,116913303000,THINK PLUS OE,THINK PLUS,800335902,ΟΕ,ΑΘΗΝΩΝ,dt@think-plus.gr,2106101478,,https://think-plus.gr/,https://think-plus.gr/,False,,True,Email Marketing,False,,
1,False,4198,180142421000,The Digitals Υπηρεσίες Επικοινωνίας Ο.Ε.,The Digitals,802645205,ΟΕ,ΕΒΡΟΥ,office@thedigitals.gr,6949222270,,https://thedigitals.gr/,https://thedigitals.gr/,False,,True,"Είναι όλες οι online ενέργειες προβολής και επικοινωνίας μιας επιχείρησης (όπως παρουσία στα social media, διαφημίσεις, email marketing), με στόχο να μεγαλώσει το brand της, να προσεγγίσει περισσότερο κόσμο στοχευμένα και να ενισχύσει τις πωλήσεις.",False,,
1,False,10027,116270301000,VALIDUS SALES PROMOTION Ε.Π.Ε.,VALIDUS Ε.Π.Ε.,800325877,ΕΠΕ,ΑΤΤΙΚΗΣ,nakkas@validussp.gr,2102770014,www.validussp.gr,,https://validussp.gr/,False,,True,Σχεδιασμός και Υλοποίηση Below the Line ενεργειών με στόχο την συλλογή data base και e-mailing list,False,,
1,False,7937,144955701000,WHITE RHINO BRAND EXPERIENCE ΜΟΝΟΠΡΟΣΩΠΗ I.K.E.,WHITE RHINO,800920574,ΙΚΕ,ΑΤΤΙΚΗΣ,dimitris.papadimitriou@whiterhino.gr,2130887579,http://www.whiterhino.gr,,https://whiterhino.gr/,False,,False,,True,Call center,
1,False,8578,125999903000,Α.ΠΑΠΑΚΩΝΣΤΑΝΤΙΝΟΠΟΥΛΟΥ & ΣΙΑ ΕΕ,ACTIVE MEDIA,997887312,ΕΕ,ΑΤΤΙΚΗΣ,account@activemedia.gr,2109343020,,https://activemedia.com.gr/,https://activemedia.com.gr/,False,,True,Email Marketing,False,,
1,False,5629,2809501000,ΑΓΓΕΛΙΚΗ ΧΑΡΑΛΑΜΠΟΠΟΥΛΟΥ ΤΟΥ ΑΝΑΣΤΑΣΙΟΥ,,032279596,ΑΤΟΜΙΚΗ,ΑΤΤΙΚΗΣ,info@graphicnet.gr,2105988749,,https://graphicnet.gr/,https://graphicnet.gr/,False,,True,Newsletter,False,,
1,False,10027,42670206000,ΑΣΛΑΝΙΔΗΣ ΗΡΑΚΛΗΣ ΤΟΥ ΑΝΔΡΕΑ,QBRAINS INTERACTIVE STUDIOS,116718017,ΑΤΟΜΙΚΗ,ΘΕΣΣΑΛΟΝΙΚΗΣ,contact@qbrains.gr,+30.2312315318,,https://qbrains.gr/,https://qbrains.gr/,False,,True,"Email Marketing
Παρέχουμε υπηρεσίες ειδικά σχεδιασμένων Email Marketing τεχνικών που σας βοηθούν να γλυτώσετε χρήματα και χρόνο.",False,,
1,False,4904,152949504000,ΑΣΤΡΟΛΑΜΠΣ Ε.Ε.,ΑΣΤΡΟΛΑΜΠΣ,801261170,ΕΕ,ΘΕΣΣΑΛΟΝΙΚΗΣ,INFO@ASTROLABS.GR,2310908060,,https://www.astrolabs.gr/,https://www.astrolabs.gr/,False,,True,Email Marketing,False,,171792604000
1,False,4904,171792604000,Β. ΖΑΜΠΕΤΟΓΛΟΥ ΚΑΙ ΣΙΑ ΕΤΕΡΟΡΡΥΘΜΗ ΕΤΑΙΡΙΑ,,802191541,ΕΕ,ΘΕΣΣΑΛΟΝΙΚΗΣ,INFO@ASTROLABS.GR,2310908060,www.astrolabs.gr,,https://www.astrolabs.gr/,False,,True,Email Marketing,False,,152949504000
1,False,2362,77048227000,ΒΟΓΑΝΑΤΣΗ ΜΑΡΙΝΑ - ΜΠΙΛΛΗ ΚΩΝΣΤΑΝΤΙΑ Ο.Ε.,ARS NOVA,084212375,ΟΕ,ΗΡΑΚΛΕΙΟΥ,info@arsnova.gr,2810220711,,https://arsnova.gr/,https://arsnova.gr/,False,,True,E-mail Marketing,False,,
1,False,4268,153235901000,Γ.Π.Β. ΠΟΛΥΧΡΟΝΟΠΟΥΛΟΣ Ε.Ε.,GETSOCIAL,801273284,ΕΕ,ΑΤΤΙΚΗΣ,finance@getsocial.gr,2106916166,,https://www.getsocial.gr/,https://www.getsocial.gr/,True,Messaging Promotions,False,,False,,
1,False,8687,68019603000,ΓΕΩΡΓΙΑ ΠΑΠΑΚΩΣΤΑ,DESIGN 4U,057410915,ΑΤΟΜΙΚΗ,ΑΤΤΙΚΗΣ,info@design4u.com.gr,2110176252,,https://design4u.com.gr/,https://design4u.com.gr/,False,,True,"καμπάνια newsletter, εταιρικές παρουσιάσεις, ηλεκτρονικές προσκλήσεις, ιστοσελίδα ηλεκτρονικών προσκλήσεων (μαζική αποστολή email, εγγραφή σε φόρμες, έλεγχος αποστολής email)",False,,
1,False,10027,38344805000,Δ. ΠΥΛΑΡΙΝΟΣ & ΣΙΑ IKE,,095141642,ΙΚΕ,ΘΕΣΣΑΛΟΝΙΚΗΣ,dimpylar@otenet.gr,2310451145,pylarinosadvertising.gr,,https://www.pylarinosadvertising.gr/,False,,True,eMAIL MARKETING,False,,
1,False,5051,43643306000,ΔΑΛΛΑ Ν.-ΞΕΝΑΡΙΟΣ Γ. ΟΕ,ALTAVISTA ADVERTISING,999121572,ΟΕ,ΘΕΣΣΑΛΟΝΙΚΗΣ,nonna@alta-vista.gr,2310283949,,https://alta-vista.gr/,https://alta-vista.gr/,False,,True,"Email marketing
Το email marketing είναι μία αποτελεσματική μέθοδος, η οποία σας συνδέει με τους επισκέπτες ή τους πελάτες σας.
Με τον επαγγελματισμό μας, θα δημιουργήσουμε αποτελεσματικά email μηνύματα για την καμπάνια σας, ώστε να τραβήξουμε την προσοχή των πελατών σας και να αυξήσουμε τους επισκέπτες σας.",False,,
1,False,9991,119545103000,ΕΥΑΓΓΕΛΙΔΟΥ ΜΑΡΙΑ ΤΟΥ ΤΡΥΦΩΝ,,105538535,ΑΤΟΜΙΚΗ,ΑΤΤΙΚΗΣ,info@mevart.gr,2102028472,,https://mevart.gr/,https://mevart.gr/,False,,True,Δημιουργία και διαχείριση εταιρικών newsletter,False,,
1,False,7226,142116836000,ΖΑΡΚΑΝΤΖΑΣ ΝΙΚΟΛΑΟΣ ΤΟΥ ΓΕΩΡΓΙΟΥ,MADIT,123529362,ΑΤΟΜΙΚΗ,ΚΟΖΑΝΗΣ,info@madit.gr,2461030600,,https://madit.gr/,https://madit.gr/,False,,True,"ONLINE PRESENCE
Σχεδιάζουμε και διαχειριζόμαστε το κατάλληλο περιεχόμενο για την παρουσία σας διαδικτυακά (Banners, SEO, Newsletter, Google Ads, MarketPlaces)",False,,
1,False,9020,149391201000,ΗΛΙΑΣ ΛΕΤΣΙΟΣ & ΣΙΑ ΕΕ,G.E.-THE DESIGN AGENCY,801112490,ΕΕ,ΑΤΤΙΚΗΣ,info@designagency.gr,2130414635,,https://www.designagency.gr/,https://www.designagency.gr/,False,,True,Email Marketing,False,,
1,False,7823,112512208000,ΘΩΜΑΙΔΗΣ ΣΤΕΦΑΝΟΣ ΤΟΥ ΔΗΜΟΣΘΕΝΗ - ΔΗΜΗΤΡΙΟΥ,,051371413,ΑΤΟΜΙΚΗ,ΑΤΤΙΚΗΣ,stefanos@iris.net.gr,2897022466,,https://iris.net.gr/index.php/en/,https://iris.net.gr/index.php/en/,False,,True,Σχεδιασμός Newsletter,False,,
1,False,6750,155376806000,ΚΑΝΑΡΗ ΑΘΗΝΑ ΤΟΥ ΚΩΝΣΤΑΝΤΙΝΟΥ,RAINDESIGN,128283893,ΑΤΟΜΙΚΗ,ΘΕΣΣΑΛΟΝΙΚΗΣ,athina@raindesign.gr,2314009822,,https://raindesign.gr/,https://raindesign.gr/,False,,True,Newsletter,False,,
1,False,2495,158551348000,ΚΑΡΑΤΟΛΙΟΥ ΕΙΡΗΝΗ ΤΟΥ ΓΡΗΓΟΡΙΟΥ,,115396481,ΑΤΟΜΙΚΗ,ΠΙΕΡΙΑΣ,irini@irinikaratoliou.com,2410,,https://www.irinikaratoliou.com/,https://www.irinikaratoliou.com/,False,,True,Designing and distributing newsletters to increase brand awareness and foster your relationships with your customers.,False,,
1,False,3973,129628127000,ΚΟΡΑΚΑΣ ΑΝΔΡΕΑΣ Ε.Ε.,BAKED ADVERTISING,800565627,ΕΕ,ΗΡΑΚΛΕΙΟΥ,andreas@bakedads.gr,2810282772,,https://www.bakedads.gr/,https://www.bakedads.gr/,False,,True,"EMAIL MARKETING
Το email marketing αποτελεί ένα ισχυρό εργαλείο για το digital marketing της επιχείρησής σας, καθώς σας φέρνει άμεσα πιο κοντά στο κοινό σας, καλλιεργεί μια σχέση εμπιστοσύνης και επικοινωνίας, συμβάλλει στην αναγνωρισιμότητα του brand σας και φυσικά, στοχεύει στην αύξηση των πωλήσεών σας.",False,,
1,False,7921,41342506000,ΚΟΥΝΙΟΣ ΗΛΙΑΣ ΤΟΥ ΗΡΑΚΛΗ,,063691461,ΑΤΟΜΙΚΗ,ΘΕΣΣΑΛΟΝΙΚΗΣ,ilias@kunios.de,,,https://kunios.de/,https://kunios.de/,False,,True,"Αναλαμβάνουμε newsletters, landing pages, SEO, tracking/analytics και performance καμπάνιες (Google Ads, Meta Ads, κτλ)",False,,
1,False,6385,35929016000,ΚΩΝΣΤΑΝΤΙΝΟΣ ΚΑΡΑΓΙΑΝΝΗΣ ΚΑΙ ΣΙΑ Ε.Ε.,,999396230,ΕΕ,ΑΧΑΙΑΣ,info@emphasisteam.gr,2610220548,,https://www.emphasisteam.gr/,https://www.emphasisteam.gr/,False,,True,E-mail marketing,False,,
1,False,10027,173058647000,ΚΩΤΣΟΠΟΥΛΟΥ ΑΡΧΟΝΤΙΣΣΑ ΝΤΕΝΙΣΑ,Denart Designs,120762492,ΑΤΟΜΙΚΗ,ΠΕΛΛΗΣ,info@denart-designs.com,2381401986,,https://www.denart-designs.com/,https://www.denart-designs.com/,False,,True,Tags: WordPress · SEO · Social Media · Google Analytics · Google Publisher Center · AdSense · Email Marketing · Push Notifications,False,,
1,False,5367,140993935000,ΛΑΖΑΡΙΔΗΣ ΘΕΟΦΙΛΟΣ ΤΟΥ ΚΩΝΣΤΑΝΤΙΝΟΥ,,120051080,ΑΤΟΜΙΚΗ,ΚΙΛΚΙΣ,info@multipoint.gr,234122206,,https://multipoint.gr/,https://multipoint.gr/,True,ΜΑΖΙΚΑ SMS,False,,False,,
1,False,8199,7346201000,Μ.ΠΑΠΑΘΑΝΑΣΙΟΥ ΔΙΑΦΗΜΙΣΤΙΚΕΣ ΚΑΙ ΔΗΜΙΟΥΡΓΙΚΕΣ ΥΠΗΡΕΣΙΕΣ ΕΠΙΚΟΙΝΩΝΙΑΣ ΜΟΝΟΠΡΟΣΩΠΗ ΕΤΑΙΡΕΙΑ ΠΕΡΙΟΡΙΣΜΕΝΗΣ ΕΥΘΥΝΗΣ,QUEEN ADVERTISING ΜΟΝ. EΠΕ,998570515,ΕΠΕ,ΑΤΤΙΚΗΣ,mpapathanasiou@queenadv.gr,2106180475,,https://queenadv.gr/,https://queenadv.gr/,False,,True,"New Media
 Digital marketing / SEO / Media planning / Google adwords / E-mail marketing / Social media management / Facebook ads 
 Σχεδιάζουμε, δημιουργούμε και διαχειριζόμαστε κάθε κίνησή σας στον ψηφιακό κόσμο του 21ου αιώνα, με τρόπο αποδοτικό και μετρήσιμο.",False,,
1,False,10027,126749237000,ΜΑΡΓΑΡΙΤΑ ΒΑΓΓ ΠΑΓΟΥΝΗ,,126926127,ΑΤΟΜΙΚΗ,ΚΟΡΙΝΘΙΑΣ,info@designous.gr,2742021030,,https://designous.com.gr/,https://designous.com.gr/,False,,True,Newsletter,False,,
1,False,10027,75774027000,ΜΕΤΑΞΑΡΑΚΗ ΑΙΚΑΤΕΡΙΝΗ ΤΟΥ ΕΜΜΑΝΟΥΗΛ,MKS ΔΙΑΦΗΜΙΣΤΙΚΗ,026786344,ΑΤΟΜΙΚΗ,ΗΡΑΚΛΕΙΟΥ,katerina@mksadv.gr,2810285542,,https://mksadv.gr/,https://mksadv.gr/,False,,True,Email Marketing,False,,188035027000
1,False,10027,188035027000,ΜΕΤΑΞΑΡΑΚΗ-ΠΑΠΑΔΑΚΗΣ Ε.Ε.,,803041419,ΕΕ,ΗΡΑΚΛΕΙΟΥ,katerina@mksadv.gr,6944577827,,https://mksadv.gr/,https://mksadv.gr/,False,,True,Email Marketing,False,,75774027000
1,False,6747,167959803000,ΜΟΣΚΟΦΙΔΗΣ ΠΑΝΑΓΙΩΤΗΣ ΤΟΥ ΕΥΣΤΡΑΤΙΟΥ,MOMEDIA,122514768,ΑΤΟΜΙΚΗ,ΑΤΤΙΚΗΣ,info@momedia.gr,,,https://www.momedia.gr/,https://www.momedia.gr/,False,,True,Email Marketing,False,,
1,False,7132,65188803000,ΜΠΑΚΡΑΤΣΑΣ ΒΑΣΙΛΕΙΟΣ ΤΟΥ ΑΘΑΝΑΣΙΟΥ,THINK WITTY,100985198,ΑΤΟΜΙΚΗ,ΑΤΤΙΚΗΣ,info@witty.gr,2109821529,,https://witty.gr/,https://witty.gr/,False,,True,"Πλήρη πακέτα υπηρεσιών Social Media Marketing & Management, υπηρεσίες SEO, διαφημιστικές καμπάνιες, Email marketing",False,,
1,False,2443,8117801000,Ν.ΚΟΥΡΚΟΥΜΕΛΑΚΗΣ & ΣΙΑ ΕΕ,ID SIGN E.E.,998471224,ΕΕ,ΑΤΤΙΚΗΣ,info@idsign.gr,2102724967,www.idsign.gr,,https://idsign.gr/,False,,True,Σχεδιασμός ηλεκτρονικών newsletter & υπηρεσία αποστολής,False,,
1,False,10027,177136706000,ΟΙΚΟΝΟΜΟΥ Χ. ΣΟΦΙΑΝΟΥ Θ. Ο.Ε.,FELINES AGENCY,802479930,ΟΕ,ΘΕΣΣΑΛΟΝΙΚΗΣ,oikonomou@digitalfelines.com,6988355792,,https://digitalfelines.com/,https://digitalfelines.com/,False,,True,Email Marketing,False,,
1,False,10027,186825006000,ΠΑΡΑΣΚΕΥΟΠΟΥΛΟΣ ΑΛΕΞΑΝΔΡΟΣ ΤΟΥ ΒΑΣΙΛΕΙΟΥ,,113837850,ΑΤΟΜΙΚΗ,ΘΕΣΣΑΛΟΝΙΚΗΣ,contact@mail-marketing.gr,,,https://mail-marketing.gr/,https://mail-marketing.gr/,False,,True,Αναλαμβάνουμε 100% το email marketing της επιχείρησης. Από το στήσιμο έως την τελική αποστολή.,False,,
1,False,3110,179845606000,ΠΑΡΤΑΛΑΣ ΧΑΡΑΛΑΜΠΟΣ,,117572882,ΑΤΟΜΙΚΗ,ΘΕΣΣΑΛΟΝΙΚΗΣ,lampis@growhub.gr,6985666863,,https://www.growhub.gr/,https://www.growhub.gr/,False,,True,"Email Marketing Strategy
Plan and optimize lifecycle journeys, segmentation, and testing to increase engagement, and conversions per send.",False,,
1,False,9771,156917127000,ΠΑΤΡΙΝΟΥ ΕΥΓΕΝΙΑ ΡΑΦΑΕΛΑ ΤΟΥ ΒΑΣΙΛΕΙΟΥ,,150410891,ΑΤΟΜΙΚΗ,ΗΡΑΚΛΕΙΟΥ,info@pro-taseis.gr,2810253861,,https://pro-taseis.gr/,https://pro-taseis.gr/,False,,True,Το email marketing είναι ένα από τα πιο ισχυρά κανάλια του ψηφιακού μάρκετινγκ που βασίζεται στην αποστολή email για την προώθηση των προϊόντων ή των υπηρεσιών μιας επιχείρησης.,False,,
1,False,3986,145772046000,ΠΟΥΜΠΟΥΡΙΔΗΣ ΑΝΕΣΤΗΣ ΜΟΝΟΠΡΟΣΩΠΗ ΙΔΙΩΤΙΚΗ ΚΕΦΑΛΑΙΟΥΧΙΚΗ ΕΤΑΙΡΙΑ,DIAMOND PROMOTION M.I.K.E.,800959420,ΙΚΕ,ΞΑΝΘΗΣ,info@diamondpromotion.gr,2541025579,,https://diamondpromotion.gr/,https://diamondpromotion.gr/,False,,True,"E-MAIL MARKETING
Η προώθηση ή μάρκετινγκ μέσω της αποστολής καμπάνιας με τη χρήση E-Mail, αποτελεί μια εξειδικευμένη μέθοδο ψηφιακής προώθησης και διαφήμισης.",False,,
1,False,10027,155973309000,ΠΥΛΑΡΙΝΟΣ ΚΩΝΣΤΑΝΤΙΝΟΣ ΤΟΥ ΣΩΤΗΡΙΟΥ,PILAS.GR GO BRAND YOURSELF,144786472,ΑΤΟΜΙΚΗ,ΑΤΤΙΚΗΣ,info@pilas.gr,2104923777,,https://www.pilas.gr/,https://www.pilas.gr/,True,Μαζικά SMS,False,,False,,
1,False,7259,662801000,"ΣΠΡΙΝΤ, ΔΙΑΦΗΜΙΣΤΙΚΗ ΑΝΩΝΥΜΟΣ ΕΤΑΙΡΕΙΑ",SPRINT,094282416,ΑΕ,ΑΤΤΙΚΗΣ,spanos@sprint-adv.gr,2106845570,,https://www.sprint-adv.gr/,https://www.sprint-adv.gr/,False,,True,"It's a cross-channel, inbound marketing approach that includes: Email marketing, Content marketing, etc.",False,,
1,False,4678,122798003000,ΣΥΡΟΥΚΗΣ ΚΩΝΣΤΑΝΤΙΝΟΣ ΤΟΥ ΑΘΑΝΑΣΙΟΥ,,127592667,ΑΤΟΜΙΚΗ,ΑΤΤΙΚΗΣ,syroukis@artprojects.gr,2130073079,,https://artprojects.gr/,https://artprojects.gr/,False,,True,"By designing and developing product eshops and handling social media profiles as well as newsletters, we give your brand the boost that it needs.",False,,
1,False,5099,158522528000,ΣΩΤΗΡΙΟΥ ΔΟΝΑΤΟΣ ΤΟΥ ΚΩΝΣΤΑΝΤΙΝΟΥ,DonDigital Marketing Services,138388219,ΑΤΟΜΙΚΗ,ΘΕΣΠΡΩΤΙΑΣ,info@dondigital.gr,2665103909,,https://dondigital.gr/,https://dondigital.gr/,False,,True,"Email marketing
Επικοινωνήστε αποτελεσματικά τα προϊόντα και τις υπηρεσίες σας. Κρατήστε επαφή με τους πελάτες σας και ενημερώστε το κοινό σας για όλες τις εξελίξεις που τους αφορούν, με στοχευμένες καμπάνιες που αυξάνουν την αλληλεπίδραση και ενισχύουν τις πωλήσεις σας.",False,,
1,False,4397,180742146000,ΤΣΩΚΑΣ ΗΛΙΑΣ ΤΟΥ ΑΘΑΝΑΣΙΟΥ,,142531639,ΑΤΟΜΙΚΗ,ΞΑΝΘΗΣ,info@tsokas.net,,,https://www.tsokas.net/,https://www.tsokas.net/,False,,True,E-mail Μάρκετινγκ,False,,
1,False,7975,148750101000,ΧΟΤΕΛ ΡΕΒΕΝΙΟΥ ΙΚΕ,HOTEL REV,801086386,ΙΚΕ,ΑΤΤΙΚΗΣ,info@hotelrev.gr,2107792730,http://www.hotelrev.gr,,https://www.hotelrev.gr/,False,,True,"Email Marketing 
 Κερδίστε κρατήσεις χρησιμοποιώντας την δύναμη του πελατολογίου...",False,,
1,False,6604,42641806000,ΨΙΛΟΥΤΣΙΚΟΣ ΛΑΖΑΡΟΣ ΤΟΥ ΣΩΤΗΡΙΟΥ,SUCCESS ONLINE GROUP,115195413,ΑΤΟΜΙΚΗ,ΘΕΣΣΑΛΟΝΙΚΗΣ,contact@brandpixel.net,2312314837,,https://brandpixel.net/,https://brandpixel.net/,False,,True,Email Marketing Άψογη υλοποίηση του πιο αποδοτικού μέσου διαφήμισης,False,,
0,False,2278,87054202000, FLYING COLOURS ADVERTISING ΕΕ,FLYING COLOURS ADVERTISING,998684021,ΕΕ,ΑΘΗΝΩΝ,kgolia@flyingcolours.gr,2109339563,,https://flyingcolours.gr/,https://flyingcolours.gr/,False,,False,,False,,
0,False,1187,142670901000,221 ΜΟΙΡΕΣ ΥΠΗΡΕΣΙΕΣ ΕΠΙΚΟΙΝΩΝΙΑΣ & ΔΙΑΦΗΜΙΣΤΙΚΩΝ ΜΕΣΩΝ  ΙΚΕ,221 DEGREES MEDIA,800840377,ΙΚΕ,ΑΤΤΙΚΗΣ,perivolaath@elmoe.gr,2103305011,http://www.221media.gr,,https://www.221media.gr/,False,,False,,False,,
0,False,5000,138080602000,3DG-GRAFISTES.GR ΕΕ,3DG-GRAFISTES.GR,800715911,ΕΕ,ΑΤΤΙΚΗΣ,sales@grafistes.gr,2102851570,https://grafistes.gr,,https://grafistes.gr/,False,,False,,False,,
0,False,10027,144802216000,A SPORT ΜΟΝΟΠΡΟΣΩΠΗ ΙΚΕ,,800914371,ΙΚΕ,ΑΧΑΙΑΣ,vdourou@otenet.gr,2610328260,arxondasbet.com,,https://www.arxondasbet.com/,False,,False,,False,,
0,True,535,84755702000,A.G. HELLAS ΑΝΩΝΥΜΗ ΔΙΑΦΗΜΙΣΤΙΚΗ ΤΟΥΡΙΣΤΙΚΗ ΞΕΝΟΔΟΧΕΙΑΚΗ ΕΤΑΙΡΕΙΑ,A.G. HELLAS,094319997,ΑΕ,ΑΘΗΝΩΝ,alexalivizatos@gmail.com,2107512710,www.aghellas.gr,,https://www.aghellas.gr/,False,,False,,False,,
0,False,5000,44987507000,ABOVE ΔΙΑΦΗΜΙΣΤΙΚΗ ΜΟΝΟΠΡΟΣΩΠΗ ΕΤΑΙΡΕΙΑ ΠΕΡΙΟΡΙΣΜΕΝΗΣ ΕΥΘΥΝΗΣ,ABOVE ADVERTISING ΜΟΝΟΠΡΟΣΩΠΗ Ε.Π.Ε,999658363,ΕΠΕ,ΑΤΤΙΚΗΣ,info@above.gr,2104220200,www.above.gr,,https://above.gr/,False,,False,,False,,
0,False,1643,1943901000,ACE MODELS ΦΟΥΣΙΑΝΗ ΧΡΙΣΤΙΝΑ ΕΤΑΙΡΕΙΑ ΠΕΡΙΟΡΙΣΜΕΝΗΣ ΕΥΘΥΝΗΣ ,ACE MODEL ΦΟΥΣΙΑΝΗ ΧΡΙΣΤΙΝΑ ΕΠΕ,095702622,ΕΠΕ,ΑΤΤΙΚΗΣ,nancy@acemodels.gr,2109226200,,https://acemodels.gr/,https://acemodels.gr/,False,,False,,False,,
0,False,9756,164457106000,ACM ΥΠΗΡΕΣΙΕΣ ΕΠΙΚΟΙΝΩΝΙΑΣ Ε.Ε.,ACM ΥΠΗΡΕΣΙΕΣ ΕΠΙΚΟΙΝΩΝΙΑΣ | ACM COMMUNICATIONS,801846380,ΕΕ,ΑΘΗΝΩΝ,a.mouratidis@acmtranslations.com,2315511001,,https://www.acmtranslations.com/el/,https://www.acmtranslations.com/el/,False,,False,,False,,
0,True,653,171324801000,AD CONECT ΔΙΑΦΗΜΙΣΤΙΚΗ ΜΟΝΟΠΡΟΣΩΠΗ ΙΔΙΩΤΙΚΗ ΚΕΦΑΛΑΙΟΥΧΙΚΗ ΕΤΑΙΡΕΙΑ,AD CONECT,802167577,ΙΚΕ,ΑΤΤΙΚΗΣ,k_venizelou@adconect.gr,2161001616,,https://adconect.gr/,https://adconect.gr/,False,,False,,False,,
0,False,8745,194703303000,ADAMA ADVERTISING AGENCY ΜΟΝΟΠΡΟΣΩΠΗ Ι.Κ.Ε.,ADAMA ADVERTISING AGENCY,803329636,ΙΚΕ,ΑΤΤΙΚΗΣ,accountig@ucert.gr,6993673010,,https://ucert.gr/,https://ucert.gr/,False,,False,,False,,
0,False,7622,9586001000,ADAP ΔΙΑΦΗΜΙΣΤΙΚΕΣ ΕΦΑΡΜΟΓΕΣ ΕΤΑΙΡΕΙΑ ΠΕΡΙΟΡΙΣΜΕΝΗΣ ΕΥΘΥΝΗΣ,ADAP Ε.Π.Ε.,998112830,ΕΠΕ,ΑΤΤΙΚΗΣ,eva@adap.gr,2104839023,http://adap.gr/images/adap.isol.pdf,,https://adap.gr/,False,,False,,False,,
0,False,5000,120706001000,ADD MARKETING ΠΡΟΒΟΛΗ ΚΑΙ ΑΝΑΠΤΥΞΗ ΕΠΙΧΕΙΡΗΣΕΩΝ ΜΟΝΟΠΡΟΣΩΠΗ ΙΔΙΩΤΙΚΗ ΚΕΦΑΛΑΙΟΥΧΙΚΗ  ΕΤΑΙΡΕΙΑ,ADD MARKETING MON. IKE,800407822,ΙΚΕ,ΑΤΤΙΚΗΣ,office@petsalis-accountants.eu,2104511759,https://www.doctoranytime.gr/us/Financial.aspx,,https://www.doctoranytime.gr/,False,,False,,False,,
0,False,10027,187355303000,ADDED AGENCY Ε.Ε.,ADDED AGENCY Ε.Ε.,803011403,ΕΕ,ΑΤΤΙΚΗΣ,giorgosdiplos@added.gr,6946468642,,https://added.gr/,https://added.gr/,False,,False,,False,,
0,False,1876,69552403000,ADDICTAD Ι.Κ.Ε.,ADDICTAD TO CREATION,998187920,ΙΚΕ,ΑΘΗΝΩΝ,financial@addictad.gr,2106852940,,https://addictad.gr/,https://addictad.gr/,False,,False,,False,,
0,False,5000,135753506000,ADMINE 3.0 ΑΝΩΝΥΜΗ ΕΤΑΙΡΕΙΑ ΕΠΙΚΟΙΝΩΝΙΑΣ,ADMINE 3.0 ΑΕ,800675091,ΑΕ,ΘΕΣΣΑΛΟΝΙΚΗΣ,marias@admine.eu,2311292929,,https://www.admine.eu/,https://www.admine.eu/,False,,False,,False,,172454806000 179993806000
0,False,3874,153865901000,ADRIGHT GLC Ι.Κ.Ε.,ADRIGHT GLC,801300113,ΙΚΕ,ΑΤΤΙΚΗΣ,despina.boronikolou@adright.com,2109010005,http://www.adright.gr,,http://www.adright.gr/,False,,False,,False,,137623601000
0,False,3874,137623601000,ADRIGHT ΙΔΙΩΤΙΚΗ ΚΕΦΑΛΑΙΟΥΧΙΚΗ ΕΤΑΙΡΕΙΑ,ADRIGHT,800706822,ΙΚΕ,ΑΤΤΙΚΗΣ,finance@adright.gr,2108946469,,http://www.adright.gr/,http://www.adright.gr/,False,,False,,False,,153865901000
0,False,7114,4081901000,ADVENGERS ΥΠΗΡΕΣΙΕΣ ΕΠΙΚΟΙΝΩΝΙΑΣ Α.Ε.,ADVENGERS Α.Ε.,099937438,ΑΕ,ΑΤΤΙΚΗΣ,v.ntanas@advengers.gr,2111027400,https://www.advengers.gr,,https://www.advengers.gr/,False,,False,,False,,
0,False,5563,167720001000,ADVERTISING AGENCY QUADRUM DIGITAL Ε.Ε.,ADVERTISING AGENCY QUADRUM DIGITAL,801991061,ΕΕ,ΑΤΤΙΚΗΣ,media@quadrum-digital.com,6974246652,,https://www.quadrum-digital.com/,https://www.quadrum-digital.com/,False,,False,,False,,
0,False,2013,138614801000,ADYSSEUM ATHENS ΙΔΙΩΤΙΚΗ ΚΕΦΑΛΑΙΟΥΧΙΚΗ ΕΤΑΙΡΕΙΑ,ADYSSEUM ATHENS,800727565,ΙΚΕ,ΑΤΤΙΚΗΣ,agavalas@adysseum.com,6977092666,http://www.adysseum.com/,,https://www.adux.com,False,,False,,False,,
0,False,1969,171690101000,AG DESIGN AGENCY ΜΟΝΟΠΡΟΣΩΠΗ Ι.Κ.Ε.,AG DESIGN AGENCY,802185952,ΙΚΕ,ΑΤΤΙΚΗΣ,hello@agdesignagency.com,2117709671,https://agdesignagency.com,,https://agdesignagency.com/,False,,False,,False,,
0,False,5000,174309403000,AIRPORT GLOBE Ι.Κ.Ε.,AIRPORT GLOBE,802322871,ΙΚΕ,ΑΤΤΙΚΗΣ,hagistefanou@gmail.com,6948727147,https://athens-international-airport.com/,,https://athens-international-airport.com/,False,,False,,False,,
0,False,1541,173491417000,AL-ACHMAR ΜΟΝΟΠΡΟΣΩΠΗ Ι.Κ.Ε.,,802277902,ΙΚΕ,ΒΟΙΩΤΙΑΣ,alexakis722@gmail.com,6980091280,https://al-achmar.com/,,https://al-achmar.com/,False,,False,,False,,
0,False,5000,166180403000,ALDIGRON ΔΙΑΦΗΜΙΣΤΙΚΗ Ε.Ε.,ΑΛΝΤΙΓΚΡΟΝ,801929124,ΕΕ,ΑΤΤΙΚΗΣ,tpothos@aldigron.gr,2103239003,,https://aldigron.gr/,https://aldigron.gr/,False,,False,,False,,63342403000
0,True,207,157600506000,ALLCONTENT Ι.Κ.Ε.,,801475091,ΙΚΕ,ΘΕΣΣΑΛΟΝΙΚΗΣ,pp@prostv.com,2102725340,https://allcontent.gr/,,https://allcontent.gr/,False,,False,,False,,
0,False,5000,121001601000,ALORE ΔΙΑΦΗΜΙΣΗ MARKETING ΕΠΙΧΕΙΡΕΙΝ ΜΟΝΟΠΡΟΣΩΠΗ ΕΤΑΙΡΕΙΑ ΠΕΡΙΟΡΙΣΜΕΝΗΣ ΕΥΘΥΝΗΣ,ALORE ΔΙΑΦΗΜΙΣΗ MARKETING ΕΠΙΧΕΙΡΕΙΝ Μ.Ε.Π.Ε.,800412463,ΕΠΕ,ΑΤΤΙΚΗΣ,Alexandros.Gotzos@nike.com,2130056218,,https://www.nike.com/ro/,https://www.nike.com/ro/,False,,False,,False,,
0,False,7797,171280701000,ALTURAS ETEREAS ΜΟΝΟΠΡΟΣΩΠΗ Ι.Κ.Ε.,ALTURAS ETEREAS,802165479,ΙΚΕ,ΑΤΤΙΚΗΣ,k.trakada@gmail.com,6944515804,https://www.alturasetereas.gr/,,https://www.alturasetereas.gr/,False,,False,,False,,
0,False,10027,144908204000,AMBIGRAM IKE,AMBIGRAM,800918566,ΙΚΕ,ΘΕΣΣΑΛΟΝΙΚΗΣ,contact@ambigram.gr,6979444003,,https://ambigram.gr/,https://ambigram.gr/,False,,False,,False,,
0,False,912,158134709000,ANAX ΜΟΝΟΠΡΟΣΩΠΗ Ι.Κ.Ε.,,801505211,ΙΚΕ,ΑΤΤΙΚΗΣ,info@anaxcorp.com,2160024020,https://anaxcorp.com/el/,,https://anaxcorp.com/,False,,False,,False,,
0,False,8197,152126306000,ANTEL ΙΔΙΩΤΙΚΗ ΚΕΦΑΛΑΙΟΥΧΙΚΗ ΕΤΑΙΡΕΙΑ,ANTEL ΙΚΕ,801223951,ΙΚΕ,ΘΕΣΣΑΛΟΝΙΚΗΣ,antelmal2019@gmail.com,6938101807,https://antelmal.gr/for-press/,,https://antelmal.gr/,False,,False,,False,,
0,False,2813,181941406000,ANYHOW MEDIA - ΔΙΑΦΗΜΙΣΤΙΚΗ - ΕΚΔΟΤΙΚΗ Α.Ε.,ANYHOW MEDIA ΑΝΩΝΥΜΗ ΕΤΑΙΡΙΑ,802742994,ΑΕ,ΘΕΣΣΑΛΟΝΙΚΗΣ,management@anyhow.gr,2311118750,,https://anyhow.gr/,https://anyhow.gr/,False,,False,,False,,
0,False,3597,7870701000,APG ΟΡΓΑΝΩΣΗ ΚΑΙ ΠΑΡΑΓΩΓΗ ΕΚΔΗΛΩΣΕΩΝ  ΜΟΝΟΠΡΟΣΩΠΗ ΑΝΩΝΥΜΗ ΕΤΑΙΡΕΙΑ,APG  ΜΟΝΟΠΡΟΣΩΠΗ Α.Ε.,998280352,ΑΕ,ΑΤΤΙΚΗΣ,synodinou@scsgr.com,2109711919,http://www.apg.gr,,https://www.apg.gr/,False,,False,,False,,
0,False,6057,188756844000,ARGORITHM Ο.Ε.,ARGORITHM,803073860,ΟΕ,ΜΑΓΝΗΣΙΑΣ,info@argorithm.gr,6984995402,,https://argorithm.gr/,https://argorithm.gr/,False,,False,,False,,
0,False,1000,178789509000,ARPA DESIGN ΜΟΝΟΠΡΟΣΩΠΗ Ι.Κ.Ε.,,802570436,ΙΚΕ,ΑΤΤΙΚΗΣ,info@southdigital.gr,6940016578,,https://southdigital.gr/,https://southdigital.gr/,False,,False,,False,,
0,False,10027,144009502000,ART PRINT SOLUTIONS ΜΟΝΟΠΡΟΣΩΠΗ ΙΔΙΩΤΙΚΗ ΚΕΦΑΛΑΙΟΥΧΙΚΗ ΕΤΑΙΡΕΙΑ,ART PRINT SOLUTIONS,800886171,ΙΚΕ,ΑΤΤΙΚΗΣ,kpaschalidou@prgtax.gr,2110115304,www.artprintsolution.com,,https://artprintsolution.com/,False,,False,,False,,
0,False,3907,87421002000,ARTIME ΕΤΑΙΡΙΑ ΠΕΡΙΟΡΙΣΜΕΝΗΣ ΕΥΘΥΝΗΣ,ARTIME (ΑΡΤΑΪΜ) Ε.Π.Ε,095484085,ΕΠΕ,ΑΘΗΝΩΝ,info@jsaccounting.gr,2108612274,www.campingreece.gr,,https://www.campingreece.gr/,False,,False,,False,,
0,False,4445,8321001000,ASAP Athens Communication Agency-Διοργάνωση εκδηλώσεων και τηλεοπτικές παραγωγές-Μονοπρόσωπη Εταιρεία Περιορισμένης Ευθύνης,ASAP Athens ΜΕΠΕ,998186148,ΕΠΕ,ΑΤΤΙΚΗΣ,dkoutsoubelis@asapathens.gr,2106753007,,https://www.asapathens.gr/,https://www.asapathens.gr/,False,,False,,False,,
0,False,3910,59009204000,ATRIA - ΔΙΑΦΗΜΙΣΤΙΚΗ Ι.Κ.Ε.,ATRIA,099378396,ΙΚΕ,ΘΕΣΣΑΛΟΝΙΚΗΣ,atria@atria.com.gr,544390,http://www.atria.com.gr,,http://atria.com.gr/,False,,False,,False,,
0,True,354,173714503000,ATTO ΜΟΝΟΠΡΟΣΩΠΗ Ι.Κ.Ε.,ATTO ΜΟΝΟΠΡΟΣΩΠΗ Ι.Κ.Ε.,802289452,ΙΚΕ,ΑΤΤΙΚΗΣ,apgsolutionspc@gmail.com,2610222290,http://www.atto.gr/,,https://www.atto.gr/,False,,False,,False,,
0,False,10027,181149708000,AUTOMEDIA Ε.Ε.,AUTOMEDIA,802698259,ΕΕ,ΑΤΤΙΚΗΣ,marseni@autogreeknews.gr,6972705040,,https://autogreeknews.gr/,https://autogreeknews.gr/,False,,False,,False,,
0,False,8992,153763101000,AVANT TALES ΙΔΙΩΤΙΚΗ ΚΕΦΑΛΑΙΟΥΧΙΚΗ ΕΤΑΙΡΕΙΑ,AVANT TALES Ι.Κ.Ε.,801295516,ΙΚΕ,ΑΤΤΙΚΗΣ,nvenierakis@gmail.com,2106754644,https://avanttales.com,,https://avanttales.com/,False,,False,,False,,
0,False,6090,167950701000,Addit | Digital Agency Ε.Ε.,Addit | Digital Agency,802002144,ΕΕ,ΑΤΤΙΚΗΣ,info@additsolutions.gr,2107540420,,https://www.additsolutions.gr/,https://www.additsolutions.gr/,False,,False,,False,,
0,False,3859,184292103000,AlphaZ boutique agency Ο.Ε.,AlphaZ,802868935,ΟΕ,ΑΤΤΙΚΗΣ,info@alphaz.gr,6936521682,,https://www.alphaz.gr/,https://www.alphaz.gr/,False,,False,,False,,
0,False,2899,182560403000,Another Practice Ο.Ε.,Another Practice,802776360,ΟΕ,ΑΤΤΙΚΗΣ,al.kiritsis@gmail.com,6977795195,https://www.another-practice.com,,https://www.another-practice.com/,False,,False,,False,,
0,False,2850,116771201000,AΓΓΕΛΙΚΗ ΔΟΥΝΑ ΤΟΥ ΓΕΩΡΓΙΟΥ,,052282506,ΑΤΟΜΙΚΗ,ΑΤΤΙΚΗΣ,adounas@goforward.gr,2130241212,www.goforward.gr,,https://goforward.gr/,False,,False,,False,,
0,True,264,129142606000,AΙΚΑΤΕΡΙΝΗ ΜΠΟΓΙΑΤΖΗ ΚΑΙ ΣΙΑ ΕΕ,THEMA ADV,800555517,ΕΕ,ΘΕΣΣΑΛΟΝΙΚΗΣ,katerina@thema-adv.gr,2310325950,,https://thema-adv.gr/,https://thema-adv.gr/,False,,False,,False,,
0,False,1411,150278301000,BEAM ΜΟΝΟΠΡΟΣΩΠΗ ΙΚΕ,,801151397,ΙΚΕ,ΑΤΤΙΚΗΣ,konstantinos@thedigitalbeam.com,2108023112,,https://thedigitalbeam.com/,https://thedigitalbeam.com/,False,,False,,False,,
0,False,981,43707206000,BEETROOT ΑΝΩΝΥΜΗ ΕΤΑΙΡΕΙΑ,BEETROOT Α.Ε.,999427641,ΑΕ,ΘΕΣΣΑΛΟΝΙΚΗΣ,accounting@beetroot.gr,2310801409,,https://beetroot.gr/,https://beetroot.gr/,False,,False,,False,,
0,False,5000,157185503000,BET COMRADE ΜΟΝΟΠΡΟΣΩΠΗ Ι.Κ.Ε.,BET COMRADE,801453535,ΙΚΕ,ΑΤΤΙΚΗΣ,gb@hangovermedia.gr,,http://www.betcomrade.com,,https://www.betcomrade.com/,False,,False,,False,,
0,False,1293,129846501000,BETMEDIA ΕΚΔΟΤΙΚΗ ΜΟΝΟΠΡΟΣΩΠΗ Ι.Κ.Ε.,BETMEDIA SINGLE MEMBER P.C.,800569990,ΙΚΕ,ΑΤΤΙΚΗΣ,kk080855@otenet.gr,2106910240,www.betmedia.gr,,https://www.betmedia.gr/,False,,False,,False,,
0,False,2657,127192801000,BEYOND GROUP ΜΟΝΟΠΡΟΣΩΠΗ ΙΔΙΩΤΙΚΗ ΚΕΦΑΛΑΙΟΥΧΙΚΗ ΕΤΑΙΡΕΙΑ,BEYOND GROUP P.C.,800522130,ΙΚΕ,ΔΩΔΕΚΑΝΗΣΟΥ,infoveke@gmail.com,6944623503,https://www.beyondgroup.gr/,,https://beyondgroup.gr/,False,,False,,False,,
0,False,5590,134189601000,BIRDIE ΜΟΝΟΠΡΟΣΩΠΗ ΕΤΑΙΡΕΙΑ ΠΕΡΙΟΡΙΣΜΕΝΗΣ ΕΥΘΥΝΗΣ,BIRDIE Μ.Ε.Π.Ε.,800652317,ΕΠΕ,ΑΤΤΙΚΗΣ,info@birdie.gr,2102774441,,https://birdie.gr/,https://birdie.gr/,False,,False,,False,,
0,False,5000,172454806000,BLACKSHAPE Ι.Κ.Ε.,BLACKSHAPE,802223506,ΙΚΕ,ΘΕΣΣΑΛΟΝΙΚΗΣ,nikos@admine.eu,2311292929,,https://www.admine.eu/,https://www.admine.eu/,False,,False,,False,,135753506000 179993806000
0,False,2867,166576507000,BLANKPAGE GLOBAL ΙΔΙΩΤΙΚΗ ΚΕΦΑΛΑΙΟΥΧΙΚΗ ΕΤΑΙΡΕΙΑ,BLANKPAGE GLOBAL Ι.Κ.Ε.,801936404,ΙΚΕ,ΑΤΤΙΚΗΣ,d.nikolopoulos@blankpage.gr,2104133555,,https://blankpage.gr/,https://blankpage.gr/,False,,False,,False,,
0,False,2625,59259404000,BLENDER - SKG ΕΠΙΚΟΙΝΩΝΙΕΣ ΑΝΩΝΥΜΗ ΕΤΑΙΡΕΙΑ,BLENDER Α.Ε.,997994560,ΑΕ,ΘΕΣΣΑΛΟΝΙΚΗΣ,info@blenderskg.gr,2310442104,www.blenderskg.gr,,https://www.blenderskg.gr/,False,,False,,False,,
0,False,3503,132994506000,BLIND STUDIO ΙΔΙΩΤΙΚΗ ΚΕΦΑΛΑΙΟΥΧΙΚΗ ΕΤΑΙΡΙΑ,BLIND STUDIO,800630116,ΙΚΕ,ΘΕΣΣΑΛΟΝΙΚΗΣ,info@blindstudio.gr,2310515206,https://blindstudio.gr/,,https://blindstudio.gr/,False,,False,,False,,
0,False,5221,187353603000,BLUE BYTE TEC ΜΟΝΟΠΡΟΣΩΠΗ Ι.Κ.Ε.,,803011267,ΙΚΕ,ΑΤΤΙΚΗΣ,infor@blue-byte.gr,6949672092,http://blue-byte.gr/,,https://blue-byte.gr/,False,,False,,False,,
0,False,1954,5057101000,BLUE SKIES ΜΟΝΟΠΡΟΣΩΠΗ ΑΝΩΝΥΜΗ ΕΤΑΙΡΕΙΑ ΑΘΛΗΤΙΚΩΝ ΨΥΧΑΓΩΓΙΚΩΝ ΠΟΛΙΤΙΣΤΙΚΩΝ ΚΑΙ ΕΙΔΙΚΩΝ ΕΚΔΗΛΩΣΕΩΝ ΚΑΙ ΠΑΡΟΧΗΣ ΥΠΗΡΕΣΙΩΝ ,BLUE SKIES,999634642,ΑΕ,ΑΤΤΙΚΗΣ,ev@blue-skies.gr,6948989695,www.blue-skies.eu,,https://blue-skies.eu/,False,,False,,False,,
0,False,5000,184203703000,BLUSH Διαφημιστικές Υπηρεσίες Ε.Ε.,BLUSHe,802864487,ΕΕ,ΑΤΤΙΚΗΣ,evi@blushagency.gr,6989918312,,https://www.blushagency.gr/,https://www.blushagency.gr/,False,,False,,False,,
0,True,796,183984603000,BMVM ΜΟΝΟΠΡΟΣΩΠΗ Ι.Κ.Ε.,,802852986,ΙΚΕ,ΑΤΤΙΚΗΣ,vasmarmatakis@gmail.com,6977602803,www.marmatakis.net,,https://marmatakis.net/,False,,False,,False,,
0,False,3529,152109108000,BRANDHELLAS ΜΟΝΟΠΡΟΣΩΠΗ Ι.Κ.Ε,BRANDHELLAS,801223115,ΙΚΕ,ΑΤΤΙΚΗΣ,kkapellas@gmail.com,2109515580,http://www.brandhellas.gr,,https://www.brandhellas.gr/web/,False,,False,,False,,
0,False,5000,151539601000,BUSINESS CENTER OFFICES ΜΟΝΟΠΡΟΣΩΠΗ ΙΔΙΩΤΙΚΗ ΚΕΦΑΛΑΙΟΥΧΙΚΗ ΕΤΑΙΡΕΙΑ ,BCO OFFICES,801197431,ΙΚΕ,ΑΤΤΙΚΗΣ,info@bco.gr,2100090000,http://www.bco.gr,,https://bco.gr/,False,,False,,False,,
0,False,1561,148789501000,BUTTERFLY THE AD EFFECT ΙΚΕ,BUTTERFLY THE AD EFFECT,801087924,ΙΚΕ,ΑΤΤΙΚΗΣ,info@fsnet.gr,6979980756,http://www.thebutterfly.eu,,https://www.thebutterfly.eu/,False,,False,,False,,
0,False,7139,131516209000,BUTTON P.C.,BUTTON,800599839,ΙΚΕ,ΑΤΤΙΚΗΣ,kostas@button.com.gr,2104974778,http://button.com.gr/,,http://button.com.gr/,False,,False,,False,,
0,False,10027,470301000,C.C.M. INTERNATIONAL ΕΤΑΙΡΕΙΑ ΠΕΡΙΩΡΙΣΜΕΝΗΣ ΕΥΘΥΝΗΣ,,095310743,ΕΠΕ,ΑΤΤΙΚΗΣ,daline@groupccm.com,2106146560,,https://groupccm.com/,https://groupccm.com/,False,,False,,False,,
0,False,3025,189306203000,CALA ALEKSANDROS ΤΟΥ ILIR,,164401727,ΑΤΟΜΙΚΗ,ΑΤΤΙΚΗΣ,info@distarter.com,6947668424,,https://distarter.com/,https://distarter.com/,False,,False,,False,,
0,False,1400,8288901000,CAMBO ADVERTISING AGENCY ΑNΩΝΥΜΗ ΕΤΑΙΡΕΙΑ,CAMBO ADVERTISING,998297438,ΑΕ,ΑΤΤΙΚΗΣ,panmoulos@gmail.com,2104220294,www.camboindustries.com,,https://camboagency.com,False,,False,,False,,
0,False,8490,4396601000,CARE DIRECT ΜΟΝΟΠΡΟΣΩΠΗ ΑΝΩΝΥΜΗ ΕΤΑΙΡΕΙΑ ΔΙΑΦΗΜΙΣΗΣ ΚΑΙ ΕΠΙΚΟΙΝΩΝΙΑΣ,CARE DIRECT Α.Ε.,095594723,ΑΕ,ΑΤΤΙΚΗΣ,protopapadakis.a@caredirect.com,2109287000,www.caredirect.com,,https://www.caredirect.com/,False,,False,,False,,
0,False,1074,142860203000,CAT49 COMMUNICATION BOUTIQUE P.C.,CAT49 COMMUNICATION BOUTIQUE,800846935,ΙΚΕ,ΑΤΤΙΚΗΣ,info@taxplus.gr,2106838016,www.cat49.gr,,https://cat49.gr/,False,,False,,False,,
0,False,3418,159317406000,CATALYTICA Ε.Ε.,CATALYTICA E.E.,801569937,ΕΕ,ΘΕΣΣΑΛΟΝΙΚΗΣ,dimitris@catalytica.gr,2310535400,,https://catalytica.gr/,https://catalytica.gr/,False,,False,,False,,
0,False,4785,4653701000,CHAPTER FIVE Ανώνυμη Εταιρεία,CHAPTER FIVE Α.Ε,099899571,ΑΕ,ΑΤΤΙΚΗΣ,accounting@chapter5.gr,2109525255,www.chapter5.gr,,https://chapter5.gr/,False,,False,,False,,
0,False,3209,163265001000,CHEETAH ASSET MANAGEMENT ΜΟΝΟΠΡΟΣΩΠΗ Ι.Κ.Ε.,CHEETAH ASSET MANAGEMENT,801784453,ΙΚΕ,ΑΤΤΙΚΗΣ,info@cheetah.gr,2105820888,,https://cheetah.gr/,https://cheetah.gr/,False,,False,,False,,
0,False,5000,132663201000,CICERO ΜΟΝΟΠΡΟΣΩΠΗ ΑΝΩΝΥΜΗ ΕΤΑΙΡΕΙΑ ΠΑΡΟΧΗΣ ΔΙΑΦΗΜΙΣΤΙΚΩΝ ΚΑΙ ΣΥΜΒΟΥΛΕΥΤΙΚΩΝ ΥΠΗΡΕΣΙΩΝ ,CICERO ΔΙΑΦΗΜΙΣΤΙΚΗ ΜΟΝΟΠΡΟΣΩΠΗ Α.Ε.,800622903,ΑΕ,ΑΤΤΙΚΗΣ,info@thecicero.gr,2106745959,,https://thecicero.gr/,https://thecicero.gr/,False,,False,,False,,
0,False,803,145062001000,CLEVERMEDIA (ΚΛΕΒΕΡΜΙΝΤΙΑ) ΛΥΣΕΙΣ ΕΠΙΚΟΙΝΩΝΙΑΣ ΑΝΩΝΥΜΗ ΕΤΑΙΡΕΙΑ,CLEVERMEDIA A.E.,800925477,ΑΕ,ΑΤΤΙΚΗΣ,info@clevermedia.gr,2107247507,,https://clevermedia.gr/,https://clevermedia.gr/,False,,False,,False,,
0,False,4132,59121604000,COLIBRI ΑΝΩΝΥΜΗ ΕΤΑΙΡΕΙΑ ΟΠΤΙΚΗΣ ΕΠΙΚΟΙΝΩΝΙΑΣ,COLIBRI,095729947,ΑΕ,ΘΕΣΣΑΛΟΝΙΚΗΣ,welcome@colibri.gr,2310482215,www.colibri.gr,,https://www.colibri.gr/,False,,False,,False,,
0,False,7807,139466401000,CONCEPT ON ACTION ΑΝΩΝΥΜΗ ΕΤΑΙΡΙΑ ΥΠΗΡΕΣΙΕΣ ΕΠΙΚΟΙΝΩΝΙΑΣ ΚΑΙ ΠΩΛΗΣΕΩΝ,CONCEPT ON ACTION,800748481,ΑΕ,ΑΤΤΙΚΗΣ,logistirio@conceptonaction.com,2109904114,,https://www.conceptonaction.com/,https://www.conceptonaction.com/,False,,False,,False,,
0,False,5997,123375201000,CREACE ΑΝΩΝΥΜΗ ΕΤΑΙΡΕΙΑ ΔΙΑΦΗΜΙΣΕΙΣ - ΕΜΠΟΡΙΑ ΚΑΤΑΝΑΛΩΤΙΚΩΝ ΑΓΑΘΩΝ,CREACE Α.Ε.,800452829,ΑΕ,ΑΤΤΙΚΗΣ,petrou@creace.gr,2106100113,,https://www.creace.gr/,https://www.creace.gr/,False,,False,,False,,
0,False,1268,3647201000,CREAM ΑΝΩΝΥΜΟΣ ΕΤΑΙΡΕΙΑ ΔΙΑΦΗΜΙΣΕΩΝ ΚΑΙ ΕΠΙΚΟΙΝΩΝΙΑΣ,CREAM A.Ε.,099753999,ΑΕ,ΑΘΗΝΩΝ,ddionisakopoulou@cream.gr,2106285800,,https://www.cream.gr/,https://www.cream.gr/,False,,False,,False,,
0,False,2106,178686003000,CRITICAL HIT PR Ι.Κ.Ε.,INDIEPUMP | CRITICAL HIT PR,802564350,ΙΚΕ,ΑΤΤΙΚΗΣ,finance@tomako.group,2155000610,,https://www.tomako.group/,https://www.tomako.group/,False,,False,,False,,
0,False,5000,160370006000,CULT 24 Ι.Κ.Ε.,CULT 24,801625800,ΙΚΕ,ΘΕΣΣΑΛΟΝΙΚΗΣ,aterzis196@gmail.com,2310304473,https://www.cult24.gr/,,https://cult24.gr/,False,,False,,False,,
0,False,6381,178682240000,CURSOR DESIGN STUDIO ΜΟΝΟΠΡΟΣΩΠΗ Ι.Κ.Ε.,CURSOR DESIGN STUDIO ΜΟΝΟΠΡΟΣΩΠΗ Ι.Κ.Ε.,802564165,ΙΚΕ,ΛΑΡΙΣΑΣ,info@cursor.gr,6937635632,,https://www.cursor.gr/,https://www.cursor.gr/,False,,False,,False,,
0,True,258,162979503000,DAMI ΜΟΝΟΠΡΟΣΩΠΗ Ι.Κ.Ε.,DAMI,801768860,ΙΚΕ,ΑΤΤΙΚΗΣ,TKRM2007@YAHOO.GR,6973706150,https://dami.gr,,https://dami.gr/,False,,False,,False,,
0,False,9529,134724501000,DAS MEDIA ΕΤΑΙΡΕΙΑ ΠΕΡΙΟΡΙΣΜΕΝΗΣ ΕΥΘΥΝΗΣ,DAS MEDIA Ε.Π.Ε.,800662765,ΕΠΕ,ΑΤΤΙΚΗΣ,smalandrinos@allthatweb.gr,2103451556,,https://allthatweb.gr/,https://allthatweb.gr/,False,,False,,False,,
0,False,3631,5454001000,DDB ΑΝΩΝΥΜΗ ΕΤΑΙΡΕΙΑ ΟΜΙΛΟΣ ΕΠΙΚΟΙΝΩΝΙΑΣ ΚΑΙ ΠΑΡΟΧΗΣ ΥΠΗΡΕΣΙΩΝ,1)DDB AE 2)TRIBAL DDB AE,999398063,ΑΕ,ΑΤΤΙΚΗΣ,george.tsourakis@athens.ddb.com,2106175649,www.ddb.gr,,https://www.ddb.gr/,False,,False,,False,,
0,False,6978,182006822000,DEAL PLANET ΜΟΝΟΠΡΟΣΩΠΗ Ι.Κ.Ε.,DEAL PLANET,802746540,ΙΚΕ,ΕΥΒΟΙΑΣ,filipposstam97@gmail.com,6985851344,https://dealplanet.gr/,,https://dealplanet.gr/,False,,False,,False,,
0,False,9855,174896538000,DELIAN AGENCY Ο.Ε.,,802355320,ΟΕ,ΚΥΚΛΑΔΩΝ,vasilis@delian.gr,6980046432,,https://delian.gr/,https://delian.gr/,False,,False,,False,,
0,True,314,163913101000,DELIGIANNIS ΜΟΝΟΠΡΟΣΩΠΗ Ι.Κ.Ε.,DELIGIANNIS,801817728,ΙΚΕ,ΑΤΤΙΚΗΣ,dell@gnmail.com,6999999999,http://www.Deligiannis-ike.gr,,https://www.deligiannis-ike.gr/,False,,False,,False,,
0,True,266,141719401000,DESIGNING SOLUTIONS Μονοπρόσωπη Ιδιωτική Κεφαλαιουχική Εταιρία,DESIGNING SOLUTIONS,800813049,ΙΚΕ,ΑΤΤΙΚΗΣ,jimarko2003@yahoo.gr,2107259083,http://designingsolutions.eu/,,http://designingsolutions.eu/,False,,False,,False,,
0,False,2842,171453920000,DETAIL RODOS Ε.Ε.,,802173850,ΕΕ,ΔΩΔΕΚΑΝΗΣΟΥ,info@detailrodos.gr,2241039161,,https://detailad.gr/,https://detailad.gr/,False,,False,,False,,
0,False,1967,194090709000,DIFITAL FORGE ΜΟΝΟΠΡΟΣΩΠΗ Ι.Κ.Ε.,DIFITAL FORGE,803299326,ΙΚΕ,ΑΤΤΙΚΗΣ,info@dig-i-forge.gr,6985881351,,https://dig-i-forge.gr/,https://dig-i-forge.gr/,False,,False,,False,,
0,False,6737,177369522000,DIGI-MA ΜΟΝΟΠΡΟΣΩΠΗ Ι.Κ.Ε.,DIGI-MA,802491598,ΙΚΕ,ΕΥΒΟΙΑΣ,konstask@yahoo.gr,6949966858,https://digi-ma.gr/,,https://digi-ma.gr/,False,,False,,False,,
0,False,1285,145682701000,DIGIBIZ Ε.Ε.,DIGIBIZ,800955132,ΕΕ,ΑΤΤΙΚΗΣ,papandreou@digibiz.gr,6936495475,,https://digibiz.gr/,https://digibiz.gr/,False,,False,,False,,
0,False,8884,126091601000,DIGITAL 4U ΑΝΩΝΥΜΗ ΕΤΑΙΡΕΙΑ ΠΑΡΟΧΗΣ ΥΠΗΡΕΣΙΩΝ ΔΙΑΔΙΚΤΥΟΥ ΠΛΗΡΟΦΟΡΙΚΗΣ ΚΑΙ  ΔΙΑΦΗΜΙΣΗΣ,DIGITAL 4U Α.Ε.,800503730,ΑΕ,ΑΤΤΙΚΗΣ,logistirio@digital4u.gr,2162021350,www.digital4u.gr,,https://www.digital4u.gr/,False,,False,,False,,
0,False,7126,156865401000,DIGITAL PERFORMANCE MARKETING Ι.Κ.Ε.,GROWTH THOUGHT AGENCY,801439541,ΙΚΕ,ΑΤΤΙΚΗΣ,kdimitrokallis@dpm-agency.gr,6978098449,https://dpm-agency.gr/,,https://dpm-agency.gr/,False,,False,,False,,
0,False,4725,176294903000,DIGITAL SAPIENS Ο.Ε.,DIGITAL SAPIENS,802434764,ΟΕ,ΑΤΤΙΚΗΣ,mg@digitalsapiens.gr,6947939994,,https://digitalsapiens.gr/,https://digitalsapiens.gr/,False,,False,,False,,
0,False,7120,179622901000,DISTINGUISHED PROMOTION ΜΟΝΟΠΡΟΣΩΠΗ Ι.Κ.Ε.,,802615956,ΙΚΕ,ΑΤΤΙΚΗΣ,kpalierakis@screation.gr,2108848310,,https://www.screation.gr/,https://www.screation.gr/,False,,False,,False,,156488801000
0,False,6974,163046703000,DIZZY AGENCY ΜΟΝΟΠΡΟΣΩΠΗ Ι.Κ.Ε.,DIZZY AGENCY,801772221,ΙΚΕ,ΑΤΤΙΚΗΣ,mary@dizzyagency.gr,2114161147,https://dizzy.agency/el/,,https://dizzy.agency/,False,,False,,False,,
0,False,3981,164481401000,DK ADVERTISING ΜΟΝΟΠΡΟΣΩΠΗ ΙΔΙΩΤΙΚΗ ΚΕΦΑΛΑΙΟΥΧΙΚΗ ΕΤΑΙΡΕΙΑ,DK ADVERTISING,801847710,ΙΚΕ,ΑΤΤΙΚΗΣ,alexandra@dkadv.gr,2108847190,,https://dkadv.gr/,https://dkadv.gr/,False,,False,,False,,827601000
0,False,5000,149893844000,DO IT FOR ME ΙΚΕ,DO IT FOR ME,801134782,ΙΚΕ,ΜΑΓΝΗΣΙΑΣ,luigi.goulianos@gmail.com,6949582902,https://www.doitforme.eu/gemi-etairia,,https://www.doitforme.eu/,False,,False,,False,,
0,False,2638,151469236000,DOKA MEDIA ΔΙΑΦΗΜΙΣΤΙΚΗ ΜΟΝΟΠΡΟΣΩΠΗ ΙΔΙΩΤΙΚΗ ΚΕΦΑΛΑΙΟΥΧΙΚΗ ΕΤΑΙΡΕΙΑ,DOKA MEDIA ΔΙΑΦΗΜΙΣΤΙΚΗ Μ.Ι.Κ.Ε.,801193769,ΙΚΕ,ΚΟΖΑΝΗΣ,,,https://dokamedia.gr/,,https://dokamedia.gr/,False,,False,,False,,
0,False,3639,179596103000,DYNAWASP Ο.Ε.,DynaWasp,802614413,ΟΕ,ΑΤΤΙΚΗΣ,info@dynawasp.com,6982004148,,https://dynawasp.com/,https://dynawasp.com/,False,,False,,False,,
0,False,2271,345601000,Dentsu Greece - ΜΟΝΟΠΡΟΣΩΠΗ ΑΝΩΝΥΜΗ ΕΤΑΙΡΕΙΑ ΠΑΡΟΧΗΣ ΔΙΑΦΗΜΙΣΤΙΚΩΝ ΥΠΗΡΕΣΙΩΝ,,094102460,ΑΕ,ΑΤΤΙΚΗΣ,giorgos.petrakis@dentsu.com,2111012216,,https://www.dentsu.com/,https://www.dentsu.com/,False,,False,,False,,
0,False,3650,191916503000,EASYINFLUENCER.TRAVEL Ι.Κ.Ε.,EASYINFLUENCER.TRAVEL,803201493,ΙΚΕ,ΑΤΤΙΚΗΣ,aggelos1athanasiou@gmail.com,6972359810,https://easyinfluencer.travel/,,https://easyinfluencer.travel/,False,,False,,False,,
0,False,849,173565201000,EDRINK ΙΔΙΩΤΙΚΗ ΚΕΦΑΛΑΙΟΥΧΙΚΗ ΕΤΑΙΡΕΙΑ,EDRINK Ι.Κ.Ε.,802281720,ΙΚΕ,ΑΤΤΙΚΗΣ,carlosc@edrink.gr,2109456321,https://www.edrink.gr,,https://www.edrink.gr/,False,,False,,False,,
0,False,5000,191068803000,EKTEO  ΙΔΙΩΤΙΚΗ ΚΕΦΑΛΑΙΟΥΧΙΚΗ ΕΤΑΙΡΕΙΑ,ekteo  Ι.Κ.Ε.,803163017,ΙΚΕ,ΑΤΤΙΚΗΣ,info@ekteo.gr,-,,https://ekteo.gr/,https://ekteo.gr/,False,,False,,False,,
0,True,543,140429101000,EMELIS ΙΚΕ,,800772874,ΙΚΕ,ΑΤΤΙΚΗΣ,emelisike1@gmail.com,2102719999,https://emelisike.webnode.gr/,,https://emelisike.webnode.gr/,False,,False,,False,,
0,False,3779,145354101000,ENJOIN ΜΟΝΟΠΡΟΣΩΠΗ ΙΚΕ,ENJOIN,800938817,ΙΚΕ,ΑΤΤΙΚΗΣ,stamouli@ikappa.gr,2114085823,http://www.enjoin.gr,,https://enjoin.gr/,False,,False,,False,,
0,False,7222,141561437000,EUROCAS HELLAS ΜΟΝΟΠΡΟΣΩΠΗ ΙΔΙΩΤΙΚΗ ΚΕΦΑΛΑΙΟΥΧΙΚΗ ΕΤΑΙΡΕΙΑ,EUROCAS HELLAS MON IKE,800808316,ΙΚΕ,ΚΟΡΙΝΘΙΑΣ,account@aggelosgiakis.gr,6997942522,www.eurocas.gr,,https://eurocas.com/el/,False,,False,,False,,
0,False,2419,86104702000,EXAD CREATIVE AGENCY ΕΕ,EXAD,999452858,ΕΕ,ΑΘΗΝΩΝ,info@exad.gr,2106519692,,https://exad.gr/,https://exad.gr/,False,,False,,False,,
0,False,5041,8328201000,F1 COMMUNICATIONS ΕΚΠΑΙΔΕΥΣΗΣ - ΤΗΛΕΟΠΤΙΚΩΝ ΠΑΡΑΓΩΓΩΝ - ΕΠΙΚΟΙΝΩΝΙΑΣ ΙΔΙΩΤΙΚΗ ΚΕΦΑΛΑΙΟΥΧΙΚΗ ΕΤΑΙΡΕΙΑ,F1 COMMUNICATIONS Ι.Κ.Ε.,998405988,ΙΚΕ,ΑΘΗΝΩΝ,mary.markoulaki@gmail.com,2155605207,https://f1com.gr/,,https://f1com.gr/,False,,False,,False,,
0,False,10027,162450002000,FAIVE ΜΟΝΟΠΡΟΣΩΠΗ ΙΔΙΩΤΙΚΗ ΚΕΦΑΛΑΙΟΥΧΙΚΗ ΕΤΑΙΡΕΙΑ,FAIVE MON IKE,801738910,ΙΚΕ,ΑΤΤΙΚΗΣ,bonkatod@gmail.com,,https://www.faive.eu,,https://www.faive.eu/de,False,,False,,False,,
0,False,10027,8590101000,FAST MESSENGERS ΥΠΗΡΕΣΙΕΣ ΕΝΤΥΠΟΔΙΑΝΟΜΩΝ ΠΡΟΩΘΗΣΗΣ ΚΑΙ ΔΙΑΦΗΜΙΣΗΣ ΜΟΝΟΠΡΟΣΩΠΗ Ε.Π.Ε.,FAST MESSENGERS Μ.Ε.Π.Ε.,998086487,ΕΠΕ,ΑΤΤΙΚΗΣ,gmichou@skywalker.gr,2109916260,,https://www.skywalker.gr/el,https://www.skywalker.gr/el,False,,False,,False,,8926401000
0,False,2225,138847603000,FIFTYEGGZ COMMUNICATIONS ΕΕ,FIFTYEGGZ,800734452,ΕΕ,ΑΤΤΙΚΗΣ,mike@fiftyeggz.gr,2103469007,,https://fiftyeggz.gr/,https://fiftyeggz.gr/,False,,False,,False,,
0,False,2086,3953301000,FINE AD - ΔΙΑΦΗΜΙΣΤΙΚΕΣ ΚΑΙ ΟΙΚΟΝΟΜΙΚΕΣ ΥΠΗΡΕΣΙΕΣ ΑΝΩΝΥΜΗ ΕΤΑΙΡΙΑ,FINE AD Α.Ε.,099878330,ΑΕ,ΑΤΤΙΚΗΣ,logistirio@finead.gr,2109216840,www.finead.gr/isologismos,,https://finead.gr/,False,,False,,False,,
0,False,1506,153206501000,FIT365 Ε.Ε.,FIT365,801271950,ΕΕ,ΑΤΤΙΚΗΣ,cd@fitpal.gr,6948728868,,https://www.fitpal.gr/,https://www.fitpal.gr/,False,,False,,False,,
0,False,10027,147131908000,FLIPNEWMEDIA ΥΠΗΡΕΣΙΕΣ ΠΛΗΡΟΥΣ ΔΙΑΦΗΜΙΣΗΣ ΙΚΕ,FLIPNEWMEDIA Ι.Κ.Ε.,801021241,ΙΚΕ,ΑΤΤΙΚΗΣ,nasvestas@flipnewmedia.com,2130312077,https://flipnewmedia.com,,https://www.flipnewmedia.com/,False,,False,,False,,
0,False,5000,151917401000,FLYING POT GROUP ΜΟΝΟΠΡΟΣΩΠΗ ΙΔΙΩΤΙΚΗ ΚΕΦΑΛΑΙΟΥΧΙΚΗ ΕΤΑΙΡΕΙΑ,FLYING POT GROUP,801214708,ΙΚΕ,ΑΤΤΙΚΗΣ,accounting@theflyingpot.gr,2106564305,https://smarttax.gr/flyingpotgroupike/,,https://smarttax.gr/,False,,False,,False,,
0,False,2520,43390506000,FOTONE (ΦΟΤΟΝΕ) ΔΙΑΦΗΜΙΣΤΙΚΗ ΜΟΝΟΠΡΟΣΩΠΗ ΕΤΑΙΡΙΑ ΠΕΡΙΟΡΙΣΜΕΝΗΣ ΕΥΘΥΝΗΣ,FOTONE(ΦΟΤΟΝΕ) ΜΕΠΕ,998074360,ΕΠΕ,ΘΕΣΣΑΛΟΝΙΚΗΣ,st@fotone.gr,2310953200,www.fotone.gr,,https://fotone.gr/,False,,False,,False,,
0,False,5000,36617916000,FRESSET ΥΠΗΡΕΣΙΕΣ ΔΙΑΔΙΚΤΥΟΥ ΜΟΝΟΠΡΟΣΩΠΗ ΙΔΙΩΤΙΚΗ ΚΕΦΑΛΑΙΟΥΧΙΚΗ ΕΤΑΙΡΕΙΑ	,FRESSET,998363700,ΙΚΕ,ΑΤΤΙΚΗΣ,info@fresset.gr,2112102291,www.fresset.gr,,https://fresset.gr/,False,,False,,False,,
0,False,8735,187369501000,FWRD MEDIA ΕΛΛΑΣ ΜΟΝΟΠΡΟΣΩΠΗ Ι.Κ.Ε.,FWRD MEDIA ΕΛΛΑΣ,803011901,ΙΚΕ,ΑΤΤΙΚΗΣ,georgia.stavropoulou@havasmedia.com,2108088998,,https://havasmedianetwork.com,https://havasmedianetwork.com/,False,,False,,False,,
0,False,10027,139432103000,FYLLON ΜΟΝΟΠΡΟΣΩΠΗ ΙΚΕ,FYLLON,800747773,ΙΚΕ,ΑΤΤΙΚΗΣ,borbolis@otenet.gr,6944148044,www.fyllon.gr,,https://www.fyllon.gr/,False,,False,,False,,
0,False,1580,151199501000,G POINT ADV ΜΟΝΟΠΡΟΣΩΠΗ Ι.Κ.Ε.,G POINT ADV,801181261,ΙΚΕ,ΑΤΤΙΚΗΣ,info@gpoint.gr,2118008505,http://www.gpoint.gr,,https://www.gpoint.gr/,False,,False,,False,,
0,True,394,185090001000,GASTROCONNECT Ι.Κ.Ε.,GASTROCONNECT,802908661,ΙΚΕ,ΑΤΤΙΚΗΣ,info@gastroconnect.gr,6983739172,https://gastroconnect.gigabit.net.gr/,,https://gastroconnect.gigabit.net.gr/,False,,False,,False,,
0,False,2874,148985901000,GB INNOVATIONS ΙΔΙΩΤΙΚΗ ΚΕΦΑΛΑΙΟΥΧΙΚΗ ΕΤΑΙΡΕΙΑ,GB INNOVATIONS,801095580,ΙΚΕ,ΑΤΤΙΚΗΣ,ias@gamingbrotherhood.eu,2102204297,,https://gamingbrotherhood.eu/,https://gamingbrotherhood.eu/,False,,False,,False,,
0,False,5000,186696720000,GIGPOSSIBLE ΙΔΙΩΤΙΚΗ ΚΕΦΑΛΑΙΟΥΧΙΚΗ ΕΤΑΙΡΕΙΑ,,802981201,ΙΚΕ,ΔΩΔΕΚΑΝΗΣΟΥ,lazaros.thomas@hotmail.com,6957067515,https://www.gigpossible.gr,,https://www.gigpossible.gr/,False,,False,,False,,
0,False,10027,4939401000,GLOBE ONE ΜΟΝΟΠΡΟΣΩΠΗ ΕΤΑΙΡΕΙΑ ΠΕΡΙΟΡΙΣΜΕΝΗΣ ΕΥΘΥΝΗΣ,GLOBE ONE DIGITAL,999853840,ΕΠΕ,ΑΘΗΝΩΝ,digital@globeonedigital.com,2102117700,www.globeonedigital.com,,https://www.globeonedigital.com/,False,,False,,False,,
0,False,2488,135295003000,GOOD WORK TEAM PRIVATE COMPANY,GWT,800674868,ΙΚΕ,ΑΤΤΙΚΗΣ,limnios@gwt.gr,2167003287,,https://gwt.gr/,https://gwt.gr/,False,,False,,False,,
0,False,10027,191077803000,GROWTH SPIKE ΜΟΝΟΠΡΟΣΩΠΗ Ι.Κ.Ε.,GROWTH SPIKE,803164259,ΙΚΕ,ΑΤΤΙΚΗΣ,cp@accountinganalytics.gr,6949948414,https://growthspike.co/,,https://growthspike.co/,False,,False,,False,,
0,False,5000,160539501000,GRSPORTS ΜΟΝΟΠΡΟΣΩΠΗ Ι.Κ.Ε.,GRSPORTS,801634684,ΙΚΕ,ΑΤΤΙΚΗΣ,christataroglou@icloud.com,6980639943,https://grsports.gr/,,https://grsports.gr/,False,,False,,False,,
0,False,1446,157492203000,GSPOT OUTDOOR ADV Ε.Ε.,GSPOT OUTDOOR ADV,801468978,ΕΕ,ΑΤΤΙΚΗΣ,info@gspot.city,2106654211,,https://gspot.city/,https://gspot.city/,False,,False,,False,,
0,False,1087,158280701000,GUERILLA MOTION STUDIO ΜΟΝΟΠΡΟΣΩΠΗ Ι.Κ.Ε.,,801513179,ΙΚΕ,ΑΤΤΙΚΗΣ,ssambatakakakis@yahoo.gr,2102510727,https://www.guerillamotion.com/,,https://www.guerillamotion.com/,False,,False,,False,,
0,True,443,183903203000,GoOnlife Ι.Κ.Ε.,GoOnlife,802848659,ΙΚΕ,ΑΤΤΙΚΗΣ,goonlife@goonlife.com,6970301896,,https://goonlife.com/,https://goonlife.com/,False,,False,,False,,
0,False,10027,191925812000,GroupKey Ο.Ε.,GroupKey Ο.Ε.,803202270,ΟΕ,ΑΙΤΩΛΟΑΚΑΡΝΑΝΙΑΣ,info@groupkey.gr,2161001515,,https://www.groupkey.gr/,https://www.groupkey.gr/,False,,False,,False,,
0,False,1099,136552601000,HAVAS ENGAGE ΔΙΑΦΗΜΙΣΤΙΚΗ ΜΟΝΟΠΡΟΣΩΠΗ ΕΤΑΙΡΙΑ ΠΕΡΙΟΡΙΣΜΕΝΗΣ ΕΥΘΥΝΗΣ,HAVAS ENGAGE Μ.Ε.Π.Ε.,800689372,ΕΠΕ,ΑΤΤΙΚΗΣ,log@solidhavas.gr,2108172100,,https://www.solidhavas.gr/,https://www.solidhavas.gr/,False,,False,,False,,351901000
0,False,2961,174664703000,HAWK CONSULTING ΜΟΝΟΠΡΟΣΩΠΗ Ι.Κ.Ε.,,802342360,ΙΚΕ,ΑΤΤΙΚΗΣ,dmpatsa74@gmail.com,6936930702,www.hawkconsulting.gr,,https://hawkconsulting.gr/,False,,False,,False,,
0,False,3844,141238301000,HEATHER MARIE THEODOROU TOY MAX,3Μ ΘΕΟΔΩΡΟΥ,104355303,ΑΤΟΜΙΚΗ,ΑΤΤΙΚΗΣ,info@ptheodorou.gr,2105751363,,https://www.ptheodorou.gr/,https://www.ptheodorou.gr/,False,,False,,False,,
0,False,3906,144654506000,HELLO ADVERTISING ΜΟΝΟΠΡΟΣΩΠΗ Ι.Κ.Ε.,HELLO ADVERTISING,800907459,ΙΚΕ,ΘΕΣΣΑΛΟΝΙΚΗΣ,alkispolioudakis@gmail.com,6977598243,http://www.helloadv.gr/data.html,,https://www.helloadv.gr/,False,,False,,False,,
0,False,5000,170738101000,HOKU DESIGN Ο.Ε.,,802139150,ΟΕ,ΑΤΤΙΚΗΣ,info@hokudesign.gr,2109401010,,https://www.hokudesign.gr/,https://www.hokudesign.gr/,False,,False,,False,,
0,False,2539,143116306000,HOLDER SINGLE MEMBER PRIVATE COMPANY,,800856142,ΙΚΕ,ΘΕΣΣΑΛΟΝΙΚΗΣ,accounting@lekosgroup.com,2310554444,http://holder.esologismoi.gr/,,https://holder.esologismoi.gr/,False,,False,,False,,
0,False,5000,188372303000,HOUSE OF ADVANCED Ο.Ε.,HOUSE OF ADVANCED,803057362,ΟΕ,ΑΤΤΙΚΗΣ,info@houseofadvanced.com,6944996734,,https://houseofadvanced.com/,https://houseofadvanced.com/,False,,False,,False,,
0,False,6474,150643801000,HUBSPOT ADVERTISING Ι.Κ.Ε.,HUBSPOT ADVERTISING,801167475,ΙΚΕ,ΑΤΤΙΚΗΣ,thomiziso@yahoo.gr,2103304656,https://spotadvertising.gr/,,https://spotadvertising.gr/,False,,False,,False,,
0,False,2850,192678528000,ICON SIGNS Ι.Κ.Ε.,,803233990,ΙΚΕ,ΘΕΣΠΡΩΤΙΑΣ,info@plus.com.gr,,https://icon.com.gr,,https://icon.com.gr/,False,,False,,False,,
0,True,786,159763206000,IDEES DIGITAL AGENCY ΙΔΙΩΤΙΚΗ ΚΕΦΑΛΑΙΟΥΧΙΚΗ ΕΤΑΙΡΕΙΑ,IDEES DIGITAL AGENCY PC,801593894,ΙΚΕ,ΘΕΣΣΑΛΟΝΙΚΗΣ,info@smartpraxis.gr,2312315252,http://ideesdigitalagency.smartpraxis-services.gr ,,https://ideesdigitalagency.smartpraxis-services.gr/,False,,False,,False,,
0,False,5732,17053349000,IFRAME Ο.Ε.,"""iframe""",997861806,ΟΕ,ΙΩΑΝΝΙΝΩΝ,info@iframe.gr,2682024513,,https://iframe.gr/,https://iframe.gr/,False,,False,,False,,
0,True,370,5765601000,IMADRA MEDIA ΥΠΗΡΕΣΙΕΣ ΔΙΑΔΥΚΤΙΟΥ - ΕΚΔΟΤΙΚΗ - ΔΙΑΦΗΜΙΣΤΙΚΗ ΜΟΝΟΠΡΟΣΟΠΗ ΕΤΑΙΡΕΙΑ ΠΕΡΙΩΡΙΣΜΕΝΗΣ ΕΥΘΥΝΗΣ,IMADRA MEDIA ΕΠΕ,999379860,ΕΠΕ,ΑΤΤΙΚΗΣ,IMADRAMEDIA@GMAIL.COM,2109010990,WWW.IMADRA.GR,,https://www.imadra.gr/,False,,False,,False,,
0,False,9613,42175206000,IMPACT I.K.E.,IMPACT (ΙΜΠΑΚΤ),099813073,ΙΚΕ,ΘΕΣΣΑΛΟΝΙΚΗΣ,accountings@impact-adv.gr,2310416126,http://www.impact-adv.gr,,http://impact-adv.gr/,False,,False,,False,,
0,False,3093,159991701000,INFOGRAPHICS ΟΜΟΡΡΥΘΜΗ ΕΤΑΙΡΕΙΑ,INFOGRAPHICS,801605098,ΟΕ,ΑΤΤΙΚΗΣ,info@greekinfographics.com,2109625720,https://greekinfographics.com/,,https://greekinfographics.com/,False,,False,,False,,
0,False,2270,125548440000,INNOVATIVE & OUTSOURCING SERVICES E.E,IN & OUT,800494060,ΕΕ,ΛΑΡΙΣΑΣ,info@in-n-out.gr,2410549215,,https://www.in-n-out.gr/,https://www.in-n-out.gr/,False,,False,,False,,
0,False,5000,178647401000,INTELIO ΑΝΩΝΥΜΗ ΕΤΑΙΡΕΙΑ,INTELIO,802562227,ΑΕ,ΑΤΤΙΚΗΣ,george.liapis@primal-res.com,6976043101,,https://www.webhotelier.net/primalres,https://www.webhotelier.net/,False,,False,,False,,
0,False,9497,6208101000,INTELLIGENT MEDIA ΕΤΑΙΡΕΙΑ ΠΡΟΩΘΗΣΗΣ ΚΑΙ  ΔΙΑΦΗΜΙΣΗΣ ΕΤΑΙΡΕΙΑ ΠΕΡΙΟΡΙΣΜΕΝΗΣ ΕΥΘΥΝΗΣ,INTELLIGENT MEDIA LTD,999332596,ΕΠΕ,ΑΘΗΝΩΝ,info@intelligentmedia.gr,2106856820,,https://www.intelligentmedia.gr/,https://www.intelligentmedia.gr/,False,,False,,False,,
0,False,5000,7070801000,INTERBUS (ΙΝΤΕΡΜΠΑΣ) ΑΝΩΝΥΜΗ ΔΙΑΦΗΜΙΣΤΙΚΗ ΕΤΑΙΡΕΙΑ,INTERBUS (ΙΝΤΕΡΜΠΑΣ) Α.Ε.,998775139,ΑΕ,ΑΤΤΙΚΗΣ,d.konidari@interbus.gr,2106300464,www.interbus.gr,,https://www.interbus.gr/,False,,False,,False,,
0,False,5000,166563303000,INTRIGUE Ι.Κ.Ε.,INTRIGUE,801935770,ΙΚΕ,ΑΤΤΙΚΗΣ,contact@tripment.net,2130428318,,https://www.tripment.net/el/,https://www.tripment.net/el/,False,,False,,False,,
0,False,5000,184413501000,IRLad.net Ε.Ε.,IRLad.net,802875190,ΕΕ,ΑΤΤΙΚΗΣ,mkotsidou@irlad.net,6979901330,,https://irlad.net/,https://irlad.net/,False,,False,,False,,
0,True,629,167667106000,J.TOUNI ΜΟΝΟΠΡΟΣΩΠΗ ΙΔΙΩΤΙΚΗ ΚΕΦΑΛΑΙΟΥΧΙΚΗ ΕΤΑΙΡΕΙΑ,J.Touni,801988591,ΙΚΕ,ΘΕΣΣΑΛΟΝΙΚΗΣ,k2logistis@gmail.com,2392021596 ,http://jtouni.smartpraxis-services.gr ,,https://jtouni.smartpraxis-services.gr/,False,,False,,False,,
0,False,10027,139400401000,JOB ADVERTISING ΜΟΝΟΠΡΟΣΩΠΗ Ι.Κ.Ε.,JOB ADVERTΙSING,800746832,ΙΚΕ,ΑΤΤΙΚΗΣ,yg@jobathens.gr,2108055517,,https://vimeo.com/jobathens,https://vimeo.com/,False,,False,,False,,
0,False,10027,188665909000,JS DIGITAL MARKETING ΜΟΝΟΠΡΟΣΩΠΗ Ι.Κ.Ε.,JS DIGITAL MARKETING,803070347,ΙΚΕ,ΑΤΤΙΚΗΣ,info@likenet.gr,2107520258,,https://likenet.gr/,https://likenet.gr/,False,,False,,False,,
0,False,3547,173123401000,KADINOPOULOS INNOVATIONS ΜΟΝΟΠΡΟΣΩΠΗ Ι.Κ.Ε.,,802258094,ΙΚΕ,ΑΤΤΙΚΗΣ,contact@kadinopoulos.gr,2102634828,,https://kadinopoulos.gr/,https://kadinopoulos.gr/,False,,False,,False,,
0,True,487,170485803000,KATRINA DIGITAL ADVERTISING ΜΟΝΟΠΡΟΣΩΠΗ Ι.Κ.Ε.,,802126699,ΙΚΕ,ΑΤΤΙΚΗΣ,y2.villanueva@me.com,2108143598,https://katrinadigital.fid.gr,,https://katrinadigital.fid.gr/,False,,False,,False,,
0,False,7760,192436506000,KD Consultants Group Ο.Ε.,Bite Agency,803222730,ΟΕ,ΘΕΣΣΑΛΟΝΙΚΗΣ,vn@biteagency.gr,6949612613,,https://biteagency.gr/,https://biteagency.gr/,False,,False,,False,,
0,True,310,126919402000,KOSMO - ΠΡΟΒΟΛΗ ΙΚΕ,KOSMO-PROVOLI IKE,800517899,ΙΚΕ,ΑΤΤΙΚΗΣ,info@kosmoprovoli.gr,2107755330,www.psi-calendars.gr,,https://www.psi-calendars.gr/,False,,False,,False,,
0,False,5000,186360706000,KREATIVE ORGANICS ΜΟΝΟΠΡΟΣΩΠΗ Ι.Κ.Ε.,,802965422,ΙΚΕ,ΘΕΣΣΑΛΟΝΙΚΗΣ,kreativeorganicspl@gmail.com,6975519786,https://sites.google.com/view/krorg/home,,https://accounts.google.com/v3/signin/identifier?continue=https://sites.google.com/&followup=https://sites.google.com/&osid=1&passive=1209600&service=wise&flowName=GlifWebSignIn&flowEntry=ServiceLogin&dsh=S354339688:1787078774486057,False,,False,,False,,2106801000 141471401000 147052001000
0,False,7509,146764401000,LAGAAY HELLAS ΜΟΝΟΠΡΟΣΩΠΗ IKE,LAGAAY HELLAS,801005020,ΙΚΕ,ΑΤΤΙΚΗΣ,koutras@gmail.com,2103810884,https://www.lagaay.com,,https://www.lagaay.com/,False,,False,,False,,
0,True,264,141081904000,LAP MEDIA  ΜΟΝΟΠΡΟΣΩΠΗ ΙΔΙΩΤΙΚΗ ΚΕΦΑΛΑΙΟΥΧΙΚΗ ΕΤΑΙΡΙΑ,LAP MEDIA ΜΟΝΟΠΡΟΣΩΠΗ Ι.Κ.Ε.,800792720,ΙΚΕ,ΘΕΣΣΑΛΟΝΙΚΗΣ,lap@followed.gr,2310345998, https://lapmedia.flwd.digital/,,https://lapmedia.flwd.digital/,False,,False,,False,,
0,True,519,123691601000,LEAD GENERATION ΥΠΗΡΕΣΙΕΣ ΠΛΗΡΟΦΟΡΙΚΗΣ ΚΑΙ ΔΙΑΔΙΚΤΥΟΥ ΑΝΩΝΥΜΗ ΕΤΑΙΡΕΙΑ,LEAD GENERATION Α.Ε.,997927596,ΑΕ,ΑΤΤΙΚΗΣ,kboudouris@taxiteasy.gr,2109658530,www.spitogatos.gr,,https://www.spitogatos.gr/,False,,False,,False,,
0,False,2967,185632603000,LIGHTCUBE Ε.Ε.,LIGHTCUBE,802933006,ΕΕ,ΑΤΤΙΚΗΣ,flashingdiaries@gmail.com,6984706904,https://lightcube.gr/,,https://lightcube.gr/,False,,False,,False,,
0,False,10027,127851601000,LINKWISE IKE,LINKWISE,800531556,ΙΚΕ,ΑΤΤΙΚΗΣ,a.danas@da-fs.gr,2102419595,https://linkwi.se/gr-el/?gclid=EAIaIQobChMIv9O-sf6-8AIVl-5RCh3aqg9AEAAYASAAEgKxqvD_BwE,,https://linkwi.se/,False,,False,,False,,8347501000
0,False,5768,158324503000,LOS ADGELES Ο.Ε.,LOS ADGELES,801515486,ΟΕ,ΑΤΤΙΚΗΣ,jv@losadgeles.com,6936121000,,https://www.losadgeles.com/,https://www.losadgeles.com/,False,,False,,False,,
0,False,5043,177747501000,M & E PRODUCTIONS ΜΟΝΟΠΡΟΣΩΠΗ Ι.Κ.Ε.,,802510882,ΙΚΕ,ΑΤΤΙΚΗΣ,admin@me-productions.gr,2102201813,https://www.me-productions.gr,,https://www.me-productions.gr/,False,,False,,False,,
0,False,1623,154185301000,M.I. EPTAGONON ΜΟΝΟΠΡΟΣΩΠΗ ΙΔΙΩΤΙΚΗ ΚΕΦΑΛΑΙΟΥΧΙΚΗ ΕΤΑΙΡΕΙΑ,M.I. EPTAGONON ΜΟΝΟΠΡΟΣΩΠΗ ΙΚΕ,801313932,ΙΚΕ,ΑΤΤΙΚΗΣ,d_alpha@otenet.gr,2109959240,http://www.tavernamag.com,,https://www.tavernamag.com/,False,,False,,False,,
0,False,10027,155192907000,MACHINE HUNTERS ΜΟΝΟΠΡΟΣΩΠΗ Ι.Κ.Ε.,,801363542,ΙΚΕ,ΑΤΤΙΚΗΣ,accounting@atticafrigo.gr,2105545632,,https://atticafrigo.gr/,https://atticafrigo.gr/,False,,False,,False,,
0,False,1231,9190301000,MAGIQ DOORZ ΑΝΩΝΥΜΗ  ΕΤΑΙΡΕΙΑ ΕΠΙΚΟΙΝΩΝΙΑΣ,MAGIQ DOORZ,998714527,ΑΕ,ΑΘΗΝΩΝ,gloukos@mdoorz.com,2105201770,,https://mdoorz.com/,https://mdoorz.com/,False,,False,,False,,
0,False,7077,185434601000,MARIMOH GREECE ΙΔΙΩΤΙΚΗ ΚΕΦΑΛΑΙΟΥΧΙΚΗ ΕΤΑΙΡΕΙΑ,,802923916,ΙΚΕ,ΑΤΤΙΚΗΣ,alex@marimoh.com,6976553492,,https://www.marimoh.com/,https://www.marimoh.com/,False,,False,,False,,
0,False,3694,125083101000,MARKETING GREECE ΑΝΩΝΥΜΗ ΕΤΑΙΡΙΑ ΠΡΟΩΘΗΣΗΣ ΚΑΙ ΑΝΑΠΤΥΞΗΣ ΤΟΥ ΤΟΥΡΙΣΜΟΥ,MARKETING GREECE A.E.,800486464,ΑΕ,ΑΤΤΙΚΗΣ,info@marketinggreece.com,2103649080,www.marketinggreece.com,,https://www.marketinggreece.com/,False,,False,,False,,
0,False,5000,168863801000,MARKETINGWISE Ο.Ε.,MARKETINGWISE,802047451,ΟΕ,ΑΤΤΙΚΗΣ,karolos.pregkler@digitalwise.eu,6937452982,,https://whyagency.gr/,https://whyagency.gr/,False,,False,,False,,
0,False,1463,168385720000,MASA FOODS ΜΟΝΟΠΡΟΣΩΠΗ Ι.Κ.Ε.,MASA FOODS,802025274,ΙΚΕ,ΔΩΔΕΚΑΝΗΣΟΥ,spiropoulosi@yahoo.gr,6943714005,https://masafood.gr,,https://masafood.gr/,False,,False,,False,,
0,False,5000,125376401000,MASTERFOLD HELLAS ΜΟΝΟΠΡΟΣΩΠΗ ΕΤΑΙΡΕΙΑ ΠΕΡΙΟΡΙΣΜΕΝΗΣ ΕΥΘΥΝΗΣ,MASTERFOLD HELLAS ΜΕΠΕ,800491425,ΕΠΕ,ΑΤΤΙΚΗΣ,info@masterfold.gr,2117709200,,https://masterfold.gr/,https://masterfold.gr/,False,,False,,False,,
0,False,4235,181518401000,MATTER 22 Ι.Κ.Ε.,MATTER 22,802719512,ΙΚΕ,ΑΤΤΙΚΗΣ,eva@matter22.com,6956303061,,https://www.matter22.com/,https://www.matter22.com/,False,,False,,False,,
0,False,7504,2748401000,MAVE ΜΑΛΑΝΔΡΙΝΟΥ ΑΜΑΛΙΑ ΜΟΝΟΠΡΟΣΩΠΗ ΕΤΑΙΡΕΙΑ ΠΕΡΙΟΡΙΣΜΕΝΗΣ ΕΥΘΥΝΗΣ,MAVE ΜΟΝΟΠΡΟΣΩΠΗ Ε.Π.Ε.,095611109,ΕΠΕ,ΑΤΤΙΚΗΣ,spyros@mavemedia.gr,2103451230,,http://mavemedia.gr/,http://mavemedia.gr/,False,,False,,False,,
0,False,3480,184225506000,MAVERIX Ε.Ε.,MAVERIX,802865620,ΕΕ,ΘΕΣΣΑΛΟΝΙΚΗΣ,johnmalath@maverix.gr,6943690101,,https://maverix.gr/,https://maverix.gr/,False,,False,,False,,171162406000
0,False,3480,171162406000,MAVERIX ΜΟΝΟΠΡΟΣΩΠΗ ΙΔΙΩΤΙΚΗ ΚΕΦΑΛΑΙΟΥΧΙΚΗ ΕΤΑΙΡΕΙΑ,ΜAVΕRΙX,802159621,ΙΚΕ,ΘΕΣΣΑΛΟΝΙΚΗΣ,contact@maverix.gr,6943690101,maverix.gr,,https://maverix.gr/,False,,False,,False,,184225506000
0,False,1401,179850003000,MAY DESIGN STUDIO Ε.Ε.,DESIGN COMES FIRST,802628720,ΕΕ,ΑΤΤΙΚΗΣ,hello@maydesign.gr,2106410081,,https://maydesign.gr/,https://maydesign.gr/,False,,False,,False,,
0,False,4262,137680901000,MAΞ ΙΝΤΕΡΝΑΣΙΟΝΑΛ ΚΟΡΠΟΡΕΪΣΟΝ ΔΙΑΦΗΜΙΣΤΙΚΗ ΚΑΙ ΕΜΠΟΡΙΚΗ ΑΝΩΝΥΜΗ ΕΤΑΙΡΙΑ,MAX INTERNATIONAL A.E.,800708354,ΑΕ,ΑΤΤΙΚΗΣ,accounting@maxmediagreece.com,2152150780,,https://maxmediagreece.com/,https://maxmediagreece.com/,False,,False,,False,,
0,False,1360,1547401000,MCCANN - ERICKSON ΔΙΑΦΗΜΙΣΤΙΚΗ ΜΟΝΟΠΡΟΣΩΠΗ ΑΝΩΝΥΜΗ ΕΜΠΟΡΙΚΗ ΕΤΑΙΡΕΙΑ,MCCANN - ERICKSON ATHENS,094414128,ΑΕ,ΑΤΤΙΚΗΣ,kostas.papanikos@mccann.gr,2108171100,www.mccann.gr,,https://www.mccann.gr/,False,,False,,False,,
0,False,2125,184739935000,MDNS Digital ΜΟΝΟΠΡΟΣΩΠΗ Ι.Κ.Ε.,,802891766,ΙΚΕ,ΚΙΛΚΙΣ,tompap4@gmail.com,2341020045,https://mdnsdigital.com/,,https://mdnsdigital.com/,False,,False,,False,,
0,False,3879,121934901000,MEDIA 4 ATHENS ΔΙΑΦΗΜΙΣΤΙΚΗ ΜΟΝΟΠΡΟΣΩΠΗ ΕΤΑΙΡΕΙΑ ΠΕΡΙΟΡΙΣΜΕΝΗΣ ΕΥΘΥΝΗΣ,MEDIA 4 ATHENS Μ.Ε.Π.Ε.,800427335,ΕΠΕ,ΑΤΤΙΚΗΣ,info@media4athens.gr,2106856770,,https://media4athens.gr/,https://media4athens.gr/,False,,False,,False,,
0,False,7336,186514941000,MEDIA HOUSE GROUP Ο.Ε.,,802972820,ΟΕ,ΛΑΣΙΘΙΟΥ,info@mediahouse.gr,6988637995,,https://www.mediahouse.gr/,https://www.mediahouse.gr/,False,,False,,False,,
0,False,4097,140860101000,MEDIACUBE ΑΝΩΝΥΜΗ ΕΤΑΙΡΕΙΑ,MEDIACUBE Α.Ε.,800785396,ΑΕ,ΑΤΤΙΚΗΣ,hello@mediacube.gr,2106007510,,https://mediacube.com/,https://mediacube.com/,False,,False,,False,,
0,False,5000,152294101000,MEDICAL & CONSULTING SERVICES ΙΔΙΩΤΙΚΗ ΚΕΦΑΛΑΙΟΥΧΙΚΗ ΕΤΑΙΡΕΙΑ,,801231822,ΙΚΕ,ΑΤΤΙΚΗΣ,info@taxdl.gr,2107214450,http://www.dermaceuticals.gr,,https://www.dermaceuticals.gr/,False,,False,,False,,
0,True,652,154978303000,MEDITERRA FOOD  Ι.Κ.Ε.,MEDITERRA FOOD,801353929,ΙΚΕ,ΑΤΤΙΚΗΣ,info@sj-finance.gr,2314012964,https://www.mediterra-food.gr/,,https://www.mediterra-food.gr/,False,,False,,False,,
0,False,3934,173050601000,MEDPLUS MEDIA ΜΟΝΟΠΡΟΣΩΠΗ ΙΔΙΩΤΙΚΗ ΚΕΦΑΛΑΙΟΥΧΙΚΗ ΕΤΑΙΡΕΙΑ,MEDPLUS MEDIA ΜΟΝΟΠΡΟΣΩΠΗ Ι.Κ.Ε.,802254083,ΙΚΕ,ΑΤΤΙΚΗΣ,j_tsigos@hotmail.com,2102855805,https://www.medplus.gr/,,https://medplus.gr/,False,,False,,False,,
0,False,3616,195480503000,MELYDI PROMOTION Ε.Ε.,MELIDY PROMOTION,803369820,ΕΕ,ΑΤΤΙΚΗΣ,krigaki@melydi.gr,6977006722,,https://www.melydi.gr/,https://www.melydi.gr/,False,,False,,False,,
0,False,5000,142676006000,MERCAN PROMOTION ΜΟΝΟΠΡΟΣΩΠΗ Ι.Κ.Ε.,MERCAN PROMOTION,800840605,ΙΚΕ,ΘΕΣΣΑΛΟΝΙΚΗΣ,info@sj-finance.gr,2314012964,http://www.mercanprint.com,,https://www.mercanprint.com/,False,,False,,False,,
0,False,3968,161683801000,METEORITES CREATIVE SPACE ΙΔΙΩΤΙΚΗ ΚΕΦΑΛΑΙΟΥΧΙΚΗ ΕΤΑΙΡΕΙΑ,,801696465,ΙΚΕ,ΑΤΤΙΚΗΣ,info@e-logistiki.gr,2106845523,https://meteoritesagency.com/,,https://meteoritesagency.com/,False,,False,,False,,
0,False,2447,6018501000,MILK ΣΥΜΒΟΥΛΟΙ ΕΠΙΚΟΙΝΩΝΙΑΣ ΕΤΑΙΡΙΑ ΠΕΡΙΩΡΙΣΜΕΝΗΣ ΕΥΘΥΝΗΣ,ΜILK ΕΠΕ,999278016,ΕΠΕ,ΑΘΗΝΩΝ,info@milk.com.gr,2106753740,www.milk.com.gr,,https://www.milk.com.gr/,False,,False,,False,,
0,False,1858,154842101000,MIMO LABS Ι.Κ.Ε.,MIMO LABS,801346999,ΙΚΕ,ΑΤΤΙΚΗΣ,schalaris@acco.gr,6940770529,https://www.mimolabs.eu/,,https://www.mimolabs.eu/,False,,False,,False,,
0,False,9306,143088206000,MINDS ΙΔΙΩΤΙΚΗ ΚΕΦΑΛΑΙΟΥΧΙΚΗ ΕΤΑΙΡΕΙΑ,MINDS ΙΚΕ,800854959,ΙΚΕ,ΘΕΣΣΑΛΟΝΙΚΗΣ,account@minds.gr,2310886622,https://minds.gr/companyinfo,,https://minds.gr/,False,,False,,False,,
0,False,9629,185810501000,MINDSPORTS Ι.Κ.Ε.,,802940925,ΙΚΕ,ΑΤΤΙΚΗΣ,n.tikopoulos@mindtrapadvertising.gr,2106840922,,https://mindtrapadvertising.gr/,https://mindtrapadvertising.gr/,False,,False,,False,,157632401000
0,False,9629,157632401000,MINDWISE ΜΟΝΟΠΡΟΣΩΠΗ Ι.Κ.Ε.,MINDWISE,801476550,ΙΚΕ,ΑΤΤΙΚΗΣ,logistirio@mindtrap.com.gr,2106840922,https://www.mindtrapadvertising.gr/,,https://www.mindtrapadvertising.gr/,False,,False,,False,,185810501000
0,False,10027,178524701000,MM GROUP MEDIA Α.Ε.,,802554960,ΑΕ,ΑΤΤΙΚΗΣ,accounting@mmgroupmedia.com,2106009062,,https://mmgroupmedia.com/,https://mmgroupmedia.com/,False,,False,,False,,
0,False,3233,43651006000,MMS ΔΙΑΦΗΜΙΣΤΙΚΗ ΑΝΩΝΥΜΗ ΕΤΑΙΡΙΑ,MMS A.E.,999124501,ΑΕ,ΘΕΣΣΑΛΟΝΙΚΗΣ,logistirio@mms-adv.gr,2310232333,www.mms-adv.gr,,https://mms-adv.gr/,False,,False,,False,,
0,False,3295,9117901000,MNP ΥΠΗΡΕΣΙΕΣ ΣΧΕΔΙΑΣΜΟΥ ΚΑΙ ΕΚΔΟΣΕΙΣ ΜΟΝΟΠΡΟΣΩΠΗ ΙΚΕ,MNP,998346437,ΙΚΕ,ΑΤΤΙΚΗΣ,avlonitis@tacteam.gr,2103252832,https://mnpdesign.gr/,,https://mnpdesign.gr/,False,,False,,False,,
0,False,5000,126103403000,MOTORMEDIA KAI ΣΙΑ ΕΕ,MOTORMEDIA,800503650,ΕΕ,ΑΤΤΙΚΗΣ,logistirio@newsauto.gr,6937684349,,https://www.newsauto.gr/,https://www.newsauto.gr/,False,,False,,False,,
0,False,1452,85963002000,MOUSEGRAPHICS ΙΔΙΩΤΙΚΗ ΚΕΦΑΛΑΙΟΥΧΙΚΗ ΕΤΑΙΡΕΙΑ,MOUSEGRAPHICS ΙΚΕ,999855230,ΙΚΕ,ΑΤΤΙΚΗΣ,mouse@mousegraphics.gr,2106095617,https://www.mousegraphics.eu/,,https://mousegraphics.eu/,False,,False,,False,,
0,True,636,192108306000,MOUSIARIS MEDIA AGENCY ΜΟΝΟΠΡΟΣΩΠΗ Ι.Κ.Ε.,MOUSIARIS MEDIA AGENCY,803206114,ΙΚΕ,ΘΕΣΣΑΛΟΝΙΚΗΣ,mousiaris07@gmail.com,6984122001,https://mousarismediaagency.simplewebonline.com/,,https://mousarismediaagency.simplewebonline.com/,False,,False,,False,,
0,False,5757,163967406000,MOZES CREATIVE Ο.Ε.,,801820561,ΟΕ,ΘΕΣΣΑΛΟΝΙΚΗΣ,anna@mozes.gr,2310307236,,https://www.mozes.gr/,https://www.mozes.gr/,False,,False,,False,,
0,False,837,137276701000,MS SOCIAL ΔΙΑΦΗΜΙΣΤΙΚΕΣ ΚΑΙ ΕΜΠΟΡΙΚΕΣ ΥΠΗΡΕΣΙΕΣ ΜΟΝΟΠΡΟΣΩΠΗ ΙΔΙΩΤΙΚΗ ΚΕΦΑΛΑΙΟΥΧΙΚΗ ΕΤΑΙΡΕΙΑ,M.S. SOCIAL,800701457,ΙΚΕ,ΑΤΤΙΚΗΣ,info@dgtl.guru,6944909247,https://www.dgtl.guru/,,https://www.dgtl.guru/,False,,False,,False,,
0,False,4971,185017403000,MUHAMMAD KHUSHI ΜΟΝΟΠΡΟΣΩΠΗ Ι.Κ.Ε.,,802905290,ΙΚΕ,ΑΤΤΙΚΗΣ,mohammad1234@yopmail.com,6946725164,,https://yopmail.com/,https://yopmail.com/,False,,False,,False,,
0,False,4775,176524701000,MYSIGN ΜΟΝΟΠΡΟΣΩΠΗ Ι.Κ.Ε.,MYSIGN,802447305,ΙΚΕ,ΑΤΤΙΚΗΣ,h.tsagaratos@whizz.gr,6973667166,,https://www.whizz.gr/,https://www.whizz.gr/,False,,False,,False,,142182901000
0,False,1032,5338201000,McVICTOR & HAMILTON - ΔΙΑΦΗΜΙΣΤΙΚΗ ΑΝΩΝΥΜΗ ΕΤΑΙΡΕΙΑ,McVICTOR & HAMILTON Α.Ε.,999509660,ΑΕ,ΑΤΤΙΚΗΣ,spantopoulou@mcvictor.gr,2106898492,www.mcvictor.gr,,https://www.mcvictorhamilton.com/,False,,False,,False,,
0,False,5855,4771001000,N.V.G PROVIDERS ΠΡΟΩΘΗΤΙΚΗ ΜΟΝΟΠΡΟΣΩΠΗ ΕΤΑΙΡΕΙΑ ΠΕΡΙΟΡΙΣΜΕΝΗΣ ΕΥΘΥΝΗΣ,NVG PROVIDERS Μ.Ε.Π.Ε.,999954084,ΕΠΕ,ΑΤΤΙΚΗΣ,vickyve@nvg.gr,2106833313,,https://www.nvg.gr/,https://www.nvg.gr/,False,,False,,False,,
0,False,9318,124505301000,NAG ΑΝΩΝΥΜΗ ΕΤΑΙΡΕΙΑ,NAG AE,800475695,ΑΕ,ΑΤΤΙΚΗΣ,boustras@nagmedia.gr,2103802064,,https://nagmedia.gr/,https://nagmedia.gr/,False,,False,,False,,
0,False,7557,145198701000,NEAT & PROPER DIGITAL AGENCY IKE,NEAT & PROPER DIGITAL AGENCY,800931110,ΙΚΕ,ΑΤΤΙΚΗΣ,athgkekas@gmail.com,2102230472,https://neatnproper.com,,https://neatnproper.com/,False,,False,,False,,
0,False,851,7169901000,NEW STEP ΔΙΑΦΗΜΙΣΤΙΚΕΣ ΕΡΓΑΣΙΕΣ ΜΟΝΟΠΡΟΣΩΠΗ ΕΤΑΙΡΕΙΑ ΠΕΡΙΩΡΙΣΜΕΝΗΣ ΕΥΘΥΝΗΣ,NEW STEP Μ.Ε.Π.Ε,998701507,ΕΠΕ,ΑΤΤΙΚΗΣ,info@newstep.gr,2109738300,,https://newstep.gr/,https://newstep.gr/,False,,False,,False,,
0,True,367,123755306000,NEW THINK PROMOTION IKE,NEW THINK PROMOTION IKE,800460368,ΙΚΕ,ΘΕΣΣΑΛΟΝΙΚΗΣ,katsavos@newthink.gr,2310802340,,https://newthink.gr/,https://newthink.gr/,False,,False,,False,,
0,True,213,163298203000,NEWORDER CREATIVE Ε.Ε.,NEWORDER,801786274,ΕΕ,ΑΤΤΙΚΗΣ,v.lakatzis@neworder.gr,2103008743,,https://neworder.gr/,https://neworder.gr/,False,,False,,False,,
0,False,10027,30321529000,NEXT.COM ΥΨΗΛΗΣ ΤΕΧΝΟΛΟΓΙΑΣ-ΗΛΕΚΤΡΟΝΙΚΟΥ ΕΜΠΟΡΙΟΥ-ΣΥΜΒΟΥΛΕΥΤΙΚΩΝ ΥΠΗΡΕΣΙΩΝ ΚΑΙ ΣΥΜΜΕΤΟΧΩΝ Α.Ε,NEXT  COM   A.E,099532830,ΑΕ,ΙΩΑΝΝΙΝΩΝ,nthomos@nextcom.gr,2651083338,http://www.nextcom.gr,,https://nextcomsa.com/,False,,False,,False,,
0,True,387,121996503000,NIKO ADVERTISING ΑΝΩΝΥΜΗ ΔΙΑΦΗΜΙΣΤΙΚΗ ΕΤΑΙΡΕΙΑ,NIKO ADVERTISING ΑΕ,094428391,ΑΕ,ΑΤΤΙΚΗΣ,jimarko2003@yahoo.gr,2107259083,www.nikoadvertising.gr,,https://www.nikoadvertising.gr/,False,,False,,False,,
0,False,7078,177937204000,NOVITY ΜΟΝΟΠΡΟΣΩΠΗ ΙΔΙΩΤΙΚΗ ΚΕΦΑΛΑΙΟΥΧΙΚΗ ΕΤΑΙΡΕΙΑ,NOVITY,802521233,ΙΚΕ,ΘΕΣΣΑΛΟΝΙΚΗΣ,iliaskroupas@outlook.com,6980858870,https://novity.gr,,https://novity.gr/,False,,False,,False,,
0,False,7667,173892903000,NUOVA ERA SAL Ο.Ε.,NUOVA ERA SAL,802299132,ΟΕ,ΑΤΤΙΚΗΣ,s.kostopoulos@m-solutions.gr,2109627526,,https://www.m-solutions.gr/,https://www.m-solutions.gr/,False,,False,,False,,
0,False,3185,138797201000,Nutmeg Μονοπρόσωπη Ιδιωτική Κεφαλαιουχική Εταιρία,VALUE.COM,800732409,ΙΚΕ,ΑΤΤΙΚΗΣ,manolis_katsapis@valuecom.gr,2103252103,,https://valuecom.gr/,https://valuecom.gr/,False,,False,,False,,3344701000
0,False,3322,159266801000,ODDSSAFARI Ι.Κ.Ε.,,801567380,ΙΚΕ,ΑΤΤΙΚΗΣ,ch.toka@foutsislaw.gr,6977670738,http://www.oddssafari.gr/,,https://www.oddssafari.gr,False,,False,,False,,
0,False,10027,181847407000,OLLYS DESIGN Ε.Ε.,,802737751,ΕΕ,ΑΤΤΙΚΗΣ,helenpap@focalpm.com,6936293374,,https://www.focalpm.com/,https://www.focalpm.com/,False,,False,,False,,
0,True,534,158318906000,OMIKRON44 Ο.Ε.,OMIKRON44,801515124,ΟΕ,ΘΕΣΣΑΛΟΝΙΚΗΣ,giorgos@o44.gr,2312204403,,https://www.omikron44.com/,https://www.omikron44.com/,False,,False,,False,,
0,True,767,191056406000,ONE DROP ΜΟΝΟΠΡΟΣΩΠΗ Ι.Κ.Ε.,ONE DROP,803162426,ΙΚΕ,ΘΕΣΣΑΛΟΝΙΚΗΣ,creative@onedrop.gr,6947815135,http://www.onedrop.gr/.,,http://www.onedrop.gr/index.php,False,,False,,False,,
0,False,5000,169829258000,ONMASTERS MEDIA ΜΟΝΟΠΡΟΣΩΠΗ ΙΔΙΩΤΙΚΗ ΚΕΦΑΛΑΙΟΥΧΙΚΗ ΕΤΑΙΡΕΙΑ,ONMASTERS MEDIA ΜΟΝΟΠΡΟΣΩΠΗ Ι.Κ.Ε.,802094532,ΙΚΕ,ΧΑΝΙΩΝ,george@masterfold.com,6956548911,,https://masterfold.com/,https://masterfold.com/,False,,False,,False,,
0,True,511,172198938000,ORAMA HELLAS ΜΟΝΟΠΡΟΣΩΠΗ Ι.Κ.Ε.,ORAMA HELLAS,802211140,ΙΚΕ,ΚΥΚΛΑΔΩΝ,d2vassiliou@gmail.com,6940066777,https://orama.fid.gr/,,https://orama.fid.gr/,False,,False,,False,,
0,False,6762,169508401000,OVER AND ABOVE ΜΙΧΑΗΛ ΕΛΕΥΘΕΡΙΑΔΗΣ ΚΑΙ ΣΙΑ Ε.Ε.,OVER AND ABOVE,802078901,ΕΕ,ΑΤΤΙΚΗΣ,meleftheriadis@overandabove.gr,6942645494,,https://overandabove.gr/,https://overandabove.gr/,False,,False,,False,,
0,False,4207,140217406000,OXYGEN2ADV ΜΟΝΟΠΡΟΣΩΠΗ ΙΚΕ,OXYGEN2ADV,800767460,ΙΚΕ,ΘΕΣΣΑΛΟΝΙΚΗΣ,maria@oxygen2adv.gr,2310938428,http://www.oxygen2adv.gr,,https://oxygen2adv.gr/,False,,False,,False,,
0,False,5163,139486001000,OYSTER HELLAS ΙΔΙΩΤΙΚΗ ΚΕΦΑΛΑΙΟΥΧΙΚΗ ΕΤΑΙΡΕΙΑ,OYSTER HELLAS ,800748886,ΙΚΕ,ΑΤΤΙΚΗΣ,info@moschop.gr,2106205821,http://www.oysterhellas.gr,,http://www.oysterhellas.gr/,False,,False,,False,,
0,False,2383,143659601000,OneCo Hellas Μονοπρόσωπη Ι.K.E.,OneCo Hellas,800875224,ΙΚΕ,ΑΤΤΙΚΗΣ,info@oneco.gr,6976368984,,https://oneco.gr/,https://oneco.gr/,False,,False,,False,,
0,True,453,159924909000,P-SYRIGOS ΜΟΝΟΠΡΟΣΩΠΗ Ι.Κ.Ε.,P-SYRIGOS,801601966,ΙΚΕ,ΑΤΤΙΚΗΣ,syrigos.petros@yahoo.com,6944906333,https://isol.petros-syrigos.com/,,https://isol.petros-syrigos.com/,False,,False,,False,,
0,False,842,167933109000,PADU CREATIVE STUDIO Ε.Ε.,PADU CREATIVE STUDIO,802001172,ΕΕ,ΑΤΤΙΚΗΣ,panos@padu.studio,2104182564,,https://padu.studio/,https://padu.studio/,False,,False,,False,,
0,True,401,152389806000,PANOS DENT Ι.Κ.Ε.,,801236682,ΙΚΕ,ΘΕΣΣΑΛΟΝΙΚΗΣ,a.malaxtaris@outlook.com,2316018188,https://panosdent.lemonopoulos.com/about.html,,https://panosdent.lemonopoulos.com/,False,,False,,False,,
0,False,7930,183039101000,PAPERCLIP DIGITAL MEDIA ΜΟΝΟΠΡΟΣΩΠΗ Ι.Κ.Ε.,PAPERCLIP DIGITAL MEDIA,802801581,ΙΚΕ,ΑΤΤΙΚΗΣ,jm@paperclipdigitalmedia.com,6940851394,,https://www.paperclipmedia.ca/,https://www.paperclipmedia.ca/,False,,False,,False,,
0,False,10027,4991501000,PAPERSOFT Γ. ΣΤΕΦΑΝΙΔΗΣ & ΣΙΑ Ε.Ε.,PAPERSOFT,999807810,ΕΕ,ΑΤΤΙΚΗΣ,tania@ecopaper.gr,2109424085,,https://ecopaper.gr/Default,https://ecopaper.gr/Default,False,,False,,False,,
0,False,5000,146536101000,PBBL CREATIVE SERVICES ΜΟΝΟΠΡΟΣΩΠΗ ΙΚΕ,,800994526,ΙΚΕ,ΑΤΤΙΚΗΣ,k.koskina@pebblecs.gr,2102138019,http://www.pebblecs.gr,,https://pebblecs.gr/,False,,False,,False,,
0,False,1075,147018504000,PEPPERMINT ΙΔΙΩΤΙΚΗ ΚΕΦΑΛΑΙΟΥΧΙΚΗ ΕΤΑΙΡΙΑ,PEPPERMINT Ad,801016243,ΙΚΕ,ΘΕΣΣΑΛΟΝΙΚΗΣ,gefsim@peppermintad.gr,2310319533,http://peppermintad.gr/,,https://peppermintad.gr/,False,,False,,False,,
0,False,10027,129480808000,PHOCUS ΔΙΑΦΗΜΙΣΤΙΚΕΣ-ΕΜΠΟΡΙΚΕΣ ΥΠΗΡΕΣΙΕΣ ΜΟΝΟΠΡΟΣΩΠΗ ΙΔΙΩΤΙΚΗ ΚΕΦΑΛΑΙΟΥΧΙΚΗ ΕΤΑΙΡΕΙΑ,PHOCUS ΜΟΝΟΠΡΟΣΩΠΗ Ι.Κ.Ε.,800562521,ΙΚΕ,ΑΤΤΙΚΗΣ,panmoulos@gmail.com,2104220294,www.phocus.gr,,https://phocus.gr/,False,,False,,False,,
0,False,10027,8347501000,PIGOGO OE,PIGOGO,998471734,ΟΕ,ΑΤΤΙΚΗΣ,g.symeonidis@linkwi.se,6973828931,,https://linkwi.se/,https://linkwi.se/,False,,False,,False,,127851601000
0,False,3699,9430901000,PINICOM MEDIA ΔΙΑΦΗΜΙΣΤΙΚΗ ΜΟΝΟΠΡΟΣΩΠΗ ΕΤΑΙΡΕΙΑ ΠΕΡΙΟΡΙΣΜΕΝΗΣ ΕΥΘΥΝΗΣ,PINICOM MEDIA,997720917,ΕΠΕ,ΑΤΤΙΚΗΣ,PANOSKo@UMEDIA.GR,6946680344,,https://www.umedia.gr/,https://www.umedia.gr/,False,,False,,False,,131734201000
0,False,5000,69869803000,PLASIS Ι.Κ.Ε.,PLASIS,999318368,ΙΚΕ,ΑΘΗΝΩΝ,kmar@plasis.gr,2106801557,CULTURENOW.GR,,https://www.culturenow.gr/,False,,False,,False,,
0,False,10027,129741001000,PLUS EUROPE ΜΟΝΟΠΡΟΣΩΠΗ ΙΚΕ,PLUS EUROPE ΜΟΝΟΠΡΟΣΩΠΗ ΙΚΕ,800567960,ΙΚΕ,ΑΤΤΙΚΗΣ,mkaliorakis@pluscom.eu,2102286688,,https://pluscom.eu/,https://pluscom.eu/,False,,False,,False,,6335701000
0,False,2561,141539840000,PMS MARKETING SOLUTIONS ΜΟΝΟΠΡΟΣΩΠΗ Ι.Κ.Ε.,,800807565,ΙΚΕ,ΛΑΡΙΣΑΣ,info@pmsystems.gr,2410411250,,http://pmsystems.gr/,http://pmsystems.gr/,False,,False,,False,,
0,False,5000,125593301000,POLITIS GROUP ΜΟΝΟΠΡΟΣΩΠΗ ΙΔΙΩΤΙΚΗ ΚΕΦΑΛΑΙΟΥΧΙΚΗ ΕΤΑΙΡΕΙΑ,POLITIS GROUP Μ.Ι.Κ.Ε,800494869,ΙΚΕ,ΑΤΤΙΚΗΣ,pperivolaris@politisgroup.com,2102648300,https://politisoutofhome.com/el/,,https://politisoutofhome.com/,False,,False,,False,,
0,False,1450,8506201000,POLLEN ΔΙΑΦΗΜΙΣΕΙΣ ΑΝΩΝΥΜΗ ΕΤΑΙΡΕΙΑ (ΠΟΛΛΕΝ ΔΙΑΦΗΜΙΣΕΙΣ ΑΝΩΝΥΜΗ ΕΤΑΙΡΕΙΑ),POLLEN Α.Ε,998104633,ΑΕ,ΑΤΤΙΚΗΣ,pollen@pollenadvertising.gr,2106100255,www.pollenadvertising.gr,,https://pollenadvertising.gr/,False,,False,,False,,
0,False,958,168075103000,POMEGRANATE ADVERTISING ΜΟΝΟΠΡΟΣΩΠΗ Ι.Κ.Ε.,,802009772,ΙΚΕ,ΑΤΤΙΚΗΣ,akrezia@tfg.gr,2106786414,,https://tfg.gr/,https://tfg.gr/,False,,False,,False,,
0,False,946,146778207000,POSE ADVERTISING ΙΔΙΩΤΙΚΗ ΚΕΦΑΛΑΙΟΥΧΙΚΗ ΕΤΑΙΡΕΙΑ,POSE ADVERTISING,801005044,ΙΚΕ,ΑΤΤΙΚΗΣ,polseit@windowslive.com,2109966322,https://pose-adv-ike.netlify.app/ ,,https://pose-adv-ike.netlify.app/,False,,False,,False,,
0,False,3949,151552422000,POSTWORK ΙΔΙΩΤΙΚΗ ΚΕΦΑΛΑΙΟΥΧΙΚΗ ΕΤΑΙΡΕΙΑ,POSTWORK IKE,801198034,ΙΚΕ,ΑΤΤΙΚΗΣ,v.pap@postwork.gr,2113332368,www.postwork.gr,,https://postwork.gr/,False,,False,,False,,
0,False,3315,149733303000,PRIDEWORKS ΙΚΕ,PRIDEWORKS,801127533,ΙΚΕ,ΑΤΤΙΚΗΣ,savvas.stafylidis@prideworks.gr,2103460304,http://www.prideworks.gr,,https://www.prideworks.gr,False,,False,,False,,
0,False,1150,9337401000,PRINTOUT ΕΤΑΙΡΕΙΑ ΠΕΡΙΟΡΙΣΜΕΝΗΣ ΕΥΘΥΝΗΣ,PRINTOUT LTD,998244943,ΕΠΕ,ΑΘΗΝΩΝ,info@printout.gr,2102837866,www.printout.gr,,https://printout.gr/,False,,False,,False,,
0,False,9736,174831101000,PRIVILEGED ΜΟΝΟΠΡΟΣΩΠΗ ΙΔΙΩΤΙΚΗ ΚΕΦΑΛΑΙΟΥΧΙΚΗ ΕΤΑΙΡΕΙΑ,PRIVILEGED ΜΟΝΟΠΡΟΣΩΠΗ ΙΔΙΩΤΙΚΗ ΚΕΦΑΛΑΙΟΥΧΙΚΗ ΕΤΑΙΡΕΙΑ,802351805,ΙΚΕ,ΑΤΤΙΚΗΣ,iliaskavvathas@gmail.com,6973022188,https://privileged.agency/,,https://privileged.agency/,False,,False,,False,,
0,False,5000,118272647000,PRODEXX Ε.Ε,,800359672,ΕΕ,ΠΕΛΛΗΣ,info@prodexx.com,2382063830,,https://prodexx.com/,https://prodexx.com/,False,,False,,False,,
0,False,10027,890301000,PRODUCTA DIRECT ΠΡΟΩΘΗΤΙΚΩΝ ΔΡΑΣΤΗΡΙΟΤΗΤΩΝ ΕΤΑΙΡΕΙΑ ΠΕΡΙΩΡΙΣΜΕΝΗΣ ΕΥΘΥΝΗΣ,PRODUCTA DIRECT ΕΠΕ,095591665,ΕΠΕ,ΑΤΤΙΚΗΣ,fsidera@producta-d.gr,2106893330,,https://producta-d.gr/,https://producta-d.gr/,False,,False,,False,,
0,False,5000,186471537000,PROMO NEWS ΜΟΝΟΠΡΟΣΩΠΗ Ι.Κ.Ε.,PROMO NEWS,802970573,ΙΚΕ,ΚΟΡΙΝΘΙΑΣ,info@bonatsou.com,6985848001,https://isthmosnews.gr,,https://isthmosnews.gr/,False,,False,,False,,
0,False,4753,154707203000,PROMOACTION ΜΟΝΟΠΡΟΣΩΠΗ ΙΔΙΩΤΙΚΗ ΚΕΦΑΛΑΙΟΥΧΙΚΗ ΕΤΑΙΡΕΙΑ,PROMOACTION ΜΟΝΟΠΡΟΣΩΠΗ ΙΚΕ,801339290,ΙΚΕ,ΑΤΤΙΚΗΣ,logistirio@promoaction.gr,2310500539,,https://www.promoaction.gr/,https://www.promoaction.gr/,False,,False,,False,,
0,False,3690,9361601000,PROPERTY MARKETING SERVICES ΔΙΑΦΗΜΙΣΤΙΚΗ ΙΚΕ,P.M.S ADVERTISING,997942876,ΙΚΕ,ΑΤΤΙΚΗΣ,account@pmsmedia.gr,2103212037,http://pmsmedia.gr/,,https://pmsmedia.gr/,False,,False,,False,,
0,False,2539,183905603000,PlayerBook Ο.Ε.,PlayerBook,802848832,ΟΕ,ΑΤΤΙΚΗΣ,tsatsoulis.lef@gmail.com,2109964350,https://playerbook.gr,,https://playerbook.gr/,False,,False,,False,,
0,False,2838,174907101000,Propertising Marketing Ε.Ε.,Propertising,802355853,ΕΕ,ΑΤΤΙΚΗΣ,office@propertising.com,2102205944,http://www.propertising.com,,https://propertising.com/,False,,False,,False,,
0,False,1229,8742901000,RASCAL (ΡΑΣΚΑΛ) ΑΝΩΝΥΜΗ ΕΤΑΙΡΕΙΑ ΨΗΦΙΑΚΗΣ ΕΠΙΚΟΙΝΩΝΙΑΣ,RASCAL A.E.,997983188,ΑΕ,ΑΤΤΙΚΗΣ,dimitra.d@rascal.gr,2106285400,,https://rascal.gr/,https://rascal.gr/,False,,False,,False,,
0,True,606,153197403000,REAL ANCIENT ΜΟΝΟΠΡΟΣΩΠΗ ΙΔΙΩΤΙΚΗ ΚΕΦΑΛΑΙΟΥΧΙΚΗ ΕΤΑΙΡΕΙΑ,REAL ANCIENT ,801271659,ΙΚΕ,ΑΤΤΙΚΗΣ,info@tax-world.gr,2106801793,http://ancientmemes.gr/,,https://ancientmemes.gr/,False,,False,,False,,
0,False,4843,6009801000,REDIRECT Ο.Ε.,REDIRECT,999266933,ΟΕ,ΑΘΗΝΩΝ,s.kakolyri@redirect.gr,2106132100,,https://www.redirect.gr/,https://www.redirect.gr/,False,,False,,False,,
0,True,354,153231301000,ROCK CHERRY ADVERTISING A.E.,ROCK CHERRY S.A.,801273106,ΑΕ,ΑΤΤΙΚΗΣ,ltseti@rockcherry.gr,2108017100,,https://www.rockcherry.gr/,https://www.rockcherry.gr/,False,,False,,False,,
0,False,2056,142311701000,ROLEPLAY PRIVATE COMPANY,ROLEPLAY,800828200,ΙΚΕ,ΑΤΤΙΚΗΣ,info@roleplay.gr,2103256958,www.roleplay.gr,,https://roleplay.gr/,False,,False,,False,,
0,True,690,187968337000,ROSIU ELENA ΜΟΝΟΠΡΟΣΩΠΗ Ι.Κ.Ε.,AIDIL ΜΟΝΟΠΡΟΣΩΠΗ Ι.Κ.Ε.,803038267,ΙΚΕ,ΚΟΡΙΝΘΙΑΣ,rosiulidia@gmail.com,6984808082,https://www.aidil.gr,,https://www.aidil.gr/,False,,False,,False,,
0,False,1767,5594101000,RUBY RED - ΧΕΡΟΥΒΕΙΜ Ο.Ε.,RUBY RED,999494548,ΟΕ,ΑΤΤΙΚΗΣ,info@rubyred.gr,2102589423,,https://www.rubyred.gr/,https://www.rubyred.gr/,False,,False,,False,,
0,False,5000,141471401000,SAINT OF ATHENS ΙΔΙΩΤΙΚΗ ΚΕΦΑΛΑΙΟΥΧΙΚΗ ΕΤΑΙΡΙΑ,SAINT OF ATHENS,800805234,ΙΚΕ,ΑΤΤΙΚΗΣ,info@e-logistiki.gr,2106845523,https://sites.google.com/site/saintathina/home,,https://accounts.google.com/v3/signin/identifier?continue=https://sites.google.com/&followup=https://sites.google.com/&osid=1&passive=1209600&service=wise&flowName=GlifWebSignIn&flowEntry=ServiceLogin&dsh=S-31920838:1787078731633089,False,,False,,False,,2106801000 147052001000 186360706000
0,False,5000,139304504000,SALES SOLUTIONS ΙΔΩΤΙΚΗ ΚΕΦΑΛΑΙΟΥΧΙΚΗ ΕΤΑΙΡΙΑ ΠΑΡΟΧΗΣ ΔΙΑΦΗΜΙΣΤΙΚΩΝ ΥΠΗΡΕΣΙΩΝ,"SALES SOLUTIONS I.K.E.,SUCCESS LINE",800744341,ΙΚΕ,ΘΕΣΣΑΛΟΝΙΚΗΣ,gtertsis@success-line.gr,2310427852,,https://success-line.gr/,https://success-line.gr/,False,,False,,False,,
0,False,3612,159599109000,SCALE UP ΜΟΝΟΠΡΟΣΩΠΗ Ι.Κ.Ε.,SCALE UP,801584781,ΙΚΕ,ΑΤΤΙΚΗΣ,cp@accountinganalytics.gr,6976883600,https://www.scaleup.gr,,https://scaleup.gr/,False,,False,,False,,
0,False,8048,931101000,SCOPE - ΕΜΠΟΡΙΚΗ-ΕΙΣΑΓΩΓΙΚΗ- ΕΞΑΓΩΓΙΚΗ ΠΑΡΟΧΗΣ ΥΠΗΡΕΣΙΩΝ IΔΙΩΤΙΚΗ ΚΕΦΑΛΑΙΟΥΧΙΚΗ ΕΤΑΙΡΕΙΑ,SCOPE Ι.Κ.Ε.,095535667,ΙΚΕ,ΑΤΤΙΚΗΣ,george@gtt.gr,2108650050,http://scope.gr/,,https://scope.gr/,False,,False,,False,,
0,False,7120,156488801000,SENS CREATION Α.Ε.,SENS CREATION,801423113,ΑΕ,ΑΤΤΙΚΗΣ,kpalierakis@screation.gr,2108848310,,https://www.screation.gr/,https://www.screation.gr/,False,,False,,False,,179622901000
0,False,1040,153898503000,SETAPRINT Ο.Ε.,SETAPRINT,801301681,ΟΕ,ΑΤΤΙΚΗΣ,hello@setazakian.com,2109580413,,https://setazakian.com/,https://setazakian.com/,False,,False,,False,,
0,False,1179,9334501000,SHEEPFISH ΑΝΩΝΥΜΗ ΕΤΑΙΡΕΙΑ - ΔΙΑΦΗΜΙΣΗΣ ΚΑΙ ΠΡΟΩΘΗΣΗΣ ΠΡΟΪΟΝΤΩΝ ΚΑΙ ΥΠΗΡΕΣΙΩΝ,SHEEPFISH Α.Ε.,997720272,ΑΕ,ΑΘΗΝΩΝ,info@sheepfish.gr,2118002225,www.sheepfish.gr,,https://sheepfish.gr/,False,,False,,False,,
0,False,2943,130062203000,SINC DESIGN EE,SINC,800573953,ΕΕ,ΑΤΤΙΚΗΣ,eg@sinc.gr,2130419007,,https://www.sinc.gr/,https://www.sinc.gr/,False,,False,,False,,
0,False,10027,9422801000,SLEED ΑΝΩΝΥΜΗ ΕΤΑΙΡΕΙΑ,SLEED Α.Ε.,997948659,ΑΕ,ΑΤΤΙΚΗΣ,kkatsibas@sleed.gr,2105770411,,https://www.sleed.com,https://www.sleed.com/,False,,False,,False,,
0,True,701,157180827000,SMART SERVICES ΜΟΝΟΠΡΟΣΩΠΗ ΙΔΙΩΤΙΚΗ ΚΕΦΑΛΑΙΟΥΧΙΚΗ ΕΤΑΙΡΕΙΑ,SMART SERVICES,801453387,ΙΚΕ,ΗΡΑΚΛΕΙΟΥ,nk_interpreting@yahoo.gr,6985672492,https://smartservicesike.gr/,,https://smartservicesike.gr/,False,,False,,False,,
0,False,815,135013703000,SOCIAL MEDIA TEAM PC,SOCIAL MT PC,800669324,ΙΚΕ,ΑΤΤΙΚΗΣ,,6972824555,www.socialmediateam.gr,,https://www.socialmediateam.gr/,False,,False,,False,,
0,False,4540,184003640000,SOEHT ART ΜΟΝΟΠΡΟΣΩΠΗ Ι.Κ.Ε.,SOEHT ART ΜΟΝΟΠΡΟΣΩΠΗ Ι.Κ.Ε.,802854170,ΙΚΕ,ΛΑΡΙΣΑΣ,soehtartadvertise24@yahoo.gr,2410539437,https://isologismos.work/soeht-art/,,https://isologismos.work/,False,,False,,False,,
0,True,525,148724801000,SOLOBUILD ΙΚΕ,SOLOBUILD P.C.,801085353,ΙΚΕ,ΑΤΤΙΚΗΣ,info@solobuild.com,2106890201,www.solobuild.com,,https://solobuild.com/,False,,False,,False,,
0,False,10027,178632801000,SOUTHSTAR - MCALLEN WARDEN CONSULTANTS ΚΟΙΝΟΠΡΑΞΙΑ,SOUTHSTAR - MCALLEN WARDEN CONSULTANTS,802561384,Κοινοπραξία,ΑΤΤΙΚΗΣ,accounting@southstar.gr,2106424100,,https://www.southstar.gr/,https://www.southstar.gr/,False,,False,,False,,
0,True,336,159007401000,SPECTER DESIGN GROUP Ι.Κ.Ε.,SPECTER DESIGN GROUP,801552771,ΙΚΕ,ΑΤΤΙΚΗΣ,sm@specter.gr,6978829484,,https://specter.gr/,https://specter.gr/,False,,False,,False,,173129003000
0,False,3956,6274001000,SPICY ΕΤΑΙΡΕΙΑ ΔΙΑΦΗΜΙΣΕΩΝ ΚΑΙ ΕΠΙΚΟΙΝΩΝΙΑΣ ΑΝΩΝΥΜΗ ΕΤΑΙΡΕΙΑ,SPICY COMMUNICATION A.E.,999230371,ΑΕ,ΑΤΤΙΚΗΣ,ARIS@SPICY.GR,2104120716,,http://www.spicy.gr/,http://www.spicy.gr/,False,,False,,False,,
0,False,897,8361501000,SPOONDESIGN ΕΠΙΚΟΙΝΩΝΙΑ ΚΑΙ ΔΙΑΦΗΜΙΣΗ ΜΟΝΟΠΡΟΣΩΠΗ ΕΤΑΙΡΕΙΑ ΠΕΡΙΟΡΙΣΜΕΝΗΣ ΕΥΘΥΝΗΣ,SPOONDESIGN,998325522,ΕΠΕ,ΑΤΤΙΚΗΣ,spyros@spoondesign.gr,2108035670,,https://www.spoondesign.gr/,https://www.spoondesign.gr/,False,,False,,False,,
0,False,5000,3504201000,SPORTNEWS ΥΠΗΡΕΣΙΕΣ ΔΙΑΔΙΚΤΥΟΥ ΑΝΩΝΥΜΗ ΕΤΑΙΡΕΙΑ,SPORTNEWS INTERNET SERVICE SA,099553793,ΑΕ,ΑΤΤΙΚΗΣ,kpetropoulou@media-time.gr,2107000707,http://www.flash.gr,,https://www.flash.gr/,False,,False,,False,,
0,False,7348,149623006000,SPORTS TEAM ΙΚΕ,MY TEAM,801122814,ΙΚΕ,ΘΕΣΣΑΛΟΝΙΚΗΣ,skoda.s.a@gmail.com,2310301533,https://myteam.gr/,,https://myteam.gr/,False,,False,,False,,
0,False,5000,1937701000,SPORTVISION Μάρκετινγκ Συμβουλευτικές Υπηρεσίες Στρατηγική Εφαρμογές Ανώνυμη Εταιρεία,SPORTVISION SA,094473085,ΑΕ,ΑΘΗΝΩΝ,info@sportvision.gr,2106140012,WWW.SPORTVISION.GR,,https://www.sportvision.gr/,False,,False,,False,,
0,False,1990,123121001000,STARTCOM ΕΤΑΙΡΕΙΑ ΕΠΙΚΟΙΝΩΝΙΑΣ ΚΑΙ ΔΙΑΦΗΜΙΣΗΣ ΠΕΡΙΟΡΙΣΜΕΝΗΣ ΕΥΘΥΝΗΣ,STARTCOM Ε.Π.Ε.,800448644,ΕΠΕ,ΑΤΤΙΚΗΣ,iraklis@citronio.gr,6977691362,,https://www.citronio.gr/,https://www.citronio.gr/,False,,False,,False,,
0,False,10027,7663301000,STAY IN ATHENS - Ζ.Δ.ΣΙΑΤΡΗΣ ΚΑΙ ΣΙΑ ΕΤΕΡΟΡΡΥΘΜΗ ΕΤΑΙΡΕΙΑ,STAY IN ATHENS,998811390,ΕΕ,ΑΘΗΝΩΝ,info@stayinathens.com,2108820898,,https://stayinathens.com/,https://stayinathens.com/,False,,False,,False,,
0,True,469,8460201000,STREET ΔΙΑΦΗΜΙΣΤΙΚΕΣ ΥΠΗΡΕΣΙΕΣ ΜΟΝΟΠΡΟΣΩΠΗ ΕΤΑΙΡΕΙΑ ΠΕΡΙΩΡΙΣΜΕΝΗΣ ΕΥΘΥΝΗΣ,STREET ADVERTISEMENT Μ.Ε.Π.Ε.,998152471,ΕΠΕ,ΑΤΤΙΚΗΣ,de@streetad.gr,2106560560,www.streetad.gr,,https://www.streetad.gr/,False,,False,,False,,
0,False,1636,167691901000,STRONGER GROUP ΜΟΝΟΠΡΟΣΩΠΗ Ι.Κ.Ε.,STRONGER GROUP,801989747,ΙΚΕ,ΑΤΤΙΚΗΣ,info@stronger.gr,6909864600,,https://stronger.gr/,https://stronger.gr/,False,,False,,False,,188648203000
0,False,5372,150273201000,SUPERFY ΙΔΙΩΤΙΚΗ ΚΕΦΑΛΑΙΟΥΧΙΚΗ ΕΤΑΙΡΕΙΑ,SUPERFY,801151190,ΙΚΕ,ΑΤΤΙΚΗΣ,,,http://superfy.gr/,,https://superfy.gr/,False,,False,,False,,
0,False,5000,171394903000,SURFMEDIA Ι.Κ.Ε.,SURFMEDIA,802170926,ΙΚΕ,ΑΤΤΙΚΗΣ,gurul@surfbet.net,6977740473,,https://www.surfbet.net/,https://www.surfbet.net/,False,,False,,False,,
0,False,1265,140926403000,SUSAMI CREATIVE ΜΟΝΟΠΡΟΣΩΠΗ ΙΔΙΩΤΙΚΗ ΚΕΦΑΛΑΙΟΥΧΙΚΗ ΕΤΑΙΡΕΙΑ,SUSAMI CREATIVE,800787586,ΙΚΕ,ΑΤΤΙΚΗΣ,sid@susamicreative.com,6942241444,,https://susamicreative.com/,https://susamicreative.com/,False,,False,,False,,
0,False,2782,174300003000,SYNTHESEE VISUAL COMMUNICATION DESIGN Ι.Κ.Ε.,SYNTHESEE VISUAL COMMUNICATION DESIGN,802322281,ΙΚΕ,ΑΤΤΙΚΗΣ,dim@dimitriskanellopoulos.com,6948040867,,https://dimitriskanellopoulos.com/,https://dimitriskanellopoulos.com/,False,,False,,False,,
0,False,5000,174720101000,Skindesign Creative Agency Ε.Ε.,Skindesign Creative Agency,802345189,ΕΕ,ΑΤΤΙΚΗΣ,studio@skindesign.gr,6946957441,,https://skindesign.gr/,https://skindesign.gr/,False,,False,,False,,67699803000
0,False,7297,179713701000,Sportad Ι.Κ.Ε.,Sportad,802621047,ΙΚΕ,ΑΤΤΙΚΗΣ,info@sportad.gr,2106207192,https://sportad.gr/,,https://sportad.gr/,False,,False,,False,,
0,False,2960,149334307000,TGI HELLAS ΜΟΝΟΠΡΟΣΩΠΗ ΙΚΕ,TGI HELLAS,801110108,ΙΚΕ,ΑΤΤΙΚΗΣ,adiohos@ledit.gr,6980638263,,https://ledit.gr/,https://ledit.gr/,False,,False,,False,,
0,False,10027,7781701000,THE 3 DREAMS ΑΝΩΝΥΜΗ ΕΤΑΙΡΙΑ ΨΗΦΙΑΚΩΝ ΕΦΑΡΜΟΓΩΝ ΤΡΙΩΝ ΔΙΑΣΤΑΣΕΩΝ,THE 3 DREAMS A.E.,998859022,ΑΕ,ΑΘΗΝΩΝ,info@ambe.gr,2106140035,www.3dreams.gr,,https://3dreams.gr/,False,,False,,False,,
0,False,2082,126902901000,THE BRAND TEAM ΕΤΑΙΡΕΙΑ ΠΕΡΙΟΡΙΣΜΕΝΗΣ ΕΥΘΥΝΗΣ ΠΑΡΟΧΗΣ ΥΠΗΡΕΣΙΩΝ ΔΙΑΧΕΙΡΙΣΗΣ & ΓΡΑΦΙΚΟΥ ΣΧΕΔΙΑΣΜΟΥ ΕΤΑΙΡΙΚΩΝ ΚΑΙ ΠΡΟΪΟΝΤΙΚΩΝ ΤΑΥΤΟΤΗΤΩΝ,THE BRAND TEAM Ε.Π.Ε.,800517967,ΕΠΕ,ΑΤΤΙΚΗΣ,dimtatarakis@gmail.com,2106850104,www.thebrandteam.com,,https://thebrandteam.com/,False,,False,,False,,
0,False,2064,150406801000,THE JONES ΙΔΙΩΤΙΚΗ ΚΕΦΑΛΑΙΟΥΧΙΚΗ ΕΤΑΙΡΕΙΑ,,801157389,ΙΚΕ,ΑΤΤΙΚΗΣ,eftychia.misailidou@thejones.gr,6984603637,https://www.thejones.gr/stoixeia-etaireias,,https://www.thejones.gr/,False,,False,,False,,
0,True,325,178340201000,THE WEEKEND AGENCY ΜΟΝΟΠΡΟΣΩΠΗ ΙΔΙΩΤΙΚΗ ΚΕΦΑΛΑΙΟΥΧΙΚΗ ΕΤΑΙΡΕΙΑ,THE WEEKEND AGENCY,802544117,ΙΚΕ,ΑΤΤΙΚΗΣ,vasilis@tavernaris.com,2241069916,https://www.theweekend.agency,,https://theweekend.agency/,False,,False,,False,,
0,False,7238,126256501000,THE WORKROOM  ΙΔΙΩΤΙΚΗ ΚΕΦΑΛΑΙΟΥΧΙΚΗ ΕΤΑΙΡΕΙΑ,THE WORKROOM  Ι.Κ.Ε.,800505944,ΙΚΕ,ΑΤΤΙΚΗΣ,legal1@emron.gr,6937084705,http://emron.gr/isol/theworkroom,,https://emron.gr/,False,,False,,False,,
0,False,8789,195283303000,THERAPIFY Ο.Ε.,THERAPIFY,803359087,ΟΕ,ΑΤΤΙΚΗΣ,info@therapify.gr,6931983619,,https://therapify.gr/,https://therapify.gr/,False,,False,,False,,
0,False,5000,167875103000,THUNDERADS Ε.Ε.,THUNDERADS,801997981,ΕΕ,ΑΤΤΙΚΗΣ,george@thunderads.gr,6970308428,,https://www.thunderads.gr/,https://www.thunderads.gr/,False,,False,,False,,
0,False,10027,128351201000,TOUCHPOINT STRATEGIES ΑΝΩΝΥΜΗ ΕΤΑΡΕΙΑ ΔΙΑΦΗΜΙΣΗΣ ΚΑΙ ΕΠΙΚΟΙΝΩΝΙΑΣ,TOUCHPOINT STRATEGIES A.E,997476756,ΑΕ,ΑΤΤΙΚΗΣ,info@touchpoint.gr,2106660016,http://www.touchpointstrategies.gr/,,https://www.touchpointstrategies.gr/,False,,False,,False,,
0,False,6280,66465103000,TRYFON GEORGALLIDES,,038557575,ΑΤΟΜΙΚΗ,ΑΤΤΙΚΗΣ,tryfon@georgallidis.com,2108028803,,https://georgallidis.com/,https://georgallidis.com/,False,,False,,False,,
0,False,1311,121635801000,TWELVE DESIGN ΥΠΗΡΕΣΙΕΣ ΓΡΑΦΙΣΤΙΚΟΥ ΣΧΕΔΙΑΣΜΟΥ ΚΑΙ ΔΙΑΦΗΜΙΣΗΣ  ΜΟΝΟΠΡΟΣΩΠΗ ΕΤΑΙΡΕΙΑ ΠΕΡΙΟΡΙΣΜΕΝΗΣ ΕΥΘΥΝΗΣ,ΤWELVE DESIGN ΜΟΝ. ΕΠΕ ,800421994,ΕΠΕ,ΑΤΤΙΚΗΣ,mpl@mpl.gr,2107229231,,https://mpl.gr/,https://mpl.gr/,False,,False,,False,,
0,False,10027,125304730000,Toucan Advertising Ετερόρρυθμος Εταιρεία,Toucan Advertising Ε.Ε.,800489964,ΕΕ,ΚΑΒΑΛΑΣ,chronis@toucan-adv.gr,2513008400,,https://toucan-adv.gr/,https://toucan-adv.gr/,False,,False,,False,,
0,False,3699,131734201000,U MEDIA ΕΞΕΙΔΙΚΕΥΜΕΝΕΣ ΔΙΑΦΗΜΙΣΤΙΚΕΣ ΥΠΗΡΕΣΙΕΣ Ι.Κ.Ε.,U MEDIA,800604020,ΙΚΕ,ΑΤΤΙΚΗΣ,PANOSKo@UMEDIA.GR,2106897487,http://www.umedia.gr,,https://www.umedia.gr/,False,,False,,False,,9430901000
0,False,4254,140657604000,UNIPOSE PRIVATE COMPANY,UNIPOSE P.C.,800778878,ΙΚΕ,ΘΕΣΣΑΛΟΝΙΚΗΣ,info@unipose.com,2311111300,https://easybalance.gr/public/company/5wh3n4v6p7NXBTZrTkYCJod3wCwxopJUU/,,https://easybalance.gr/,False,,False,,False,,143200752000 170091758000 180320740000
0,False,6816,184711701000,UPLEAD ΜΟΝΟΠΡΟΣΩΠΗ Ι.Κ.Ε.,UPLEAD,802890259,ΙΚΕ,ΑΤΤΙΚΗΣ,hello@uplead.gr,6947786121,https://www.uplead.gr/,,https://www.uplead.gr/,False,,False,,False,,
0,False,5000,140044806000,VALISCOMMUNICATION Ι.Κ.Ε. ,VALISCOMMUNICATION,800763158,ΙΚΕ,ΘΕΣΣΑΛΟΝΙΚΗΣ,sathanasakos@foveraprostasia.gr,2310943010,http://valiscom.gr,,https://valiscom.gr/,False,,False,,False,,
0,False,1261,161748001000,VALUE MARKETING Ι.Κ.Ε.,VALUE,801700380,ΙΚΕ,ΑΤΤΙΚΗΣ,panagiotis@pcpfinancial.gr,2109917850,https://valuemarketingike.webnode.gr/,,https://valuemarketingike.webnode.gr/,False,,False,,False,,
0,False,7023,167986004000,VANTAGE Ι.Κ.Ε.,VANTAGE,802004426,ΙΚΕ,ΘΕΣΣΑΛΟΝΙΚΗΣ,info@vantage-events.gr,6937044097,https://www.vantage.gr/,,https://vantage.gr/,False,,False,,False,,
0,False,2476,159383207000,VEESION ΔΙΑΦΗΜΙΣΗ & ΕΠΙΚΟΙΝΩΝΙΑ ΙΔΙΩΤΙΚΗ ΚΕΦΑΛΑΙΟΥΧΙΚΗ ΕΤΑΙΡΕΙΑ,VEESION ΙΚΕ,801573594,ΙΚΕ,ΑΤΤΙΚΗΣ,finance@veesion.gr,2103624496,,https://veesion.gr/,https://veesion.gr/,False,,False,,False,,
0,False,912,184510920000,VIBRANDE Ε.Ε.,,802880021,ΕΕ,ΔΩΔΕΚΑΝΗΣΟΥ,director@vibrande.gr,6974908938,,http://vibrande.gr/,http://vibrande.gr/,False,,False,,False,,
0,False,10027,145361908000,VIPGROUP Μονοπροσωπη Ιδιωτικη Κεφαλαιουχικη Εταιρεια,VIPGROUP,800939236,ΙΚΕ,ΑΤΤΙΚΗΣ,kotsisvip@gmail.com,2105716509,http://vipromotion.gr/,,https://vipromotion.gr/,False,,False,,False,,
0,False,10027,167779003000,VIRALATHENS Ι.Κ.Ε.,VIRALATHENS,801993748,ΙΚΕ,ΑΤΤΙΚΗΣ,,6951260583,https://viralathens.ibalances.gr/,,https://viralathens.ibalances.gr/,False,,False,,False,,
0,False,1960,130179527000,VISUAL CREATIVITY PROJECTS E.E.,CODEPLUS - STIGMA  PROJECTS,800575657,ΕΕ,ΗΡΑΚΛΕΙΟΥ,lamprou@codeplus.gr,2810360263,,https://codeplus.gr/,https://codeplus.gr/,False,,False,,False,,
0,False,10027,157068004000,VITAMIN MEDIA A.E.,VITAMIN MEDIA,801448457,ΑΕ,ΘΕΣΣΑΛΟΝΙΚΗΣ,nikos@vitaminmedia.gr,2311826300,https://www.vitaminmedia.gr/,,https://vitaminmedia.gr/,False,,False,,False,,
0,False,9304,144307657000,VOCHINA THEODORA MIHAELA TOY GICA,zero web & graphics,152504621,ΑΤΟΜΙΚΗ,ΧΑΛΚΙΔΙΚΗΣ,info@zeroweb.gr,2373065874,,https://www.zeroweb.gr/,https://www.zeroweb.gr/,False,,False,,False,,
0,False,2409,148477101000,VRES ONLINE ΙΚΕ,VRES ONLINE,801074326,ΙΚΕ,ΑΤΤΙΚΗΣ,ioannou@ikappa.gr,2114085823,https://vresonline.gr,,https://vresonline.gr/,False,,False,,False,,
0,False,2055,144537401000,W ΔΙΑΦΗΜΙΣΤΙΚΗ ΙΚΕ,W ADVERTISING,800902704,ΙΚΕ,ΑΤΤΙΚΗΣ,drakosioannis@hotmail.com,6937360036,https://www.wadvertising.gr,,https://www.wadvertising.gr/,False,,False,,False,,
0,False,9072,2817901000,"WAVEMAKER ΕΛΛΑΣ ΑΝΩΝΥΜΟΣ ΕΤΑΙΡΕΙΑ ΠΡΟΓΡΑΜΜΑΤΙΣΜΟΥ ΚΑΙ ΑΓΟΡΑΣ ΔΙΑΦΗΜΙΣΤΙΚΟΥ ΧΩΡΟΥ ΚΑΙ ΧΡΟΝΟΥ ΣΤΑ ΜΜΕ, ΔΗΜΙΟΥΡΓΙΑΣ ΠΕΡΙΕΧΟΜΕΝΟΥ ΚΑΙ ΤΕΧΝΟΛΟΓΙΑΣ",WAVEMAKER ΕΛΛΑΣ Α.Ε.,094502024,ΑΕ,ΑΘΗΝΩΝ,Gogo.Hilia@wppmedia.com,2108015018,,https://www.wppmedia.com/,https://www.wppmedia.com/,False,,False,,False,,
0,False,5000,122442701000,WE ARE BRAVE ΜΟΝΟΠΡΟΣΩΠΗ ΙΔΙΩΤΙΚΗ ΚΕΦΑΛΑΙΟΥΧΙΚΗ ΕΤΑΙΡΕΙΑ,WE ARE BRAVE ΜΟΝΟΠΡΟΣΩΠΗ Ι.Κ.Ε.,800435403,ΙΚΕ,ΑΤΤΙΚΗΣ,logistirio@wearebrave.gr,2182189966,wearebrave.gr,,https://wearebrave.gr/,False,,False,,False,,
0,False,5000,162627903000,WEDGE Ο.Ε.,MARKETING AND COMMUNICATIONS AGENCY,801749101,ΟΕ,ΑΤΤΙΚΗΣ,sayhello@wedge.gr,6948004839,https://www.wedge.gr/,,https://www.wedge.gr/,False,,False,,False,,
0,False,10027,148594201000,WELCOME MAGAZINES ΜΟΝΟΠΡΟΣΩΠΗ ΙΚΕ,WELCOME MAGAZINES,801079499,ΙΚΕ,ΑΤΤΙΚΗΣ,account@pmsmedia.gr,2103212037,http://www.iatrikanews.gr,,https://www.iatrikanews.gr/,False,,False,,False,,
0,False,10027,177770403000,"WELL COMMS, COMMUNICATIONS & WELLBEING CONSULTING Ο.Ε.","WELL COMMS, COMMUNICATIONS & WELLBEING CONSULTING",802512119,ΟΕ,ΑΤΤΙΚΗΣ,malou@wellcommsagency.com,2106133382,,https://wellcommsagency.com/,https://wellcommsagency.com/,False,,False,,False,,
0,False,8531,186828001000,WG MAGNETIQ Ι.Κ.Ε.,,802986988,ΙΚΕ,ΑΤΤΙΚΗΣ,mkaravagena@gmail.com,6972838659,www.themagnetiq.com,,https://themagnetiq.com/,False,,False,,False,,
0,False,3969,185364601000,WHITE & PURPLE ΚΟΙΝΟΠΡΑΞΙΑ,,802920780,Κοινοπραξία,ΑΤΤΙΚΗΣ,info@kalleslaw.gr,2103615649,,https://kalleslaw.gr/,https://kalleslaw.gr/,False,,False,,False,,
0,False,1618,7870301000,WHITE CREATIVE STUDIO  Ο.Ε.,WHITE CREATIVE STUDIO,998350764,ΟΕ,ΑΤΤΙΚΗΣ,maria@whitedesign.gr,2103390490,www.whitecreative.gr,,https://whitecreative.gr/,False,,False,,False,,
0,False,6042,145207101000,WHITE MAIL POST ΙΔΙΩΤΙΚΗ ΚΕΦΑΛΑΙΟΥΧΙΚΗ ΕΤΑΙΡΕΙΑ ,,800931620,ΙΚΕ,ΑΤΤΙΚΗΣ,wmp@whitemailpost.gr,6945438045,http://www.whitemailpost.gr/,,https://whitemailpost.gr/,False,,False,,False,,
0,False,3451,120010201000,WHITE ΔΙΑΦΗΜΙΣΤΙΚΗ ΚΑΙ ΕΜΠΟΡΙΚΗ ΜΟΝΟΠΡΟΣΩΠΗ ΕΤΑΙΡΕΙΑ ΠΕΡΙΟΡΙΣΜΕΝΗΣ ΕΥΘΥΝΗΣ,WHITE Μ.Ε.Π.Ε.,800395197,ΕΠΕ,ΑΤΤΙΚΗΣ,accounting@whitead.gr,2102449246,,https://whiteandpurple.com/,https://whiteandpurple.com/,False,,False,,False,,
0,False,1834,128228708000,WITHINK ΜΟΝΟΠΡΟΣΩΠΗ Ι.Κ.Ε.,WITHINK,800536515,ΙΚΕ,ΑΤΤΙΚΗΣ,info@with-ink.com,2106459088,,https://with-ink.com/,https://with-ink.com/,False,,False,,False,,
0,False,10027,185388203000,WORK CENTER ΜΟΝΟΠΡΟΣΩΠΗ ΙΔΙΩΤΙΚΗ ΚΕΦΑΛΑΙΟΥΧΙΚΗ ΕΤΑΙΡΕΙΑ,WORK CENTER,802921960,ΙΚΕ,ΑΤΤΙΚΗΣ,info@work-center.gr,2104449631,https://work-center.gr/,,https://work-center.gr/,False,,False,,False,,
0,False,5000,180352341000,XPERIENCE MEDIA Ε.Ε.,XPERIENCE MEDIA,802656951,ΕΕ,ΛΑΣΙΘΙΟΥ,info@xperiencemore.eu,6932908356,,https://www.xperiencemore.eu/,https://www.xperiencemore.eu/,False,,False,,False,,
0,False,2338,7660401000,YALOS QUALITY SOLUTIONS ΔΙΑΦΗΜΙΣΤΙΚΗ ΜΟΝΟΠΡΟΣΩΠΗ ΕΤΑΙΡΕΙΑ ΠΕΡΙΟΡΙΣΜΕΝΗΣ ΕΥΘΥΝΗΣ,YALOS QUALITY SOLUTIONS Μ ΕΠΕ,998323100,ΕΠΕ,ΑΤΤΙΚΗΣ,ttupay@yalosbranding.com,6944510334,,https://yalosbranding.com/,https://yalosbranding.com/,False,,False,,False,,
0,False,4111,190675803000,Zeva Events ΜΟΝΟΠΡΟΣΩΠΗ Ι.Κ.Ε.,Zeva Events ΜΟΝΟΠΡΟΣΩΠΗ Ι.Κ.Ε.,803147287,ΙΚΕ,ΑΤΤΙΚΗΣ,katerina.v@hotmail.com,6947187883,www.zeva.gr,,https://www.zeva.gr/,False,,False,,False,,
0,False,3612,182998516000,mediawall Ι.Κ.Ε.,mediawall,802799570,ΙΚΕ,ΑΧΑΙΑΣ,info@mediawall.gr,2610433600,https://mediawall.gr/,,https://mediawall.gr/,False,,False,,False,,
0,False,5000,124460001000,«Black Cherry Ανώνυμη Εταιρεία Παροχής Υπηρεσιών Διαφήμισης και Ολικής Επικοινωνίας»,«Black Cherry Α.Ε.»,800475056,ΑΕ,ΑΤΤΙΚΗΣ,jenchr@BESPOKE-SGA.COM,2102885444,www.blackcherry.gr,,https://blackcherry.gr/,False,,False,,False,,
0,False,917,143415502000,Α. ΕΦΑΡΜΟΓΗ  Ο.Ε.,Α. ΕΦΑΡΜΟΓΗ ,800867408,ΟΕ,ΑΤΤΙΚΗΣ,info@efarmogi.com,2109314970,,https://efarmogi.com/,https://efarmogi.com/,False,,False,,False,,
0,False,3040,114584937000,Α. ΚΑΡΑΓΚΙΚΑΣ & ΣΥΝΕΡΓΑΤΕΣ Ο.Ε,PLANET WHEEL (Planet Wheel),999405790,ΟΕ,ΑΘΗΝΩΝ,info@planetwheel.gr,2103000692,www.planetwheel.gr,,https://planetwheel.gr/,False,,False,,False,,
0,False,809,125893301000,Α. ΤΣΟΥΤΣΑΣ - Α. ΘΑΝΟΣ Ο.Ε.,BOB  STUDIO,800500045,ΟΕ,ΑΤΤΙΚΗΣ,andreas@bobstudio.gr,2109222001,,https://bobstudio.gr/,https://bobstudio.gr/,False,,False,,False,,68150003000
0,False,5000,179993806000,Α2 Advertising & Event Experiences Ι.Κ.Ε.,Α2 Advertising & Event Experiences,802637033,ΙΚΕ,ΘΕΣΣΑΛΟΝΙΚΗΣ,marias@admine.eu,2311292929,,https://www.admine.eu/,https://www.admine.eu/,False,,False,,False,,135753506000 172454806000
0,False,943,42166306000,ΑLTERVISION ΣΤΡΑΤΗΓΙΚΗ ΚΑΙ ΟΠΤΙΚΗ ΕΠΙΚΟΙΝΩΝΙΑ ΑΝΩΝΥΜΗ ΕΤΑΙΡΕΙΑ,ALTERVISION Α.Ε.,099795407,ΑΕ,ΘΕΣΣΑΛΟΝΙΚΗΣ,danai@altervision.gr,2310322031,www.altervision.gr,,https://www.altervision.gr/,False,,False,,False,,
0,True,217,160972337000,ΑΓΓΕΛΟΣ ΙΩΑΝ. ΚΟΥΡΤΙΔΗΣ,,157448970,ΑΤΟΜΙΚΗ,ΚΟΡΙΝΘΙΑΣ,mail@aggeloskourtidis.com,2741073725,,https://aggeloskourtidis.com/,https://aggeloskourtidis.com/,False,,False,,False,,
0,False,5000,20170130000,ΑΓΓΕΛΟΥ ΘΩΜΑΙΤΣΑ ΤΟΥ ΔΗΜΗΤΡΙΟΥ,,045911872,ΑΤΟΜΙΚΗ,ΚΑΒΑΛΑΣ,info@thomiaggelou.gr,2510232005,http://www.thomiaggelou.gr,,https://www.thomiaggelou.gr/,False,,False,,False,,
0,False,6427,132399201000,"ΑΓΟΡΑ ΥΠΗΡΕΣΙΕΣ MERCHANDISING ΜΟΝΟΠΡΟΣΩΠΗ ΕΤΑΙΡΕΙΑ ΠΕΡΙΟΡΙΣΜΕΝΗΣ ΕΥΘΥΝΗΣ""",ΑΓΟΡΑ  MERCHANDISING Μ. ΕΠΕ,800618096,ΕΠΕ,ΑΤΤΙΚΗΣ,info@agorapromotions.gr,2106142140,,https://www.agorapromotions.gr/,https://www.agorapromotions.gr/,False,,False,,False,,
0,False,3187,39434006000,ΑΔΑΜ ΧΡΙΣΤΟΦΟΡΟΣ ΤΟΥ ΖΗΣΗ,MOICANNA,030265117,ΑΤΟΜΙΚΗ,ΘΕΣΣΑΛΟΝΙΚΗΣ,adam@artdirector.gr,2310281808,,https://artdirector.gr/,https://artdirector.gr/,False,,False,,False,,
0,False,2706,175354501000,ΑΕΙΦΟΡΟΣ ΚΥΚΛΟΣ ΙΔΙΩΤΙΚΗ ΚΕΦΑΛΑΙΟΥΧΙΚΗ ΕΤΑΙΡΕΙΑ,ΑΕΙΦΟΡΟΣ ΚΥΚΛΟΣ ΙΔΙΩΤΙΚΗ ΚΕΦΑΛΑΙΟΥΧΙΚΗ ΕΤΑΙΡΙΑ,802381270,ΙΚΕ,ΑΤΤΙΚΗΣ,geodrosos@greentop.gr,2108128164,,https://greentop.gr/,https://greentop.gr/,False,,False,,False,,
0,False,5000,149340447000,ΑΘΑΝΑΣΙΟΣ ΚΑΡΠΑΣ ΚΑΙ ΣΙΑ ΟΕ,,801110366,ΟΕ,ΠΕΛΛΗΣ,sakiskarpas@unboxholics.com,6979959072,,https://unboxholics.com/,https://unboxholics.com/,False,,False,,False,,
0,False,10027,128995201000,ΑΘΑΝΑΣΙΟΣ ΦΕΛΟΥΚΑΣ ΠΕΡΙΟΔΙΚΟ ΜΟΤΟ ΕΤΕΡΟΡΡΥΘΜΗ ΕΤΑΙΡΕΙΑ,ΕΝΤΥΠΑ ΜΟΤΟ Ε.Ε.,800553002,ΕΕ,ΑΤΤΙΚΗΣ,logistirio@motomag.gr,2102580809,www.motomag.gr,,https://www.motomag.gr/,False,,False,,False,,
0,False,1249,160460112000,ΑΘΑΝΑΣΟΠΟΥΛΟΥ ΑΙΚΑΤΕΡΙΝΗ ΤΟΥ ΓΕΩΡΓΙΟΥ,,070253371,ΑΤΟΜΙΚΗ,ΑΙΤΩΛΟΑΚΑΡΝΑΝΙΑΣ,info@blackwolf.gr,,,https://blackwolf.gr/,https://blackwolf.gr/,False,,False,,False,,
0,False,3900,20791630000,ΑΙΜΣ ΠΩΛ ΚΑΙ ΣΙΑ Ο.Ε,GO-THASSOS,800128440,ΟΕ,ΚΑΒΑΛΑΣ,augie@go-thassos.gr,6987739440,www.go-thassos.gr,,https://www.go-thassos.gr/,False,,False,,False,,
0,False,2786,190106806000,ΑΚΤ MARKETING SERVICES ΕΤΕΡΟΡΡΥΘΜΗ ΕΤΑΙΡΙΑ,AKT MARKETING SERVICES,803123136,ΕΕ,ΘΕΣΣΑΛΟΝΙΚΗΣ,atubalidis@aktms.gr,2310268132,,https://aktms.gr/,https://aktms.gr/,False,,False,,False,,119670806000
0,False,915,1758001000,ΑΚΤΜΕΝΤΙΑ (ΕΛΛΑΣ) ΔΙΑΦΗΜΙΣΤΙΚΗ ΚΑΙ ΕΜΠΟΡΙΚΗ ΜΟΝΟΠΡΟΣΩΠΗ ΑΝΩΝΥΜΗ ΕΤΑΙΡΕΙΑ ΕΚΜΕΤΑΛΛΕΥΣΗΣ ΑΚΙΝΗΤΩΝ,ACTMEDIA HELLAS,094431217,ΑΕ,ΑΤΤΙΚΗΣ,p.contis@actmedia.gr,2106808550,www.actmedia.gr,,https://www.actmedia.gr/,False,,False,,False,,
0,False,5490,84913402000,ΑΚΤΥΠΗΣ ΔΙΟΝΥΣΙΟΣ ΤΟΥ ΣΠΥΡΙΔΩΝΟΣ,,045815534,ΑΤΟΜΙΚΗ,ΑΤΤΙΚΗΣ,info@designcode.gr,2294094400,,https://www.designcode.gr/,https://www.designcode.gr/,False,,False,,False,,
0,False,1979,27063840000,ΑΛΒ. ΡΟΥΣΣΟΣ & ΣΙΑ  Ε.Ε.,CONSULT ADVERTISING & PROMOTION,998790524,ΕΕ,ΛΑΡΙΣΑΣ,info@consult.com.gr,2410254075,,http://www.consult.com.gr/,http://www.consult.com.gr/,False,,False,,False,,
0,False,941,143805206000,ΑΛΕΞΑΝΔΡΙΔΗΣ ΠΑΝΑΓΙΩΤΗΣ ΤΟΥ ΑΛΚΙΝΟΟΥ,FOX CREATIVE,120664634,ΑΤΟΜΙΚΗ,ΘΕΣΣΑΛΟΝΙΚΗΣ,info@foxcreative.gr,2311262178,,https://www.foxcreative.gr/,https://www.foxcreative.gr/,False,,False,,False,,
0,False,2961,144251503000,ΑΛΕΞΑΝΔΡΟΠΟΥΛΟΣ ΙΩΑΝΝΗΣ ΤΟΥ ΗΛΙΑ,ELLASTRATION,061065640,ΑΤΟΜΙΚΗ,ΑΤΤΙΚΗΣ,yiannis@ellastration.gr,2103810130,,https://www.ellastration.gr/,https://www.ellastration.gr/,False,,False,,False,,
0,False,5000,7850401000,ΑΛΕΞΑΝΔΡΟΣ ΚΑΛΦΑΣ ΤΟΥ ΚΩΝΣΤΑΝΤΙΝΟΥ,BOTTLE,074739872,ΑΤΟΜΙΚΗ,ΑΤΤΙΚΗΣ,welcome@bottle.gr,2108105805,,https://miq.gr/,https://miq.gr/,False,,False,,False,,
0,False,10027,62110703000,ΑΛΕΞΑΝΔΡΟΣ ΤΣΟΥΚΑΛΑΣ,MONTEGO S&A,079081259,ΑΤΟΜΙΚΗ,ΑΤΤΙΚΗΣ,info@montego.gr,2109842758,,https://montego.gr/,https://montego.gr/,False,,False,,False,,
0,False,5000,132504701000,ΑΛΦΑ PRODUCTION ΕΜΠΟΡΙΚΗ ΜΟΝΟΠΡΟΣΩΠΗ ΕΤΑΙΡΕΙΑ ΠΕΡΙΟΡΙΣΜΕΝΗΣ ΕΥΘΥΝΗΣ,ΑΛΦΑ PRODUCTION ΕΜΠΌΡΙΚΗ Μ.Ε.Π.Ε.,800619923,ΕΠΕ,ΑΤΤΙΚΗΣ,log@alphaproduction.gr,2103458839,www.a-news.gr,,https://agrafto.gr/,False,,False,,False,,
0,False,1428,33102333000,ΑΝΑΓΝΩΣΤΑΚΟΣ ΠΑΝΑΓΙΩΤΗΣ ΤΟΥ ΧΡΗΣΤΟΥ,,043825490,ΑΤΟΜΙΚΗ,Inadequate Info,hello@terracommunications.gr,2661024125,,https://terracommunications.gr/,https://terracommunications.gr/,False,,False,,False,,
0,False,10027,178849616000,ΑΝΑΓΝΩΣΤΟΠΟΥΛΟΥ ΕΛΕΝΗ-ΔΗΜΗΤΡΑ,To Be Digital – Digital Agency,163472415,ΑΤΟΜΙΚΗ,ΑΧΑΙΑΣ,info@tobedigital.eu,6932901771,,https://tobedigital.eu/,https://tobedigital.eu/,False,,False,,False,,
0,False,6955,139888203000,ΑΝΑΓΝΩΣΤΟΥ ΑΙΚΑΤΕΡΙΝΗ ΤΟΥ ΗΛΙΑ,,112106415,ΑΤΟΜΙΚΗ,ΑΤΤΙΚΗΣ,Katerina@brandvalue.gr,2106096638,,https://brandvalue.gr/,https://www.brandvalue.gr/,False,,False,,False,,
0,False,6976,143826403000,ΑΝΑΛΥΖΕTHAT ΜΟΝΟΠΡΟΣΩΠΗ ΙΚΕ,,800880500,ΙΚΕ,ΑΤΤΙΚΗΣ,s.z@analyzethat.gr,6976769174,www.analyzethat.gr,,https://analyzethat.gr/,False,,False,,False,,
0,False,7854,160223238000,ΑΝΑΣΤΑΣΙΟΣ ΔΗΜΗΤΡΙΟΥ ΣΤΑΥΡΟΠΟΥΛΟΣ,,155480476,ΑΤΟΜΙΚΗ,ΚΥΚΛΑΔΩΝ,info@indigophoenix.gr,,,https://indigophoenix.gr/,https://indigophoenix.gr/,False,,False,,False,,
0,False,7888,116550125000,ΑΝΔΡΕΑΣ ΜΠΡAΤΗΣ & ΣΙΑ Ε.Ε.,ΨΗΦΙΑΚΕΣ ΙΔΕΕΣ,800330709,ΕΕ,,andreas@ogb.gr,2623041370,,https://ogb.gr/,https://ogb.gr/,False,,False,,False,,
0,False,9345,59029304000,ΑΝΔΡΕΟΥ Γ. ΔΗΜΗΤΡΙΟΣ ΔΙΑΦΗΜΙΣΤΙΚΗ ΜΟΝΟΠΡΟΣΩΠΗ ΕΤΑΙΡΙΑ ΠΕΡΙΟΡΙΣΜΕΝΗΣ ΕΥΘΥΝΗΣ,NEW COMMUNICATION,998458122,ΕΠΕ,ΘΕΣΣΑΛΟΝΙΚΗΣ,d.andreou@newcom.gr,2310500211,,https://www.newcom.gr/,https://www.newcom.gr/,False,,False,,False,,
0,False,10027,156949327000,ΑΝΙΧΕ.ΝΕΤ ΜΟΝΟΠΡΟΣΩΠΗ ΙΔΙΩΤΙΚΗ ΚΕΦΑΛΑΙΟΥΧΙΚΗ ΕΤΑΙΡΕΙΑ,ΑΝΙΞΕ.ΝΕΤ,801443333,ΙΚΕ,ΗΡΑΚΛΕΙΟΥ,logistirio@anixe.net,2810286045,http://anixe.net/,,https://www.anixe.net/?lang=en,False,,False,,False,,
0,False,1729,58312004000,ΑΝΤΒΑΝΣΝΤ ΑΝΩΝΥΜΗ ΔΙΑΦΗΜΙΣΤΙΚΗ ΕΤΑΙΡΙΑ,ADVANCED AE,099770554,ΑΕ,ΘΕΣΣΑΛΟΝΙΚΗΣ,kalakida@advance.gr advance@advance.gr,948090,www.advance.gr,,https://advance.gr/en,False,,False,,False,,
0,False,859,20588130000,ΑΝΤΩΝΙΑΔΗΣ ΚΥΡΙΑΚΟΣ ΤΟΥ ΑΝΕΣΤΗ,PANDA ADVERTISING (ΑΠΟ 12/01/2010),102450267,ΑΤΟΜΙΚΗ,ΚΑΒΑΛΑΣ,info@pandacreative.gr,2510222803,,https://pandacreative.gr/,https://pandacreative.gr/,False,,False,,False,,
0,True,478,160933303000,ΑΝΩ CONCEPT ΜΟΝΟΠΡΟΣΩΠΗ Ι.Κ.Ε.,ΑΝΩ CONCEPT MON IKE,801655852,ΙΚΕ,ΑΤΤΙΚΗΣ,info@dafoulis.gr,2109919289,http://www.anoconcike.eu,,https://www.anoconcike.eu/,False,,False,,False,,
0,False,6747,3952001000,ΑΝΩΝΥΜΗ ΔΙΑΦΗΜΙΣΤΙΚΗ ΕΤΑΙΡΕΙΑ A.T.T.P.,A.T.T.P.,099875710,ΑΕ,ΑΘΗΝΩΝ,info@attp.gr,2106781800,,https://www.attp.gr/,https://www.attp.gr/,False,,False,,False,,
0,True,538,84639002000,ΑΡΒΑΝΙΤΑΚΗ ΑΘΑΝΑΣΙΑ ΤΟΥ ΙΩΑΝΝΗ,ΖΕΥΞΙΣ CREATIVE-ΑΡΒΑΝΙΤΑΚΗ ΑΘΑΝΑΣΙΑ,047174851,ΑΤΟΜΙΚΗ,ΑΤΤΙΚΗΣ,arvanitaki@zefxis.eu,2107620971,,https://zefxiscreative.gr/,https://zefxiscreative.gr/,False,,False,,False,,
0,False,3545,127799701000,ΑΡΓΩ PROMOTION ΔΙΑΦΗΜΙΣΤΙΚΗ ΙΚΕ,ΑΡΓΩ PROMOTION ΙΚΕ,800530719,ΙΚΕ,ΑΤΤΙΚΗΣ,nikospetrakos@yahoo.gr,2106891966,https://argoadvert.com/,,https://argoadvert.com/,False,,False,,False,,
0,False,809,68150003000,ΑΡΙΣΤΕΙΔΗΣ ΤΣΟΥΤΣΑΣ,,107954194,ΑΤΟΜΙΚΗ,ΑΤΤΙΚΗΣ,aris@bobstudio.gr,2109222001,,https://bobstudio.gr/,https://bobstudio.gr/,False,,False,,False,,125893301000
0,False,8193,86933602000,ΑΡΝΑΟΥΤΕΛΗ ΜΑΡΙΑ ΚΑΙ ΣΙΑ ΕΕ,L ARTE,081807840,ΕΕ,ΑΤΤΙΚΗΣ,info@larteadv.gr,2105787801,larteadv.gr,,https://www.larteadv.gr/,False,,False,,False,,
0,False,4866,131813506000,ΑΡΤΛΟΥΞ ΝΤΙΖΑΙΝ  Ι.Κ.Ε. ,ΑΡΤΛΟΥΞ Ι.Κ.Ε. ,800605445,ΙΚΕ,ΘΕΣΣΑΛΟΝΙΚΗΣ,mytettix@gmail.com,2310245731,https://www.artlux.gr,,https://www.artlux.gr/,False,,False,,False,,
0,False,1944,157697403000,ΑΣ ΚΟΜΙΟΥΝΙΚΕΙΣΟΝ Ο.Ε.,ACH COMMUNICATION GP,801480170,ΟΕ,ΑΤΤΙΚΗΣ,andreas@achcommunication.eu,2104941096,,https://achcommunication.eu/,https://achcommunication.eu/,False,,False,,False,,
0,False,1803,156060953000,ΑΦΟΙ Α. ΚΕΡΑΣΟΒΙΤΗ Ο.Ε.,ΑΤΛΑΣ ΕΠΙΓΡΑΦΕΣ,801402719,ΟΕ,ΤΡΙΚΑΛΩΝ,info@epigrafesatlas.gr,2431020207,,https://epigrafesatlas.gr/,https://epigrafesatlas.gr/,False,,False,,False,,
0,False,10027,126319001000,ΑΦΟΙ ΑΠΑΤΑΓΓΕΛΟΙ Ο.Ε.,KOMMIGRAPHICS,997461024,ΟΕ,ΑΤΤΙΚΗΣ,info@kommigraphics.com,2103239836,,https://kommigraphics.com/,https://kommigraphics.com/,False,,False,,False,,
0,True,667,178546829000,ΑΦΟΙ ΔΕΡΕΚΑ Ε.Ε.,DEREKAS BROS Ε.Ε.,802556190,ΕΕ,ΙΩΑΝΝΙΝΩΝ,info@aderekas.com,2651030655,,https://aderekas.com/,https://aderekas.com/,False,,False,,False,,
0,False,7017,30406829000,ΑΦΟΙ ΚΑΡΑΠΑΝΟΥ Ο.Ε.,ΕΠΙΓΡΑΦΕΣ ΔΙΑΦΗΜΙΣΕΙΣ 555-ΨΗΦΙΑΚΕΣ ΕΚΤΥΠΩΣΕΙΣ,999702815,ΟΕ,ΙΩΑΝΝΙΝΩΝ,info@epigrafes555.gr,2651094501,,https://www.epigrafes555.gr/,https://www.epigrafes555.gr/,False,,False,,False,,
0,False,3303,70078324000,ΑΦΟΙ ΛΕΟΝΤΑΡΙΤΗ Ο.Ε.,Γραμικό + Ντιζάιν - Gramiko + design,999518077,ΟΕ,ΖΑΚΥΝΘΟΥ,info@gramikodesign.gr,2695044013,,https://gramikodesign.gr/,https://gramikodesign.gr/,False,,False,,False,,
0,False,5000,112089308000,ΑΦΟΙ ΧΑΡ.ΤΣΙΑΝΙΚΑ ΟΕ,XLGraphics,999779253,ΟΕ,ΑΤΤΙΚΗΣ,l.tsianikas@xlg.gr,2109430219,,https://www.xlg.gr/,https://www.xlg.gr/,False,,False,,False,,128123308000
0,False,8715,2053901000,Β.ΠΑΠΑΓΕΩΡΓΙΟΥ ΚΑΙ ΣΙΑ ΟΕ,Β & Β ΑΠΟΨΙΣ,082987019,ΟΕ,ΑΘΗΝΩΝ,papageorgiou@apopsisb.gr,2109249575,,https://www.apopsisb.gr/,https://www.apopsisb.gr/,False,,False,,False,,148846201000
0,False,912,182015106000,ΒΑΓΙΑΝΝΗΣ ΝΙΚΟΛΑΟΣ ΤΟΥ ΔΗΜΗΤΡΙΟΥ,,152517167,ΑΤΟΜΙΚΗ,ΘΕΣΣΑΛΟΝΙΚΗΣ,nikos@vagiannis-olives.com,,,http://vagiannis-olives.com/,http://vagiannis-olives.com/,False,,False,,False,,
0,False,3185,3344701000,ΒΑΛΙΟΥ ΝΤΟΤ ΚΟΜ ΜΟΝΟΠΡΟΣΩΠΗ Ε.Π.Ε.,,095723617,ΕΠΕ,ΑΘΗΝΩΝ,manolis_katsapis@valuecom.gr,2103221656,www.valuecom.gr,,https://valuecom.gr/,False,,False,,False,,138797201000
0,False,8509,144864203000,ΒΑΜΒΑΚΑΡΗΣ ΦΡΑΓΚΙΣΚΟΣ ΤΟΥ ΘΕΜΙΣΤΟΚΛΗ,OCEAN MULTIMEDIA PRODUCTION & DESIGN,139107682,ΑΤΟΜΙΚΗ,ΑΤΤΙΚΗΣ,info@oceanmultimedia.gr,6941602929,,https://oceanmultimedia.gr/,https://oceanmultimedia.gr/,False,,False,,False,,
0,False,5000,831201000,ΒΙΖΙΟΝ ΔΙΑΦΗΜΙΣΤΙΚΗ ΕΤΑΙΡΕΙΑ ΠΕΡΙΩΡΙΣΜΕΝΗΣ ΕΥΘΥΝΗΣ,ΒΙΖΙΟΝ ΕΠΕ,095565230,ΕΠΕ,ΑΤΤΙΚΗΣ,gpappas@vision.gr,2106640645,https://vision.gr,,https://vision.gr/,False,,False,,False,,
0,False,8620,193824024000,ΒΙΤΣΟΥ ΜΑΡΙΑ ΑΝΝΑ,THISWAY,153411623,ΑΤΟΜΙΚΗ,ΖΑΚΥΝΘΟΥ,info@thisway.gr,2695400921,https://thisway.gr,,https://thisway.gr/,False,,False,,False,,
0,False,3509,42199406000,Γ. ΚΑΡΑΜΠΑΤΑΚΗ - Γ. ΧΡΗΣΤΟΓΛΟΥ Ο.Ε,ΤΡΙΑ (TRIA) Ο.Ε,099959001,ΟΕ,ΘΕΣΣΑΛΟΝΙΚΗΣ,eleni@hypertria.com,2310413483,hypertria.com,,https://hypertria.com/,False,,False,,False,,
0,False,2631,113196100000,Γ. ΛΟΥΛΑΚΗ - Ο. ΚΟΚΚΙΝΟΥ Ομόρρυθμη Εταιρεία,GROUND BRANDING - ΓΚΡΑΟΥΝΤ ΜΠΡΑΝΤΙΝΓΚ,800315257,ΟΕ,ΗΡΑΚΛΕΙΟΥ,info@groundbranding.com,2810333963,,https://www.groundbranding.com/,https://www.groundbranding.com/,False,,False,,False,,
0,False,4211,129709803000,Γ. ΜΠΑΟΥΡΔΑΣ Μ. Ι.Κ.Ε.,TROUT,800567356,ΙΚΕ,ΑΤΤΙΚΗΣ,contact@trout.gr,6944186825,,https://trout.gr/,https://trout.gr/,False,,False,,False,,181133103000
0,False,5806,11819759000,Γ. ΦΕΡΓΑΔΗΣ - Κ. ΚΑΤΣΑΡΟΥ Ο.Ε.,BABBLE,997894689,ΟΕ,ΧΙΟΥ,info@babble.gr,2271082333,,https://babbleprints.gr/,https://babbleprints.gr/,False,,False,,False,,
0,False,1500,4771601000,Γ.ΓΙΩΝΑΣ DESIGN & ILLUSTRATION ΙΔΙΩΤΙΚΗ ΚΕΦΑΛΑΙΟΥΧΙΚΗ ΕΤΑΙΡΕΙΑ,ΓΙΩΝΑΣ DESIGN & ILLUSTRATION ΙΚΕ,999986672,ΙΚΕ,ΑΤΤΙΚΗΣ,lena@yonas.gr,2109234879,www.yonas.gr,,https://www.yonas.gr/,False,,False,,False,,
0,False,4401,35139316000,Γ.ΕΥΘΥΜΙΟΠΟΥΛΟΣ-Μ.ΠΑΠΑΔΗΜΗΤΡΙΟΥ Ε.Ε.,FRESH IDEAS,998833307,ΕΕ,ΑΧΑΙΑΣ,sales@fresh-ideas.eu,2610333500,,https://fresh-ideas.eu/,https://fresh-ideas.eu/,False,,False,,False,,
0,False,2830,47061625000,Γ.ΚΑΡΑΜΑΝΗΣ-Γ.ΜΠΡΗΣ Ο.Ε.,THREEG,099735355,ΟΕ,ΗΛΕΙΑΣ,info@threeg.gr,2621023550,,https://threeg.gr/,https://threeg.gr/,False,,False,,False,,
0,False,10027,117765203000,Γ.Φ ΒΑΣΙΛΕΙΟΥ O.E.,WHITE SPACE WINNING BUSINESS STRATEGIES,800349875,ΟΕ,,g.vasileiou@white-space.gr,2106717115,,https://www.white-space.gr/,https://www.white-space.gr/,False,,False,,False,,
0,False,980,127188703000,ΓΕΛΑΔΑΚΗΣ ΓΕΩΡΓΙΟΣ ΤΟΥ ΦΩΤΙΟΥ,MEANDYOU COMMUNICATION DESIGN,109821670,ΑΤΟΜΙΚΗ,ΑΤΤΙΚΗΣ,info@meandyou.gr,2114045580,,https://meandyou.gr/,https://meandyou.gr/,False,,False,,False,,
0,False,9176,59338604000,ΓΕΩΡΓΑΣ Κ.-ΔΑΔΙΟΣ Π. ΚΑΙ ΣΙΑ Ε.Ε.,ΔΥΝΑΜΙΚΗ PROMOTION,998033550,ΕΕ,ΘΕΣΣΑΛΟΝΙΚΗΣ,info@dynamiki-promotion.gr,2310988131,,https://www.dianomi-fylladion.gr/,https://www.dianomi-fylladion.gr/,False,,False,,False,,126857906000
0,False,9946,179826906000,ΓΕΩΡΓΙΑ Π. ΧΑΤΖΗΠΛΑΤΩΝ ΜΟΝΟΠΡΟΣΩΠΗ Ι.Κ.Ε.,GC GROUP,802627513,ΙΚΕ,ΘΕΣΣΑΛΟΝΙΚΗΣ,chgeorgina@hotmail.com,6936119410,https://lunchboxaki.gr,,https://lunchboxaki.gr/,False,,False,,False,,
0,False,5000,160957016000,ΓΕΩΡΓΙΑ ΠΑΝ. ΑΛΕΞΟΠΟΥΛΟΥ,SOCIABLE COW  | LAVALIER jewels,140727930,ΑΤΟΜΙΚΗ,ΑΧΑΙΑΣ,social@thelazercow.com,6944467912,,https://www.thelazercow.com/,https://www.thelazercow.com/,False,,False,,False,,
0,False,4009,35309016000,ΓΕΩΡΓΙΟΣ ΒΟΥΡΛΙΟΓΚΑΣ,SILENTCREATIONS,126542617,ΑΤΟΜΙΚΗ,ΑΧΑΙΑΣ,info@silent-creations.gr,2610332095,,https://www.silent-creations.gr/,https://www.silent-creations.gr/,False,,False,,False,,
0,False,5825,65267003000,ΓΕΩΡΓΙΟΣ ΓΕΩΡΓΙΑΔΗΣ,,067372637,ΑΤΟΜΙΚΗ,ΑΤΤΙΚΗΣ,accounting@typografika.gr,2106728760,,https://typografika.gr/,https://typografika.gr/,False,,False,,False,,
0,False,3566,35200116000,ΓΕΩΡΓΙΟΣ ΓΡΑΨΑΣ,,129550936,ΑΤΟΜΙΚΗ,ΑΧΑΙΑΣ,info@grapsaspc.gr,2611812077,,https://www.grapsaspc.gr/,https://www.grapsaspc.gr/,False,,False,,False,,
0,False,1489,169367116000,ΓΕΩΡΓΙΟΣ ΚΟΛΑΡΟΣ,MARKETINGAD,126541448,ΑΤΟΜΙΚΗ,ΑΧΑΙΑΣ,info@marketingad.gr,2614019522,,https://marketingad.gr/,https://marketingad.gr/,False,,False,,False,,
0,False,10027,45895922000,ΓΕΩΡΓΟΥΣΗ ΣΩΤΗΡΙΑ ΤΟΥ ΠΑΝΑΓΙΩΤΗ,ΙΡΙΔΑ DESIGN,063720381,ΑΤΟΜΙΚΗ,ΕΥΒΟΙΑΣ,info@irida-design.gr,2221053815,,https://www.irida-design.gr/,https://www.irida-design.gr/,False,,False,,False,,
0,False,8005,170683106000,ΓΕΩΡΝΤΑΜΙΛΗΣ ΜΑΡΙΟΣ ΚΑΙ ΣΙΑ Ε.Ε.,boo republic,802136423,ΕΕ,ΘΕΣΣΑΛΟΝΙΚΗΣ,mario@boorepublic.com,2310840567,,https://www.boorepublic.com/,https://www.boorepublic.com/,False,,False,,False,,
0,False,942,3842301000,ΓΙΑΝΝΗΣ ΣΟΥΡΡΑΠΑΣ ΚΑΙ ΣΙΑ Ε.Ε.,3 ΙΝ Α ΒΟΧ (ΘΡΙ ΙΝ Ε ΜΠΟΞ),099468052,ΕΕ,ΑΤΤΙΚΗΣ,y.sourrapas@3inabox.gr,2103316123,,https://www.3inabox.gr/,https://www.3inabox.gr/,False,,False,,False,,
0,False,6931,142109724000,ΓΙΑΤΡΑ ΑΙΚΑΤΕΡΙΝΗ ΤΟΥ ΦΙΛΙΠΠΟΥ,GeeSmo-Internet Transformation,136365099,ΑΤΟΜΙΚΗ,ΖΑΚΥΝΘΟΥ,info@geesmo.gr,2695063312,,https://geesmo.gr/,https://geesmo.gr/,False,,False,,False,,
0,True,212,123623842000,ΓΙΩΡΓΟΣ ΠΑΠΑΝΑΓΙΩΤΟΥ & ΣΙΑ ΕΕ,THINKING,997816128,ΕΕ,ΑΤΤΙΚΗΣ,info@thinking.gr,2130249376,,https://thinking.gr/,https://thinking.gr/,False,,False,,False,,
0,False,5000,38159605000,ΓΚΑΤΕΝΙΟ-ΠΑΠΑΝΤΩΝΙΟΥ ΟΕ,,084108930,ΟΕ,ΘΕΣΣΑΛΟΝΙΚΗΣ,info@hybrazil.gr,2310424325,,https://hybrazil.gr/,https://hybrazil.gr/,False,,False,,False,,
0,False,1862,186316729000,ΓΚΟΥΡΜΠΑΤΣΗ ΔΗΜΗΤΡΑ ΤΟΥ ΒΑΣΙΛΕΙΟΥ,,130991364,ΑΤΟΜΙΚΗ,ΙΩΑΝΝΙΝΩΝ,info@ioannina.blog,2651052106,,https://www.ioannina.blog/,https://www.ioannina.blog/,False,,False,,False,,
0,False,3344,59173604000,ΓΚΡΑΦ ΟΥΑΝ (GRAPH ONE) ΔΙΑΦΗΜΙΣΤΙΚΗ ΑΝΑΠΤΥΞΗ ΑΝΩΝΥΜΟΣ ΕΤΑΙΡΙΑ,ΓΚΡΑΦ ΟΥΑΝ Α.Ε.,997993194,ΑΕ,ΘΕΣΣΑΛΟΝΙΚΗΣ,INFO@GRAPHONE.GR,2310789030,,https://graphone.gr/,https://graphone.gr/,False,,False,,False,,134937806000
0,False,3344,134937806000,ΓΚΡΑΦ ΟΥΑΝ GRAPH ONE ΔΙΑΦΗΜΙΣΤΙΚΗ ΑΝΑΠΤΥΞΗ ΜΟΝΟΠΡΟΣΩΠΗ Ι.Κ.Ε.,GRAPH ONE ΔΙΑΦΗΜΙΣΤΙΚΗ ΑΝΑΠΤΥΞΗ,800667411,ΙΚΕ,ΘΕΣΣΑΛΟΝΙΚΗΣ,graphone.gr@gmail.com,2310789030,http://www.graphone.gr,,https://www.graphone.gr/,False,,False,,False,,59173604000
0,False,7670,64599303000,ΓΟΥΝΑΡΗΣ ΑΘΑΝΑΣΙΟΣ ΤΟΥ ΑΝΑΣΤΑΣΙΟΥ,,066457600,ΑΤΟΜΙΚΗ,ΑΤΤΙΚΗΣ,gounaris@idea-no.com,,,https://www.idea-no.com/,https://www.idea-no.com/,False,,False,,False,,
0,True,312,1010401000,ΓΡΑΜΜΗ ΥΠΑΙΘΡΙΑΙ ΔΙΑΦΗΜΙΣΕΙΣ ΕΤΑΙΡΕΙΑ ΠΕΡΙΩΡΙΣΜΕΝΗΣ ΕΥΘΥΝΗΣ,ΓΡΑΜΜΗ Ε.Π.Ε.,095425374,ΕΠΕ,ΑΤΤΙΚΗΣ,triantafyllakosv@grammi-douka.gr,2105320245,,https://grammi-douka.gr/,https://grammi-douka.gr/,False,,False,,False,,5472101000
0,False,5000,133544301000,ΓΡΗΓΟΡΗΣ ΧΑΡΜΑΝΗΣ & ΣΙΑ Ε.Ε.,,800640146,ΕΕ,ΑΤΤΙΚΗΣ,accounting@harmanis.gr,2118000720,,https://www.harmanis.gr/el/,https://www.harmanis.gr/el/,False,,False,,False,,
0,False,10027,55040909000,ΓΡΗΓΟΡΙΟΥ ΑΘΑΝΑΣΙΟΣ TOY ΓΡΗΓΟΡΙΟΥ,ZINAN & GAM adv,004558465,ΑΤΟΜΙΚΗ,ΑΤΤΙΚΗΣ,ag@yachting-info.com,2104227300,,https://yachting-info.com/,https://www.yachting-info.com/,False,,False,,False,,
0,False,2596,175852803000,Δ ΖΑΝΝΙΑ ΚΑΙ ΣΙΑ Ε.Ε.,,802409534,ΕΕ,ΑΤΤΙΚΗΣ,info@nopoetry.gr,2155701800,,https://nopoetry.gr/,https://nopoetry.gr/,False,,False,,False,,
0,False,9371,120291101000,Δ ΚΟΥΝΔΟΥΡΑΚΗΣ  Δ ΠΟΥΛΗΣ ΟΜΟΡΡΥΘΜΟΣ ΕΤΑΙΡΕΙΑ,THELOPROMITHEUTI,800401227,ΟΕ,ΑΤΤΙΚΗΣ,info@thelopromitheuti.gr,2109917914,,https://www.thelopromitheuti.gr/,https://www.thelopromitheuti.gr/,False,,False,,False,,
0,False,1023,38696105000,Δ.ΜΠΑΧΤΣΕΒΑΝΗΣ - ΑΝ.ΡΟΥΜΕΛΙΩΤΟΥ ΟΕ,ACTIVA,997987520,ΟΕ,ΘΕΣΣΑΛΟΝΙΚΗΣ,activa@activaprint.gr,2310511755,,https://activaprint.gr/,https://activaprint.gr/,False,,False,,False,,
0,False,4303,8118901000,Δ.ΠΟΥΛΗΣ- Δ.ΚΟΥΝΔΟΥΡΑΚΗΣ ΚΑΙ ΣΙΑ ΕΤΕΡΟΡΡΥΘΜΟΣ ΕΤΑΙΡΕΙΑ,THELOSOUVLAKIA,998367377,ΕΕ,ΑΤΤΙΚΗΣ,info@thelosouvlakia.gr,2108941024,,https://www.thelosouvlakia.gr/,https://www.thelosouvlakia.gr/,False,,False,,False,,
0,False,2448,126359203000,ΔΑΒΑΚΗΣ ΔΗΜΗΤΡΙΟΣ ΤΟΥ ΗΛΙΑ,,039495660,ΑΤΟΜΙΚΗ,ΑΤΤΙΚΗΣ,d.davakis@dekay.gr,2109820522,,https://dekay.gr/,https://dekay.gr/,False,,False,,False,,
0,False,9176,126857906000,ΔΑΔΙΟΣ Π. - ΓΕΩΡΓΑΣ Κ. ΚΑΙ ΣΙΑ ΕΕ,,800516880,ΕΕ,ΘΕΣΣΑΛΟΝΙΚΗΣ,info@dynamiki-promotion.gr,2310988131,,https://www.dianomi-fylladion.gr/,https://www.dianomi-fylladion.gr/,False,,False,,False,,59338604000
0,False,5000,143026901000,ΔΑΙΔΑΛΟΣ ΔΙΑΦΗΜΙΣΤΙΚΗ ΚΑΙ ΤΕΧΝΙΚΗ Ι.Κ.Ε.,,800852757,ΙΚΕ,ΑΤΤΙΚΗΣ,info@taxconsultants.com.gr,6934677748,https://tigertech.gr/,,https://www.tigertech.gr/,False,,False,,False,,
0,False,5000,2106801000,ΔΑΝΑΗ ΣΤΑΣΙΝΟΠΟΥΛΟΥ ΚΑΙ ΣΙΑ Ε.Ε.,ΠΑΡΑΛΑΞ ΝΤΙΖΑΙΝ ΓΚΡΟΥΠ (PARALLAX DESIGN GROUP),084017441,ΕΕ,ΑΘΗΝΩΝ,,2108824470,sd.parallax@gmail.com,,https://accounts.google.com/v3/signin/identifier?continue=https://mail.google.com/mail/u/0/&emr=1&followup=https://mail.google.com/mail/u/0/&osid=1&passive=1209600&service=mail&flowName=GlifWebSignIn&flowEntry=ServiceLogin&dsh=S1210047014:1787078678908414,False,,False,,False,,141471401000 147052001000 186360706000
0,False,4503,159390103000,ΔΑΦΝΗ ΣΤΑΘΗ & ΑΦΡΟΔΙΤΗ ΣΤΑΘΗ Ο.Ε.,BLOSSOM ADVANCED COMMUNICATIONS,801573902,ΟΕ,ΑΤΤΙΚΗΣ,daphne.stathis@blossomy.gr,2106127322,,https://blossomy.gr/,https://blossomy.gr/,False,,False,,False,,
0,False,3129,13352517000,ΔΕΔΕΣ ΠΑΝΑΓΙΩΤΗΣ ΚΑΙ ΣΙΑ Ε.Ε.,PRISMA ART,082909656,ΕΕ,ΒΟΙΩΤΙΑΣ,info@prismaart.gr,2262021824,,https://prismaart.gr/,https://prismaart.gr/,False,,False,,False,,
0,True,678,171320309000,ΔΕΔΕΣ ΠΑΝΑΓΙΩΤΗΣ ΤΟΥ ΙΩΑΝΝΗ,PHD ADVERTISING  ΔΗΜΙΟΥΡΓΙΚΟ ΚΑΙ ΔΙΑΦΗΜΙΣΤΙΚΟ,170491641,ΑΤΟΜΙΚΗ,ΑΤΤΙΚΗΣ,info@phd-advertising.gr,2104112896,,https://www.phd-advertising.gr/,https://www.phd-advertising.gr/,False,,False,,False,,
0,False,2088,85670802000,ΔΕΚΑΒΑΛΛΑΣ ΑΝΑΡΓΥΡΟΣ ΤΟΥ ΕΜΜΑΝΟΥΗΛ,,113546885,ΑΤΟΜΙΚΗ,ΑΤΤΙΚΗΣ,ad@10design.gr,2106004200,,https://10design.gr/,https://10design.gr/,False,,False,,False,,
0,False,5000,137744006000,ΔΕΡΕΤΖΗ ΘΕΟΔΩΡΑ ΤΟΥ ΠΑΝΑΓΙΩΤΗ,,023415484,ΑΤΟΜΙΚΗ,ΘΕΣΣΑΛΟΝΙΚΗΣ,info@perfectadv.gr,2310588500,,https://perfectadv.gr/,https://perfectadv.gr/,False,,False,,False,,
0,True,440,145159603000,ΔΗΜΑΚΗΣ ΒΑΣΙΛΕΙΟΣ ΤΟΥ ΔΗΜΗΤΡΙΟΥ,,069662570,ΑΤΟΜΙΚΗ,ΑΤΤΙΚΗΣ,info@cmykmedia.gr,2109330487,,https://cmykmedia.gr/,https://cmykmedia.gr/,False,,False,,False,,
0,True,211,177669206000,ΔΗΜΗΤΡΑ ΚΑΒΑΛΑΡΗ ΜΟΝΟΠΡΟΣΩΠΗ Ι.Κ.Ε.,FRAU DIMITRA,802507110,ΙΚΕ,ΘΕΣΣΑΛΟΝΙΚΗΣ,d.kavalari@hotmail.com,6972541733,https://fraudimitra.gr/,,https://fraudimitra.gr/,False,,False,,False,,
0,True,627,77622827000,ΔΗΜΗΤΡΗΣ ΣΓΟΥΡΟΣ ΚΑΙ ΝΙΚΟΛΑΟΣ ΜΑΚΡΟΓΑΜΒΡΑΚΗΣ Ο.Ε.,DOT CREATIVE STUDIO,997790121,ΟΕ,ΗΡΑΚΛΕΙΟΥ,dsgouros@dotcs.net,2811107536,www.dotcreativestudio.net,,https://www.dotcreativestudio.net/,False,,False,,False,,
0,True,540,117896003000,ΔΗΜΗΤΡΙΑΔΟΥ ΜΑΡΓΑΡΙΤΑ ΤΟΥ ΘΕΟΔΩΡΟΥ,,101269690,ΑΤΟΜΙΚΗ,ΑΤΤΙΚΗΣ,magie@pos-creation.com,2108954081,,https://pos-creation.com/,https://pos-creation.com/,False,,False,,False,,
0,False,3981,827601000,ΔΗΜΗΤΡΙΟΣ ΚΑΡΟΥΣΗΣ ΤΟΥ ΕΥΑΓΓΕΛΟΥ,D.K ADVERTISING - ΟΥΡΑΝΙΟ ΦΩΣ ΔΙΑΦΗΜΙΣΕΙΣ ΕΚΔΟΣΕΙΣ,031159700,ΑΤΟΜΙΚΗ,ΑΤΤΙΚΗΣ,alexandra@dkadv.gr,2108847190,,https://dkadv.gr/,https://dkadv.gr/,False,,False,,False,,164481401000
0,False,5000,185965522000,ΔΙΑΜΑΝΤΙΔΗΣ ΣΩΤΗΡΙΟΣ ΤΟΥ ΦΩΤΙΟΥ,ΝΤΑΙΑΜΟΝΤ ΑΝΤΒΕΡΤΑΙΣΙΝΓΚ,062428870,ΑΤΟΜΙΚΗ,ΕΥΒΟΙΑΣ,sfdiamantidis@gmail.com,2221023723,www.diamondvision.gr,,https://www.diamondvision.gr/,False,,False,,False,,
0,False,8715,148846201000,ΔΙΑΦΗΜΙΣΤΙΚΗ Β & Β ΑΠΟΨΙΣ Α.Ε.,Β & Β APOPSIS,801090166,ΑΕ,ΑΤΤΙΚΗΣ,papageorgiou@apopsisb.gr,6936999164,,https://www.apopsisb.gr/,https://www.apopsisb.gr/,False,,False,,False,,2053901000
0,False,4644,7812801000,ΔΙΟΝΥΣΗΣ ΝΙΚΗΤΟΠΟΥΛΟΣ ΚΑΙ ΣΙΑ ΕΕ,,998296257,ΕΕ,ΑΤΤΙΚΗΣ,nikitop@happiness.com.gr,2106923923,,https://www.happiness.gr/,https://www.happiness.gr/,False,,False,,False,,
0,False,10027,163534203000,ΔΙΠΛΑΡΙΔΗΣ ΣΤΕΦΑΝΟΣ ΤΟΥ ΓΕΩΡΓΙΟΥ,ADVANCED MEDIA,126486050,ΑΤΟΜΙΚΗ,ΑΤΤΙΚΗΣ,info@advancedmedia.gr,2109374527,,https://www.advancedmedia.gr/,https://www.advancedmedia.gr/,False,,False,,False,,
0,True,312,5472101000,ΔΟΥΚΑ ΣΤΑΥΡΟΥΛΑ ΚΑΙ ΣΙΑ Ο.Ε.,ΔΟΥΚΑ ΔΙΑΦΗΜΙΣΤΙΚΗ,999695174,ΟΕ,ΑΤΤΙΚΗΣ,triantafyllakosv@grammi-douka.gr,2105320245,,https://grammi-douka.gr/,https://grammi-douka.gr/,False,,False,,False,,1010401000
0,True,313,37466305000,ΔΟΥΚΑΣ ΣΠΥΡΙΔΩΝ ΤΟΥ ΑΝΤΩΝΙΟΥ,,042961685,ΑΤΟΜΙΚΗ,ΘΕΣΣΑΛΟΝΙΚΗΣ,dux@otenet.gr,2310334310,http://www.dux.gr,,https://dux.gr/,False,,False,,False,,
0,False,5101,76411727000,ΔΡΑΓΟΥΜΑΝΑΚΗΣ ΓΕΩΡΓΙΟΣ ΤΟΥ ΙΩΑΝΝΗ,ΔΕΛΤΑGRAPHIX - DELTAGRAPHIX,046758637,ΑΤΟΜΙΚΗ,ΗΡΑΚΛΕΙΟΥ,info@deltaprint.gr,2810333899,,https://deltagraphix.gr/,https://deltagraphix.gr/,False,,False,,False,,
0,False,4979,21950650000,ΔΡΟΥΔΑΚΗΣ ΝΕΚΤΑΡΙΟΣ του ΑΝΔΡΕΑ,PIXEL PLUS,075415758,ΑΤΟΜΙΚΗ,ΡΕΘΥΜΝΗΣ,nektarios@pixelplus.info,2831023101,,https://pixelplus.gr/,https://pixelplus.gr/,False,,False,,False,,
0,False,1357,185809806000,ΔΩΡΟΔΟΥΛΗ ΒΑΣΙΛΙΚΗ ΔΗΜΗΤΡΑ,ARCH CREATIVE,117622607,ΑΤΟΜΙΚΗ,ΘΕΣΣΑΛΟΝΙΚΗΣ,lidia@dorodouli.com,6973435756,,https://tsipourodorodouli.com/?v=f5b15f58caba,https://tsipourodorodouli.com/?v=f5b15f58caba,False,,False,,False,,
0,False,887,59222504000,Ε ΖΑΡΙΦΗ - Κ. ΣΑΒΒΙΔΗΣ ΟΕ,Trebanal Creative Services,997825137,ΟΕ,ΘΕΣΣΑΛΟΝΙΚΗΣ,info@trebanal.gr,2310415502,,https://trebanal.gr/,https://trebanal.gr/,False,,False,,False,,
0,False,1309,145589103000,Ε ΜΑΧΑΙΡΑ ΑΙΚ ΜΑΧΑΙΡΑ ΟΕ,REBOOT CREATIVE AGENCY OE,800950321,ΟΕ,ΑΤΤΙΚΗΣ,art@reboot.com.gr,6981066713,,https://www.reboot.com.gr/,https://www.reboot.com.gr/,False,,False,,False,,
0,False,10027,6335701000,Ε. ΚΑΛΙΩΡΑΚΗΣ ΚΑΙ ΣΙΑ ΕΕ,PLUS COMMUNICATION ΕΕ,999381486,ΕΕ,ΑΤΤΙΚΗΣ,mkaliorakis@pluscom.eu,2102286688,,https://pluscom.eu/,https://pluscom.eu/,False,,False,,False,,129741001000
0,False,1542,5665801000,Ε.Γ ΑΝΤΩΝΑΤΟΣ & ΣΙΑ Ε.Ε,ADMORE,999456833,ΕΕ,ΑΘΗΝΩΝ,info@admore.gr,2106100661,,https://admore.pro/,https://admore.pro/,False,,False,,False,,
0,False,1973,43682906000,Ε.ΓΙΣΓΑΚΗΣ-Δ.ΤΗΛΙΑΒΕΡΙΔΗΣ Ο.Ε.,INTERNEED SOLUTIONS,999261913,ΟΕ,ΘΕΣΣΑΛΟΝΙΚΗΣ,a.kakaniari@interneed.gr,2310383401,,https://interneed.gr/,https://interneed.gr/,False,,False,,False,,
0,False,4069,48521038000,ΕΙΡΗΝΗ ΝΙΚΟΛΑΟΥ ΦΟΥΣΤΕΡΗ,,107661023,ΑΤΟΜΙΚΗ,ΚΥΚΛΑΔΩΝ,irinifou@yahoo.gr,2286021750,http://www.mirabo.gr,,http://www.mirabo.gr/,False,,False,,False,,
0,True,776,8318801000,ΕΛΕΥΘΕΡΙΑ ΣΟΙΜΟΙΡΗ & ΣΙΑ ΕΕ,ELSE AGENCY,998125352,ΕΕ,ΑΤΤΙΚΗΣ,esoimiri@elseagency.gr,6947999977,,https://www.elseagency.gr/,https://www.elseagency.gr/,False,,False,,False,,
0,False,1213,48578338000,ΕΜΜΑΝΟΥΗΛ ΓΕΩΡΓΙΟΥ ΜΑΡΚΑΚΗΣ,,038578743,ΑΤΟΜΙΚΗ,ΑΤΤΙΚΗΣ,info@rosettaprint.gr,2102444041,,https://rosettaprint.gr/,https://rosettaprint.gr/,False,,False,,False,,
0,False,1571,170863903000,ΕΝΕΜΑΡ Ο.Ε.,NMR.CC,802145179,ΟΕ,ΑΤΤΙΚΗΣ,mail@nmr.cc,6945862010,,https://www.nmr.cc/,https://www.nmr.cc/,False,,False,,False,,
0,False,5000,6456901000,ΕΝΖΥΜΕΙΔΙΩΤΙΚΗ ΚΕΦΑΛΑΙΟΥΧΙΚΗ ΕΤΑΙΡΕΙΑ,ΕΝΖΥΜΕ,998987787,ΙΚΕ,ΑΤΤΙΚΗΣ,info@enzyme.gr,2102723900,,https://enzyme.gr/,https://enzyme.gr/,False,,False,,False,,
0,False,7915,2014101000,ΕΞΕΣ  ΜΟΝΟΠΡΟΣΩΠΗ ΕΤΑΙΡΕΙΑ ΠΕΡΙΩΡΙΣΜΕΝΗΣ ΕΥΘΥΝΗΣ,FIVE TOWERS  | EXCESS ΜΟΝΟΠΡΟΣΩΠΗ ΕΠΕ,095617300,ΕΠΕ,ΑΤΤΙΚΗΣ,makis@excessad.gr,2106518838,www.excessad.gr,,https://www.excessad.gr/,False,,False,,False,,
0,False,3777,85480202000,ΕΡΜΙ ΜΟΝΟΠΡΟΣΩΠΗ ΕΤΑΙΡΙΑ ΠΕΡΙΟΡΙΣΜΕΝΗΣ ΕΥΘΥΝΗΣ,ΕΡΜΗΣ ΣΚΑΡΠΑΘΙΩΤΗΣ,092942384,ΕΠΕ,ΑΤΤΙΚΗΣ,info@ermi.gr,2103463289,,https://ermi.gr/,https://ermi.gr/,False,,False,,False,,
0,False,1868,4755101000,ΕΣ.ΣΙ.ΕΣ  ΝΟΟΥ ΧΑΟΥ ΛΥΣΕΙΣ ΤΕΧΝΟΛΟΓΙΑΣ ΕΤΑΙΡΕΙΑ ΠΕΡΙΟΡΙΣΜΕΝΗΣ ΕΥΘΥΝΗΣ,ΕΣ.ΣΙ.ΕΣ ΝΟΟΥΧΑΟΥ ΕΠΕ,999957246,ΕΠΕ,ΑΘΗΝΩΝ,info@scsknowhow.com,2109418106,www.scsknowhow.com,,https://scsknowhow.com/,False,,False,,False,,
0,True,293,178225801000,ΕΥΑΓΓΕΛΙΑ-ΙΡΙΣ ΣΤΕΦΑΝΙΔΟΥ ΛΟΗ ΤΟΥ ΑΛΕΞΑΝΔΡΟΥ,,147718014,ΑΤΟΜΙΚΗ,ΑΤΤΙΚΗΣ,hi@irisloi.com,6949315737,,https://www.irisloi.com/,https://www.irisloi.com/,False,,False,,False,,
0,False,2122,59722303000,ΕΥΑΓΓΕΛΟΣ ΜΑΚΡΗΣ,,031539597,ΑΤΟΜΙΚΗ,ΑΤΤΙΚΗΣ,emakris@emakris.gr,2109245407,,http://www.emakris.gr/,http://www.emakris.gr/,False,,False,,False,,
0,False,3722,26897840000,ΕΥΘΥΜΙΑΚΟΣ ΒΑΣΙΛΕΙΟΣ του ΓΕΩΡΓΙΟΥ,GRAFIX,128981818,ΑΤΟΜΙΚΗ,ΛΑΡΙΣΑΣ,info@grafix.gr,2410259975,http://grafix.gr,,https://www.grafix.gr/,False,,False,,False,,181342240000
0,False,10027,10156153000,ΕΥΘΥΜΙΟΥ ΓΕΩΡΓΙΑ ΤΟΥ ΠΑΝΑΓΙΩΤΗ,MANGO,066041734,ΑΤΟΜΙΚΗ,ΤΡΙΚΑΛΩΝ,info@designmagazine.gr,2431029630,,https://designmagazine.gr/,https://designmagazine.gr/,False,,False,,False,,
0,False,912,191040232000,ΕΥΘΥΜΙΟΥ ΔΗΜΗΤΡΙΟΣ ΤΟ ΣΠΥΡΙΔΩΝΑ,,131350614,ΑΤΟΜΙΚΗ,ΚΑΣΤΟΡΙΑΣ,contact@efthimioumarketing.gr,6977247692,,http://efthimioumarketing.gr/,http://efthimioumarketing.gr/,False,,False,,False,,
0,False,1587,142268703000,ΕΥΘΥΜΙΟΥ ΘΑΝΑΣΗΣ ΚΑΙ ΑΠΟΣΤΟΛΟΠΟΥΛΟΣ ΕΛΕΥΘΕΡΙΟΣ Ο.Ε.,STUDIO KOMODO,800826844,ΟΕ,ΑΤΤΙΚΗΣ,info@komodo.gr,2130450332,,https://komodo.gr/,https://komodo.gr/,False,,False,,False,,
0,False,5053,43598406000,ΖΑΛΟΥΜΗΣ Ε. & ΣΙΑ ΕΕ,Επαγγελματικές Εφαρμογές Ε.Ε.,998905424,ΕΕ,ΘΕΣΣΑΛΟΝΙΚΗΣ,info@businessads.gr,566767,,https://www.businessads.gr/el/,https://www.businessads.gr/el/,False,,False,,False,,
0,False,5740,138553904000,ΖΑΜΠΟΥΡΙΔΗΣ ΔΗΜΗΤΡΙΟΣ ΑΡΙΣΤΕΙΔΗ,,066972842,ΑΤΟΜΙΚΗ,ΘΕΣΣΑΛΟΝΙΚΗΣ,dimitris@twistedsquare.gr,2310028297,,https://twistedsquare.gr/,https://twistedsquare.gr/,False,,False,,False,,192797406000
0,False,5740,192797406000,ΖΑΜΠΟΥΡΙΔΗΣ ΔΗΜΗΤΡΙΟΣ ΚΑΙ ΣΙΑ Ε.Ε.,twistedsquare,803238610,ΕΕ,ΘΕΣΣΑΛΟΝΙΚΗΣ,welcome@twistedsquare.gr,6946066210,,https://twistedsquare.gr/,https://twistedsquare.gr/,False,,False,,False,,138553904000
0,False,5000,178656916000,ΖΑΠΑΝΤΙΩΤΗΣ ΓΕΩΡΓΙΟΣ,,157125530,ΑΤΟΜΙΚΗ,ΑΧΑΙΑΣ,george@socialbuzzing.co.uk,6970932544,,https://socialbuzzing.co.uk/,https://socialbuzzing.co.uk/,False,,False,,False,,
0,False,4916,185705340000,ΖΑΦΕΙΡΟΥΛΗΣ ΣΠΥΡΙΔΩΝ ΠΑΝΑΓΙΩΤΗΣ,NeuroAds,070755900,ΑΤΟΜΙΚΗ,ΛΑΡΙΣΑΣ,zaf.spyros@gmail.com,2410661424,https://neuroads.gr/,,https://neuroads.gr/,False,,False,,False,,
0,True,308,136497402000,ΖΕΡΒΟΣ ΠΑΝΑΓΙΩΤΗΣ ΤΟΥ ΣΕΡΑΦΕΙΜ,STUDIO CLIP,040364348,ΑΤΟΜΙΚΗ,ΑΤΤΙΚΗΣ,info@studioclip.gr,2109961342,,https://studioclip.gr/,https://studioclip.gr/,False,,False,,False,,
0,False,5000,63874803000,ΗΛΙΑΣ ΗΛΙΟΠΟΥΛΟΣ,SMART MEDIA,104384568,ΑΤΟΜΙΚΗ,ΑΤΤΙΚΗΣ,info@smartmedia.com.gr,2109645203,,https://smartmedia.com.gr/,https://smartmedia.com.gr/,False,,False,,False,,
0,False,2900,67052803000,ΗΛΙΑΣ ΤΣΑΛΔΑΡΗΣ,INNOVATION GROUP,131554870,ΑΤΟΜΙΚΗ,ΑΤΤΙΚΗΣ,et@innovationgroup.gr,2102206402,,https://www.innovationgroup.gr/,https://www.innovationgroup.gr/,False,,False,,False,,
0,False,5000,144802403000,ΗΛΙΟΠΟΥΛΟΣ - ΚΑΡΑΝΙΚΟΛΑ ΟΕ,PROMOSHOOT,800914358,ΟΕ,ΑΤΤΙΚΗΣ,n.karanikola@promoshoot.gr,2109757668,,http://www.promoshoot.gr/,http://www.promoshoot.gr/,False,,False,,False,,
0,False,5230,6596301000,ΘΕΟΔΟΣΙΑ ΚΟΨΗ ΤΟΥ ΓΕΩΡΓΙΟΥ-ΑΡΗ,,057820480,ΑΤΟΜΙΚΗ,ΑΤΤΙΚΗΣ,info@mellonart.gr,2106149012,,https://www.mellonart.gr/,https://www.mellonart.gr/,False,,False,,False,,
0,False,5614,176760203000,ΘΕΟΔΩΡΟΣ ΓΕΩΡΓΕΔΑΚΗΣ ΜΟΝΟΠΡΟΣΩΠΗ Ι.Κ.Ε.,DAY ONE GROWTH IGNITERS,802459630,ΙΚΕ,ΑΤΤΙΚΗΣ,alastor@alastor.gr,2310514669,https://www.dayone.gr/%CE%B3%CE%B5%CE%BC%CE%B7,,https://www.dayone.gr/,False,,False,,False,,
0,False,8034,133652828000,ΘΕΟΔΩΡΟΥ ΣΠΥΡΙΔΩΝ ΤΟΥ ΕΚΤΟΡΑ,Plus+ΔΙΑΦΗΜΙΣΤΙΚΗ,108000163,ΑΤΟΜΙΚΗ,ΘΕΣΠΡΩΤΙΑΣ,info@plus.com.gr,2665027515,,https://www.plus.com.gr/,https://www.plus.com.gr/,False,,False,,False,,
0,False,1188,169139203000,ΘΕΟΦΙΛΟΠΟΥΛΟΥ ΑΜΑΛΙΑ,ΙΝΜΠΙΤΟΥΙΝ,131205379,ΑΤΟΜΙΚΗ,ΑΤΤΙΚΗΣ,design.amalia@gmail.com,2130384566,inbetween.gr,,https://inbetween.gr/,False,,False,,False,,
0,False,5000,51116844000,ΘΗΤΑ ΕΠΙΚΟΙΝΩΝΙΑ ΕΤΑΙΡΕΙΑ ΠΕΡΙΟΡΙΣΜΕΝΗΣ ΕΥΘΥΝΗΣ,ΘΗΤΑ ΕΠΙΚΟΙΝΩΝΙΑ Ε.Π.Ε.,997897110,ΕΠΕ,ΜΑΓΝΗΣΙΑΣ,SEC@E-THESSALIA.GR,2421421510,,https://e-thessalia.gr/,https://e-thessalia.gr/,False,,False,,False,,
0,True,617,155439803000,ΘΩΜΑΪΔΗ ΕΙΡΗΝΗ ΤΟΥ ΘΩΜΑ,ALATI DESIGN,133331503,ΑΤΟΜΙΚΗ,ΑΤΤΙΚΗΣ,hello@alatidesign.gr,2103808883,,https://alatidesign.gr/,https://alatidesign.gr/,False,,False,,False,,
0,False,2787,27057240000,Ι. ΙΩΑΝΝΙΔΗΣ - Ι. ΠΑΠΑΔΟΠΟΥΛΟΣ Ο.Ε.,ΜΟΥΤΖΟΥΡΑ,998789088,ΟΕ,ΛΑΡΙΣΑΣ,info@moutzoura.gr,2410539313,,https://www.moutzoura.gr/,https://www.moutzoura.gr/,False,,False,,False,,
0,False,4179,961101000,Ι.Ν. ΛΕΟΥΣΗΣ ΔΙΑΦΗΜΙΣΤΙΚΗ ΕΜΠΟΡΙΚΗ ΑΝΩΝΥΜΗ ΕΤΑΙΡΙΑ ΠΛΗΡΩΝ ΥΠΗΡΕΣΙΩΝ,JNL +,094356380,ΑΕ,ΑΘΗΝΩΝ,info@ambe.gr,2106140035,www.jnl.com,,https://www.jnl.com/,False,,False,,False,,
0,False,3699,69570903000,ΙΔΕΑ ΔΙΑΦΗΜΙΣΤΙΚΗ ΜΟΝΟΠΡΟΣΩΠΗ ΕΤΑΙΡΕΙΑ ΠΕΡΙΩΡΙΣΜΕΝΗΣ ΕΥΘΥΝΗΣ,ΙΔΕΑ ΔΙΑΦΗΜΙΣΤΙΚΗ Μ.Ε.Π.Ε.,998415030,ΕΠΕ,ΑΘΗΝΩΝ,,2108250408,www.advidea.gr,,https://advidea.gr/,False,,False,,False,,
0,False,855,83326202000,ΙΝΚ ΕΤΑΙΡΕΙΑ ΠΕΡΙΟΡΙΣΜΕΝΗΣ ΕΥΘΥΝΗΣ,INK DESIGN,095354807,ΕΠΕ,ΑΘΗΝΩΝ,info@ink.gr,2102281201,www.ink.gr,,https://www.ink.gr/,False,,False,,False,,
0,False,10027,139029129000,ΙΝΤΕΡΔΙΑΦΗΜΙΣΤΙΚΗ - ΕΚΔΟΤΙΚΗ Ι.Κ.Ε.,ADASTRA,800737915,ΙΚΕ,ΙΩΑΝΝΙΝΩΝ,,6983032963,https://www.epirusnews.eu/,,https://www.epirusnews.eu/,False,,False,,False,,
0,False,10027,38512505000,ΙΟΡΔΑΝΙΔΗΣ ΑΘΑΝΑΣΙΟΣ ΤΟΥ ΠΑΝΤΑΖΗ,NET GRAPHICS,112560095,ΑΤΟΜΙΚΗ,ΘΕΣΣΑΛΟΝΙΚΗΣ,info@netgraphics.gr,2310828098,,https://www.netgraphics.gr/,https://www.netgraphics.gr/,False,,False,,False,,
0,False,10027,141119602000,ΙΟΡΔΑΝΟΥ ΓΕΩΡΓΙΟΣ ΤΟΥ ΝΙΚΗΤΑ,ESTILO printings & constructions,120893744,ΑΤΟΜΙΚΗ,ΑΤΤΙΚΗΣ,info@estilo.gr,,,https://www.estilo.gr/,https://www.estilo.gr/,False,,False,,False,,
0,True,732,154946703000,ΙΡΙΣ STUDIOS ΙΔΙΩΤΙΚΗ ΚΕΦΑΛΑΙΟΥΧΙΚΗ ΕΤΑΙΡΕΙΑ,IRIS STUDIOS ΙΚΕ,801352379,ΙΚΕ,ΑΤΤΙΚΗΣ,info@iristv.gr,6989783886,,https://iristv.gr/,https://iristv.gr/,False,,False,,False,,
0,True,268,155109646000,ΙΣΤ ΠΡΟΜΟΣΙΟΝ ΜΟΝΟΠΡΟΣΩΠΗ Ι.Κ.Ε.,ΙΣΤ ΠΡΟΜΟΣΙΟΝ,801359762,ΙΚΕ,ΞΑΝΘΗΣ,tsilemanis@eastpromotion.gr,2541106342,,https://www.eastpromotion.gr/,https://www.eastpromotion.gr/,False,,False,,False,,
0,False,3263,182689703000,ΙΩΑΚΕΙΜ ΚΑΛΛΙΒΡΟΥΣΗΣ ΧΑΡΤΟΓΡΑΦΙΚΗ Ε.Ε.,ΙΩΑΚΕΙΜ ΚΑΛΛΙΒΡΟΥΣΗΣ ΧΑΡΤΟΓΡΑΦΙΚΗ,802783301,ΕΕ,ΑΤΤΙΚΗΣ,info@hartografiki.gr,6937470532,,https://hartografiki.gr/,https://hartografiki.gr/,False,,False,,False,,
0,False,5000,121743238000,ΙΩΑΝΝΗΣ ΑΛΚΙΒΙΑΔΗ ΠΙΤΤΑΚΙΔΗΣ,,119206263,ΑΤΟΜΙΚΗ,ΚΥΚΛΑΔΩΝ,info@otherwise.gr,,,https://otherwise.gr/,https://otherwise.gr/,False,,False,,False,,
0,False,1200,87546702000,ΙΩΑΝΝΗΣ ΑΝΑΣΤΑΣΟΠΟΥΛΟΣ ΚΑΙ ΣΙΑ ΟΕ,Creative Dock,997714820,ΟΕ,ΑΘΗΝΩΝ,inbox@creativedock.gr,2106236207,,https://creativedock.gr/,https://creativedock.gr/,False,,False,,False,,
0,False,5000,138383601000,Κ 2 Κ Ι.Κ.Ε.,Κ2 Κ,800722336,ΙΚΕ,ΑΤΤΙΚΗΣ,v.kikilias@k2k.gr,2106817640,WWW.K2K.GR,,https://www.k2k.gr/,False,,False,,False,,
0,True,393,143853103000,Κ ΠΑΠΑΓΕΩΡΓΙΟΥ - Κ ΝΙΝΗΣ ΟΕ,THE UPPER PROMOTION SERVICES,800881311,ΟΕ,ΑΤΤΙΚΗΣ,kninis@theupper.gr,2105776476,,http://theupper.gr/,http://theupper.gr/,False,,False,,False,,
0,False,4558,9598401000,Κ. ΚΟΥΤΣΑΝΤΩΝΑΚΗΣ ΜΟΝΟΠΡΟΣΩΠΗ ΕΤΑΙΡΕΙΑ ΠΕΡΙΟΡΙΣΜΕΝΗΣ ΕΥΘΥΝΗΣ,FISHMOTION,998409871,ΕΠΕ,ΑΤΤΙΚΗΣ,ckou@fish-com.gr,2102929091,www.fish-com.gr,,https://www.fishmotion.com/,False,,False,,False,,
0,False,5469,85828202000,Κ. ΣΤΡΑΤΗΣ-Ι. ΓΕΩΡΓΙΑΔΗΣ ΟΕ,B & B REPRODUCTIONS,999685863,ΟΕ,ΑΤΤΙΚΗΣ,despoina@reproductions.gr,2106818095,,https://reproductions.gr/,https://reproductions.gr/,False,,False,,False,,69630103000
0,False,5000,189930808000,ΚΑΒΑΛΛΑΡΗΣ ΧΡΗΣΤΟΣ ΜΟΝΟΠΡΟΣΩΠΗ Α.Ε.,ΚΑΒΑΛΛΑΡΗΣ ΧΡΗΣΤΟΣ,803117154,ΑΕ,ΑΤΤΙΚΗΣ,info@kavallaris.gr,2104448050,www.kavallaris.gr,,https://kavallaris.gr/,False,,False,,False,,
0,False,2785,72694120000,ΚΑΒΟΥΚΛΗΣ ΜΙΧΑΗΛ,M.G.K.,131015688,ΑΤΟΜΙΚΗ,ΔΩΔΕΚΑΝΗΣΟΥ,kavuklis@mgk.com.gr,2241030486,,https://www.mgk.com.gr/el/homepage-2/,https://www.mgk.com.gr/el/homepage-2/,False,,False,,False,,
0,False,2695,191977840000,ΚΑΚΟΥΡΟΣ  ΠΕΤΡΟΣ,,107543276,ΑΤΟΜΙΚΗ,ΛΑΡΙΣΑΣ,info@sowl.gr,,,https://www.sowl.gr/,https://www.sowl.gr/,False,,False,,False,,
0,False,9115,87354602000,ΚΑΛΑΜΑΤΙΑΝΟΣ ΠΕΤΡΟΣ ΤΟΥ ΝΙΚΟΛΑΟΥ,REGISTER,025354980,ΑΤΟΜΙΚΗ,ΑΤΤΙΚΗΣ,info@registerdesign.gr,2106820730,,https://registerdesign.gr/,https://registerdesign.gr/,False,,False,,False,,
0,False,3110,30769429000,ΚΑΛΑΜΠΟΚΑ ΒΑΣΙΛΙΚΗ ΤΟΥ ΠΑΝΑΓΙΩΤΗ,,079049782,ΑΤΟΜΙΚΗ,ΙΩΑΝΝΙΝΩΝ,info@imagemag.gr,2651068500,,https://mykarta.gr/,https://mykarta.gr/,False,,False,,False,,
0,False,1240,26656240000,ΚΑΛΑΪΤΣΙΔΗΣ ΧΑΡΑΛΑΜΠΟΣ ΤΟΥ ΠΑΝΑΓΙΩΤΗ,KIMOLIA,100933294,ΑΤΟΜΙΚΗ,ΛΑΡΙΣΑΣ,kimolia@kimoliagraphics.com,,,https://www.kimoliagraphics.com/,https://www.kimoliagraphics.com/,False,,False,,False,,
0,False,10027,178705203000,ΚΑΛΙΑΚΟΥΔΗΣ ΠΑΥΛΟΣ,,146892621,ΑΤΟΜΙΚΗ,ΑΤΤΙΚΗΣ,pavlos.kaliakoudis@pkd-max.com,6987896132,,https://pkd-max.com/,https://pkd-max.com/,False,,False,,False,,
0,False,5048,116126127000,ΚΑΝΤΕΜΝΙΔΗΣ ΕΜΜΑΝΟΥΗΛ ΤΟΥ ΙΩΑΝΝΗ,,125564476,ΑΤΟΜΙΚΗ,ΗΡΑΚΛΕΙΟΥ,kantemnidis@teampromotion.gr,2813009740,,https://teampromotion.gr/,https://teampromotion.gr/,False,,False,,False,,
0,True,703,132503501000,ΚΑΠΑ ΛΑΜΔΑ ΩΜΕΓΑ ΔΙΑΦΗΜΙΣΤΙΚΗ ΕΜΠΟΡΙΚΗ ΜΟΝΟΠΡΟΣΩΠΗ ΕΤΑΙΡΕΙΑ ΠΕΡΙΟΡΙΣΜΕΝΗΣ ΕΥΘΥΝΗΣ,«ALOE di CRETA»,800619900,ΕΠΕ,ΑΤΤΙΚΗΣ,log@klw.gr,2105791092,www.klw.gr,,https://www.klw.gr/,False,,False,,False,,
0,False,5000,2051701000,ΚΑΠΑ ΣΙΓΜΑ ΔΕΛΤΑ ΕΚΔΟΤΙΚΗ ΔΙΑΦΗΜΙΣΤΙΚΗ ΕΙΣΑΓΩΓΙΚΗ ΕΞΑΓΩΓΙΚΗ ΤΟΥΡΙΣΤΙΚΗ ΝΑΥΤΙΛΙΑΚΗ ΕΤΑΙΡΕΙΑ ΣΥΜΒΟΥΛΩΝ ΑΝΩΝΥΜΗ ΕΤΑΙΡΕΙΑ,ΚΑΠΑ Σ. ΔΕΛΤΑ Α.Ε.,094420370,ΑΕ,ΑΘΗΝΩΝ,asaccounting@outlook.com,6986790890,https://eshop.ksdamenities.gr,,https://eshop.ksdamenities.gr/,False,,False,,False,,
0,False,5000,192984903000,ΚΑΡΑΒΑΚΟΣ ΗΛΙΑΣ ΤΟΥ ΒΑΣΙΛΕΙΟΥ,,135377840,ΑΤΟΜΙΚΗ,ΑΤΤΙΚΗΣ,info@ekfrasi.net,,,https://ekfrasi.net/,https://ekfrasi.net/,False,,False,,False,,
0,False,3219,21164226000,ΚΑΡΑΒΑΣΙΛΗ ΧΑΡΟΥΛΑ ΤΟΥ ΘΩΜΑ,,122726384,ΑΤΟΜΙΚΗ,ΗΜΑΘΙΑΣ,info@epigrafix.gr,2333023396,,https://epigrafix.gr/,https://epigrafix.gr/,False,,False,,False,,
0,True,367,121584306000,ΚΑΡΑΓΙΑΝΝΙΔΟΥ ΚΥΡΙΑΚΗ ΤΟΥ ΑΝΕΣΤΗ,ΤΟΜΑΤΟ,131120730,ΑΤΟΜΙΚΗ,ΘΕΣΣΑΛΟΝΙΚΗΣ,tomato@tomato-creative.com,2310488358,,https://tomato-creative.com/,https://tomato-creative.com/,False,,False,,False,,
0,False,7435,180977106000,ΚΑΡΑΓΚΟΥΝΗ ΠΑΡΑΣΚΕΥΗ,PLUSVALUE ADVERTISING,172151132,ΑΤΟΜΙΚΗ,ΘΕΣΣΑΛΟΝΙΚΗΣ,info@plusvalue.com.gr,2310798076,www.plusvalue.com.gr,,https://www.plusvalue.com.gr/,False,,False,,False,,
0,False,1311,86944202000,ΚΑΡΑΙΣΚΟΣ ΧΡΥΣΟΣΤΟΜΟΣ ΤΟΥ ΜΙΧΑΗΛ,DESIGNIUM,105686913,ΑΤΟΜΙΚΗ,ΑΤΤΙΚΗΣ,tm@designium.gr,6955587044,,https://designium.gr/,https://designium.gr/,False,,False,,False,,
0,False,2091,16863649000,ΚΑΡΑΜΟΥΤΣΙΟΣ ΑΧΙΛΛΕΑΣ ΤΟΥ ΘΩΜΑ,,069855993,ΑΤΟΜΙΚΗ,ΠΡΕΒΕΖΑΣ,info@karamoutsios.gr,2683041606,,https://www.karamoutsios.gr/,https://www.karamoutsios.gr/,False,,False,,False,,
0,False,3986,69218403000,ΚΑΡΑΜΠΑΤΖΟΣ ΑΛΕΞΑΝΔΡΟΣ ΕΤΕΡΟΡΡΥΘΜΟΣ ΕΤΑΙΡΙΑ,YELLOW E.E.,999278495,ΕΕ,ΑΘΗΝΩΝ,alex@yelloworks.gr,2106725831,www.yelloworks.gr,,https://www.yelloworks.gr/,False,,False,,False,,
0,False,2005,176531106000,ΚΑΡΑΣΑΚΑΛΙΔΗΣ ΚΥΡΙΑΚΟΣ ΤΟΥ ΑΝΔΡΟΝΙΚΟΥ,,065398092,ΑΤΟΜΙΚΗ,ΘΕΣΣΑΛΟΝΙΚΗΣ,kyriakoska@programmata-espa.gr,,,https://programmata-espa.gr/,https://programmata-espa.gr/,False,,False,,False,,
0,False,7499,5366801000,"ΚΑΡΙΕΡΑ ΑΝΩΝΥΜΗ ΕΤΑΙΡΕΙΑ ΤΕΧΝΟΓΝΩΣΙΑΣ ΕΠΙΜΕΛΕΙΑΣ, ΕΜΠΟΡΙΚΗΣ ΠΡΟΩΘΗΣΗΣ ΚΑΙ ΕΚΜΕΤΑΛΛΕΥΣΗΣ ΕΙΔΙΚΩΝ ΕΚΔΟΣΕΩΝ",ΚΑΡΙΕΡΑ Α.Ε.,999642562,ΑΕ,ΑΤΤΙΚΗΣ,finance@kariera.gr,2108115300,www.kariera.gr,,https://www.kariera.gr/,False,,False,,False,,
0,False,10027,167313004000,ΚΑΡΥΩΤΗΣ ΕΥΣΤΑΘΙΟΣ ΤΟΥ ΙΩΑΝΝΗ,,048154087,ΑΤΟΜΙΚΗ,ΘΕΣΣΑΛΟΝΙΚΗΣ,skaryotis@pelc.gr,2310329001,,https://pelc.gr/,https://pelc.gr/,False,,False,,False,,
0,False,8659,143761620000,ΚΑΣΤΗΣ  ΠΑΝΑΓΙΩΤΗΣ,,108121378,ΑΤΟΜΙΚΗ,ΔΩΔΕΚΑΝΗΣΟΥ,info@kastisleros.gr,,,https://www.kastisleros.gr/,https://www.kastisleros.gr/,False,,False,,False,,
0,False,8151,123807903000,ΚΑΤΕΡΙΝΗ  ΜΥΡΤΩ  ΤΟΥ ΓΕΩΡΓΙΟΥ,,135358720,ΑΤΟΜΙΚΗ,ΑΤΤΙΚΗΣ,info@meatnews.gr,2108210028,,https://meatnews.gr/,https://meatnews.gr/,False,,False,,False,,
0,False,5000,56813909000,ΚΑΤΣΙΓΙΩΡΓΗΣ ΠΑΥΛΟΣ TOY ΜΙΧΑΗΛ,"""Smart Graphic""",045173742,ΑΤΟΜΙΚΗ,ΑΤΤΙΚΗΣ,info@smartgraphic.gr,2104128152,,https://smartgraphic.gr/,https://smartgraphic.gr/,False,,False,,False,,
0,False,10027,7960301000,ΚΑΤΣΙΚΑΣ Ι. ΚΑΙ ΣΙΑ Ε.Ε.,MAXPRINT,998630694,ΕΕ,ΑΤΤΙΚΗΣ,g.katsikas@maxprint.gr,2105717484,www.maxprint.gr,,https://maxprint.gr/,False,,False,,False,,
0,False,4723,26170640000,ΚΑΦΑΝΕΛΗΣ ΠΕΤΡΟΣ ΤΟΥ ΜΙΧΑΗΛ,,057411790,ΑΤΟΜΙΚΗ,ΛΑΡΙΣΑΣ,info@art-graphics.gr,2410538207,,https://www.art-graphics.gr/,https://www.art-graphics.gr/,False,,False,,False,,
0,False,820,37331405000,ΚΕΣΟΠΟΥΛΟΣ ΔΗΜΗΤΡΙΟΣ ΤΟΥ ΑΡΙΣΤΕΙΔΗ,,039527765,ΑΤΟΜΙΚΗ,ΘΕΣΣΑΛΟΝΙΚΗΣ,info@kessopoulos.gr,2310247783,,https://kessopoulos.gr/,https://kessopoulos.gr/,False,,False,,False,,
0,False,4362,87633702000,ΚΙΟΡΟΓΛΟΥ ΑΝΔΡΕΑΣ ΤΟΥ ΑΝΤΩΝΙΟΥ,MATADOG DESIGN,102931038,ΑΤΟΜΙΚΗ,ΑΤΤΙΚΗΣ,info@matadog.com,2106995237,,https://matadog.com/,https://matadog.com/,False,,False,,False,,
0,False,9783,166381561000,ΚΟΙΝΩΝΙΚΗ ΣΥΝΕΤΑΙΡΙΣΤΙΚΗ ΕΠΙΧΕΙΡΗΣΗ ΣΥΛΛΟΓΙΚΗΣ ΚΑΙ ΚΟΙΝΩΝΙΚΗΣ ΩΦΕΛΕΙΑΣ WOW,,996839979,Κοιν.Σ.Επ.,, info@saywow.gr,2651025255,,https://wowbranding.gr/,https://wowbranding.gr/,False,,False,,False,,
0,False,833,130958527000,ΚΟΚΑΛΗ ΣΤΥΛΙΑΝΗ-ΜΑΡΙΑ ΤΟΥ ΝΙΚΟΛΑΟΥ,ARTIVITY ΖΟΝΕ,037127983,ΑΤΟΜΙΚΗ,ΗΡΑΚΛΕΙΟΥ,liana@artivityzone.gr,2810289343,,https://artivityzone.gr/gr,https://artivityzone.gr/gr,False,,False,,False,,
0,False,7173,41324306000,ΚΟΛΟΚΥΘΑΣ ΠΑΝΑΓΙΩΤΗΣ ΤΟΥ ΑΝΑΓΝΩΣΤΗ,,062926477,ΑΤΟΜΙΚΗ,ΘΕΣΣΑΛΟΝΙΚΗΣ,info@kolokithasprint.gr,2313090756,,https://kolokithasprint.gr/,https://kolokithasprint.gr/,False,,False,,False,,
0,False,994,66574903000,ΚΟΛΟΚΥΘΑΣ ΧΡΗΣΤΟΣ ΤΟΥ ΔΗΜΗΤΡΙΟΥ,AESTETIK,113330367,ΑΤΟΜΙΚΗ,ΑΤΤΙΚΗΣ,kolokythas@aestetikdesign.com,2114076577,,https://www.aestetikdesign.com/,https://www.aestetikdesign.com/,False,,False,,False,,
0,False,1166,793401000,ΚΟΜΠΑΚΤ ΜΟΝΟΠΡΟΣΩΠΗ ΕΤΑΙΡΕΙΑ ΠΕΡΙΟΡΙΣΜΕΝΗΣ ΕΥΘΥΝΗΣ-ΕΠΙΚΟΙΝΩΝΙΑ ΚΑΙ ΕΝΕΡΓΕΙΕΣ ΠΡΟΩΘΗΣΗΣ,COMPACT,095617581,ΕΠΕ,ΑΤΤΙΚΗΣ,lpirounaki@compactad.gr,2108032130,,https://compactad.gr/,https://compactad.gr/,False,,False,,False,,
0,False,5000,147052001000,ΚΟΝΤΟΠΟΥΛΟΣ - ΜΕΛΑΧΡΟΙΝΟΣ ΙΔΙΩΤΙΚΗ ΚΕΦΑΛΑΙΟΥΧΙΚΗ ΕΤΑΙΡΙΑ,ΚΟΝΤΟΠΟΥΛΟΣ - ΜΕΛΑΧΡΟΙΝΟΣ ΙΚΕ,801017891,ΙΚΕ,ΑΤΤΙΚΗΣ,info@e-logistiki.gr,2106845572,https://sites.google.com/view/kontopoulosmelachrinosike,,https://accounts.google.com/v3/signin/identifier?continue=https://sites.google.com/&followup=https://sites.google.com/&osid=1&passive=1209600&service=wise&flowName=GlifWebSignIn&flowEntry=ServiceLogin&dsh=S505637831:1787078740043320,False,,False,,False,,2106801000 141471401000 186360706000
0,False,4678,4189701000,ΚΟΡΠΟΡΕΙΤ ΓΟΥΕΜΠ ΑΝΩΝΥΜΟΣ ΕΤΑΙΡΕΙΑ ΔΙΑΦΗΜΙΣΕΩΝ ΚΑΙ ΔΗΜΟΣΙΩΝ ΣΧΕΣΕΩΝ,ΚΟΡΠΟΡΕΙΤ ΓΟΥΕΜΠ Α.Ε.,099939143,ΑΕ,ΑΤΤΙΚΗΣ,,21028607100,http://e-isologismo.eu/korporeit,,https://e-isologismo.eu/,False,,False,,False,,
0,False,4680,145927352000,ΚΟΥΚΟΥ ΙΩΑΝΝΑ ΤΟΥ ΣΤΕΦΑΝΟΥ,,156052074,ΑΤΟΜΙΚΗ,ΣΕΡΡΩΝ,info@macohair.gr,2321062545,,https://macohair.gr/,https://macohair.gr/,False,,False,,False,,
0,False,2256,161566720000,ΚΟΥΛΟΥΜΠΡΗΣ ΝΙΚΟΛΑΟΣ,,122270561,ΑΤΟΜΙΚΗ,ΔΩΔΕΚΑΝΗΣΟΥ,nikfin@cloudarts.net,,www.cloudarts.net,,https://www.cloudarts.net/,False,,False,,False,,
0,False,5000,153224206000,ΚΟΥΝΙΟ ΕΡΡΙΚΟΣ Ε.Ε.,AETERNO DESIGN GROUP,801272841,ΕΕ,ΘΕΣΣΑΛΟΝΙΚΗΣ,eric@kounio.gr,6984648268,,https://kounio.gr/,https://kounio.gr/,False,,False,,False,,
0,False,1310,175102206000,ΚΟΥΝΙΣ ΑΙΜΙΛΙΟΣ ΠΑΣΧΑΛΗΣ,ΚΟΥΝΙΣ ΕΝΤ ΚΟΥΝΙΣ,131125146,ΑΤΟΜΙΚΗ,ΘΕΣΣΑΛΟΝΙΚΗΣ,info@kouniskounis.gr,2310488355,https://kounis.eu,,https://kounis.eu/,False,,False,,False,,
0,False,4324,130078419000,ΚΡΑΛΛΗ ΚΩΝΣΤΑΝΤΙΝΑ ΤΟΥ ΙΩΑΝΝΗ,ΠΡΟΒΟΛΗ,156549156,ΑΤΟΜΙΚΗ,ΔΡΑΜΑΣ,info@provoli.eu,2521046959,,https://www.provoli.eu/,https://www.provoli.eu/,False,,False,,False,,
0,False,5000,86056202000,ΚΡΗΤΙΚΟΣ ΣΤΥΛΙΑΝΟΣ ΤΟΥ ΕΜΜΑΝΟΥΗΛ,,044009380,ΑΤΟΜΙΚΗ,ΑΤΤΙΚΗΣ,skritikos@brandnew.gr,2102617739,,https://brandnew.gr/,https://brandnew.gr/,False,,False,,False,,
0,False,4435,165346402000,ΚΥΡΛΟΓΛΟΥ ΚΩΝΣΤΑΝΤΙΝΟΣ-ΥΠΗΡΕΣΙΕΣ ΤΟΥΡΙΣΜΟΥ ΚΑΙ ΔΙΑΦΗΜΙΣΗΣ Ε.Ε.,,801895509,ΕΕ,ΑΤΤΙΚΗΣ,kyrloglou@travelproject.gr,6988632379,,https://travelproject.gr/,https://travelproject.gr/,False,,False,,False,,
0,False,4138,190321803000,ΚΩΛΕΤΣΗΣ ΦΙΛΙΠΠ,,075976979,ΑΤΟΜΙΚΗ,ΑΝΑΤΟΛΙΚΗΣ ΑΤΤΙΚΗΣ,philip@7scoops.com,6945900253,,https://7scoops.com/,https://7scoops.com/,False,,False,,False,,
0,False,5000,1710701000,ΚΩΝΣΤΑΝΤΙΝΟΣ ΓΚΡΙΤΖΑΛΗΣ ΤΟΥ ΠΑΝΑΓΙΩΤΗ,ARIP,033078803,ΑΤΟΜΙΚΗ,ΑΤΤΙΚΗΣ,admin@arip.gr,2155700860,,https://www.arip.gr/,https://www.arip.gr/,False,,False,,False,,
0,False,2694,87224202000,ΚΩΝΣΤΑΝΤΙΝΟΣ ΚΑΙ ΘΟΔΩΡΗΣ ΜΑΣΤΡΟΓΙΑΝΝΗΣ Ο.Ε.,,999380416,ΟΕ,ΑΤΤΙΚΗΣ,art@blackballoon.gr,2107018301,,https://www.blackballoon.gr/,https://www.blackballoon.gr/,False,,False,,False,,
0,False,950,52813648000,ΚΩΝΣΤΑΝΤΙΝΟΣ ΛΕΝΟΣ-ΣΩΤΗΡΙΟΣ ΤΑΚΟΣ Ο.Ε.,ΤΖΕΛΛΙΦΙΣ (JELLYFISH),998065640,ΟΕ,ΠΙΕΡΙΑΣ,info@jellyfishartworks.gr,2351029404,,https://jellyfish.gr/,https://jellyfish.gr/,False,,False,,False,,
0,False,5469,69630103000,ΚΩΝΣΤΑΝΤΙΝΟΣ ΣΤΡΑΤΗΣ ΚΑΙ ΣΙΑ ΕΕ,,998708662,ΕΕ,ΑΘΗΝΩΝ,despoina@reproductions.gr,2106818095,,https://reproductions.gr/,https://reproductions.gr/,False,,False,,False,,85828202000
0,False,8930,189325838000,ΚΩΝΣΤΑΝΤΙΝΟΣ ΧΑΡΑΛΑΜΠΟΥ ΑΘΗΝΑΙΟΣ,,125484359,ΑΤΟΜΙΚΗ,ΚΥΚΛΑΔΩΝ,info@tinosecret.gr,6948504124,,https://tinosecret.gr/,https://tinosecret.gr/,False,,False,,False,,
0,True,335,119749101000,ΚΩΣΤΕΛΙΔΗΣ E-SERVICES Ι.Κ.Ε.,,800390595,ΙΚΕ,ΑΤΤΙΚΗΣ,yanniskostelidis@outlook.com,2102400586,http://iso-energeiaki.eu/,,http://iso-energeiaki.eu/,False,,False,,False,,
0,False,4254,180320740000,Κωτούλας Λάζαρος και Κώτσικας Σωτήριος Ι.Κ.Ε.,Ω Omega Led Wall,802654994,ΙΚΕ,ΛΑΡΙΣΑΣ,info@omegaledwall.gr,2467024882,https://easybalance.gr/public/company/5wi1gaercRWyBnuMDDt7GNKBpPauUi1dr/,,https://easybalance.gr/,False,,False,,False,,140657604000 143200752000 170091758000
0,False,10027,63341503000,ΛΑΜΠΡΟΣ ΣΩΤΗΡΙΟΥ,OXYGEN DESIGN,129603657,ΑΤΟΜΙΚΗ,ΑΤΤΙΚΗΣ,sotiriou@oxygendesign.gr,2106630483,,https://oxygendesign.gr/,https://oxygendesign.gr/,False,,False,,False,,
0,False,5000,87086102000,ΛΑΜΠΡΟΥ ΧΡΙΣΤΟΔΟΥΛΟΣ ΤΟΥ ΑΛΕΞΑΝΔΡΟΥ,REDGRASS,107505211,ΑΤΟΜΙΚΗ,ΑΤΤΙΚΗΣ,info@redgrass.gr,2105772643,,https://redgrass.gr/,https://redgrass.gr/,False,,False,,False,,
0,False,8572,169560220000,ΛΑΡΔΟΠΟΥΛΟΥ ΧΡΥΣΑΝΘΗ ΤΣΑΜΠΙΚΑ,e-Marketing Center | PNOE DANCE | PNOE SCHOOLS OF DANCE,162377893,ΑΤΟΜΙΚΗ,ΔΩΔΕΚΑΝΗΣΟΥ,chrysanthi@e-marketingcenter.com,2241100300,www.e-marketingcenter.com,,https://e-marketingcenter.gr/,False,,False,,False,,
0,False,5000,173519103000,ΛΙΑΝΟΥ ΕΥΔΟΞΙΑ ΕΙΡΗΝΗ ΤΟΥ ΓΕΩΡΓΙΟΥ,Ideogram,103890098,ΑΤΟΜΙΚΗ,ΑΤΤΙΚΗΣ,info@ideogram.gr,2109612951,,https://www.ideogram.gr/,https://www.ideogram.gr/,False,,False,,False,,
0,False,5000,37579705000,ΛΙΟΝΤΑΣ ΠΑΥΛΟΣ ΤΟΥ ΙΩΑΝΝΗ,,045542238,ΑΤΟΜΙΚΗ,ΘΕΣΣΑΛΟΝΙΚΗΣ,info@skiastron.com,2310754283,,https://skiastron.com/,https://skiastron.com/,False,,False,,False,,
0,True,454,64439803000,ΛΟΥΡΑΝΤΟΣ ΑΝΤΩΝΙΟΣ ΤΟΥ ΕΜΜΑΝΟΥΗΛ,DESIGNPARK,047975501,ΑΤΟΜΙΚΗ,ΑΤΤΙΚΗΣ,info@designpark.gr,2103317947,,https://designpark.gr/,https://designpark.gr/,False,,False,,False,,
0,False,9103,69038603000,Μ ΚΟΕΝ & ΣΙΑ ΕΕ,NEW AGE COMMUNICATIONS,999454089,ΕΕ,ΑΘΗΝΩΝ,fay@newagecom.gr,6948205315,,https://newagecom.gr/,https://newagecom.gr/,False,,False,,False,,
0,False,4940,69255503000,Μ ΧΑΤΖΗΚΩΝΣΤΑΝΤΗ & ΣΙΑ ΟΕ,MADE ATHENS OE,998854468,ΟΕ,ΑΘΗΝΩΝ,nikos@allgreekvillas.com,2106533870,,https://allgreekvillas.com/,https://allgreekvillas.com/,False,,False,,False,,
0,False,961,6363401000,Μ.ΜΑΤΘΑΙΟΠΟΥΛΟΥ - Σ.ΚΟΥΤΣΙΑΥΤΗΣ ΙΔΙΩΤΙΚΗ ΚΕΦΑΛΑΙΟΥΧΙΚΗ ΕΤΑΙΡΕΙΑ,MMK DESIGN TEAM,999336480,ΙΚΕ,ΑΘΗΝΩΝ,anastasios_alexandris@ymail.com,2107297191,http://www.mmk.gr/,,https://mmk.gr/,False,,False,,False,,
0,False,5000,119112404000,ΜΑRCOM ΤΖΕΛΕΠΟΓΛΟΥ ΜΟΝΟΠΡΟΣΩΠΗ ΕΤΑΙΡΙΑ ΠΕΡΙΟΡΙΣΜΕΝΗΣ ΕΥΘΥΝΗΣ,ΜΑRCOM TZELEPOGLOU,800377677,ΕΠΕ,,info@marcom.gr,2310275769,,https://positivelife.gr/,https://positivelife.gr/,False,,False,,False,,
0,False,10027,76655027000,ΜΑΚΡΥΔΑΚΗΣ ΕΥΑΓΓΕΛΟΣ ΤΟΥ ΣΑΒΒΑ,AX-EASY,059995982,ΑΤΟΜΙΚΗ,ΗΡΑΚΛΕΙΟΥ,info@ax-easy.com,2810228664,,https://www.ax-easy.com/,https://www.ax-easy.com/,False,,False,,False,,
0,False,1759,87659502000,ΜΑΝΩΛΑΣ ΔΗΜΗΤΡΙΟΣ ΤΟΥ ΣΤΑΜΑΤΙΟΥ,MAIL DATA,051261814,ΑΤΟΜΙΚΗ,ΑΤΤΙΚΗΣ,info@maildata.gr,2104820047,,https://www.maildata.gr/,https://www.maildata.gr/,False,,False,,False,,
0,False,3559,138460103000,ΜΑΡΑΓΚΟΥΔΑΚΗ ΣΟΦΙΑ ΤΟΥ ΔΗΜΗΤΡΙΟΥ,M PRESS SOLUTIONS,036742226,ΑΤΟΜΙΚΗ,ΑΤΤΙΚΗΣ,info@mpress.gr,2107646234,,https://mpress.gr/,https://mpress.gr/,False,,False,,False,,
0,True,336,173129003000,ΜΑΡΓΕΤΑΣ ΣΠΥΡΙΔΩΝ,SPECTER,156227850,ΑΤΟΜΙΚΗ,ΑΤΤΙΚΗΣ,sm@specter.gr,6978829484,,https://specter.gr/,https://specter.gr/,False,,False,,False,,159007401000
0,False,1887,159180603000,ΜΑΡΙΑ ΓΕΩΡΓΙΑΔΟΥ ΚΑΙ ΣΙΑ Ο.Ε.,GOOD KARMA AGENCY,801562358,ΟΕ,ΑΤΤΙΚΗΣ,INFO@GOOD-KARMA.GR,2106080346,,https://www.good-karma.gr/,https://www.good-karma.gr/,False,,False,,False,,
0,True,673,49047738000,ΜΑΡΙΑ ΜΙΧΑΗΛ ΧΑΤΖΗΙΩΑΝΝΟΥ,TINOSPRINT | MBWEB,065960440,ΑΤΟΜΙΚΗ,ΚΥΚΛΑΔΩΝ,info@tinosprint.gr,2283024569,,http://tinosprint.gr/,http://tinosprint.gr/,False,,False,,False,,
0,False,10027,141951801000,ΜΑΡΙΛΕΝΑ ΣΙΜΑΤΟΥ ΜΟΝΟΠΡΟΣΩΠΗ ΙΔΙΩΤΙΚΗ ΚΕΦΑΛΑΙΟΥΧΙΚΗ ΕΤΑΙΡΕΙΑ,DESIGN AND PRINTABLE SOLUTIONS BY MARILENA,800816863,ΙΚΕ,ΑΤΤΙΚΗΣ,yannissioris@gmail.com,2106132254,https://simatou.gr/el/,,https://simatou.gr/el/,False,,False,,False,,
0,False,3013,149199534000,ΜΑΣΤ ΔΙΑΦΗΜΙΣΤΙΚΗ ΜΟΝΟΠΡΟΣΩΠΗ Ι.Κ.Ε.,ΜΑΣΤ ΔΙΑΦΗΜΙΣΤΙΚΗ ΜΟΝΟΠΡΟΣΩΠΗ Ι.Κ.Ε.,801104790,ΙΚΕ,ΑΤΤΙΚΗΣ,aeoniantr@gmail.com,6932768314,http://www.aeonians.com,,https://aeonians.com/,False,,False,,False,,
0,False,5000,67699803000,ΜΑΣΤΡΟΓΙΑΝΝΟΠΟΥΛΟΣ ΑΝΔΡΕΑΣ ΤΟΥ ΠΑΝΑΓΙΩΤΗ,SKINDESIGN,102872716,ΑΤΟΜΙΚΗ,ΑΤΤΙΚΗΣ,studio@skindesign.gr,,,https://skindesign.gr/,https://skindesign.gr/,False,,False,,False,,174720101000
0,False,4383,181688706000,ΜΑΤΖΙΡΗΣ ΗΛΙΑΣ ΤΟΥ ΓΕΩΡΓΙΟΥ,CURVED CUT,154917392,ΑΤΟΜΙΚΗ,ΘΕΣΣΑΛΟΝΙΚΗΣ,info@curvedcut.gr,6947730297,,https://www.curvedcut.gr/,https://www.curvedcut.gr/,False,,False,,False,,
0,False,2905,147308903000,ΜΑΥΡΟΚΟΡΔΑΤΟΣ ΑΝΔΡΕΑΣ ΤΟΥ ΔΗΜΗΤΡΑΚΗ,,144551959,ΑΤΟΜΙΚΗ,ΑΤΤΙΚΗΣ,tmanetas@keyconsultants.gr,,,https://keyconsultants.gr/,https://keyconsultants.gr/,False,,False,,False,,
0,False,3980,159271920000,ΜΑΥΡΟΥΔΗΣ-ΦΛΟΣΚΑΚΗΣ ΓΕΩΡΓΙΟΣ,ΚΟΥΚΙΔΑ,136115615,ΑΤΟΜΙΚΗ,ΔΩΔΕΚΑΝΗΣΟΥ,info@koukidadesign.gr,2241113511,www.koukidadesign.gr,,https://www.koukidadesign.gr/,False,,False,,False,,
0,True,716,142702001000,ΜΕΛΕΤΗ ΑΝΝΑ ΜΟΝΟΠΡΟΣΩΠΗ ΙΚΕ,,800841720,ΙΚΕ,ΑΤΤΙΚΗΣ,,6986568980,https://meletianna.gr/,,https://meletianna.gr/,False,,False,,False,,
0,False,4254,170091758000,ΜΕΝΕ ΜΟΝΟΠΡΟΣΩΠΗ Ι.Κ.Ε.,,802107507,ΙΚΕ,ΧΑΝΙΩΝ,cristin@mene-jo.gr,2821099419,https://easybalance.gr/public/company/5whzsYHkiyNU49fXdPqte4kaMYgYsTBAc/,,https://easybalance.gr/,False,,False,,False,,140657604000 143200752000 180320740000
0,True,377,123229801000,ΜΕΤΡΟ ΔΙΑΦΗΜΙΣΤΙΚΗ ΑΝΩΝΥΜΟΣ ΕΤΑΙΡΕΙΑ,,094253353,ΑΕ,ΑΤΤΙΚΗΣ,metroadv@otenet.gr,2109658398,www.metro-advertising.gr,,https://www.metro-advertising.gr/,False,,False,,False,,
0,False,1291,61307203000,ΜΗΛΙΩΝΗΣ ΙΩΑΝΝΗΣ ΤΟΥ ΚΩΝΣΤΑΝΤΙΝΟΥ,PROPAGANDA GRAPHICS FACTORY THE TASTERS CLUB,046991331,ΑΤΟΜΙΚΗ,ΑΤΤΙΚΗΣ,yiannis@propaganda.com.gr,2106614574,,https://propaganda.com.gr/,https://propaganda.com.gr/,False,,False,,False,,
0,False,1535,140851603000,ΜΙΚΑΕΛΑ ΣΦΗΝΙΑ ΙΔΙΩΤΙΚΗ ΚΕΦΑΛΑΙΟΥΧΙΚΗ ΕΤΑΙΡΕΙΑ,ALARM AD ΙΚΕ,800785220,ΙΚΕ,ΑΤΤΙΚΗΣ,gch@bussinesst.gr,2103623578,http://www.alarmad.gr,,http://www.alarmad.gr/,False,,False,,False,,
0,False,6272,41042706000,ΜΙΜΗΣ ΧΡΗΣΤΟΣ ΤΟΥ ΑΝΤΩΝΙΟΥ,,054060561,ΑΤΟΜΙΚΗ,ΘΕΣΣΑΛΟΝΙΚΗΣ,info@studioms.gr,2310933131,,https://studioms.gr/,https://studioms.gr/,False,,False,,False,,
0,True,723,134785103000,ΜΟΡΦΟΝΙΟΥ ΑΝΝΑ-ΜΑΡΙΑ ΤΟΥ ΠΕΤΡΟΥ,,135487947,ΑΤΟΜΙΚΗ,ΑΤΤΙΚΗΣ,hello@annamariamorfoniou.com,2107244004,,https://www.annamariamorfoniou.com/,https://www.annamariamorfoniou.com/,False,,False,,False,,
0,False,10027,117413003000,ΜΟΣΧΟΣ ΕΥΑΓΓΕΛΟΣ ΤΟΥ ΝΙΚΟΛΑΟΥ,WINK DESIGN,106117382,ΑΤΟΜΙΚΗ,ΠΡΕΒΕΖΑΣ,am@winkdesign.gr,6936699361,,https://winkdesign.gr/,https://winkdesign.gr/,False,,False,,False,,
0,True,413,65448503000,ΜΟΥΡΙΑΔΟΥ ΞΑΝΘΙΠΠΗ ΤΟΥ ΛΕΩΝΙΔΑ,,079279919,ΑΤΟΜΙΚΗ,ΑΤΤΙΚΗΣ,anthi@frameout.gr,2106994552,,https://frameout.gr/,https://frameout.gr/,False,,False,,False,,
0,False,5000,174167001000,ΜΟΥΤΑΒΕΛΗ ΜΑΡΙΑΝΘΗ,THE SOWERS,076781326,ΑΤΟΜΙΚΗ,ΔΥΤΙΚΗΣ ΑΤΤΙΚΗΣ,info@thesowers.gr,2102633388,www.sowers.gr,,https://sowers.gr/,False,,False,,False,,
0,False,5000,174538127000,ΜΠΑΚΟΥΣΗ ΘΕΟΔΩΡΑ ΤΟΥ ΓΕΩΡΓΙΟΥ,BAKTHEO,157266037,ΑΤΟΜΙΚΗ,ΗΡΑΚΛΕΙΟΥ,info@antonella.gr,2810222998,antonella.gr,,https://antonella.gr/,False,,False,,False,,
0,False,4211,181133103000,ΜΠΑΟΥΡΔΑΣ ΓΕΩΡΓΙΟΣ,,139464845,ΑΤΟΜΙΚΗ,ΑΤΤΙΚΗΣ,george@trout.gr,6944186825,,https://trout.gr/,https://trout.gr/,False,,False,,False,,129709803000
0,False,5663,182700245000,ΜΠΑΪΡΑΚΤΑΡΗ ΦΡΟΣΥΝΗ ΤΟΥ ΒΑΣΙΛΕΙΟΥ,AEROPLANE,123711817,ΑΤΟΜΙΚΗ,ΜΕΣΣΗΝΙΑΣ,frosyni@weareaeroplane.com,6975505843,,https://www.weareaeroplane.com/,https://www.weareaeroplane.com/,False,,False,,False,,
0,False,1643,121291942000,ΜΠΕΡΤΕΝΗ ΕΙΡΗΝΗ του ΠΑΝΑΓΙΩΤΗ,,137128290,ΑΤΟΜΙΚΗ,ΛΕΣΒΟΥ,info@rebrand.gr,2253023348,,https://www.rebrand.gr/,https://www.rebrand.gr/,False,,False,,False,,
0,False,5000,56609909000,ΜΥΛΩΝΑΣ ΝΙΚΟΛΑΟΣ TOY ΔΗΜΗΤΡΙΟΥ,,109275273,ΑΤΟΜΙΚΗ,ΑΤΤΙΚΗΣ,info@kitschandbold.com,2104020279,,https://www.kitschandbold.com/,https://www.kitschandbold.com/,False,,False,,False,,
0,False,3722,181342240000,Ν.ΠΑΠΑΛΕΞΗΣ - Ζ.ΓΚΟΤΖΙΑ Ο.Ε.,PAPALEXIS CREATIVE,802709819,ΟΕ,ΛΑΡΙΣΑΣ,np@grafix.gr,2410259975,,https://www.grafix.gr/,https://www.grafix.gr/,False,,False,,False,,26897840000
0,False,1636,188648203000,ΝΑΑΜΟΥ ΕΛΕΝΗ,,155251540,ΑΤΟΜΙΚΗ,ΑΤΤΙΚΗΣ,info@stronger.gr,2103233369,www.stronger.gr,,https://stronger.gr/,False,,False,,False,,167691901000
0,False,1181,141629421000,ΝΕΓΙΑΝΝΗΣ Ν. & ΣΙΑ Ε.Ε.,N-N ΔΙΑΦΗΜΙΣΤΙΚΗ,800810397,ΕΕ,ΕΒΡΟΥ,nn@adv4u.gr,6972700040,,https://nnadvertising.link/,https://nnadvertising.link/,False,,False,,False,,
0,False,5000,112802108000,ΝΙΚΟΛΑΟΣ ΓΕΩΡΓΙΑΔΗΣ ΚΑΙ ΣΙΑ ΙΚΕ,ΚΟΛΟΡ ΣΑΙΝ ΙΚΕ,099901012,ΙΚΕ,ΠΕΙΡΑΙΑ,thodoris@colorsign.gr,2105559870,http://www.colorsign.gr,,https://colorsign.gr/,False,,False,,False,,
0,False,2384,190900001000,ΝΙΚΟΛΑΟΣ ΚΑΝΕΛΛΟΠΟΥΛΟΣ ΤΟΥ ΓΕΩΡΓΙΟΥ,SNAPPY IDEAS,176942707,ΑΤΟΜΙΚΗ,ΑΤΤΙΚΗΣ,info@snappyideas.gr,2106043208,,https://snappyideas.gr/,https://snappyideas.gr/,False,,False,,False,,
0,False,3710,62696503000,ΝΙΚΟΛΑΟΥ ΚΩΝΣΤΑΝΤΙΝΟΣ ΤΟΥ ΒΑΣΙΛΕΙΟΥ,D. STREAM,035771181,ΑΤΟΜΙΚΗ,ΑΤΤΙΚΗΣ,info@dstream.gr,6956293499,,https://www.dstream.gr/,https://www.dstream.gr/,False,,False,,False,,
0,False,1026,143377101000,ΝΙΚΟΛΑΡΟΣ ΠΑΝΑΓΙΩΤΗΣ ΙΔΙΩΤΙΚΗ ΚΕΦΑΛΑΙΟΥΧΙΚΗ ΕΤΑΙΡΕΙΑ,ONEPLUS ΙΚΕ,800865962,ΙΚΕ,ΑΤΤΙΚΗΣ,vagstergiou@yahoo.gr,2106982117,www.oneplus.gr,,https://www.oneplus.gr/,False,,False,,False,,
0,False,9478,123739841000,ΞΕΝΙΚΑΚΗ Β. ΚΑΙ ΣΙΑ Ο.Ε.,PROMOTION ΔΙΑΦΗΜΙΣΤΙΚΗ,998792566,ΟΕ,ΛΑΣΙΘΙΟΥ,info@promotion-adv.gr,2843029399,http://www.promotion-adv.gr,,https://www.promotion-adv.gr/,False,,False,,False,,
0,False,1317,8352301000,Οut There Διαφήμιση - Τηλεπικοινωνιακά Προϊόντα και Υπηρεσίες Ανώνυμη Εταιρεία,Out There AE,998101803,ΑΕ,ΑΤΤΙΚΗΣ,info@out-there-media.com,2102209525,www.out-there-media.com,,https://www.out-there-media.com/,False,,False,,False,,
0,False,2692,159260103000,ΟΑ Ο.Ε.,ΟΑ Ο.Ε.,801567030,ΟΕ,ΑΤΤΙΚΗΣ,contact@oacrew.gr,2111190372,,https://oacrew.gr/,https://oacrew.gr/,False,,False,,False,,
0,False,5000,148794844000,ΟΝΤΟΠΟΥΛΟΣ ΑΠΟΣΤΟΛΟΣ ΤΟΥ ΝΙΚΟΛΑΟΥ,,063767945,ΑΤΟΜΙΚΗ,ΜΑΓΝΗΣΙΑΣ,info@ontopouloscosmetics.gr,2421023697,,https://ontopouloscosmetics.gr/,https://ontopouloscosmetics.gr/,False,,False,,False,,
0,False,4565,147074403000,ΟΥΤΣΙΚΑΣ  ΕΛΕΥΘΕΡΙΟΣ ΤΟΥ ΣΩΤΗΡΙΟΥ,,079446382,ΑΤΟΜΙΚΗ,ΑΤΤΙΚΗΣ,info@printd.gr,2110124316,,https://printdesigners.gr/,https://printdesigners.gr/,False,,False,,False,,
0,False,1020,69196103000,ΠΑΝ ΜΠΑΡΜΠΑΛΙΑΣ & ΣΙΑ ΕΕ,IN 8,999242972,ΕΕ,ΑΘΗΝΩΝ,takis@in8.gr,2107628859,,https://in8.gr/,https://in8.gr/,False,,False,,False,,
0,False,5000,4353801000,ΠΑΝΑΓΙΩΤΑ Α. ΓΕΩΡΓΑΚΟΠΟΥΛΟΥ ΚΑΙ ΣΙΑ ΟΕ,ΕΞΥΠΝΕΣ ΙΔΕΕΣ,099913324,ΟΕ,ΑΤΤΙΚΗΣ,info@smart-ideas.gr,2103645777,www.smart-ideas.gr,,https://smart-ideas.gr/,False,,False,,False,,
0,False,1786,64898403000,ΠΑΝΟΥ ΣΕΒΑΣΤΗ ΤΟΥ ΘΕΟΔΩΣΙΟΥ,,061763649,ΑΤΟΜΙΚΗ,ΑΤΤΙΚΗΣ,info@sevipanou.gr,6972325800,,https://sevipanou.gr/,https://sevipanou.gr/,False,,False,,False,,
0,False,1510,77329027000,ΠΑΠΑΔΑΚΗ ΣΟΦΙΑ ΤΟΥ ΓΕΩΡΓΙΟΥ,,103838991,ΑΤΟΜΙΚΗ,ΗΡΑΚΛΕΙΟΥ,info@footwork.gr,6970839921,,https://footwork.gr/,https://footwork.gr/,False,,False,,False,,
0,False,6671,165593558000,ΠΑΠΑΔΑΚΗΣ ΣΤΥΛΙΑΝΟΣ ΤΟΥ ΑΝΔΡΕΑ,,170016786,ΑΤΟΜΙΚΗ,ΧΑΝΙΩΝ,info@steliosmac.com,2821043600,,https://audioplusgreece.com/,https://audioplusgreece.com/,False,,False,,False,,
0,False,830,24707641000,ΠΑΠΑΔΟΜΙΧΕΛΑΚΗΣ ΓΕΩΡΓΙΟΣ ΙΩΑΝ,,106719203,ΑΤΟΜΙΚΗ,ΛΑΣΙΘΙΟΥ,info@mpg.gr,2841082071,,https://www.mpg.gr/,https://www.mpg.gr/,False,,False,,False,,
0,False,3783,87365802000,ΠΑΠΑΔΟΠΟΥΛΟΣ ΚΥΡΙΑΚΟΣ ΤΟΥ ΠΡΟΔΡΟΜΟΥ,,100156901,ΑΤΟΜΙΚΗ,ΑΤΤΙΚΗΣ,kyriakos@eudesign.gr,6948786880,,https://portfolio.adobe.com/missing,https://portfolio.adobe.com/,False,,False,,False,,
0,False,4254,143200752000,ΠΑΠΑΔΟΠΟΥΛΟΣ ΧΡΙΣΤΟΦΟΡΟΣ ΙΚΕ,LIQUID ΙΚΕ,800859273,ΙΚΕ,ΣΕΡΡΩΝ,liquidbeachbar@yahoo.gr,6979666428,https://easybalance.gr/public/company/5wgoywTbnq78pQBcaE4c2upcNWyScYjs1/,,https://easybalance.gr/,False,,False,,False,,140657604000 170091758000 180320740000
0,True,260,38505905000,ΠΑΠΑΖΟΓΛΟΥ ΔΗΜΗΤΡΙΟΣ ΤΟΥ ΓΕΩΡΓΙΟΥ,,111816765,ΑΤΟΜΙΚΗ,ΑΤΤΙΚΗΣ,hello@dimitrispapazoglou.com,2110039351,,https://www.dpsathens.com/,https://www.dpsathens.com/,False,,False,,False,,
0,False,7182,10559153000,ΠΑΠΑΘΑΝΑΣΙΟΥ ΙΩΑΝΝΗΣ ΤΟΥ ΓΕΩΡΓΙΟΥ,,115183322,ΑΤΟΜΙΚΗ,ΤΡΙΚΑΛΩΝ,info@prismaepigrafes.gr,2431076068,,https://www.prismaepigrafes.gr/,https://www.prismaepigrafes.gr/,False,,False,,False,,
0,False,1942,43019706000,ΠΑΠΑΚΟΣΜΑΣ ΙΩΑΝΝΗΣ ΤΟΥ ΓΕΩΡΓΙΟΥ,TWOMATCH,129718436,ΑΤΟΜΙΚΗ,ΘΕΣΣΑΛΟΝΙΚΗΣ,papakosmas@twomatch.gr,2310442235,,https://www.twomatch.gr/,https://www.twomatch.gr/,False,,False,,False,,
0,False,958,144675206000,ΠΑΠΑΤΣΙΡΟΣ ΓΕΡΑΣΙΜΟΣ ΤΟΥ ΓΕΩΡΓΙΟΥ,M AND N MARKETING SERVICES,048191359,ΑΤΟΜΙΚΗ,ΘΕΣΣΑΛΟΝΙΚΗΣ,info@mnms.dev,6948521407,,https://mnms.dev/,https://mnms.dev/,False,,False,,False,,
0,True,227,66099903000,ΠΑΠΑΪΩΑΝΝΟΥ ΘΕΟΔΩΡΟΣ ΤΟΥ ΒΑΣΙΛΕΙΟΥ,OSCAR ENTΕRTAINMENT,047779876,ΑΤΟΜΙΚΗ,ΑΤΤΙΚΗΣ,info@oscarmagic.com,2103830005,,https://oscarmagic.com/,https://oscarmagic.com/,False,,False,,False,,
0,False,6051,142205501000,ΠΑΠΠΑΣ ΑΝΤΩΝΙΟΣ ΜΟΝΟΠΡΟΣΩΠΗ ΙΚΕ,1) BENEFIT M.S.A. | 2) BRAND SOLUTIONS,800824666,ΙΚΕ,ΑΤΤΙΚΗΣ,pappas@benefitms.gr,6970983283,,https://www.benefitms.gr/,https://www.benefitms.gr/,False,,False,,False,,142266616000
0,False,6051,142266616000,ΠΑΠΠΑΣ Π. ΑΝΤΩΝΙΟΣ  &  ΣΥΝΕΡΓΑΤΕΣ  Ι.Κ.Ε.,BENEFIT  M.S.  I.K.E.,800826820,ΙΚΕ,ΑΧΑΙΑΣ,pappas@benefitms.gr,2610461761,,https://www.benefitms.gr/,https://www.benefitms.gr/,False,,False,,False,,142205501000
0,False,9088,57632404000,"ΠΑΡΑΜΑΟΥΝΤ Α.Ε. ΑΝΤΙΠΡΟΣΩΠΕΥΣΗ,ΕΜΠΟΡΙΑ ΚΑΙ ΔΙΑΦΗΜΙΣΗ ΠΡΟΙΟΝΤΩΝ",ΠΑΡΑΜΑΟΥΝΤ Α.Ε.,094344078,ΑΕ,ΘΕΣΣΑΛΟΝΙΚΗΣ,info@paramount.gr,2310480790,www.paramount.gr,,https://paramount.gr/,False,,False,,False,,
0,True,791,67779403000,ΠΑΡΑΣΚΕΥΗ ΙΩΑΝΝΗ ΧΑΝΙΩΤΗ,H2CONCEPT GRAPHIC DESIGNERS,055660620,ΑΤΟΜΙΚΗ,ΚΥΚΛΑΔΩΝ,voula@h2concept.gr,2289026993,,https://h2concept.gr/,https://h2concept.gr/,False,,False,,False,,49492338000
0,False,4142,120452003000,ΠΑΣΟΥΡΗΣ ΑΡΗΣ ΤΟΥ ΔΗΜΗΤΡΙΟΥ,-,111813277,ΑΤΟΜΙΚΗ,ΑΤΤΙΚΗΣ,contact@arispasouris.gr,2110112697,http://www.arispasouris.gr,,https://www.arispasouris.gr/,False,,False,,False,,
0,True,593,171790406000,ΠΑΣΣΑΡΗ ΜΟΝΟΠΡΟΣΩΠΗ Ι.Κ.Ε.,Stela.Passari,802191393,ΙΚΕ,ΘΕΣΣΑΛΟΝΙΚΗΣ,k2logistis@gmail.com,2310270305,http://passari.smartpraxis-services.gr ,,https://passari.smartpraxis-services.gr/,False,,False,,False,,
0,False,10027,184632205000,ΠΕΤΡΙΔΗΣ ΠΕΤΡΟΣ ΤΟΥ ΚΩΝΣΤΑΝΤΙΝΟΥ,,062791740,ΑΤΟΜΙΚΗ,ΘΕΣΣΑΛΟΝΙΚΗΣ,contact@lineadesign.net,2310284074,,https://lineadesign.net/,https://lineadesign.net/,False,,False,,False,,
0,False,10027,76109727000,ΠΙΝΑΚΟΥΛΑΚΗΣ ΚΙΜΩΝ ΤΟΥ ΝΙΚΟΛΑΟΥ,,041977187,ΑΤΟΜΙΚΗ,ΗΡΑΚΛΕΙΟΥ,kimon@kimon.gr,2810286177,,https://www.kimon.gr/,https://www.kimon.gr/,False,,False,,False,,124070627000
0,False,5000,63342403000,ΠΟΘΟΣ ΤΗΛΕΜΑΧΟΣ ΤΟΥ ΓΡΗΓΟΡΙΟΥ,,112646710,ΑΤΟΜΙΚΗ,ΑΤΤΙΚΗΣ,tpothos@aldigron.gr,2103239003,,https://aldigron.gr/,https://aldigron.gr/,False,,False,,False,,166180403000
0,False,6760,164011606000,ΠΟΛΥΡΑΚΗΣ ΑΘΑΝΑΣΙΟΣ & ΣΙΑ Ε.Ε.,ADVISION,801823262,ΕΕ,ΘΕΣΣΑΛΟΝΙΚΗΣ,info@advision.gr,2310486868,,https://advision.gr/,https://advision.gr/,False,,False,,False,,
0,False,5000,142779806000,ΠΟΥΛΙΟΥ ΑΛΕΞΑΝΔΡΑ ΤΟΥ ΕΥΡΙΠΙΔΗ,AGORAZIN AGORA PLUS,047374916,ΑΤΟΜΙΚΗ,ΘΕΣΣΑΛΟΝΙΚΗΣ,info@agorazin.gr,2310344445,,https://agorazin.gr/,https://agorazin.gr/,False,,False,,False,,
0,True,519,29276414000,ΠΟΥΛΟΓΙΑΝΝΟΠΟΥΛΟΣ ΠΑΥΛΟΣ ΚΑΙ ΣΙΑ Ε.Ε.,BEST ADVICE ΕΥ ΖΗΝ ,998035402,ΕΕ,ΑΡΚΑΔΙΑΣ,pavlos@bainsurance.gr,2710221927,www.bainsurance.gr,,https://www.bainsurance.gr/,False,,False,,False,,
0,False,4661,190869303000,ΠΟΥΛΟΥ ΑΝΤΙΓΟΝΗ ΤΟΥ ΣΤΑΥΡΟΥ,,115120685,ΑΤΟΜΙΚΗ,ΑΤΤΙΚΗΣ,info@pouadesign.gr,2109914304,,https://pouadesign.gr/,https://pouadesign.gr/,False,,False,,False,,
0,True,755,39936506000,ΠΡΑΜΑΝΤΙΩΤΗΣ ΣΤΕΦΑΝΟΣ ΤΟΥ ΒΑΣΙΛΕΙΟΥ,,040534121,ΑΤΟΜΙΚΗ,ΘΕΣΣΑΛΟΝΙΚΗΣ,stefanos@pramadiotis.com,2310692051,,https://www.pramadiotis.com/,https://www.pramadiotis.com/,False,,False,,False,,
0,False,8663,119030403000,ΠΡΑΣΣΑΣ ΙΩΑΝΝΗΣ ΚΑΙ ΣΙΑ ΕΕ,,800375950,ΕΕ,ΑΤΤΙΚΗΣ,yp@dojomarketing.gr,2102838798,,http://www.dojomarketing.gr/,http://www.dojomarketing.gr/,False,,False,,False,,
0,False,4333,56058509000,ΠΡΕΚΚΑΣ ΙΠΠΟΛΥΤΟΣ ΤΟΥ ΓΕΩΡΓΙΟΥ,KAPPAGRAM,123082387,ΑΤΟΜΙΚΗ,ΑΤΤΙΚΗΣ,info@kappagram.com,2736038094,,https://kappagram.com/,https://kappagram.com/,False,,False,,False,,
0,True,314,2487701000,ΠΡΟΜΟΣΠΟΡΤ - ΑΘΛΗΤΙΚΗ ΕΠΙΚΟΙΝΩΝΙΑ - ΑΝΩΝΥΜΗ ΕΤΑΙΡΕΙΑ ΠΑΡΟΧΗΣ ΥΠΗΡΕΣΙΩΝ ΔΙΑΦΗΜΙΣΗΣ ΜΕΛΕΤΩΝ ΚΑΙ ΜΑΡΚΕΤΙΝΓΚ,PROMOSPORT MARKETING & CONSULTING Α.Ε.,094496977,ΑΕ,ΑΘΗΝΩΝ,ktzortzi@promosport.gr,2102828367,www.promosport.gr,,https://www.promosport.gr/,False,,False,,False,,
0,False,1180,177031503000,ΠΡΟΜΟΤΥΠ ΜΟΝΟΠΡΟΣΩΠΗ Ι.Κ.Ε.,,802474400,ΙΚΕ,ΑΤΤΙΚΗΣ,info@mpastas.gr,6981170450,www.promotyp.eu,,https://promotyp.eu/,False,,False,,False,,
0,False,4459,1607301000,Ρ.ΚΑΙ Γ. ΣΕΝΤΟΥΚΑ ΕΤΑΙΡΕΙΑ ΠΕΡΙΩΡΙΣΜΕΝΗΣ ΕΥΘΥΝΗΣ,RED DESING CONSULTANTS ΕΠΕ,095679478,ΕΠΕ,ΑΘΗΝΩΝ,gina@reddesignconsultants.com,2108010003,https://www.reddesignconsultants.com/,,https://www.reddesignconsultants.com/,False,,False,,False,,
0,False,3503,166920746000,ΡΑΠΤΗΣ Δ. ΚΑΙ ΣΙΑ Ε.Ε.,Digitally Right,801952674,ΕΕ,ΞΑΝΘΗΣ,info@digitally-right.com,6989535857,,https://digitally-right.com/,https://digitally-right.com/,False,,False,,False,,
0,False,4159,43409206000,ΡΟΖΑ ΕΔΙΑΡΟΓΛΟΥ ΜΟΝΟΠΡΟΣΩΠΗ ΙΔΙΩΤΙΚΗ ΚΕΦΑΛΑΙΟΥΧΙΚΗ  ΕΤΑΙΡΕΙΑ,BUTTERFLY  COMMUNICATION ΜΟΝΟΠΡΟΣΩΠΗ I.K.E,998098542,ΙΚΕ,ΘΕΣΣΑΛΟΝΙΚΗΣ,roza.ed@gmail.com,2311820520,http://www.btf.gr/el/,,https://btf.gr/,False,,False,,False,,
0,False,5964,112924908000,Σ. ΚΑΙ Γ. ΞΕΝΙΚΟΥΔΑΚΗ Ο.Ε.,Dual Design,997901046,ΟΕ,ΠΕΙΡΑΙΑ,info@dual.design,2104949788,http://www.provoli.com/,,https://www.dual.design/,False,,False,,False,,
0,False,5000,173269903000,Σ.ΚΑΤΣΟΥΝΩΤΟΣ Ε.Ε.,UNUSUAL,802265731,ΕΕ,ΑΤΤΙΚΗΣ,katsounotos@unusual.gr,6958002075,,https://www.unusual.gr/,https://www.unusual.gr/,False,,False,,False,,
0,False,4337,34776316000,ΣΑΚΕΛΛΑΡΟΠΟΥΛΟΣ ΑΛΕΞΙΟΣ,,107659562,ΑΤΟΜΙΚΗ,ΑΧΑΙΑΣ,asak@connections.gr,6946124307,,https://connections.gr/,https://connections.gr/,False,,False,,False,,
0,True,743,154544803000,ΣΑΛΟΥΣΤΡΟΣ ΕΜΜΑΝΟΥΗΛ ΤΟΥ ΧΡΗΣΤΟΥ,,126926987,ΑΤΟΜΙΚΗ,ΑΤΤΙΚΗΣ,manos@spunk.gr,,,https://spunk.gr/,https://spunk.gr/,False,,False,,False,,
0,False,10027,171607403000,ΣΑΝΙΔΑΣ ΝΙΚΟΛΑΟΣ & ΣΙΑ Ε.Ε.,Health Solutions,802181756,ΕΕ,ΑΤΤΙΚΗΣ,nsanidas@health4you.gr,6979775522,,https://www.health4you.gr/,https://www.health4you.gr/,False,,False,,False,,
0,False,1868,86197102000,ΣΑΪΤΗΣ ΚΩΝ/ΝΟΣ ΤΟΥ ΔΗΜΗΤΡΙΟΥ,ΩΧΡΑ & ΞΕΝΟΓΛΩΣΣΑ OCHRA,056236738,ΑΤΟΜΙΚΗ,ΑΤΤΙΚΗΣ,csaitis@ochra.gr,2103252404,,https://ochra.gr/,https://ochra.gr/,False,,False,,False,,
0,False,4292,191690106000,ΣΕΡΕΜΕΤΙΔΗΣ ΠΑΝΑΓΙΩΤΗΣ ΚΑΙ ΣΙΑ Ε.Ε.,SPINUS,803190505,ΕΕ,ΘΕΣΣΑΛΟΝΙΚΗΣ,business@spinus.gr,6972980489,,https://spinus.gr/,https://spinus.gr/el/,False,,False,,False,,
0,False,1909,122048501000,ΣΙΝΕ ΝΙΟΥΖ ΑΝΩΝΥΜΗ ΕΤΑΙΡΕΙΑ - ΚΙΝΗΜΑΤΟΓΡΑΦΙΚΕΣ ΔΙΑΦΗΜΙΣΕΙΣ,ΣΙΝΕ ΝΙΟΥΖ Α.Ε.,095093664,ΑΕ,ΑΤΤΙΚΗΣ,a.kotzamihaloglou@cinenews.org.gr,2109601990,www.cinenews.org.gr,,https://www.cinenews.org.gr/,False,,False,,False,,
0,False,10027,182348306000,ΣΙΟΥΛΑ ΕΥΑΓΓΕΛΙΑ ΧΡΥΣΟΒΑΛΑΝ,,159408003,ΑΤΟΜΙΚΗ,ΘΕΣΣΑΛΟΝΙΚΗΣ,leo@lnllabs.io,6971695266,,https://lnllabs.io/,https://lnllabs.io/,False,,False,,False,,
0,False,4792,2275301000,ΣΙΤΙ ΚΟΝΤΑΚΤ (CITY CONTACT) ΔΙΑΦΗΜΙΣΗ - ΤΟΥΡΙΣΜΟΣ ΜΟΝΟΠΡΟΣΩΠΗ ΕΤΑΙΡΕΙΑ ΠΕΡΙΟΡΙΣΜΕΝΗΣ ΕΥΘΥΝΗΣ,CITY CONTACT ΜΕΠΕ,095674053,ΕΠΕ,ΑΤΤΙΚΗΣ,vicky.kalligerou@gmail.com,2168008455,www.citycontact.gr,,https://www.citycontact.gr/,False,,False,,False,,
0,True,205,142778003000,ΣΚΑΝΔΑΛΗΣ ΑΛΕΞΑΝΔΡΟΣ ΤΟΥ ΠΑΝΑΓΙΩΤΗ,,033895169,ΑΤΟΜΙΚΗ,ΑΤΤΙΚΗΣ,alexis@grcolor.com,2106149460,,https://www.grcolor.com/,https://www.grcolor.com/,False,,False,,False,,
0,False,8838,150521807000,ΣΜΥΡΝΗΣ ΓΕΩΡΓΙΟΣ ΤΟΥ ΑΝΔΡΕΑ,BLADEADV,144067569,ΑΤΟΜΙΚΗ,ΑΤΤΙΚΗΣ,marketing@bladeadv.gr,2104530101,,https://bladeadv.gr/,https://bladeadv.gr/,False,,False,,False,,
0,False,1374,19676828000,ΣΜΥΡΟΓΛΟΥ ΑΝΑΣΤΑΣΙΑ  ΤΟΥ  Ηλία,ΧΑΜΑΙΛΕΩΝ,069958890,ΑΤΟΜΙΚΗ,ΘΕΣΠΡΩΤΙΑΣ,info@chameleon.gr,2665023960,,https://chameleon.gr/,https://chameleon.gr/,False,,False,,False,,
0,False,7991,194294508000,ΣΠΥΡΟΣ ΔΕΜΕΡΤΖΗΣ Ε.Ε.,,803309060,ΕΕ,ΑΤΤΙΚΗΣ,info@demertzis.gr,2109714719,,http://www.demertzis.gr/,http://www.demertzis.gr/,False,,False,,False,,
0,False,2132,121471858000,ΣΤΑΜΑΤΑΚΗ ΕΛΕΝΗ ΤΟΥ ΑΝΤΩΝΙΟΥ,OLYMPIAN PANTHEON,131472758,ΑΤΟΜΙΚΗ,ΗΡΑΚΛΕΙΟΥ,elena@cookiesagency.gr,2811103189,,https://cookiesagency.gr/,https://cookiesagency.gr/,False,,False,,False,,
0,False,4556,6267101000,ΣΤΑΡ ΓΚΙΦΤΣ ΜΟΝΟΠΡΟΣΩΠΗ ΕΤΑΙΡΕΙΑ ΠΕΡΙΩΡΙΣΜΕΝΗΣ ΕΥΘΥΝΗΣ ΕΜΠΟΡΙΑ ΔΙΑΦΗΜΙΣΤΙΚΩΝ ΔΩΡΩΝ,STAR GIFTS ΜΕΠΕ,998986404,ΕΠΕ,ΑΘΗΝΩΝ,giorgis@stargifts.gr,2108042129,www.stargifts.gr,,https://www.stargifts.gr/,False,,False,,False,,
0,False,1099,351901000,ΣΤΑΥΡΟΣ ΛΕΟΥΣΗΣ -  ΔΙΑΦΗΜΙΣΤΙΚΗ ΚΑΙ ΕΜΠΟΡΙΚΗ ΕΤΑΙΡΕΙΑ Α.Ε.,SOLID HAVAS,094155673,ΑΕ,ΑΤΤΙΚΗΣ,log@solidhavas.gr,2108172100,www.solid.gr,,https://www.solidhavas.gr/,False,,False,,False,,136552601000
0,False,2821,76314027000,ΣΤΥΛΙΑΝΑΚΗ ΜΑΡΙΑ ΤΟΥ ΝΙΚΟΛΑΟΥ,ΒΑΘΥ ΜΠΛΕ,045080992,ΑΤΟΜΙΚΗ,ΗΡΑΚΛΕΙΟΥ,info@deepbluedesign.gr,2810344214,,https://deepbluedesign.gr/,https://deepbluedesign.gr/,False,,False,,False,,
0,False,8817,184735306000,ΣΥΡΟΠΟΥΛΟΥ ΠΗΝΕΛΟΠΗ ΤΟΥ ΒΑΣΙΛΕΙΟΥ,ON SEO PRO,137330731,ΑΤΟΜΙΚΗ,ΘΕΣΣΑΛΟΝΙΚΗΣ,info@onseopro.com,6980171130,onseopro.com,,https://onseopro.com/,False,,False,,False,,
0,False,2398,120142301000,ΣΧΕΔΙΑΣΜΟΣ ΕΠΙΚΟΙΝΩΝΙΑΣ - ΔΗΜΙΟΥΡΓΙΚΕΣ ΙΔΕΕΣ ΚΑΙ ΕΦΑΡΜΟΓΕΣ ΜΟΝΟΠΡΟΣΩΠΗ ΕΤΑΙΡΕΙΑ ΠΕΡΙΟΡΙΣΜΕΝΗΣ ΕΥΘΥΝΗΣ,OUT TO LUNCH ΜΕΠΕ,800398255,ΕΠΕ,ΑΤΤΙΚΗΣ,anna@outtolunch.gr,2103808728,,https://www.outtolunch.gr/,https://www.outtolunch.gr/,False,,False,,False,,
0,False,866,69791903000,ΣΩΤΗΡΙΟΣ ΓΚΟΤΣΗΣ & ΣΙΑ Ε.Ε.,ADC ΕΕ,997954156,ΕΕ,ΑΘΗΝΩΝ,,2106895371,www.adc1.gr,,https://www.adc1.gr/,False,,False,,False,,
0,False,2556,63612703000,ΤΑΟΥΚΤΣΗΣ ΦΩΤΙΟΣ ΤΟΥ ΕΜΜΑΝΟΥΗΛ,,052778002,ΑΤΟΜΙΚΗ,ΑΤΤΙΚΗΣ,f.taouktsis@sg-event.gr,6972006236,,https://www.sg-event.gr/,https://www.sg-event.gr/,False,,False,,False,,
0,False,5000,147790040000,ΤΖΑΝΑΚΟΥΛΗ ΕΛΕΥΘΕΡΙΑ ΤΟΥ ΚΩΝΣΤΑΝΤΙΝΟΥ,,151499393,ΑΤΟΜΙΚΗ,ΛΑΡΙΣΑΣ,tzanakouli@yahoo.com,2410255997,http://www.pineiosnews.gr,,https://www.pineiosnews.gr/,False,,False,,False,,
0,True,642,2920701000,ΤΗΕ ΝΕWTONS LABORATORY ΑΝΩΝΥΜΗ ΕΤΑΙΡΕΙΑ ΠΑΡΟΧΗΣ ΟΛΟΚΛΗΡΩΜΕΝΩΝ ΥΠΗΡΕΣΙΩΝ ΔΙΑΦΗΜΙΣΗΣ ΚΑΙ ΕΠΙΚΟΙΝΩΝΙΑΣ,THE NEWTONS LABORATORY ΔΙΑΦΗΜΙΣΤΙΚΗ  ΑΕ,094503358,ΑΕ,ΑΤΤΙΚΗΣ,evelina.perraki@thenewtons.gr,2111060100,www.thenewtons.gr/financial-data/,,https://thenewtons.gr/,False,,False,,False,,
0,False,10027,122421403000,ΤΟΚΑ ΕΙΡΗΝΗ ΜΙΡΟΣΛΑΒΑ ΤΟΥ ΧΑΡΑΛΑΜΠΟΥ,,128695341,ΑΤΟΜΙΚΗ,ΑΤΤΙΚΗΣ,info@toca.gr,2107707715,,https://toca.gr/,https://toca.gr/,False,,False,,False,,
0,False,1287,133234006000,ΤΟΜΠΡΗ ΜΑΡΙΑ - ΧΡΙΣΤΙΝΑ ΤΟΥ  ΝΙΚΟΛΑΟΥ,KAROTTO,056949401,ΑΤΟΜΙΚΗ,ΘΕΣΣΑΛΟΝΙΚΗΣ,karotto@karotto.gr,2310989877,,https://karotto.gr/,https://karotto.gr/,False,,False,,False,,
0,False,2786,119670806000,ΤΟΥΜΠΑΛΙΔΗΣ ΑΡΓΥΡΙΟΣ ΤΟΥ ΚΛΕΑΝΘΗ,AKT MARKETING SERVICES,101300520,ΑΤΟΜΙΚΗ,ΘΕΣΣΑΛΟΝΙΚΗΣ,atubalidis@aktms.gr,2310268132,,https://aktms.gr/,https://aktms.gr/,False,,False,,False,,190106806000
0,False,4186,184976604000,ΤΟΥΡΤΑ ΜΕΛΙΝΑ ΑΡΕΤΗ,Α & Ω TECHNOLOGY,136287505,ΑΤΟΜΙΚΗ,ΘΕΣΣΑΛΟΝΙΚΗΣ,info@alpha-omega.tech,2313038301,,https://alpha-omega.tech/,https://alpha-omega.tech/,False,,False,,False,,
0,True,380,187027301000,ΤΡΙΑΛΩΝΗΣ ΜΗΝΑΣ και ΣΙΑ ΔΙΑΦΗΜΙΣΤΙΚΗ ΕΤΕΡΟΡΡΥΘΜΗ ΕΤΑΙΡΕΙΑ,ADBERT Ε.Ε.,802996238,ΕΕ,ΑΤΤΙΚΗΣ,mtrialonis@adbert.gr,2109953527,,https://www.adbert.gr/,https://www.adbert.gr/,False,,False,,False,,
0,False,10027,172822203000,ΤΡΙΑΝΤΑΦΥΛΛΟΥ ΠΟΛΛΑΝΗΣ ΝΙΚΟΛΑΟΣ,ΠΟΛΛΑΝΗΣ,161453718,ΑΤΟΜΙΚΗ,ΑΤΤΙΚΗΣ,niko0olastp@gmail.com,6983476820,https://www.linkedin.com,,https://www.linkedin.com/,False,,False,,False,,
0,False,2652,7048701000,ΤΡΙΝΙΤΥ ADV ΕΠΙΚΟΙΝΩΝΙΑ - ΔΙΑΦΗΜΙΣΗ ΑΝΩΝΥΜΗ ΕΤΑΙΡΕΙΑ,ΤΡΙΝΙΤΥ ADV Α.Ε.,998775176,ΑΕ,ΑΤΤΙΚΗΣ,vpetrou@mantisgroup.gr,2105512526,www.treenity.gr,,https://www.treenity.gr/,False,,False,,False,,
0,False,1094,42154506000,ΤΡΟΚΑΝΤΕΡΟ ΔΙΑΦΗΜΙΣΤΙΚΗ ΙΔΙΩΤΙΚΗ ΚΕΦΑΛΑΙΟΥΧΙΚΗ ΕΤΑΙΡΕΙΑ,ΤΡΟΚΑΝΤΕΡΟ ΙΚΕ,099771274,ΙΚΕ,ΘΕΣΣΑΛΟΝΙΚΗΣ,sidiropoulospanagiotis@hotmail.com,2310323623,www.trocaderoae.gr,,https://www.trocaderoae.gr/,False,,False,,False,,
0,False,2946,126872104000,ΤΡΟΠΟΣ Ι.Κ.Ε.,TROPOS BRANDING Ι.Κ.Ε.,800517052,ΙΚΕ,ΘΕΣΣΑΛΟΝΙΚΗΣ,tropos@tropos.gr,2310488915,www.tropos.gr,,https://www.tropos.gr/,False,,False,,False,,
0,False,7840,169007003000,ΤΡΟΥΠΑΚΗΣ ΚΩΝΣΤΑΝΤΙΝΟΣ ΚΑΙ ΣΙΑ ΕΤΕΡΟΡΡΥΘΜΗ ΕΤΑΙΡEΙΑ,ΤΡΟΥΠΑΚΗΣ ΚΩΝΣΤΑΝΤΙΝΟΣ ΚΑΙ ΣΙΑ ΕΕ,802054190,ΕΕ,ΑΤΤΙΚΗΣ,kostas@myvenue.gr,2169009024,,https://myvenue.gr/,https://myvenue.gr/,False,,False,,False,,
0,False,10027,125771203000,ΤΣΑΓΚΑΡΑΚΗΣ  ΧΡΗΣΤΟΣ  ΤΟΥ  ΚΩΝΣΤΑΝΤΙΝΟΥ,GOLDEN GROUP,116160816,ΑΤΟΜΙΚΗ,ΑΤΤΙΚΗΣ,info@goldenwebs.gr,2102202709,,https://goldenwebs.gr/,https://goldenwebs.gr/,False,,False,,False,,
0,False,10027,124070627000,ΤΣΑΚΙΡΕΛΗ ΕΛΕΝΗ ΤΟΥ ΔΗΜΗΤΡΙΟΥ,ΚΙΜΩΝ ΓΡΑΦΙΚΕΣ ΤΕΧΝΕΣ,029614620,ΑΤΟΜΙΚΗ,ΗΡΑΚΛΕΙΟΥ,info@kimon.gr,2810281772,,https://www.kimon.gr/,https://www.kimon.gr/,False,,False,,False,,76109727000
0,False,5833,11661536000,ΤΣΑΡΤΣΙΑΝΙΔΗΣ ΠΑΝΑΓΙΩΤΗΣ ΤΟΥ ΧΡΗΣΤΟΥ,"""ΟΜΙΚΡΟΝ""",045039018,ΑΤΟΜΙΚΗ,ΚΟΖΑΝΗΣ,olga@omikron.tv,,,https://omikron.tv/,https://omikron.tv/,False,,False,,False,,
0,False,5000,156615026000,ΤΣΙΑΜΟΥΡΗ ΜΑΡΙΑ ΤΟΥ ΚΩΝΣΤΑΝΤΙΝΟΥ,,059957154,ΑΤΟΜΙΚΗ,ΗΜΑΘΙΑΣ,info@maketta.gr,2331051773,,https://maketta.gr/,https://maketta.gr/,False,,False,,False,,
0,False,5000,128123308000,ΤΣΙΑΝΙΚΑΣ ΛΕΩΝΙΔΑΣ-ΤΣΙΑΝΙΚΑΣ ΧΡΙΣΤΟΦΟΡΟΣ Ο.Ε,xlg,800534952,ΟΕ,ΑΤΤΙΚΗΣ,l.tsianikas@xlg.gr,2109430219,,https://www.xlg.gr/,https://www.xlg.gr/,False,,False,,False,,112089308000
0,False,10027,41797306000,ΤΣΙΓΓΕΡΛΙΩΤΗΣ ΜΑΡΙΟΣ ΤΟΥ ΝΙΚΟΛΑΟΥ,ORIGAMI MEDIA DESIGN,079097337,ΑΤΟΜΙΚΗ,ΘΕΣΣΑΛΟΝΙΚΗΣ,marios@origami.com.gr,6997997997,,https://www.origami.com.gr/,https://www.origami.com.gr/,False,,False,,False,,
0,False,5056,38530905000,ΤΣΙΓΕΡΙΔΟΥ ΣΟΦΙΑ ΤΟΥ ΚΟΣΜΑ,,113454364,ΑΤΟΜΙΚΗ,ΘΕΣΣΑΛΟΝΙΚΗΣ,sofia@startdesign.gr,2313020143,http://www.startdesign.gr,,https://startdesign.gr/,False,,False,,False,,
0,False,4235,153224903000,ΤΣΙΜΠΟΥΡΛΑ ΧΑΡΙΚΛΕΙΑ ΤΟΥ ΝΙΚΟΛΑΟΥ - ΠΑΝΑΓΙΩΤΗ,VELOX DIGITAL,109820476,ΑΤΟΜΙΚΗ,ΑΤΤΙΚΗΣ,hello@velox.gr,2104441200,,https://velox.gr/,https://velox.gr/,False,,False,,False,,
0,False,2216,131858402000,ΤΣΙΝΑΡΟΓΛΟΥ ΕΛΕΥΘΕΡΙΟΣ ΤΟΥ ΣΤΥΛΙΑΝΟΥ,,061684529,ΑΤΟΜΙΚΗ,ΑΤΤΙΚΗΣ,info@tsinaroglou.gr,2106755362,,https://tsinaroglou.gr/,https://tsinaroglou.gr/,False,,False,,False,,
0,False,6715,153794006000,ΤΣΙΝΤΖΗΡΑΣ ΙΩΑΝΝΗΣ ΤΟΥ ΓΑΒΡΙΗΛ,,147440024,ΑΤΟΜΙΚΗ,ΘΕΣΣΑΛΟΝΙΚΗΣ,jon@doodler.eu,2310686378,,https://doodler.eu/,https://doodler.eu/,False,,False,,False,,
0,True,614,64697603000,ΤΣΙΡΙΓΩΤΗΣ ΠΑΝΑΓΙΩΤΗΣ ΤΟΥ ΠΑΡΑΣΚΕΥΑ,,063634104,ΑΤΟΜΙΚΗ,ΑΤΤΙΚΗΣ,info@un-hooked.com,2106004977,,http://un-hooked.com/,http://un-hooked.com/,False,,False,,False,,
0,True,417,188246403000,ΤΣΟΥΜΠΑ ΑΙΚΑΤΕΡΙΝΗ ΤΟΥ ΒΑΣΙΛΕΙΟΥ,,138290308,ΑΤΟΜΙΚΗ,ΑΤΤΙΚΗΣ,katerina@etcopywriters.gr,,,https://etcopywriters.gr/,https://etcopywriters.gr/,False,,False,,False,,
0,False,5230,73346020000,Φ.ΣΠΑΝΟΥ-Π.ΒΛΑΧΟΥ Ο.Ε.,HIGHLIGHT O.E.,997869146,ΟΕ,ΔΩΔΕΚΑΝΗΣΟΥ,info@highlight.gr,,,https://www.highlight.gr/,https://www.highlight.gr/,False,,False,,False,,
0,False,4471,42982506000,ΦΑΝΑΡΙΩΤΗ ΦΡΟΣΩ ΤΟΥ ΣΤΕΛΙΟΥ,,128136844,ΑΤΟΜΙΚΗ,ΘΕΣΣΑΛΟΝΙΚΗΣ,info@maketastudio.gr,2310698689,,https://www.maketastudio.gr/,https://www.maketastudio.gr/,False,,False,,False,,
0,False,1526,61807003000,ΦΙΛΙΑ ΦΛΩΡΕΝΤΙΑ ΤΟΥ ΚΩΝΣΤΑΝΤΙΝΟΥ,LIAISON Creative Commercial Synergies,046603222,ΑΤΟΜΙΚΗ,ΑΤΤΙΚΗΣ,filia@yourliaison.gr,2106142958,,https://www.yourliaison.gr/,https://www.yourliaison.gr/,False,,False,,False,,
0,False,1231,77330827000,ΦΙΟΡΕΤΖΗΣ ΔΗΜΗΤΡΙΟΣ ΤΟΥ ΚΩΝΣΤΑΝΤΙΝΟΥ,DESIGNIDEAS,103842390,ΑΤΟΜΙΚΗ,ΗΡΑΚΛΕΙΟΥ,info@designideas.gr,2810242222,,https://www.designideas.gr/site/,https://www.designideas.gr/site/,False,,False,,False,,
0,True,791,49492338000,ΦΡΑΓΚΙΣΚΑ ΙΩΑΝΝΗ ΧΑΝΙΩΤΗ,,107207730,ΑΤΟΜΙΚΗ,ΚΥΚΛΑΔΩΝ,info@h2concept.gr,2289026991,,https://h2concept.gr/,https://h2concept.gr/,False,,False,,False,,67779403000
0,False,10027,160065603000,ΦΡΑΓΚΟΓΙΑΝΝΗΣ ΘΕΟΔΩΡΟΣ-ΦΙΛΙΠΠΟΣ ΤΟΥ ΠΑΝΑΓΙΩΤΗ,Filippos Fragkogiannis,154657682,ΑΤΟΜΙΚΗ,ΑΤΤΙΚΗΣ,info@filipposfragkogiannis.com,2109511036,www.filipposfragkogiannis.com,,https://filipposfragkogiannis.com/,False,,False,,False,,
0,False,10027,8926401000,ΦΥΝΤΑΝΗΣ ΔΗΜΗΤΡΙΟΣ ΚΑΙ ΣΙΑ Ε.Ε.,SHIRTAKI.GR - ΣΥΡΤΑΚΙ.ΤΖΙΑΡ,998087122,ΕΕ,ΑΘΗΝΩΝ,logistirio@skywalker.gr,2109730280,,https://www.skywalker.gr/el,https://www.skywalker.gr/el,False,,False,,False,,8590101000
0,False,5000,135872103000,ΦΩΤΟΠΟΥΛΟΣ ΚΩΝΣΤΑΝΤΙΝΟΣ ΤΟΥ ΗΛΙΑ,,144558360,ΑΤΟΜΙΚΗ,ΑΤΤΙΚΗΣ,kfotopoulos@franky.gr,2102693897,,https://www.franky.gr/,https://www.franky.gr/,False,,False,,False,,
0,False,10027,177538406000,ΧΑΡΑΛΑΜΠΙΔΗΣ ΑΛΕΞ. ΚΑΙ ΣΙΑ Ε.Ε.,monksgr,802500249,ΕΕ,ΘΕΣΣΑΛΟΝΙΚΗΣ,alex@monks.gr,2310455535,,https://monks.gr/,https://monks.gr/,False,,False,,False,,
0,False,1933,67551303000,ΧΑΡΑΛΑΜΠΟΣ ΑΛΕΞΑΝΔΡΟΠΟΥΛΟΣ,OUTSIDERS,105532844,ΑΤΟΜΙΚΗ,ΑΤΤΙΚΗΣ,bob@outsidersweb.eu,2114002437,,https://outsidersweb.eu/,https://outsidersweb.eu/,False,,False,,False,,
0,False,4192,67496303000,ΧΑΡΑΛΑΜΠΟΣ ΚΟΥΡΗΣ,F-CONCEPT,114015887,ΑΤΟΜΙΚΗ,ΑΤΤΙΚΗΣ,ckouris@f-concept.com,2105222298,,https://f-concept.com/,https://f-concept.com/,False,,False,,False,,
0,False,4775,142182901000,ΧΑΡΑΛΑΜΠΟΣ ΤΣΑΓΚΑΡΑΤΟΣ ΤΟΥ ΣΠΥΡΙΔΩΝΟΣ,,068959133,ΑΤΟΜΙΚΗ,ΑΤΤΙΚΗΣ,h.tsagaratos@whizz.gr,211 7505777,,https://www.whizz.gr/,https://www.whizz.gr/,False,,False,,False,,176524701000
0,False,2443,6132001000,ΧΑΡΗΣ ΤΖΟΥΒΕΛΗΣ ΚΑΙ ΣΙΑ ΕΤΕΡΟΡΡΥΘΜΟΣ ΕΤΑΙΡΙΑ,ART-ATTACK,999113037,ΕΕ,ΑΘΗΝΩΝ,harry@art-attack.gr,2108957564,www.art-attack.gr,,https://art-attack.gr/,False,,False,,False,,
0,True,95,11735436000,ΧΑΡΙΣΙΟΣ ΧΑΤΖΗΝΙΚΟΛΑΟΥ ΚΑΙ ΣΙΑ Ο.Ε.,MEDIA CAST ΔΙΑΦΗΜΙΣΤΙΚΗ ΕΚΔΟΤΙΚΗ,999936668,ΟΕ,ΚΟΖΑΝΗΣ,presskoz@gmail.com,2461049912,http://www.mediacastadv.gr/,,https://mediacastadv.gr/,False,,False,,False,,
0,False,5000,192993503000,ΧΑΤΖΗΣ ΚΩΝΣΤΑΝΤΙΝΟΣ ΤΟΥ ΙΩΑΝΝΗ,Upside Agency,138711377,ΑΤΟΜΙΚΗ,ΑΤΤΙΚΗΣ,info@upside.gr,6934976897,,https://upside.gr/,https://upside.gr/,False,,False,,False,,
0,False,4725,134640640000,ΧΕΛΙΔΩΝΗΣ ΑΝΑΣΤΑΣΙΟΣ ΤΟΥ ΚΩΝ/ΝΟΥ,,050839028,ΑΤΟΜΙΚΗ,ΛΑΡΙΣΑΣ,info@direct-prom.com,2410555690,,https://www.direct-prom.gr/el/,https://www.direct-prom.gr/el/,False,,False,,False,,
0,False,7703,66203603000,ΧΡΗΣΤΟΣ ΜΩΡΑΙΤΗΣ,,077847201,ΑΤΟΜΙΚΗ,ΑΤΤΙΚΗΣ,info@moraites.eu,2130034085,,https://moraites.eu/,https://moraites.eu/,False,,False,,False,,
0,False,3032,66332803000,ΧΡΥΣΑΝΘΗ ΡΕΤΣΟΥ,RED BIKE,128017290,ΑΤΟΜΙΚΗ,ΑΤΤΙΚΗΣ,info@redbike.gr,2109599698,,https://www.redbike.gr/,https://www.redbike.gr/,False,,False,,False,,
