ar_gemi,co_name_el,co_titles_el,afm,legal_type_descr,prefecture_descr,email,phone,url,discovered_url
345601000,Dentsu Greece - ΜΟΝΟΠΡΟΣΩΠΗ ΑΝΩΝΥΜΗ ΕΤΑΙΡΕΙΑ ΠΑΡΟΧΗΣ ΔΙΑΦΗΜΙΣΤΙΚΩΝ ΥΠΗΡΕΣΙΩΝ,,094102460,ΑΕ,ΑΤΤΙΚΗΣ,giorgos.petrakis@dentsu.com,2111012216,,https://www.dentsu.com/
351901000,ΣΤΑΥΡΟΣ ΛΕΟΥΣΗΣ -  ΔΙΑΦΗΜΙΣΤΙΚΗ ΚΑΙ ΕΜΠΟΡΙΚΗ ΕΤΑΙΡΕΙΑ Α.Ε.,SOLID HAVAS,094155673,ΑΕ,ΑΤΤΙΚΗΣ,log@solidhavas.gr,2108172100,www.solid.gr,
415101000,"MAGNET Ανώνυμη Διαφημιστική Εταιρεία, Σύμβουλοι Επιχειρήσεων",,094240763,ΑΕ,ΑΤΤΙΚΗΣ,olga.m@magnetathens.gr,2106892151,www.magnetad.gr,
428401000,ΕΛΜΑ ΔΙΑΦΗΜΙΣΤΙΚΗ ΕΤΑΙΡΕΙΑ ΠΕΡΙΩΡΙΣΜΕΝΗΣ ΕΥΘΥΝΗΣ,,095065733,ΕΠΕ,ΑΤΤΙΚΗΣ,accounting@elmadvertising.gr,2103233287,www.elmaadvertising.eu,
470301000,C.C.M. INTERNATIONAL ΕΤΑΙΡΕΙΑ ΠΕΡΙΩΡΙΣΜΕΝΗΣ ΕΥΘΥΝΗΣ,,095310743,ΕΠΕ,ΑΤΤΙΚΗΣ,daline@groupccm.com,2106146560,,https://groupccm.com/
576001000,ΕΘΝΙΚΟΣ ΚΗΡΥΞ ΤΗΣ ΝΕΑΣ ΥΟΡΚΗΣ ΕΛΛΑΣ ΜΟΝΟΠΡΟΣΩΠΗ ΕΤΑΙΡΕΙΑ ΠΕΡΙΩΡΙΣΜΕΝΗΣ ΕΥΘΥΝΗΣ,,095443275,ΕΠΕ,ΑΤΤΙΚΗΣ,amglogistirio@gmail.com,2103607268,www.ekirikas.blogspot.gr,
662801000,"ΣΠΡΙΝΤ, ΔΙΑΦΗΜΙΣΤΙΚΗ ΑΝΩΝΥΜΟΣ ΕΤΑΙΡΕΙΑ",SPRINT,094282416,ΑΕ,ΑΤΤΙΚΗΣ,spanos@sprint-adv.gr,2106845570,,https://www.sprint-adv.gr/
772201000,INITIATIVE MEDIA ΔΙΑΦΗΜΙΣΤΙΚΗ ΑΝΩΝΥΜΗ ΕΤΑΙΡΕΙΑ,ΙΝΙTIATIVE MEDIA ATHENS,094348620,ΑΕ,ΑΤΤΙΚΗΣ,sbakratsa@htplaw.com.gr,2106798800,www.initiative.gr,
774201000,ΜΕΙΛΙΧΟΣ ΔΙΑΦΗΜΙΣΤΙΚΗ ΤΟΥΡΙΣΤΙΚΗ ΑΝΩΝΥΜΗ ΕΤΑΙΡΕΙΑ,ΜΕΙΛΙΧΟΣ,094281470,ΑΕ,ΑΤΤΙΚΗΣ,karelas@otenet.gr,2103626164,http://www.meilixos.gr,
793401000,ΚΟΜΠΑΚΤ ΜΟΝΟΠΡΟΣΩΠΗ ΕΤΑΙΡΕΙΑ ΠΕΡΙΟΡΙΣΜΕΝΗΣ ΕΥΘΥΝΗΣ-ΕΠΙΚΟΙΝΩΝΙΑ ΚΑΙ ΕΝΕΡΓΕΙΕΣ ΠΡΟΩΘΗΣΗΣ,COMPACT,095617581,ΕΠΕ,ΑΤΤΙΚΗΣ,lpirounaki@compactad.gr,2108032130,,https://compactad.gr/
827601000,ΔΗΜΗΤΡΙΟΣ ΚΑΡΟΥΣΗΣ ΤΟΥ ΕΥΑΓΓΕΛΟΥ,D.K ADVERTISING - ΟΥΡΑΝΙΟ ΦΩΣ ΔΙΑΦΗΜΙΣΕΙΣ ΕΚΔΟΣΕΙΣ,031159700,ΑΤΟΜΙΚΗ,ΑΤΤΙΚΗΣ,alexandra@dkadv.gr,2108847190,,https://dkadv.gr/
831201000,ΒΙΖΙΟΝ ΔΙΑΦΗΜΙΣΤΙΚΗ ΕΤΑΙΡΕΙΑ ΠΕΡΙΩΡΙΣΜΕΝΗΣ ΕΥΘΥΝΗΣ,ΒΙΖΙΟΝ ΕΠΕ,095565230,ΕΠΕ,ΑΤΤΙΚΗΣ,gpappas@vision.gr,2106640645,https://vision.gr,
890301000,PRODUCTA DIRECT ΠΡΟΩΘΗΤΙΚΩΝ ΔΡΑΣΤΗΡΙΟΤΗΤΩΝ ΕΤΑΙΡΕΙΑ ΠΕΡΙΩΡΙΣΜΕΝΗΣ ΕΥΘΥΝΗΣ,PRODUCTA DIRECT ΕΠΕ,095591665,ΕΠΕ,ΑΤΤΙΚΗΣ,fsidera@producta-d.gr,2106893330,,https://producta-d.gr/
931101000,SCOPE - ΕΜΠΟΡΙΚΗ-ΕΙΣΑΓΩΓΙΚΗ- ΕΞΑΓΩΓΙΚΗ ΠΑΡΟΧΗΣ ΥΠΗΡΕΣΙΩΝ IΔΙΩΤΙΚΗ ΚΕΦΑΛΑΙΟΥΧΙΚΗ ΕΤΑΙΡΕΙΑ,SCOPE Ι.Κ.Ε.,095535667,ΙΚΕ,ΑΤΤΙΚΗΣ,george@gtt.gr,2108650050,http://scope.gr/,
961101000,Ι.Ν. ΛΕΟΥΣΗΣ ΔΙΑΦΗΜΙΣΤΙΚΗ ΕΜΠΟΡΙΚΗ ΑΝΩΝΥΜΗ ΕΤΑΙΡΙΑ ΠΛΗΡΩΝ ΥΠΗΡΕΣΙΩΝ,JNL +,094356380,ΑΕ,ΑΘΗΝΩΝ,info@ambe.gr,2106140035,www.jnl.com,
1010401000,ΓΡΑΜΜΗ ΥΠΑΙΘΡΙΑΙ ΔΙΑΦΗΜΙΣΕΙΣ ΕΤΑΙΡΕΙΑ ΠΕΡΙΩΡΙΣΜΕΝΗΣ ΕΥΘΥΝΗΣ,ΓΡΑΜΜΗ Ε.Π.Ε.,095425374,ΕΠΕ,ΑΤΤΙΚΗΣ,triantafyllakosv@grammi-douka.gr,2105320245,,https://grammi-douka.gr/
1042201000,TEMPO OPTIMUM MEDIA DIRECTION HELLAS ΑΝΩΝΥΜΟΣ ΕΤΑΙΡΕΙΑ ΔΙΑΦΗΜΙΣΤΙΚΩΝ ΥΠΗΡΕΣΙΩΝ,TEMPO OMD HELLAS A.E.,094352306,ΑΕ,ΑΤΤΙΚΗΣ,asanidas@ags-law.gr,2106175700,www.omd.gr,
1165601000,MEDIAWIDER ΑΝΩΝΥΜΗ ΕΤΑΙΡΙΑ ΑΝΤΙΠΡΟΣΩΠΕΥΣΗΣ ΕΚΜΕΤΑΛΛΕΥΣΗΣ ΔΙΑΦΗΜΙΣΤΙΚΩΝ ΜΕΣΩΝ,MEDIAWIDER A.E.,094353051,ΑΕ,ΑΤΤΙΚΗΣ,info@mediawider.com,2110129500,www.publicitas.com/greece,
1473801000,GLOBVY Ανώνυμη Εταιρία Αντιπροσώπευσης - Εκμετάλλευσης Μέσων Επικοινωνίας,GLOBVY Α.Ε.,094412910,ΑΕ,ΑΤΤΙΚΗΣ,info@globvy.com,2110129600,www.publicitas.com/greece,
1547401000,MCCANN - ERICKSON ΔΙΑΦΗΜΙΣΤΙΚΗ ΜΟΝΟΠΡΟΣΩΠΗ ΑΝΩΝΥΜΗ ΕΜΠΟΡΙΚΗ ΕΤΑΙΡΕΙΑ,MCCANN - ERICKSON ATHENS,094414128,ΑΕ,ΑΤΤΙΚΗΣ,kostas.papanikos@mccann.gr,2108171100,www.mccann.gr,
1607301000,Ρ.ΚΑΙ Γ. ΣΕΝΤΟΥΚΑ ΕΤΑΙΡΕΙΑ ΠΕΡΙΩΡΙΣΜΕΝΗΣ ΕΥΘΥΝΗΣ,RED DESING CONSULTANTS ΕΠΕ,095679478,ΕΠΕ,ΑΘΗΝΩΝ,gina@reddesignconsultants.com,2108010003,https://www.reddesignconsultants.com/,
1627501000,"DYNAMIC COMMUNICATION ΑΝΩΝΥΜΗ ΕΤΑΙΡΕΙΑ ΔΙΑΦΗΜΙΣΕΩΝ, ΔΗΜΟΣΙΩΝ ΣΧΕΣΕΩΝ ΚΑΙ ΡΑΔΙΟΤΗΛΕΟΠΤΙΚΩΝ ΠΑΡΑΓΩΓΩΝ",DYNAMIC COMMUNICATION A.E.,094398173,ΑΕ,ΑΤΤΙΚΗΣ,,2102839036,www.d-comm.gr,
1630201000,MullenLowe Επικοινωνίες Μονοπρόσωπη Ανώνυμη Εταιρεία,MullenLowe Athens,094413410,ΑΕ,ΑΤΤΙΚΗΣ,Kostas.Terzopoulos@loweandpartners.com,2106877500,http://loweandpartners.gr,
1710701000,ΚΩΝΣΤΑΝΤΙΝΟΣ ΓΚΡΙΤΖΑΛΗΣ ΤΟΥ ΠΑΝΑΓΙΩΤΗ,ARIP,033078803,ΑΤΟΜΙΚΗ,ΑΤΤΙΚΗΣ,admin@arip.gr,2155700860,,https://www.arip.gr/
1758001000,ΑΚΤΜΕΝΤΙΑ (ΕΛΛΑΣ) ΔΙΑΦΗΜΙΣΤΙΚΗ ΚΑΙ ΕΜΠΟΡΙΚΗ ΜΟΝΟΠΡΟΣΩΠΗ ΑΝΩΝΥΜΗ ΕΤΑΙΡΕΙΑ ΕΚΜΕΤΑΛΛΕΥΣΗΣ ΑΚΙΝΗΤΩΝ,ACTMEDIA HELLAS,094431217,ΑΕ,ΑΤΤΙΚΗΣ,p.contis@actmedia.gr,2106808550,www.actmedia.gr,
1877101000,ΛΕΩΝ & ΣΥΝΕΡΓΑΤΕΣ ΔΙΑΦΗΜΙΣΕΙΣ ΑΝΩΝΥΜΟΣ ΕΤΑΙΡΕΙΑ,LEON & PARTNERS,094433770,ΑΕ,ΑΘΗΝΩΝ,nlamprou@leon.gr,2103440000,www.leonsynergates.eu,
1905501000,IPG Mediabrands Επικοινωνίες Ανώνυμη Εταιρεία,IPG Mediabrands,094434268,ΑΕ,ΑΤΤΙΚΗΣ,V.Lekou@mediabrands.gr,2106798700,www.mediabrands.gr,
1918501000,ΔΙΑΦΗΜΙΣΤΙΚΗ ΤΟΥΡΙΣΤΙΚΗ ΙΔΙΩΤΙΚΗ ΚΕΦΑΛΑΙΟΥΧΙΚΗ ΕΤΑΙΡΕΙΑ,G.A. ΔΙΑΦΗΜΙΣΤΙΚΗ ΤΟΥΡΙΣΤΙΚΗ Ι.Κ.Ε.,095446056,ΙΚΕ,ΑΤΤΙΚΗΣ,gageorge@central.GR,6727734, 	ga-advert.gr ,
1937701000,SPORTVISION Μάρκετινγκ Συμβουλευτικές Υπηρεσίες Στρατηγική Εφαρμογές Ανώνυμη Εταιρεία,SPORTVISION SA,094473085,ΑΕ,ΑΘΗΝΩΝ,info@sportvision.gr,2106140012,WWW.SPORTVISION.GR,
1943901000,ACE MODELS ΦΟΥΣΙΑΝΗ ΧΡΙΣΤΙΝΑ ΕΤΑΙΡΕΙΑ ΠΕΡΙΟΡΙΣΜΕΝΗΣ ΕΥΘΥΝΗΣ ,ACE MODEL ΦΟΥΣΙΑΝΗ ΧΡΙΣΤΙΝΑ ΕΠΕ,095702622,ΕΠΕ,ΑΤΤΙΚΗΣ,nancy@acemodels.gr,2109226200,,https://acemodels.gr/
2014101000,ΕΞΕΣ  ΜΟΝΟΠΡΟΣΩΠΗ ΕΤΑΙΡΕΙΑ ΠΕΡΙΩΡΙΣΜΕΝΗΣ ΕΥΘΥΝΗΣ,FIVE TOWERS  | EXCESS ΜΟΝΟΠΡΟΣΩΠΗ ΕΠΕ,095617300,ΕΠΕ,ΑΤΤΙΚΗΣ,makis@excessad.gr,2106518838,www.excessad.gr,
2041201000,ΠΑΤΕΝΤΑ ΑΝΩΝΥΜΗ ΔΙΑΦΗΜΙΣΤΙΚΗ ΚΑΙ ΕΜΠΟΡΙΚΗ ΕΤΑΙΡΕΙΑ,ΠΑΤΕΝΤΑ ΑΕ,094436993,ΑΕ,ΑΤΤΙΚΗΣ,account.patenta@patentagroup.gr,2295023601,www.patenta.no-ip.org,
2051701000,ΚΑΠΑ ΣΙΓΜΑ ΔΕΛΤΑ ΕΚΔΟΤΙΚΗ ΔΙΑΦΗΜΙΣΤΙΚΗ ΕΙΣΑΓΩΓΙΚΗ ΕΞΑΓΩΓΙΚΗ ΤΟΥΡΙΣΤΙΚΗ ΝΑΥΤΙΛΙΑΚΗ ΕΤΑΙΡΕΙΑ ΣΥΜΒΟΥΛΩΝ ΑΝΩΝΥΜΗ ΕΤΑΙΡΕΙΑ,ΚΑΠΑ Σ. ΔΕΛΤΑ Α.Ε.,094420370,ΑΕ,ΑΘΗΝΩΝ,asaccounting@outlook.com,6986790890,https://eshop.ksdamenities.gr,
2053901000,Β.ΠΑΠΑΓΕΩΡΓΙΟΥ ΚΑΙ ΣΙΑ ΟΕ,Β & Β ΑΠΟΨΙΣ,082987019,ΟΕ,ΑΘΗΝΩΝ,papageorgiou@apopsisb.gr,2109249575,,https://www.apopsisb.gr/
2106801000,ΔΑΝΑΗ ΣΤΑΣΙΝΟΠΟΥΛΟΥ ΚΑΙ ΣΙΑ Ε.Ε.,ΠΑΡΑΛΑΞ ΝΤΙΖΑΙΝ ΓΚΡΟΥΠ (PARALLAX DESIGN GROUP),084017441,ΕΕ,ΑΘΗΝΩΝ,,2108824470,sd.parallax@gmail.com,
2186701000,ΜΩΡΓΚΑΝ ΔΙΑΦΗΜΙΣΕΙΣ - ΔΗΜΟΣΙΕΥΣΕΙΣ ΑΝΩΝΥΜΗ ΕΤΑΙΡΕΙΑ,ΜΩΡΓΚΑΝ Α.Ε.,094463370,ΑΕ,ΑΤΤΙΚΗΣ,info@morgan.gr,2107475670,www.morgan.gr,
2210901000,TOP PROMOTION ΥΠΗΡΕΣΙΕΣ ΜΑΡΚΕΤΙΝΓΚ (MARKETING)- ΔΙΑΦΗΜΙΣΕΙΣ ΑΝΩΝΥΜΟΣ ΕΤΑΙΡΕΙΑ,TOP AD Α.Ε.,094413469,ΑΕ,ΑΘΗΝΩΝ,x.papandreou@topad.gr,2106136300,www.topad.gr,
2275301000,ΣΙΤΙ ΚΟΝΤΑΚΤ (CITY CONTACT) ΔΙΑΦΗΜΙΣΗ - ΤΟΥΡΙΣΜΟΣ ΜΟΝΟΠΡΟΣΩΠΗ ΕΤΑΙΡΕΙΑ ΠΕΡΙΟΡΙΣΜΕΝΗΣ ΕΥΘΥΝΗΣ,CITY CONTACT ΜΕΠΕ,095674053,ΕΠΕ,ΑΤΤΙΚΗΣ,vicky.kalligerou@gmail.com,2168008455,www.citycontact.gr,
2317801000,MMS COMMUNICATIONS ΕΛΛΑΣ ΜΟΝΟΠΡΟΣΩΠΗ ΔΙΑΦΗΜΙΣΤΙΚΗ ΑΝΩΝΥΜΗ ΕΤΑΙΡΕΙΑ,MMS COMMUNICATIONS HELLAS,094493637,ΑΕ,ΑΤΤΙΚΗΣ,sbakratsa@htplaw.com.gr,2107242306,www.publics.com.gr,
2400901000,( ΠΤΩΧΕΥΣΕ) DEPEND ΕΤΑΙΡΕΙΑ ΠΡΟΩΘΗΣΗΣ ΠΩΛΗΣΕΩΝ ΕΤΑΙΡΕΙΑ ΠΕΡΙΟΡΙΣΜΕΝΗΣ ΕΥΘΥΝΗΣ,(ΠΤΩΧΕΥΣΕ) DEPEND LTD,095657843,ΕΠΕ,ΑΤΤΙΚΗΣ,info@depepnd.gr,2102582812,www.depend.gr,
2450901000,ΕΥΑΓΓΕΛΟΣ ΠΙΣΠΑΣ ΚΑΙ ΣΙΑ Ε.Ε,GARAMOND,093808920,ΕΕ,ΑΤΤΙΚΗΣ,design@garamond.gr,2109012795,http://www.garamond.gr,
2487701000,ΠΡΟΜΟΣΠΟΡΤ - ΑΘΛΗΤΙΚΗ ΕΠΙΚΟΙΝΩΝΙΑ - ΑΝΩΝΥΜΗ ΕΤΑΙΡΕΙΑ ΠΑΡΟΧΗΣ ΥΠΗΡΕΣΙΩΝ ΔΙΑΦΗΜΙΣΗΣ ΜΕΛΕΤΩΝ ΚΑΙ ΜΑΡΚΕΤΙΝΓΚ,PROMOSPORT MARKETING & CONSULTING Α.Ε.,094496977,ΑΕ,ΑΘΗΝΩΝ,ktzortzi@promosport.gr,2102828367,www.promosport.gr,
2504401000,AK GENERAL MEDIA ΕΜΠΟΡΙΚΗ ΔΙΑΦΗΜΙΣΤΙΚΗ ΕΤΑΙΡΕΙΑ ΠΕΡΙΟΡΙΣΜΕΝΗΣ ΕΥΘΥΝΗΣ,AK GENERAL MEDIA ΕΠΕ,095682502,ΕΠΕ,ΑΘΗΝΩΝ,info@akgeneralmedia.gr,2718148,www.gpngroup.gr,
2748401000,MAVE ΜΑΛΑΝΔΡΙΝΟΥ ΑΜΑΛΙΑ ΜΟΝΟΠΡΟΣΩΠΗ ΕΤΑΙΡΕΙΑ ΠΕΡΙΟΡΙΣΜΕΝΗΣ ΕΥΘΥΝΗΣ,MAVE ΜΟΝΟΠΡΟΣΩΠΗ Ε.Π.Ε.,095611109,ΕΠΕ,ΑΤΤΙΚΗΣ,spyros@mavemedia.gr,2103451230,,http://mavemedia.gr/
2756201000,OPEN MEDIA ΔΙΑΦΗΜΙΣΤΙΚΗ ΑΝΩΝΥΜΗ ΕΤΑΙΡΕΙΑ,OPEN MEDIA Α.Ε.,094501200,ΑΕ,ΑΘΗΝΩΝ,nlamprou@leon.gr,2103440000,www.openmediasa.eu,
2809501000,ΑΓΓΕΛΙΚΗ ΧΑΡΑΛΑΜΠΟΠΟΥΛΟΥ ΤΟΥ ΑΝΑΣΤΑΣΙΟΥ,,032279596,ΑΤΟΜΙΚΗ,ΑΤΤΙΚΗΣ,info@graphicnet.gr,2105988749,,https://graphicnet.gr/
2817901000,"WAVEMAKER ΕΛΛΑΣ ΑΝΩΝΥΜΟΣ ΕΤΑΙΡΕΙΑ ΠΡΟΓΡΑΜΜΑΤΙΣΜΟΥ ΚΑΙ ΑΓΟΡΑΣ ΔΙΑΦΗΜΙΣΤΙΚΟΥ ΧΩΡΟΥ ΚΑΙ ΧΡΟΝΟΥ ΣΤΑ ΜΜΕ, ΔΗΜΙΟΥΡΓΙΑΣ ΠΕΡΙΕΧΟΜΕΝΟΥ ΚΑΙ ΤΕΧΝΟΛΟΓΙΑΣ",WAVEMAKER ΕΛΛΑΣ Α.Ε.,094502024,ΑΕ,ΑΘΗΝΩΝ,Gogo.Hilia@wppmedia.com,2108015018,,https://www.wppmedia.com/
2838001000,NEW ADVISOR ΣΥΜΒΟΥΛΟΙ ΕΠΙΚΟΙΝΩΝΙΑΣ ΚΑΙ ΤΕΧΝΟΛΟΓΙΑΣ ΜΟΝΟΠΡΟΣΩΠΗ ΑΝΩΝΥΜΗ ΕΤΑΙΡΕΙΑ,NEW ADVISOR A.E.,094505665,ΑΕ,ΑΤΤΙΚΗΣ,Alkis.Haritsis@tempomediagroup.gr,2106175700,www.newadvisor.gr,
2920701000,ΤΗΕ ΝΕWTONS LABORATORY ΑΝΩΝΥΜΗ ΕΤΑΙΡΕΙΑ ΠΑΡΟΧΗΣ ΟΛΟΚΛΗΡΩΜΕΝΩΝ ΥΠΗΡΕΣΙΩΝ ΔΙΑΦΗΜΙΣΗΣ ΚΑΙ ΕΠΙΚΟΙΝΩΝΙΑΣ,THE NEWTONS LABORATORY ΔΙΑΦΗΜΙΣΤΙΚΗ  ΑΕ,094503358,ΑΕ,ΑΤΤΙΚΗΣ,evelina.perraki@thenewtons.gr,2111060100,www.thenewtons.gr/financial-data/,
2989601000,MEDIA LINE ΙΔΙΩΤΙΚΗ ΚΕΦΑΛΑΙΟΥΧΙΚΗ ΕΤΑΙΡΕΙΑ,MEDIA LINE ΙΚΕ,099006299,ΙΚΕ,ΧΙΟΥ,medialine.ike@gmail.com,2271300287,http://099006299.eu,
3241201000,ΝΕΙΛ ΔΙΑΦΗΜΙΣΤΙΚΗ ΑΝΩΝΥΜΟΣ ΕΤΑΙΡΕΙΑ,NAIL ADVERTISING A.E.,094543448,ΑΕ,ΑΤΤΙΚΗΣ,,2102718148,http://www.gpngroup.gr,
3344701000,ΒΑΛΙΟΥ ΝΤΟΤ ΚΟΜ ΜΟΝΟΠΡΟΣΩΠΗ Ε.Π.Ε.,,095723617,ΕΠΕ,ΑΘΗΝΩΝ,manolis_katsapis@valuecom.gr,2103221656,www.valuecom.gr,
3461701000,ΚΑΡΑΜΕΛΛΑ ΜΟΝΟΠΡΟΣΩΠΗ ΑΝΩΝΥΜΗ ΔΙΑΦΗΜΙΣΤΙΚΗ ΕΤΑΙΡΕΙΑ,KARAMELLA CREATIONS ΜΟΝΟΠΡΟΣΩΠΗ AE,099369431,ΑΕ,ΑΘΗΝΩΝ,nvenierakis@gmail.com,2106893113,www.karamella.logistirio.info,
3500101000,MEDIA INSIGHT ΜΟΝΟΠΡΟΣΩΠΗ ΕΤΑΙΡΕΙΑ ΠΕΡΙΟΡΙΣΜΕΝΗΣ ΕΥΘΥΝΗΣ,MEDIA INSIGHT ΕΠΕ,099085784,ΕΠΕ,ΑΘΗΝΩΝ,agiamas@mindshare.gr,2108114600,www.media-insight.gr,
3504201000,SPORTNEWS ΥΠΗΡΕΣΙΕΣ ΔΙΑΔΙΚΤΥΟΥ ΑΝΩΝΥΜΗ ΕΤΑΙΡΕΙΑ,SPORTNEWS INTERNET SERVICE SA,099553793,ΑΕ,ΑΤΤΙΚΗΣ,kpetropoulou@media-time.gr,2107000707,http://www.flash.gr,
3647201000,CREAM ΑΝΩΝΥΜΟΣ ΕΤΑΙΡΕΙΑ ΔΙΑΦΗΜΙΣΕΩΝ ΚΑΙ ΕΠΙΚΟΙΝΩΝΙΑΣ,CREAM A.Ε.,099753999,ΑΕ,ΑΘΗΝΩΝ,ddionisakopoulou@cream.gr,2106285800,,https://www.cream.gr/
3759501000,UNIVERSAL MEDIA ΔΙΑΦΗΜΙΣΤΙΚΗ (ΕΛΛΑΣ) ΑΝΩΝΥΜΗ ΕΤΑΙΡΕΙΑ,UNIVERSAL MEDIA -UM,099756210,ΑΕ,ΑΤΤΙΚΗΣ,sbakratsa@htplaw.com.gr,2106786900,www.universalmedia.gr,
3800501000,ΒΙ ΕΝΤ Ο ΔΙΑΦΗΜΙΣΤΙΚΗ ΣΥΜΒΟΥΛΕΥΤΙΚΗ  ΑΝΩΝΥΜΗ ΕΤΑΙΡΕΙΑ,V + O Α.Ε.,099758590,ΑΕ,ΑΘΗΝΩΝ,panos.michalatos@gmail.com,2107249000,www.vando.gr,
3842301000,ΓΙΑΝΝΗΣ ΣΟΥΡΡΑΠΑΣ ΚΑΙ ΣΙΑ Ε.Ε.,3 ΙΝ Α ΒΟΧ (ΘΡΙ ΙΝ Ε ΜΠΟΞ),099468052,ΕΕ,ΑΤΤΙΚΗΣ,y.sourrapas@3inabox.gr,2103316123,,https://www.3inabox.gr/
3952001000,ΑΝΩΝΥΜΗ ΔΙΑΦΗΜΙΣΤΙΚΗ ΕΤΑΙΡΕΙΑ A.T.T.P.,A.T.T.P.,099875710,ΑΕ,ΑΘΗΝΩΝ,info@attp.gr,2106781800,,https://www.attp.gr/
3953301000,FINE AD - ΔΙΑΦΗΜΙΣΤΙΚΕΣ ΚΑΙ ΟΙΚΟΝΟΜΙΚΕΣ ΥΠΗΡΕΣΙΕΣ ΑΝΩΝΥΜΗ ΕΤΑΙΡΙΑ,FINE AD Α.Ε.,099878330,ΑΕ,ΑΤΤΙΚΗΣ,logistirio@finead.gr,2109216840,www.finead.gr/isologismos,
4005901000,POSH ADVERTISING ΑΝΩΝΥΜΗ ΔΙΑΦΗΜΙΣΤΙΚΗ ΕΤΑΙΡΕΙΑ,POSH ADVERTISING ΑΕ,099876674,ΑΕ,ΑΘΗΝΩΝ,rapso1111@gmail.com,2106660000,www.poshadv.eu,
4081901000,ADVENGERS ΥΠΗΡΕΣΙΕΣ ΕΠΙΚΟΙΝΩΝΙΑΣ Α.Ε.,ADVENGERS Α.Ε.,099937438,ΑΕ,ΑΤΤΙΚΗΣ,v.ntanas@advengers.gr,2111027400,https://www.advengers.gr,
4176101000,ΠΗΛΕΙΔΗΣ ΑΘΕΝΣ ΔΙΑΦΗΜΙΣΗ ΕΚΔΟΣΕΙΣ ΡΑΔΙΟΤΗΛΕΟΠΤΙΚΑ ΠΡΟΓΡΑΜΜΑΤΑ ΑΝΩΝΥΜΗ ΕΤΑΙΡΕΙΑ,ΠΗΛΕΙΔΗΣ ΑΘΕΝΣ Α.Ε.,099937555,ΑΕ,ΑΘΗΝΩΝ,elsa@pilides.gr,2103392220,www.pilides210isol.gr,
4189701000,ΚΟΡΠΟΡΕΙΤ ΓΟΥΕΜΠ ΑΝΩΝΥΜΟΣ ΕΤΑΙΡΕΙΑ ΔΙΑΦΗΜΙΣΕΩΝ ΚΑΙ ΔΗΜΟΣΙΩΝ ΣΧΕΣΕΩΝ,ΚΟΡΠΟΡΕΙΤ ΓΟΥΕΜΠ Α.Ε.,099939143,ΑΕ,ΑΤΤΙΚΗΣ,,21028607100,http://e-isologismo.eu/korporeit,
4268201000,ZZ DOT ΔΙΑΦΗΜΙΣΤΙΚΗ ΕΜΠΟΡΙΚΗ ΚΑΙ ΣΥΜΒΟΥΛΕΥΤΙΚΗ ΑΝΩΝΥΜΗ ΕΤΑΙΡΕΙΑ ,ZZ DOT,999983565,ΑΕ,ΑΘΗΝΩΝ,m.karamalaki@zzdot.gr,2108259884,www.proximityzz.gr,
4325901000,ECOPAPER ΜΟΝΟΠΡΟΣΩΠΗ ΕΜΠΟΡΙΚΗ ΔΙΑΦΗΜΙΣΤΙΚΗ ΕΤΑΙΡEΙΑ ΠΕΡΙΟΡΙΣΜΕΝΗΣ ΕΥΘΥΝΗΣ,ECOPAPER MEDIA & TRADE,099870135,ΕΠΕ,ΑΘΗΝΩΝ,tania@ecopaper.gr,2109424085,www.ecopaperepe.ibisologismos.gr,
4353801000,ΠΑΝΑΓΙΩΤΑ Α. ΓΕΩΡΓΑΚΟΠΟΥΛΟΥ ΚΑΙ ΣΙΑ ΟΕ,ΕΞΥΠΝΕΣ ΙΔΕΕΣ,099913324,ΟΕ,ΑΤΤΙΚΗΣ,info@smart-ideas.gr,2103645777,www.smart-ideas.gr,
4396601000,CARE DIRECT ΜΟΝΟΠΡΟΣΩΠΗ ΑΝΩΝΥΜΗ ΕΤΑΙΡΕΙΑ ΔΙΑΦΗΜΙΣΗΣ ΚΑΙ ΕΠΙΚΟΙΝΩΝΙΑΣ,CARE DIRECT Α.Ε.,095594723,ΑΕ,ΑΤΤΙΚΗΣ,protopapadakis.a@caredirect.com,2109287000,www.caredirect.com,
4519401000,ΔΗΜΟΠΟΥΛΟΣ MEDIA & ADVERTISING ΜΟΝΟΠΡΟΣΩΠΗ ETAIΡΕΙΑ ΠΕΡΙΩΡΙΣΜΕΝΗΣ ΕΥΘΥΝΗΣ ,D & M ACC MEDIA PRODUCTION LTD,999961874,ΕΠΕ,ΑΤΤΙΚΗΣ,info@dmisol.gr,2107474842,www.dimopoulosmedia.gr,
4653701000,CHAPTER FIVE Ανώνυμη Εταιρεία,CHAPTER FIVE Α.Ε,099899571,ΑΕ,ΑΤΤΙΚΗΣ,accounting@chapter5.gr,2109525255,www.chapter5.gr,
4719601000,BAKIS ΟΜΟΡΡΥΘΜΗ ΕΜΠΟΡΙΚΗ ΕΚΤΥΠΩΤΙΚΗ ΕΚΔΟΤΙΚΗ ΚΑΙ ΔΙΑΦΗΜΙΣΤΙΚΗ  ΕΤΑΙΡΕΙΑ,,999844290,ΟΕ,ΑΤΤΙΚΗΣ,tasosmavroud@yahoo.gr,2105143214,http://www.bakis-sa.gr,
4755101000,ΕΣ.ΣΙ.ΕΣ  ΝΟΟΥ ΧΑΟΥ ΛΥΣΕΙΣ ΤΕΧΝΟΛΟΓΙΑΣ ΕΤΑΙΡΕΙΑ ΠΕΡΙΟΡΙΣΜΕΝΗΣ ΕΥΘΥΝΗΣ,ΕΣ.ΣΙ.ΕΣ ΝΟΟΥΧΑΟΥ ΕΠΕ,999957246,ΕΠΕ,ΑΘΗΝΩΝ,info@scsknowhow.com,2109418106,www.scsknowhow.com,
4771001000,N.V.G PROVIDERS ΠΡΟΩΘΗΤΙΚΗ ΜΟΝΟΠΡΟΣΩΠΗ ΕΤΑΙΡΕΙΑ ΠΕΡΙΟΡΙΣΜΕΝΗΣ ΕΥΘΥΝΗΣ,NVG PROVIDERS Μ.Ε.Π.Ε.,999954084,ΕΠΕ,ΑΤΤΙΚΗΣ,vickyve@nvg.gr,2106833313,,https://www.nvg.gr/
4771601000,Γ.ΓΙΩΝΑΣ DESIGN & ILLUSTRATION ΙΔΙΩΤΙΚΗ ΚΕΦΑΛΑΙΟΥΧΙΚΗ ΕΤΑΙΡΕΙΑ,ΓΙΩΝΑΣ DESIGN & ILLUSTRATION ΙΚΕ,999986672,ΙΚΕ,ΑΤΤΙΚΗΣ,lena@yonas.gr,2109234879,www.yonas.gr,
4939401000,GLOBE ONE ΜΟΝΟΠΡΟΣΩΠΗ ΕΤΑΙΡΕΙΑ ΠΕΡΙΟΡΙΣΜΕΝΗΣ ΕΥΘΥΝΗΣ,GLOBE ONE DIGITAL,999853840,ΕΠΕ,ΑΘΗΝΩΝ,digital@globeonedigital.com,2102117700,www.globeonedigital.com,
4987801000,ΕΠΑΓΓΕΛΜΑΤΙΚΕΣ ΥΠΗΡΕΣΙΕΣ ΓΡΑΦΕΙΟΥ- ΣΠΙΤΙΟΥ ΕΤΑΙΡΕΙΑ ΠΕΡΙΩΡΙΣΜΕΝΗΣ ΕΥΘΥΝΗΣ,HUMMINGBIRD Ε.Π.Ε.,999968680,ΕΠΕ,ΑΤΤΙΚΗΣ,rigopoulou@despotidis.gr,2108000488,http://hummingbird.gr,
4991501000,PAPERSOFT Γ. ΣΤΕΦΑΝΙΔΗΣ & ΣΙΑ Ε.Ε.,PAPERSOFT,999807810,ΕΕ,ΑΤΤΙΚΗΣ,tania@ecopaper.gr,2109424085,,https://ecopaper.gr/Default
5025501000,ΑΝΟΔΟΣ NUEVA ΓΕΝΙΚΗ ΥΠΗΡΕΣΙΩΝ ΚΑΙ ΕΜΠΟΡΙΟΥ ΕΤΑΙΡΕΙΑ ΠΕΡΙΟΡΙΣΜΕΝΗΣ ΕΥΘΥΝΗΣ,ΑΝΟΔΟΣ NUEVA ΕΠΕ,999752369,ΕΠΕ,ΑΤΤΙΚΗΣ,info@anodos-nueva.gr,2105522801,www.anodos-nueva.gr,
5057101000,BLUE SKIES ΜΟΝΟΠΡΟΣΩΠΗ ΑΝΩΝΥΜΗ ΕΤΑΙΡΕΙΑ ΑΘΛΗΤΙΚΩΝ ΨΥΧΑΓΩΓΙΚΩΝ ΠΟΛΙΤΙΣΤΙΚΩΝ ΚΑΙ ΕΙΔΙΚΩΝ ΕΚΔΗΛΩΣΕΩΝ ΚΑΙ ΠΑΡΟΧΗΣ ΥΠΗΡΕΣΙΩΝ ,BLUE SKIES,999634642,ΑΕ,ΑΤΤΙΚΗΣ,ev@blue-skies.gr,6948989695,www.blue-skies.eu,
5171301000,CHOOSE ΑΝΩΝΥΜΟΣ ETAIΡΕΙΑ ΟΛΙΚΗΣ ΕΠΙΚΟΙΝΩΝΙΑΣ,CHOOSE Α.Ε.,999636820,ΑΕ,ΑΤΤΙΚΗΣ,info@choosead.gr,2102774441,www.choosead.gr,
5221101000,2YOLK ΙΔΙΩΤΙΚΗ ΚΕΦΑΛΑΙΟΥΧΙΚΗ ΕΤΑΙΡΙΑ,,999496345,ΙΚΕ,ΑΤΤΙΚΗΣ,accounting@2yolk-branding.com,2106898570,www.2yolk-branding.com,
5338201000,McVICTOR & HAMILTON - ΔΙΑΦΗΜΙΣΤΙΚΗ ΑΝΩΝΥΜΗ ΕΤΑΙΡΕΙΑ,McVICTOR & HAMILTON Α.Ε.,999509660,ΑΕ,ΑΤΤΙΚΗΣ,spantopoulou@mcvictor.gr,2106898492,www.mcvictor.gr,
5366801000,"ΚΑΡΙΕΡΑ ΑΝΩΝΥΜΗ ΕΤΑΙΡΕΙΑ ΤΕΧΝΟΓΝΩΣΙΑΣ ΕΠΙΜΕΛΕΙΑΣ, ΕΜΠΟΡΙΚΗΣ ΠΡΟΩΘΗΣΗΣ ΚΑΙ ΕΚΜΕΤΑΛΛΕΥΣΗΣ ΕΙΔΙΚΩΝ ΕΚΔΟΣΕΩΝ",ΚΑΡΙΕΡΑ Α.Ε.,999642562,ΑΕ,ΑΤΤΙΚΗΣ,finance@kariera.gr,2108115300,www.kariera.gr,
5454001000,DDB ΑΝΩΝΥΜΗ ΕΤΑΙΡΕΙΑ ΟΜΙΛΟΣ ΕΠΙΚΟΙΝΩΝΙΑΣ ΚΑΙ ΠΑΡΟΧΗΣ ΥΠΗΡΕΣΙΩΝ,1)DDB AE 2)TRIBAL DDB AE,999398063,ΑΕ,ΑΤΤΙΚΗΣ,george.tsourakis@athens.ddb.com,2106175649,www.ddb.gr,
5472101000,ΔΟΥΚΑ ΣΤΑΥΡΟΥΛΑ ΚΑΙ ΣΙΑ Ο.Ε.,ΔΟΥΚΑ ΔΙΑΦΗΜΙΣΤΙΚΗ,999695174,ΟΕ,ΑΤΤΙΚΗΣ,triantafyllakosv@grammi-douka.gr,2105320245,,https://grammi-douka.gr/
5490501000,GOOD NEWS EE,GOOD NEWS,999969720,ΕΕ,ΑΘΗΝΩΝ,dtriantafillou@noufio.gr,2102715032,,https://noufio.gr/site/
5514101000,ΔΕΛΤΑ ΠΟΣΤ ΑΝΩΝΥΜΟΣ  ΕΤΑΙΡΕΙΑ ΕΜΠΟΡΙΑΣ ΓΕΝΙΚΗΣ ΔΙΑΦΗΜΙΣΗΣ ΚΑΙ ΤΑΧΥΜΕΤΑΦΟΡΩΝ,DELTA POST A.E.,999398794,ΑΕ,ΑΤΤΙΚΗΣ,accounting@deltapost.gr,2106424100,www.deltapost.gr,
5531701000,FELIX BNI Ανώνυμος Εταιρεία Παροχής Υπηρεσιών Διαφήμισης και Δημοσίων Σχέσεων,FELIX BNI,999399207,ΑΕ,ΑΘΗΝΩΝ,nk@pkapernaros.gr,2103471360,www.felixbni.gr,
5594101000,RUBY RED - ΧΕΡΟΥΒΕΙΜ Ο.Ε.,RUBY RED,999494548,ΟΕ,ΑΤΤΙΚΗΣ,info@rubyred.gr,2102589423,,https://www.rubyred.gr/
5635101000,ΑΕΜΕΞ ΑΡΧΙΤΕΚΤΟΝΙΚΗ ΕΠΕΞΕΡΓΑΣΙΑ ΜΕΤΑΛΛΟΥ ΞΥΛΟΥ ΑΝΩΝΥΜΗ ΕΤΑΙΡΕΙΑ,ΑΕΜΕΞ ΑΕ,999509161,ΑΕ,ΑΘΗΝΩΝ,logistirio@aemex.gr,2106630293,www.iaemex.eu,
5656801000,Ε. ΣΠΥΡΟΥ - Γ. - Κ. ΣΠΥΡΟΥ & ΣΙΑ Ο.Ε.,ΕΚΔΟΣΕΙΣ ΕΠΙΣΚΟΠΗ,999368058,ΟΕ,ΑΤΤΙΚΗΣ,gkaltsoni@spiroueditions.gr,2103229394,www.nextdeal.gr,
5665801000,Ε.Γ ΑΝΤΩΝΑΤΟΣ & ΣΙΑ Ε.Ε,ADMORE,999456833,ΕΕ,ΑΘΗΝΩΝ,info@admore.gr,2106100661,,https://admore.pro/
5695201000,BUSINESSLIKE (ΜΠΙΖΝΕΣΛΑΪΚ) ΥΠΗΡΕΣΙΕΣ ΕΠΙΚΟΙΝΩΝΙΑΣ ΚΑΙ ΠΡΟΒΟΛΗΣ ΜΟΝΟΠΡΟΣΩΠΗ EΤΑΙΡΕΙΑ ΠΕΡΙΟΡΙΣΜΕΝΗΣ ΕΥΘΥΝΗΣ ,BUSINESSLIKE ΜΟΝ. ΕΠΕ,999331409,ΕΠΕ,ΑΤΤΙΚΗΣ,,2109331932,www.businesslike.gr,
5765601000,IMADRA MEDIA ΥΠΗΡΕΣΙΕΣ ΔΙΑΔΥΚΤΙΟΥ - ΕΚΔΟΤΙΚΗ - ΔΙΑΦΗΜΙΣΤΙΚΗ ΜΟΝΟΠΡΟΣΟΠΗ ΕΤΑΙΡΕΙΑ ΠΕΡΙΩΡΙΣΜΕΝΗΣ ΕΥΘΥΝΗΣ,IMADRA MEDIA ΕΠΕ,999379860,ΕΠΕ,ΑΤΤΙΚΗΣ,IMADRAMEDIA@GMAIL.COM,2109010990,WWW.IMADRA.GR,
5835901000,ALLBRIGHT ADVERTISING ΙΔΙΩΤΙΚΗ ΚΕΦΑΛΑΙΟΥΧΙΚΗ ΕΤΑΙΡΕΙΑ,ALLBRIGHT ADVERTISING ΙΚΕ,999290251,ΙΚΕ,ΑΘΗΝΩΝ,info@forocom.gr,2108047777,http://www.albradco.eu/,
6009801000,REDIRECT Ο.Ε.,REDIRECT,999266933,ΟΕ,ΑΘΗΝΩΝ,s.kakolyri@redirect.gr,2106132100,,https://www.redirect.gr/
6018501000,MILK ΣΥΜΒΟΥΛΟΙ ΕΠΙΚΟΙΝΩΝΙΑΣ ΕΤΑΙΡΙΑ ΠΕΡΙΩΡΙΣΜΕΝΗΣ ΕΥΘΥΝΗΣ,ΜILK ΕΠΕ,999278016,ΕΠΕ,ΑΘΗΝΩΝ,info@milk.com.gr,2106753740,www.milk.com.gr,
6033901000,Α. ΚΩΝΣΤΑΝΤΑΤΟΣ & ΣΙΑ Ο.Ε,ANTIDOTE,999286759,ΟΕ,ΑΘΗΝΩΝ,info@antidote.gr,2102281901,www.antidote.gr,
6132001000,ΧΑΡΗΣ ΤΖΟΥΒΕΛΗΣ ΚΑΙ ΣΙΑ ΕΤΕΡΟΡΡΥΘΜΟΣ ΕΤΑΙΡΙΑ,ART-ATTACK,999113037,ΕΕ,ΑΘΗΝΩΝ,harry@art-attack.gr,2108957564,www.art-attack.gr,
6208101000,INTELLIGENT MEDIA ΕΤΑΙΡΕΙΑ ΠΡΟΩΘΗΣΗΣ ΚΑΙ  ΔΙΑΦΗΜΙΣΗΣ ΕΤΑΙΡΕΙΑ ΠΕΡΙΟΡΙΣΜΕΝΗΣ ΕΥΘΥΝΗΣ,INTELLIGENT MEDIA LTD,999332596,ΕΠΕ,ΑΘΗΝΩΝ,info@intelligentmedia.gr,2106856820,,https://www.intelligentmedia.gr/
6215501000,ΜΠΙ ΤΙ ΕΛ  ΔΙΑΦΗΜΙΣΕΙΣ ΑΝΩΝΥΜΗ ΕΤΑΙΡΕΙΑ,ΜΠΙ ΤΙ ΕΛ ACTIVITIES,999453290,ΑΕ,ΑΘΗΝΩΝ,,2106779639,www.finance-btl.gr,
6267101000,ΣΤΑΡ ΓΚΙΦΤΣ ΜΟΝΟΠΡΟΣΩΠΗ ΕΤΑΙΡΕΙΑ ΠΕΡΙΩΡΙΣΜΕΝΗΣ ΕΥΘΥΝΗΣ ΕΜΠΟΡΙΑ ΔΙΑΦΗΜΙΣΤΙΚΩΝ ΔΩΡΩΝ,STAR GIFTS ΜΕΠΕ,998986404,ΕΠΕ,ΑΘΗΝΩΝ,giorgis@stargifts.gr,2108042129,www.stargifts.gr,
6274001000,SPICY ΕΤΑΙΡΕΙΑ ΔΙΑΦΗΜΙΣΕΩΝ ΚΑΙ ΕΠΙΚΟΙΝΩΝΙΑΣ ΑΝΩΝΥΜΗ ΕΤΑΙΡΕΙΑ,SPICY COMMUNICATION A.E.,999230371,ΑΕ,ΑΤΤΙΚΗΣ,ARIS@SPICY.GR,2104120716,,http://www.spicy.gr/
6335701000,Ε. ΚΑΛΙΩΡΑΚΗΣ ΚΑΙ ΣΙΑ ΕΕ,PLUS COMMUNICATION ΕΕ,999381486,ΕΕ,ΑΤΤΙΚΗΣ,mkaliorakis@pluscom.eu,2102286688,,https://pluscom.eu/
6363401000,Μ.ΜΑΤΘΑΙΟΠΟΥΛΟΥ - Σ.ΚΟΥΤΣΙΑΥΤΗΣ ΙΔΙΩΤΙΚΗ ΚΕΦΑΛΑΙΟΥΧΙΚΗ ΕΤΑΙΡΕΙΑ,MMK DESIGN TEAM,999336480,ΙΚΕ,ΑΘΗΝΩΝ,anastasios_alexandris@ymail.com,2107297191,http://www.mmk.gr/,
6372001000,BEST MEDIA ΔΙΑΦΗΜΙΣΤΙΚΗ ΑΝΩΝΥΜΗ ΕΤΑΙΡΕΙΑ,BEST MEDIA AE,999080837,ΑΕ,ΑΤΤΙΚΗΣ,accounting@bestmedia.gr,2103223800,www.bestmedia.com.gr,
6415601000,FRANK AND FAME ΑΝΩΝΥΜΗ ΕΤΑΙΡΕΙΑ ΔΙΑΦΗΜΙΣΗΣ ΚΑΙ ΕΠΙΚΟΙΝΩΝΙΑΣ,FRANK AND FAME,999081361,ΑΕ,ΑΤΤΙΚΗΣ,Victoria.Kyriaki@frankandfame.gr,2130067096,www.frank.gr,
6448901000,Ε. Σακελλαριάδη & ΣΙΑ Ε.Ε,FOX Design,998987855,ΕΕ,ΑΤΤΙΚΗΣ,fox@foxdesign.gr,2106142683,,https://foxdesign.gr/
6456901000,ΕΝΖΥΜΕΙΔΙΩΤΙΚΗ ΚΕΦΑΛΑΙΟΥΧΙΚΗ ΕΤΑΙΡΕΙΑ,ΕΝΖΥΜΕ,998987787,ΙΚΕ,ΑΤΤΙΚΗΣ,info@enzyme.gr,2102723900,,https://enzyme.gr/
6533401000,Γ.ΤΕΡΖΙΔΗΣ ΚΑΙ ΣΙΑ Ε.Ε.,,999279904,ΕΕ,ΑΤΤΙΚΗΣ,minus@minusad.gr,2106754884,,https://minusad.gr/
6596301000,ΘΕΟΔΟΣΙΑ ΚΟΨΗ ΤΟΥ ΓΕΩΡΓΙΟΥ-ΑΡΗ,,057820480,ΑΤΟΜΙΚΗ,ΑΤΤΙΚΗΣ,info@mellonart.gr,2106149012,,https://www.mellonart.gr/
6694501000,J.K.M. GROUP ΕΚΜΕΤΑΛΛΕΥΣΗ ΧΩΡΩΝ ΜΑΖΙΚΗΣ ΕΣΤΙΑΣΗΣ ΜΟΝΟΠΡΟΣΩΠΗ ΕΤΑΙΡΕΙΑ ΠΕΡΙΟΡΙΣΜΕΝΗΣ ΕΥΘΥΝΗΣ,J.K.M. GROUP,998869851,ΕΠΕ,ΑΤΤΙΚΗΣ,jkmlogistirio@gmail.com,2107257321,www.jkmgroup.eu,
6960801000,SKY PRINTΙNG ΑΝΩΝΥΜΗ ΕΤΑΙΡΕΙΑ ΕΚΔΟΣΕΩΝ ΕΚΤΥΠΩΣΕΩΝ ΔΙΑΦΗΜΙΣΕΩΝ,SKY PRINTING A.E.,998773029,ΑΕ,ΑΤΤΙΚΗΣ,info@skyprinting.gr,2102838801,www.sky-printing.eu,
6993101000,TAGLINE - ΕΠΙΚΟΙΝΩΝΙΑ ΙΔΕΩΝ ΕΚΔΟΣΕΙΣ ΔΙΑΦΗΜΙΣΕΙΣ ΣΥΜΒΟΥΛΟΙ ΕΠΙΧΕΙΡΗΣΕΩΝ ΕΤΑΙΡΕΙΑ ΠΕΡΙΟΡΙΣΜΕΝΗΣ ΕΥΘΥΝΗΣ,ΤΑGLINE - ΕΠΙΚΟΙΝΩΝΙΑ ΙΔΕΩΝ Ε.Π.Ε.,998854782,ΕΠΕ,ΑΤΤΙΚΗΣ,anagnostopoulos@tagline.gr,2106511815,www.tagline.gr,
7048701000,ΤΡΙΝΙΤΥ ADV ΕΠΙΚΟΙΝΩΝΙΑ - ΔΙΑΦΗΜΙΣΗ ΑΝΩΝΥΜΗ ΕΤΑΙΡΕΙΑ,ΤΡΙΝΙΤΥ ADV Α.Ε.,998775176,ΑΕ,ΑΤΤΙΚΗΣ,vpetrou@mantisgroup.gr,2105512526,www.treenity.gr,
7070801000,INTERBUS (ΙΝΤΕΡΜΠΑΣ) ΑΝΩΝΥΜΗ ΔΙΑΦΗΜΙΣΤΙΚΗ ΕΤΑΙΡΕΙΑ,INTERBUS (ΙΝΤΕΡΜΠΑΣ) Α.Ε.,998775139,ΑΕ,ΑΤΤΙΚΗΣ,d.konidari@interbus.gr,2106300464,www.interbus.gr,
7148001000,LAVA COMMUNICATIONS ΔΙΑΦΗΜΙΣΤΙΚΗ ΜΟΝΟΠΡΟΣΩΠΗ ΕΤΑΙΡΕΙΑ ΠΕΡΙΩΡΙΣΜΕΝΗΣ ΕΥΘΥΝΗΣ,LAVA COMMUNICATIONS ΜΕΠΕ,998683706,ΕΠΕ,ΑΤΤΙΚΗΣ,lava@lava-com.gr,2106896850,lava-com.gr,
7167301000,ΠΙ-ΠΙ-ΝΤΙ-ΕΙ ΜΕΛΕΤΕΣ ΚΑΤΑΣΚΕΥΕΣ ΕΤΑΙΡΕΙΑ ΠΕΡΙΟΡΙΣΜΕΝΗΣ ΕΥΘΥΝΗΣ,ΠΙ-ΠΙ-ΝΤΙ-ΕΙ ΑΡΚΝΤΙΖΑΙΝ ΓΚΡΟΥΠ,998826181,ΕΠΕ,ΑΤΤΙΚΗΣ,ichaldezos@yahoo.gr,2106036111,www.ppda.gr,
7169901000,NEW STEP ΔΙΑΦΗΜΙΣΤΙΚΕΣ ΕΡΓΑΣΙΕΣ ΜΟΝΟΠΡΟΣΩΠΗ ΕΤΑΙΡΕΙΑ ΠΕΡΙΩΡΙΣΜΕΝΗΣ ΕΥΘΥΝΗΣ,NEW STEP Μ.Ε.Π.Ε,998701507,ΕΠΕ,ΑΤΤΙΚΗΣ,info@newstep.gr,2109738300,,https://newstep.gr/
7330201000,MAX OUTDOOR (ΜΑΞ ΑΟΥΤΝΤΟΡ) ΑΝΩΝΥΜΗ ΕΤΑΙΡΕΙΑ ΔΙΑΦΗΜΙΣΕΩΝ,MAX OUTDOOR A.E.,998645683,ΑΕ,ΑΘΗΝΩΝ,,,www.maxoutdoor.gr,
7334301000,L.A. COMMUNICATION ΕΜΠΟΡΙΚΗ – ΔΙΑΦΗΜΙΣΗ – ΕΠΙΚΟΙΝΩΝΙΑ – ΠΑΡΟΧΗ ΥΠΗΡΕΣΙΩΝ ΑΝΩΝΥΜΗ ΕΤΑΙΡΙΑ,L.A. COMMUNICATION  ΕΜΠΟΡΙΚΗ – ΕΠΙΚΟΙΝΩΝΙΑ –A.E.,998645695,ΑΕ,ΑΤΤΙΚΗΣ,afoi.florou@gmail.com,2106849885,www.lacommunication-int.gr,
7346201000,Μ.ΠΑΠΑΘΑΝΑΣΙΟΥ ΔΙΑΦΗΜΙΣΤΙΚΕΣ ΚΑΙ ΔΗΜΙΟΥΡΓΙΚΕΣ ΥΠΗΡΕΣΙΕΣ ΕΠΙΚΟΙΝΩΝΙΑΣ ΜΟΝΟΠΡΟΣΩΠΗ ΕΤΑΙΡΕΙΑ ΠΕΡΙΟΡΙΣΜΕΝΗΣ ΕΥΘΥΝΗΣ,QUEEN ADVERTISING ΜΟΝ. EΠΕ,998570515,ΕΠΕ,ΑΤΤΙΚΗΣ,mpapathanasiou@queenadv.gr,2106180475,,https://queenadv.gr/
7481501000,SMART POSTER (ΣΜΑΡΤ ΠΟΣΤΕΡ) ΔΙΑΦΗΜΙΣΤΙΚΗ ΜΟΝΟΠΡΟΣΩΠΗ ΑΝΩΝΥΜΗ ΕΤΑΙΡΕΙΑ,SMART POSTER ΜΟΝΟΠΡΟΣΩΠΗ Α.Ε.,998474527,ΑΕ,ΑΘΗΝΩΝ,pperivolaris@politisgroup.com,6945595310,www.smartposterae.gr,
7519501000,DSMS ΜΟΝΟΠΡΟΣΩΠΗ Α.Ε.,DSMS SA,998475192,ΑΕ,ΑΤΤΙΚΗΣ,nvergou@padubusiness.com,2182182188,http://www.singularlogic.eu,
7660401000,YALOS QUALITY SOLUTIONS ΔΙΑΦΗΜΙΣΤΙΚΗ ΜΟΝΟΠΡΟΣΩΠΗ ΕΤΑΙΡΕΙΑ ΠΕΡΙΟΡΙΣΜΕΝΗΣ ΕΥΘΥΝΗΣ,YALOS QUALITY SOLUTIONS Μ ΕΠΕ,998323100,ΕΠΕ,ΑΤΤΙΚΗΣ,ttupay@yalosbranding.com,6944510334,,https://yalosbranding.com/
7663201000,IMCG BRANDS ΑΝΩΝΥΜΗ ΕΤΑΙΡΙΑ ΔΙΑΦΗΜΙΣΤΙΚΗ - ΕΚΔΟΤΙΚΗ - ΕΜΠΟΡΙΚΗ ΚΑΙ ΑΝΑΠΤΥΞΗΣ ΥΠΗΡΕΣΙΩΝ INTERNET,"1) IMCG BRANDS, 2) IRA MEDIA, 3) 3D MEDIA, 4) NESTCOM BRAND'S RELATIONS",998477498,ΑΕ,ΑΤΤΙΚΗΣ,info@iramedia.gr,211020700,www.iramedia.gr,
7663301000,STAY IN ATHENS - Ζ.Δ.ΣΙΑΤΡΗΣ ΚΑΙ ΣΙΑ ΕΤΕΡΟΡΡΥΘΜΗ ΕΤΑΙΡΕΙΑ,STAY IN ATHENS,998811390,ΕΕ,ΑΘΗΝΩΝ,info@stayinathens.com,2108820898,,https://stayinathens.com/
7731701000,ΝΟΟΚ ΕΚΜΕΤΑΛΛΕΥΣΗ ΚΑΤΑΣΤΗΜΑΤΩΝ ΓΡΗΓΟΡΗΣ ΕΣΤΙΑΣΗΣ ΕΤΑΙΡΕΙΑ ΠΕΡΙΟΡΙΣΜΕΝΗΣ ΕΥΘΥΝΗΣ,ΝΟΟΚ Ε.Π.Ε.,998398956,ΕΠΕ,ΑΤΤΙΚΗΣ,info@nook.com.gr,2108053100,www.nook.com.gr,
7781701000,THE 3 DREAMS ΑΝΩΝΥΜΗ ΕΤΑΙΡΙΑ ΨΗΦΙΑΚΩΝ ΕΦΑΡΜΟΓΩΝ ΤΡΙΩΝ ΔΙΑΣΤΑΣΕΩΝ,THE 3 DREAMS A.E.,998859022,ΑΕ,ΑΘΗΝΩΝ,info@ambe.gr,2106140035,www.3dreams.gr,
7812801000,ΔΙΟΝΥΣΗΣ ΝΙΚΗΤΟΠΟΥΛΟΣ ΚΑΙ ΣΙΑ ΕΕ,,998296257,ΕΕ,ΑΤΤΙΚΗΣ,nikitop@happiness.com.gr,2106923923,,https://www.happiness.gr/
7850401000,ΑΛΕΞΑΝΔΡΟΣ ΚΑΛΦΑΣ ΤΟΥ ΚΩΝΣΤΑΝΤΙΝΟΥ,BOTTLE,074739872,ΑΤΟΜΙΚΗ,ΑΤΤΙΚΗΣ,welcome@bottle.gr,2108105805,,https://miq.gr/
7870301000,WHITE CREATIVE STUDIO  Ο.Ε.,WHITE CREATIVE STUDIO,998350764,ΟΕ,ΑΤΤΙΚΗΣ,maria@whitedesign.gr,2103390490,www.whitecreative.gr,
7870701000,APG ΟΡΓΑΝΩΣΗ ΚΑΙ ΠΑΡΑΓΩΓΗ ΕΚΔΗΛΩΣΕΩΝ  ΜΟΝΟΠΡΟΣΩΠΗ ΑΝΩΝΥΜΗ ΕΤΑΙΡΕΙΑ,APG  ΜΟΝΟΠΡΟΣΩΠΗ Α.Ε.,998280352,ΑΕ,ΑΤΤΙΚΗΣ,synodinou@scsgr.com,2109711919,http://www.apg.gr,
7881401000,Φ ΣΥΜΜΕΤΡΙΚΗ ΑΡΜΟΝΙΑ ΑΝΩΝΥΜΗ ΕΜΠΟΡΙΚΗ ΔΙΑΦΗΜΙΣΤΙΚΗ ΕΤΑΙΡΕΙΑ,φ ΣΥΜΜΕΤΡΙΚΗ ΑΡΜΟΝΙΑ ΔΙΑΦΗΜΙΣΤΙΚΗ Α.Ε.,998278553,ΑΕ,ΑΤΤΙΚΗΣ,d.masouri@mboxes.gr,2295042052,www.eustathiou7.webnode.gr,
7960301000,ΚΑΤΣΙΚΑΣ Ι. ΚΑΙ ΣΙΑ Ε.Ε.,MAXPRINT,998630694,ΕΕ,ΑΤΤΙΚΗΣ,g.katsikas@maxprint.gr,2105717484,www.maxprint.gr,
8117801000,Ν.ΚΟΥΡΚΟΥΜΕΛΑΚΗΣ & ΣΙΑ ΕΕ,ID SIGN E.E.,998471224,ΕΕ,ΑΤΤΙΚΗΣ,info@idsign.gr,2102724967,www.idsign.gr,
8118901000,Δ.ΠΟΥΛΗΣ- Δ.ΚΟΥΝΔΟΥΡΑΚΗΣ ΚΑΙ ΣΙΑ ΕΤΕΡΟΡΡΥΘΜΟΣ ΕΤΑΙΡΕΙΑ,THELOSOUVLAKIA,998367377,ΕΕ,ΑΤΤΙΚΗΣ,info@thelosouvlakia.gr,2108941024,,https://www.thelosouvlakia.gr/
8288901000,CAMBO ADVERTISING AGENCY ΑNΩΝΥΜΗ ΕΤΑΙΡΕΙΑ,CAMBO ADVERTISING,998297438,ΑΕ,ΑΤΤΙΚΗΣ,panmoulos@gmail.com,2104220294,www.camboindustries.com,
8318801000,ΕΛΕΥΘΕΡΙΑ ΣΟΙΜΟΙΡΗ & ΣΙΑ ΕΕ,ELSE AGENCY,998125352,ΕΕ,ΑΤΤΙΚΗΣ,esoimiri@elseagency.gr,6947999977,,https://www.elseagency.gr/
8321001000,ASAP Athens Communication Agency-Διοργάνωση εκδηλώσεων και τηλεοπτικές παραγωγές-Μονοπρόσωπη Εταιρεία Περιορισμένης Ευθύνης,ASAP Athens ΜΕΠΕ,998186148,ΕΠΕ,ΑΤΤΙΚΗΣ,dkoutsoubelis@asapathens.gr,2106753007,,https://www.asapathens.gr/
8327301000,ΑΝΤΓΟΥΕΜΠ ΔΙΑΦΗΜΙΣΤΙΚΗ ΕΤΑΙΡΕΙΑ ΠΕΡΙΟΡΙΣΜΕΝΗΣ ΕΥΘΥΝΗΣ,ADWEB LTD,998185987,ΕΠΕ,ΑΤΤΙΚΗΣ,info@adweb.gr,2106843084,www.adweb.gr,
8328201000,F1 COMMUNICATIONS ΕΚΠΑΙΔΕΥΣΗΣ - ΤΗΛΕΟΠΤΙΚΩΝ ΠΑΡΑΓΩΓΩΝ - ΕΠΙΚΟΙΝΩΝΙΑΣ ΙΔΙΩΤΙΚΗ ΚΕΦΑΛΑΙΟΥΧΙΚΗ ΕΤΑΙΡΕΙΑ,F1 COMMUNICATIONS Ι.Κ.Ε.,998405988,ΙΚΕ,ΑΘΗΝΩΝ,mary.markoulaki@gmail.com,2155605207,https://f1com.gr/,
8347501000,PIGOGO OE,PIGOGO,998471734,ΟΕ,ΑΤΤΙΚΗΣ,g.symeonidis@linkwi.se,6973828931,,https://linkwi.se/
8352301000,Οut There Διαφήμιση - Τηλεπικοινωνιακά Προϊόντα και Υπηρεσίες Ανώνυμη Εταιρεία,Out There AE,998101803,ΑΕ,ΑΤΤΙΚΗΣ,info@out-there-media.com,2102209525,www.out-there-media.com,
8361501000,SPOONDESIGN ΕΠΙΚΟΙΝΩΝΙΑ ΚΑΙ ΔΙΑΦΗΜΙΣΗ ΜΟΝΟΠΡΟΣΩΠΗ ΕΤΑΙΡΕΙΑ ΠΕΡΙΟΡΙΣΜΕΝΗΣ ΕΥΘΥΝΗΣ,SPOONDESIGN,998325522,ΕΠΕ,ΑΤΤΙΚΗΣ,spyros@spoondesign.gr,2108035670,,https://www.spoondesign.gr/
8460201000,STREET ΔΙΑΦΗΜΙΣΤΙΚΕΣ ΥΠΗΡΕΣΙΕΣ ΜΟΝΟΠΡΟΣΩΠΗ ΕΤΑΙΡΕΙΑ ΠΕΡΙΩΡΙΣΜΕΝΗΣ ΕΥΘΥΝΗΣ,STREET ADVERTISEMENT Μ.Ε.Π.Ε.,998152471,ΕΠΕ,ΑΤΤΙΚΗΣ,de@streetad.gr,2106560560,www.streetad.gr,
8506201000,POLLEN ΔΙΑΦΗΜΙΣΕΙΣ ΑΝΩΝΥΜΗ ΕΤΑΙΡΕΙΑ (ΠΟΛΛΕΝ ΔΙΑΦΗΜΙΣΕΙΣ ΑΝΩΝΥΜΗ ΕΤΑΙΡΕΙΑ),POLLEN Α.Ε,998104633,ΑΕ,ΑΤΤΙΚΗΣ,pollen@pollenadvertising.gr,2106100255,www.pollenadvertising.gr,
8590101000,FAST MESSENGERS ΥΠΗΡΕΣΙΕΣ ΕΝΤΥΠΟΔΙΑΝΟΜΩΝ ΠΡΟΩΘΗΣΗΣ ΚΑΙ ΔΙΑΦΗΜΙΣΗΣ ΜΟΝΟΠΡΟΣΩΠΗ Ε.Π.Ε.,FAST MESSENGERS Μ.Ε.Π.Ε.,998086487,ΕΠΕ,ΑΤΤΙΚΗΣ,gmichou@skywalker.gr,2109916260,,https://www.skywalker.gr/el
8601701000,LAB14 DIGITAL MARKETING CREW ΥΠΗΡΕΣΙΕΣ ΑΓΟΡΑΛΟΓΙΑΣ ΚΑΙ ΨΗΦΙΑΚΗΣ ΔΙΑΦΗΜΙΣΗΣ  ΑΝΩΝΥΜΗ ΕΤΑΙΡΕΙΑ,LAB14 DIGITAL MARKETING CREW,998105722,ΑΕ,ΑΘΗΝΩΝ,legal@dpg.gr,2103503103,www.ekdoseiserechthiidas.gr,
8677201000,au 9 Ανώνυμη Εταιρία Διοργάνωσης Εκδηλώσεων,au 9 event stories,997981644,ΑΕ,ΑΘΗΝΩΝ,vassilis.kefaloyannis@gmail.com,2106754500,www.au9.gr,
8742901000,RASCAL (ΡΑΣΚΑΛ) ΑΝΩΝΥΜΗ ΕΤΑΙΡΕΙΑ ΨΗΦΙΑΚΗΣ ΕΠΙΚΟΙΝΩΝΙΑΣ,RASCAL A.E.,997983188,ΑΕ,ΑΤΤΙΚΗΣ,dimitra.d@rascal.gr,2106285400,,https://rascal.gr/
8748201000,ΚΑΛΙΩΡΑΚΗΣ ΑΝΩΝΥΜΗ ΕΜΠΟΡΙΚΗ ΔΙΑΦΗΜΙΣΤΙΚΗ ΕΤΑΙΡΕΙΑ,PLUS ADVERTISING S.A.,997984216,ΑΕ,ΑΤΤΙΚΗΣ,info@plyyscom.eu,2109738801,www.kaliorakisae.eu,
8792601000,ΚΩΝ. ΣΑΒΒΑ & ΣΙΑ Ο.Ε.,USUS,997951399,ΟΕ,ΑΤΤΙΚΗΣ,account@usus.gr,2111827980,www.usus.gr,
8926401000,ΦΥΝΤΑΝΗΣ ΔΗΜΗΤΡΙΟΣ ΚΑΙ ΣΙΑ Ε.Ε.,SHIRTAKI.GR - ΣΥΡΤΑΚΙ.ΤΖΙΑΡ,998087122,ΕΕ,ΑΘΗΝΩΝ,logistirio@skywalker.gr,2109730280,,https://www.skywalker.gr/el
9001701000,GENERAL OUTDOOR ΓΕΝΙΚΕΣ ΔΙΑΦΗΜΙΣΕΙΣ ΑΝΩΝΥΜΗ ΕΤΑΙΡΕΙΑ,GENERAL OUTDOOR A.E ,997986420,ΑΕ,ΑΤΤΙΚΗΣ,,2102648300,ww.mastermediasystem.eu,
9057401000,GEMEKON ΕΚΜΕΤΑΛΛΕΥΣΗ ΚΑΙ ΔΙΑΦΗΜΙΣΗ ΥΠΗΡΕΣΙΩΝ - ΔΙΑΔΙΚΤΥΑΚΩΝ ΤΟΠΩΝ - ΧΡΗΜΑΤΟΟΙΚΟΝΟΜΙΚΕΣ ΥΠΗΡΕΣΙΕΣ EΤΑΙΡΕΙΑ ΠΕΡΙΟΡΙΣΜΕΝΗΣ ΕΥΘΥΝΗΣ,GEMEKON Ε.Π.Ε.,997937123,ΕΠΕ,ΑΤΤΙΚΗΣ,cdaltas@gmail.com,2107220903,www.red24.gr,
9117901000,MNP ΥΠΗΡΕΣΙΕΣ ΣΧΕΔΙΑΣΜΟΥ ΚΑΙ ΕΚΔΟΣΕΙΣ ΜΟΝΟΠΡΟΣΩΠΗ ΙΚΕ,MNP,998346437,ΙΚΕ,ΑΤΤΙΚΗΣ,avlonitis@tacteam.gr,2103252832,https://mnpdesign.gr/,
9190301000,MAGIQ DOORZ ΑΝΩΝΥΜΗ  ΕΤΑΙΡΕΙΑ ΕΠΙΚΟΙΝΩΝΙΑΣ,MAGIQ DOORZ,998714527,ΑΕ,ΑΘΗΝΩΝ,gloukos@mdoorz.com,2105201770,,https://mdoorz.com/
9208001000,WIZWORKS ΔΙΑΦΗΜΙΣΕΙΣ ΑΝΩΝΥΜΗ ΕΤΑΙΡΕΙΑ,WIZWORKS A.E,997800390,ΑΕ,ΑΤΤΙΚΗΣ,info@wizworksadv.gr,2107295722,wizworksadv.gr,
9213101000,FRESH ESSENCIAL COMMUNICATION  ΔΙΑΦΗΜΙΣΕΙΣ ΕΠΙΚΟΙΝΩΝΙΑ ΕΤΑΙΡΕΙΑ ΠΕΡΙΟΡΙΣΜΕΝΗΣ ΕΥΘΥΝΗΣ,FRESSCOMM ΕΠΕ,997882710,ΕΠΕ,ΑΤΤΙΚΗΣ,maroulakosk@gmail.com,2106982691,www.fresscomm.eu,
9334501000,SHEEPFISH ΑΝΩΝΥΜΗ ΕΤΑΙΡΕΙΑ - ΔΙΑΦΗΜΙΣΗΣ ΚΑΙ ΠΡΟΩΘΗΣΗΣ ΠΡΟΪΟΝΤΩΝ ΚΑΙ ΥΠΗΡΕΣΙΩΝ,SHEEPFISH Α.Ε.,997720272,ΑΕ,ΑΘΗΝΩΝ,info@sheepfish.gr,2118002225,www.sheepfish.gr,
9337401000,PRINTOUT ΕΤΑΙΡΕΙΑ ΠΕΡΙΟΡΙΣΜΕΝΗΣ ΕΥΘΥΝΗΣ,PRINTOUT LTD,998244943,ΕΠΕ,ΑΘΗΝΩΝ,info@printout.gr,2102837866,www.printout.gr,
9361601000,PROPERTY MARKETING SERVICES ΔΙΑΦΗΜΙΣΤΙΚΗ ΙΚΕ,P.M.S ADVERTISING,997942876,ΙΚΕ,ΑΤΤΙΚΗΣ,account@pmsmedia.gr,2103212037,http://pmsmedia.gr/,
9422801000,SLEED ΑΝΩΝΥΜΗ ΕΤΑΙΡΕΙΑ,SLEED Α.Ε.,997948659,ΑΕ,ΑΤΤΙΚΗΣ,kkatsibas@sleed.gr,2105770411,,https://www.sleed.com
9430901000,PINICOM MEDIA ΔΙΑΦΗΜΙΣΤΙΚΗ ΜΟΝΟΠΡΟΣΩΠΗ ΕΤΑΙΡΕΙΑ ΠΕΡΙΟΡΙΣΜΕΝΗΣ ΕΥΘΥΝΗΣ,PINICOM MEDIA,997720917,ΕΠΕ,ΑΤΤΙΚΗΣ,PANOSKo@UMEDIA.GR,6946680344,,https://www.umedia.gr/
9497001000,MABICO Υπηρεσίες Προώθησης Πωλήσεων - Φαρμακευτική Μονοπρόσωπη Ανώνυμη Εταιρία,MABICO ΑΕ,998882824,ΑΕ,ΑΤΤΙΚΗΣ,spgikas@gmail.com,2106997440,www.build-image.eu,
9586001000,ADAP ΔΙΑΦΗΜΙΣΤΙΚΕΣ ΕΦΑΡΜΟΓΕΣ ΕΤΑΙΡΕΙΑ ΠΕΡΙΟΡΙΣΜΕΝΗΣ ΕΥΘΥΝΗΣ,ADAP Ε.Π.Ε.,998112830,ΕΠΕ,ΑΤΤΙΚΗΣ,eva@adap.gr,2104839023,http://adap.gr/images/adap.isol.pdf,
9598401000,Κ. ΚΟΥΤΣΑΝΤΩΝΑΚΗΣ ΜΟΝΟΠΡΟΣΩΠΗ ΕΤΑΙΡΕΙΑ ΠΕΡΙΟΡΙΣΜΕΝΗΣ ΕΥΘΥΝΗΣ,FISHMOTION,998409871,ΕΠΕ,ΑΤΤΙΚΗΣ,ckou@fish-com.gr,2102929091,www.fish-com.gr,
10156153000,ΕΥΘΥΜΙΟΥ ΓΕΩΡΓΙΑ ΤΟΥ ΠΑΝΑΓΙΩΤΗ,MANGO,066041734,ΑΤΟΜΙΚΗ,ΤΡΙΚΑΛΩΝ,info@designmagazine.gr,2431029630,,https://designmagazine.gr/
10559153000,ΠΑΠΑΘΑΝΑΣΙΟΥ ΙΩΑΝΝΗΣ ΤΟΥ ΓΕΩΡΓΙΟΥ,,115183322,ΑΤΟΜΙΚΗ,ΤΡΙΚΑΛΩΝ,info@prismaepigrafes.gr,2431076068,,https://www.prismaepigrafes.gr/
10957536000,ΖΑΠΡΑ Δ. ΚΑΙ ΣΙΑ Ο.Ε.,VISTA ΣΥΜΒΟΥΛΕΥΤΙΚΗ - ΜΕΛΕΤΗΤΙΚΗ,998676739,ΟΕ,ΚΟΖΑΝΗΣ,ddzapra@yahoo.gr,2464021146,www.vista-z.gr,
11661536000,ΤΣΑΡΤΣΙΑΝΙΔΗΣ ΠΑΝΑΓΙΩΤΗΣ ΤΟΥ ΧΡΗΣΤΟΥ,"""ΟΜΙΚΡΟΝ""",045039018,ΑΤΟΜΙΚΗ,ΚΟΖΑΝΗΣ,olga@omikron.tv,,,https://omikron.tv/
11735436000,ΧΑΡΙΣΙΟΣ ΧΑΤΖΗΝΙΚΟΛΑΟΥ ΚΑΙ ΣΙΑ Ο.Ε.,MEDIA CAST ΔΙΑΦΗΜΙΣΤΙΚΗ ΕΚΔΟΤΙΚΗ,999936668,ΟΕ,ΚΟΖΑΝΗΣ,presskoz@gmail.com,2461049912,http://www.mediacastadv.gr/,
11819759000,Γ. ΦΕΡΓΑΔΗΣ - Κ. ΚΑΤΣΑΡΟΥ Ο.Ε.,BABBLE,997894689,ΟΕ,ΧΙΟΥ,info@babble.gr,2271082333,,https://babbleprints.gr/
13352517000,ΔΕΔΕΣ ΠΑΝΑΓΙΩΤΗΣ ΚΑΙ ΣΙΑ Ε.Ε.,PRISMA ART,082909656,ΕΕ,ΒΟΙΩΤΙΑΣ,info@prismaart.gr,2262021824,,https://prismaart.gr/
14647735000,ΛΑΖΑΡΙΔΗΣ Λ.-ΣΕΡΑΣΚΕΡΗΣ Σ. Ο.Ε.,ULTRAVISION,998560405,ΟΕ,ΚΙΛΚΙΣ,ser@ultravision.gr,2341076976,www.ultravision.gr,
16863649000,ΚΑΡΑΜΟΥΤΣΙΟΣ ΑΧΙΛΛΕΑΣ ΤΟΥ ΘΩΜΑ,,069855993,ΑΤΟΜΙΚΗ,ΠΡΕΒΕΖΑΣ,info@karamoutsios.gr,2683041606,,https://www.karamoutsios.gr/
17053349000,IFRAME Ο.Ε.,"""iframe""",997861806,ΟΕ,ΙΩΑΝΝΙΝΩΝ,info@iframe.gr,2682024513,,https://iframe.gr/
19676828000,ΣΜΥΡΟΓΛΟΥ ΑΝΑΣΤΑΣΙΑ  ΤΟΥ  Ηλία,ΧΑΜΑΙΛΕΩΝ,069958890,ΑΤΟΜΙΚΗ,ΘΕΣΠΡΩΤΙΑΣ,info@chameleon.gr,2665023960,,https://chameleon.gr/
20170130000,ΑΓΓΕΛΟΥ ΘΩΜΑΙΤΣΑ ΤΟΥ ΔΗΜΗΤΡΙΟΥ,,045911872,ΑΤΟΜΙΚΗ,ΚΑΒΑΛΑΣ,info@thomiaggelou.gr,2510232005,http://www.thomiaggelou.gr,
20588130000,ΑΝΤΩΝΙΑΔΗΣ ΚΥΡΙΑΚΟΣ ΤΟΥ ΑΝΕΣΤΗ,PANDA ADVERTISING (ΑΠΟ 12/01/2010),102450267,ΑΤΟΜΙΚΗ,ΚΑΒΑΛΑΣ,info@pandacreative.gr,2510222803,,https://pandacreative.gr/
20791630000,ΑΙΜΣ ΠΩΛ ΚΑΙ ΣΙΑ Ο.Ε,GO-THASSOS,800128440,ΟΕ,ΚΑΒΑΛΑΣ,augie@go-thassos.gr,6987739440,www.go-thassos.gr,
21164226000,ΚΑΡΑΒΑΣΙΛΗ ΧΑΡΟΥΛΑ ΤΟΥ ΘΩΜΑ,,122726384,ΑΤΟΜΙΚΗ,ΗΜΑΘΙΑΣ,info@epigrafix.gr,2333023396,,https://epigrafix.gr/
21950650000,ΔΡΟΥΔΑΚΗΣ ΝΕΚΤΑΡΙΟΣ του ΑΝΔΡΕΑ,PIXEL PLUS,075415758,ΑΤΟΜΙΚΗ,ΡΕΘΥΜΝΗΣ,nektarios@pixelplus.info,2831023101,,https://pixelplus.gr/
22450254000,ΑΘΑΝΑΣΙΟΣ Θ. ΛΑΣΠΙΑΣ ΜΟΝΟΠΡΟΣΩΠΗ ΕΤΑΙΡΕΙΑ ΠΕΡΙΟΡΙΣΜΕΝΗΣ ΕΥΘΥΝΗΣ,TAXI MEDIA Μ.Ε.Π.Ε.,998917724,ΕΠΕ,ΦΘΙΩΤΙΔΑΣ,ftemor@taximedia.gr,,,http://taximedia.gr/
24707641000,ΠΑΠΑΔΟΜΙΧΕΛΑΚΗΣ ΓΕΩΡΓΙΟΣ ΙΩΑΝ,,106719203,ΑΤΟΜΙΚΗ,ΛΑΣΙΘΙΟΥ,info@mpg.gr,2841082071,,https://www.mpg.gr/
26170640000,ΚΑΦΑΝΕΛΗΣ ΠΕΤΡΟΣ ΤΟΥ ΜΙΧΑΗΛ,,057411790,ΑΤΟΜΙΚΗ,ΛΑΡΙΣΑΣ,info@art-graphics.gr,2410538207,,https://www.art-graphics.gr/
26543440000,ΣΗΜΑ ΑΕ-ΤΕΧΝΙΚΕΣ & ΔΙΑΦΗΜΙΣΤΙΚΕΣ ΕΡΓΑΣΙΕΣ,,094225759,ΑΕ,ΛΑΡΙΣΑΣ,info@e-sima.gr,2410256182,www.e-sima.gr,
26656240000,ΚΑΛΑΪΤΣΙΔΗΣ ΧΑΡΑΛΑΜΠΟΣ ΤΟΥ ΠΑΝΑΓΙΩΤΗ,KIMOLIA,100933294,ΑΤΟΜΙΚΗ,ΛΑΡΙΣΑΣ,kimolia@kimoliagraphics.com,,,https://www.kimoliagraphics.com/
26897840000,ΕΥΘΥΜΙΑΚΟΣ ΒΑΣΙΛΕΙΟΣ του ΓΕΩΡΓΙΟΥ,GRAFIX,128981818,ΑΤΟΜΙΚΗ,ΛΑΡΙΣΑΣ,info@grafix.gr,2410259975,http://grafix.gr,
27057240000,Ι. ΙΩΑΝΝΙΔΗΣ - Ι. ΠΑΠΑΔΟΠΟΥΛΟΣ Ο.Ε.,ΜΟΥΤΖΟΥΡΑ,998789088,ΟΕ,ΛΑΡΙΣΑΣ,info@moutzoura.gr,2410539313,,https://www.moutzoura.gr/
27063840000,ΑΛΒ. ΡΟΥΣΣΟΣ & ΣΙΑ  Ε.Ε.,CONSULT ADVERTISING & PROMOTION,998790524,ΕΕ,ΛΑΡΙΣΑΣ,info@consult.com.gr,2410254075,,http://www.consult.com.gr/
29276414000,ΠΟΥΛΟΓΙΑΝΝΟΠΟΥΛΟΣ ΠΑΥΛΟΣ ΚΑΙ ΣΙΑ Ε.Ε.,BEST ADVICE ΕΥ ΖΗΝ ,998035402,ΕΕ,ΑΡΚΑΔΙΑΣ,pavlos@bainsurance.gr,2710221927,www.bainsurance.gr,
30009413000,ΓΡΑΦΙΚΕΣ ΤΕΧΝΕΣ Ν.Γ ΧΡΙΣΤΟΠΟΥΛΟΣ ΑΝΩΝΥΜΟΣ ΕΜΠΟΡΙΚΗ-ΒΙΟΤΕΧΝΙΚΗ & ΔΙΑΦΗΜΙΣΤΙΚΗ ΕΤΑΙΡΙΑ Α.Ε,ΙΚΟΝΑ ΑΕ,094332006,ΑΕ,ΑΡΓΟΛΙΔΑΣ,ikonamail@gmail.com,2752021375,www.ikona-azt.gr,
30321529000,NEXT.COM ΥΨΗΛΗΣ ΤΕΧΝΟΛΟΓΙΑΣ-ΗΛΕΚΤΡΟΝΙΚΟΥ ΕΜΠΟΡΙΟΥ-ΣΥΜΒΟΥΛΕΥΤΙΚΩΝ ΥΠΗΡΕΣΙΩΝ ΚΑΙ ΣΥΜΜΕΤΟΧΩΝ Α.Ε,NEXT  COM   A.E,099532830,ΑΕ,ΙΩΑΝΝΙΝΩΝ,nthomos@nextcom.gr,2651083338,http://www.nextcom.gr,
30406829000,ΑΦΟΙ ΚΑΡΑΠΑΝΟΥ Ο.Ε.,ΕΠΙΓΡΑΦΕΣ ΔΙΑΦΗΜΙΣΕΙΣ 555-ΨΗΦΙΑΚΕΣ ΕΚΤΥΠΩΣΕΙΣ,999702815,ΟΕ,ΙΩΑΝΝΙΝΩΝ,info@epigrafes555.gr,2651094501,,https://www.epigrafes555.gr/
30769429000,ΚΑΛΑΜΠΟΚΑ ΒΑΣΙΛΙΚΗ ΤΟΥ ΠΑΝΑΓΙΩΤΗ,,079049782,ΑΤΟΜΙΚΗ,ΙΩΑΝΝΙΝΩΝ,info@imagemag.gr,2651068500,,https://mykarta.gr/
33102333000,ΑΝΑΓΝΩΣΤΑΚΟΣ ΠΑΝΑΓΙΩΤΗΣ ΤΟΥ ΧΡΗΣΤΟΥ,,043825490,ΑΤΟΜΙΚΗ,Inadequate Info,hello@terracommunications.gr,2661024125,,https://terracommunications.gr/
34776316000,ΣΑΚΕΛΛΑΡΟΠΟΥΛΟΣ ΑΛΕΞΙΟΣ,,107659562,ΑΤΟΜΙΚΗ,ΑΧΑΙΑΣ,asak@connections.gr,6946124307,,https://connections.gr/
34902016000,WEST Ε.Π.Ε.,WEST L.T.D. ,998220933,ΕΠΕ,ΑΧΑΙΑΣ,patra@tzivginidis.gr,2610312600,www.pamg.gr,
35139316000,Γ.ΕΥΘΥΜΙΟΠΟΥΛΟΣ-Μ.ΠΑΠΑΔΗΜΗΤΡΙΟΥ Ε.Ε.,FRESH IDEAS,998833307,ΕΕ,ΑΧΑΙΑΣ,sales@fresh-ideas.eu,2610333500,,https://fresh-ideas.eu/
35200116000,ΓΕΩΡΓΙΟΣ ΓΡΑΨΑΣ,,129550936,ΑΤΟΜΙΚΗ,ΑΧΑΙΑΣ,info@grapsaspc.gr,2611812077,,https://www.grapsaspc.gr/
35309016000,ΓΕΩΡΓΙΟΣ ΒΟΥΡΛΙΟΓΚΑΣ,SILENTCREATIONS,126542617,ΑΤΟΜΙΚΗ,ΑΧΑΙΑΣ,info@silent-creations.gr,2610332095,,https://www.silent-creations.gr/
35433616000,WEST Α.Ε.,WEST,099730532,ΑΕ,ΑΧΑΙΑΣ,salexopoulos@westsa.gr,2610424242,www.west-sa.gr,
35929016000,ΚΩΝΣΤΑΝΤΙΝΟΣ ΚΑΡΑΓΙΑΝΝΗΣ ΚΑΙ ΣΙΑ Ε.Ε.,,999396230,ΕΕ,ΑΧΑΙΑΣ,info@emphasisteam.gr,2610220548,,https://www.emphasisteam.gr/
36617916000,FRESSET ΥΠΗΡΕΣΙΕΣ ΔΙΑΔΙΚΤΥΟΥ ΜΟΝΟΠΡΟΣΩΠΗ ΙΔΙΩΤΙΚΗ ΚΕΦΑΛΑΙΟΥΧΙΚΗ ΕΤΑΙΡΕΙΑ	,FRESSET,998363700,ΙΚΕ,ΑΤΤΙΚΗΣ,info@fresset.gr,2112102291,www.fresset.gr,
37331405000,ΚΕΣΟΠΟΥΛΟΣ ΔΗΜΗΤΡΙΟΣ ΤΟΥ ΑΡΙΣΤΕΙΔΗ,,039527765,ΑΤΟΜΙΚΗ,ΘΕΣΣΑΛΟΝΙΚΗΣ,info@kessopoulos.gr,2310247783,,https://kessopoulos.gr/
37466305000,ΔΟΥΚΑΣ ΣΠΥΡΙΔΩΝ ΤΟΥ ΑΝΤΩΝΙΟΥ,,042961685,ΑΤΟΜΙΚΗ,ΘΕΣΣΑΛΟΝΙΚΗΣ,dux@otenet.gr,2310334310,http://www.dux.gr,
37579705000,ΛΙΟΝΤΑΣ ΠΑΥΛΟΣ ΤΟΥ ΙΩΑΝΝΗ,,045542238,ΑΤΟΜΙΚΗ,ΘΕΣΣΑΛΟΝΙΚΗΣ,info@skiastron.com,2310754283,,https://skiastron.com/
38159605000,ΓΚΑΤΕΝΙΟ-ΠΑΠΑΝΤΩΝΙΟΥ ΟΕ,,084108930,ΟΕ,ΘΕΣΣΑΛΟΝΙΚΗΣ,info@hybrazil.gr,2310424325,,https://hybrazil.gr/
38344805000,Δ. ΠΥΛΑΡΙΝΟΣ & ΣΙΑ IKE,,095141642,ΙΚΕ,ΘΕΣΣΑΛΟΝΙΚΗΣ,dimpylar@otenet.gr,2310451145,pylarinosadvertising.gr,
38505905000,ΠΑΠΑΖΟΓΛΟΥ ΔΗΜΗΤΡΙΟΣ ΤΟΥ ΓΕΩΡΓΙΟΥ,,111816765,ΑΤΟΜΙΚΗ,ΑΤΤΙΚΗΣ,hello@dimitrispapazoglou.com,2110039351,,https://www.dpsathens.com/
38512505000,ΙΟΡΔΑΝΙΔΗΣ ΑΘΑΝΑΣΙΟΣ ΤΟΥ ΠΑΝΤΑΖΗ,NET GRAPHICS,112560095,ΑΤΟΜΙΚΗ,ΘΕΣΣΑΛΟΝΙΚΗΣ,info@netgraphics.gr,2310828098,,https://www.netgraphics.gr/
38530905000,ΤΣΙΓΕΡΙΔΟΥ ΣΟΦΙΑ ΤΟΥ ΚΟΣΜΑ,,113454364,ΑΤΟΜΙΚΗ,ΘΕΣΣΑΛΟΝΙΚΗΣ,sofia@startdesign.gr,2313020143,http://www.startdesign.gr,
38696105000,Δ.ΜΠΑΧΤΣΕΒΑΝΗΣ - ΑΝ.ΡΟΥΜΕΛΙΩΤΟΥ ΟΕ,ACTIVA,997987520,ΟΕ,ΘΕΣΣΑΛΟΝΙΚΗΣ,activa@activaprint.gr,2310511755,,https://activaprint.gr/
38786605000,WEBONE INTERNET SOLUTIONS (ΕΡΓΑΣΙΕΣ ΣΤΟ ΔΙΑΔΙΚΤΥΟ) ΜΟΝΟΠΡΟΣΩΠΗ ΕΤΑΙΡΕΙΑ ΠΕΡΙΟΡΙΣΜΕΝΗΣ ΕΥΘΥΝΗΣ,WEBONE,998975487,ΕΠΕ,ΘΕΣΣΑΛΟΝΙΚΗΣ,info@webone.gr,254007,www.webone.gr,
39434006000,ΑΔΑΜ ΧΡΙΣΤΟΦΟΡΟΣ ΤΟΥ ΖΗΣΗ,MOICANNA,030265117,ΑΤΟΜΙΚΗ,ΘΕΣΣΑΛΟΝΙΚΗΣ,adam@artdirector.gr,2310281808,,https://artdirector.gr/
39936506000,ΠΡΑΜΑΝΤΙΩΤΗΣ ΣΤΕΦΑΝΟΣ ΤΟΥ ΒΑΣΙΛΕΙΟΥ,,040534121,ΑΤΟΜΙΚΗ,ΘΕΣΣΑΛΟΝΙΚΗΣ,stefanos@pramadiotis.com,2310692051,,https://www.pramadiotis.com/
41042706000,ΜΙΜΗΣ ΧΡΗΣΤΟΣ ΤΟΥ ΑΝΤΩΝΙΟΥ,,054060561,ΑΤΟΜΙΚΗ,ΘΕΣΣΑΛΟΝΙΚΗΣ,info@studioms.gr,2310933131,,https://studioms.gr/
41324306000,ΚΟΛΟΚΥΘΑΣ ΠΑΝΑΓΙΩΤΗΣ ΤΟΥ ΑΝΑΓΝΩΣΤΗ,,062926477,ΑΤΟΜΙΚΗ,ΘΕΣΣΑΛΟΝΙΚΗΣ,info@kolokithasprint.gr,2313090756,,https://kolokithasprint.gr/
41342506000,ΚΟΥΝΙΟΣ ΗΛΙΑΣ ΤΟΥ ΗΡΑΚΛΗ,,063691461,ΑΤΟΜΙΚΗ,ΘΕΣΣΑΛΟΝΙΚΗΣ,ilias@kunios.de,,,https://kunios.de/
41797306000,ΤΣΙΓΓΕΡΛΙΩΤΗΣ ΜΑΡΙΟΣ ΤΟΥ ΝΙΚΟΛΑΟΥ,ORIGAMI MEDIA DESIGN,079097337,ΑΤΟΜΙΚΗ,ΘΕΣΣΑΛΟΝΙΚΗΣ,marios@origami.com.gr,6997997997,,https://www.origami.com.gr/
42114806000,MASTER ADVERTISING Α.ΘΕΟΔΩΡΙΔΗΣ ΑΝΩΝΥΜΗ ΕΤΑΙΡΕΙΑ,MASTER ADVERTISING S.A.,099257064,ΑΕ,ΘΕΣΣΑΛΟΝΙΚΗΣ,tax@stefanidouaccounting.gr,2310272707,www.masteradv.gr,
42154506000,ΤΡΟΚΑΝΤΕΡΟ ΔΙΑΦΗΜΙΣΤΙΚΗ ΙΔΙΩΤΙΚΗ ΚΕΦΑΛΑΙΟΥΧΙΚΗ ΕΤΑΙΡΕΙΑ,ΤΡΟΚΑΝΤΕΡΟ ΙΚΕ,099771274,ΙΚΕ,ΘΕΣΣΑΛΟΝΙΚΗΣ,sidiropoulospanagiotis@hotmail.com,2310323623,www.trocaderoae.gr,
42166306000,ΑLTERVISION ΣΤΡΑΤΗΓΙΚΗ ΚΑΙ ΟΠΤΙΚΗ ΕΠΙΚΟΙΝΩΝΙΑ ΑΝΩΝΥΜΗ ΕΤΑΙΡΕΙΑ,ALTERVISION Α.Ε.,099795407,ΑΕ,ΘΕΣΣΑΛΟΝΙΚΗΣ,danai@altervision.gr,2310322031,www.altervision.gr,
42175206000,IMPACT I.K.E.,IMPACT (ΙΜΠΑΚΤ),099813073,ΙΚΕ,ΘΕΣΣΑΛΟΝΙΚΗΣ,accountings@impact-adv.gr,2310416126,http://www.impact-adv.gr,
42199406000,Γ. ΚΑΡΑΜΠΑΤΑΚΗ - Γ. ΧΡΗΣΤΟΓΛΟΥ Ο.Ε,ΤΡΙΑ (TRIA) Ο.Ε,099959001,ΟΕ,ΘΕΣΣΑΛΟΝΙΚΗΣ,eleni@hypertria.com,2310413483,hypertria.com,
42641806000,ΨΙΛΟΥΤΣΙΚΟΣ ΛΑΖΑΡΟΣ ΤΟΥ ΣΩΤΗΡΙΟΥ,SUCCESS ONLINE GROUP,115195413,ΑΤΟΜΙΚΗ,ΘΕΣΣΑΛΟΝΙΚΗΣ,contact@brandpixel.net,2312314837,,https://brandpixel.net/
42670206000,ΑΣΛΑΝΙΔΗΣ ΗΡΑΚΛΗΣ ΤΟΥ ΑΝΔΡΕΑ,QBRAINS INTERACTIVE STUDIOS,116718017,ΑΤΟΜΙΚΗ,ΘΕΣΣΑΛΟΝΙΚΗΣ,contact@qbrains.gr,+30.2312315318,,https://qbrains.gr/
42982506000,ΦΑΝΑΡΙΩΤΗ ΦΡΟΣΩ ΤΟΥ ΣΤΕΛΙΟΥ,,128136844,ΑΤΟΜΙΚΗ,ΘΕΣΣΑΛΟΝΙΚΗΣ,info@maketastudio.gr,2310698689,,https://www.maketastudio.gr/
43019706000,ΠΑΠΑΚΟΣΜΑΣ ΙΩΑΝΝΗΣ ΤΟΥ ΓΕΩΡΓΙΟΥ,TWOMATCH,129718436,ΑΤΟΜΙΚΗ,ΘΕΣΣΑΛΟΝΙΚΗΣ,papakosmas@twomatch.gr,2310442235,,https://www.twomatch.gr/
43083706000,ΤΣΙΛΙΓΚΙΡΙΔΟΥ ΕΥΔΟΚΙΑ ΤΟΥ ΣΠΥΡΟΥ,GRAFIC BOX,133881236,ΑΤΟΜΙΚΗ,ΘΕΣΣΑΛΟΝΙΚΗΣ,koki@graficbox.gr,2310909321,,https://graficbox.gr/
43386706000,ΚΩΝΣΤΑΝΤΙΝΟΣ ΜΠΟΥΡΟΣ ΚΑΙ ΣΙΑ ΕΕ,DIRECT MARKETING,998073387,ΕΕ,ΘΕΣΣΑΛΟΝΙΚΗΣ,dbouros@directmarketing.gr,2310312181,www.d2cnorth.gr,
43390506000,FOTONE (ΦΟΤΟΝΕ) ΔΙΑΦΗΜΙΣΤΙΚΗ ΜΟΝΟΠΡΟΣΩΠΗ ΕΤΑΙΡΙΑ ΠΕΡΙΟΡΙΣΜΕΝΗΣ ΕΥΘΥΝΗΣ,FOTONE(ΦΟΤΟΝΕ) ΜΕΠΕ,998074360,ΕΠΕ,ΘΕΣΣΑΛΟΝΙΚΗΣ,st@fotone.gr,2310953200,www.fotone.gr,
43409206000,ΡΟΖΑ ΕΔΙΑΡΟΓΛΟΥ ΜΟΝΟΠΡΟΣΩΠΗ ΙΔΙΩΤΙΚΗ ΚΕΦΑΛΑΙΟΥΧΙΚΗ  ΕΤΑΙΡΕΙΑ,BUTTERFLY  COMMUNICATION ΜΟΝΟΠΡΟΣΩΠΗ I.K.E,998098542,ΙΚΕ,ΘΕΣΣΑΛΟΝΙΚΗΣ,roza.ed@gmail.com,2311820520,http://www.btf.gr/el/,
43499606000,ΚΛΕΒΕΡ ΝΕΤ (CLEVER NET) ΕΤΑΙΡΙΑ ΠΕΡΙΟΡΙΣΜΕΝΗΣ ΕΥΘΥΝΗΣ,Clever Net ΕΠΕ,998466380,ΕΠΕ,ΘΕΣΣΑΛΟΝΙΚΗΣ,info@clever-net.gr,6948281560,www.clever-net.gr,
43550306000,MY COMPANY PROJECTS Ο.Ε.,MY COMPANY,998679742,ΟΕ,ΘΕΣΣΑΛΟΝΙΚΗΣ,info@mycompany.com.gr,2310231557,,https://mycompany.com.gr/
43598406000,ΖΑΛΟΥΜΗΣ Ε. & ΣΙΑ ΕΕ,Επαγγελματικές Εφαρμογές Ε.Ε.,998905424,ΕΕ,ΘΕΣΣΑΛΟΝΙΚΗΣ,info@businessads.gr,566767,,https://www.businessads.gr/el/
43643306000,ΔΑΛΛΑ Ν.-ΞΕΝΑΡΙΟΣ Γ. ΟΕ,ALTAVISTA ADVERTISING,999121572,ΟΕ,ΘΕΣΣΑΛΟΝΙΚΗΣ,nonna@alta-vista.gr,2310283949,,https://alta-vista.gr/
43651006000,MMS ΔΙΑΦΗΜΙΣΤΙΚΗ ΑΝΩΝΥΜΗ ΕΤΑΙΡΙΑ,MMS A.E.,999124501,ΑΕ,ΘΕΣΣΑΛΟΝΙΚΗΣ,logistirio@mms-adv.gr,2310232333,www.mms-adv.gr,
43682906000,Ε.ΓΙΣΓΑΚΗΣ-Δ.ΤΗΛΙΑΒΕΡΙΔΗΣ Ο.Ε.,INTERNEED SOLUTIONS,999261913,ΟΕ,ΘΕΣΣΑΛΟΝΙΚΗΣ,a.kakaniari@interneed.gr,2310383401,,https://interneed.gr/
43707206000,BEETROOT ΑΝΩΝΥΜΗ ΕΤΑΙΡΕΙΑ,BEETROOT Α.Ε.,999427641,ΑΕ,ΘΕΣΣΑΛΟΝΙΚΗΣ,accounting@beetroot.gr,2310801409,,https://beetroot.gr/
43742806000,ADMINE Ο.Ε. ΥΠΗΡΕΣΙΕΣ ΕΠΙΚΟΙΝΩΝΙΑΣ,ADMINE Ο.Ε.,999546814,ΟΕ,ΘΕΣΣΑΛΟΝΙΚΗΣ,marias@admine.eu,2310539689,www.admine.forologikanea.gr,
44917807000,ΖΑΧΟΣ ΔΗΜΗΤΡΙΟΣ & ΣΙΑ Ε.Ε.,GIOPROMOTION,999232813,ΕΕ,ΠΕΙΡΑΙΑ,info@giopromotions.gr,2104528488,http://www.giopromotions.gr/,
44987507000,ABOVE ΔΙΑΦΗΜΙΣΤΙΚΗ ΜΟΝΟΠΡΟΣΩΠΗ ΕΤΑΙΡΕΙΑ ΠΕΡΙΟΡΙΣΜΕΝΗΣ ΕΥΘΥΝΗΣ,ABOVE ADVERTISING ΜΟΝΟΠΡΟΣΩΠΗ Ε.Π.Ε,999658363,ΕΠΕ,ΑΤΤΙΚΗΣ,info@above.gr,2104220200,www.above.gr,
45895922000,ΓΕΩΡΓΟΥΣΗ ΣΩΤΗΡΙΑ ΤΟΥ ΠΑΝΑΓΙΩΤΗ,ΙΡΙΔΑ DESIGN,063720381,ΑΤΟΜΙΚΗ,ΕΥΒΟΙΑΣ,info@irida-design.gr,2221053815,,https://www.irida-design.gr/
47061625000,Γ.ΚΑΡΑΜΑΝΗΣ-Γ.ΜΠΡΗΣ Ο.Ε.,THREEG,099735355,ΟΕ,ΗΛΕΙΑΣ,info@threeg.gr,2621023550,,https://threeg.gr/
48521038000,ΕΙΡΗΝΗ ΝΙΚΟΛΑΟΥ ΦΟΥΣΤΕΡΗ,,107661023,ΑΤΟΜΙΚΗ,ΚΥΚΛΑΔΩΝ,irinifou@yahoo.gr,2286021750,http://www.mirabo.gr,
48578338000,ΕΜΜΑΝΟΥΗΛ ΓΕΩΡΓΙΟΥ ΜΑΡΚΑΚΗΣ,,038578743,ΑΤΟΜΙΚΗ,ΑΤΤΙΚΗΣ,info@rosettaprint.gr,2102444041,,https://rosettaprint.gr/
49047738000,ΜΑΡΙΑ ΜΙΧΑΗΛ ΧΑΤΖΗΙΩΑΝΝΟΥ,TINOSPRINT | MBWEB,065960440,ΑΤΟΜΙΚΗ,ΚΥΚΛΑΔΩΝ,info@tinosprint.gr,2283024569,,http://tinosprint.gr/
49492338000,ΦΡΑΓΚΙΣΚΑ ΙΩΑΝΝΗ ΧΑΝΙΩΤΗ,,107207730,ΑΤΟΜΙΚΗ,ΚΥΚΛΑΔΩΝ,info@h2concept.gr,2289026991,,https://h2concept.gr/
49515138000,ΧΑΡΑΛΑΜΠΟΣ ΑΝΤΩΝΙΟΥ ΚΑΡΟΥΑΝΑΣ,FANTAZIA GRAPHICS,076390456,ΑΤΟΜΙΚΗ,ΚΥΚΛΑΔΩΝ,info@fantazia.gr,2285029160,,https://fantazia.gr/
51116844000,ΘΗΤΑ ΕΠΙΚΟΙΝΩΝΙΑ ΕΤΑΙΡΕΙΑ ΠΕΡΙΟΡΙΣΜΕΝΗΣ ΕΥΘΥΝΗΣ,ΘΗΤΑ ΕΠΙΚΟΙΝΩΝΙΑ Ε.Π.Ε.,997897110,ΕΠΕ,ΜΑΓΝΗΣΙΑΣ,SEC@E-THESSALIA.GR,2421421510,,https://e-thessalia.gr/
51202744000,ΑΙΧΜΗ ΜΟΝΟΠΡΟΣΩΠΗ ΕΤΑΙΡΕΙΑ ΠΕΡIOΡΙΣΜΕΝΗΣ ΕΥΘΥΝΗΣ,,999499255,ΕΠΕ,ΜΑΓΝΗΣΙΑΣ,,2421034322,www.exmi.gr,
52127751000,ΜΠΑΞΕΒΑΝΗΣ ΜΑΡΙΟΣ του ΜΑΝΟΥΗΛ,,301052618,ΑΤΟΜΙΚΗ,ΣΑΜΟΥ,info@graphdays.com,2273400308,,https://graphdays.com/
52813648000,ΚΩΝΣΤΑΝΤΙΝΟΣ ΛΕΝΟΣ-ΣΩΤΗΡΙΟΣ ΤΑΚΟΣ Ο.Ε.,ΤΖΕΛΛΙΦΙΣ (JELLYFISH),998065640,ΟΕ,ΠΙΕΡΙΑΣ,info@jellyfishartworks.gr,2351029404,,https://jellyfish.gr/
52972848000,ΜΥΣΤΑΚΙΔΗΣ ΣΑΒΒΑΣ ΚΑΙ ΥΙΟΣ Ο.Ε.,METRO ΕΠΙΓΡΑΦΕΣ,998303124,ΟΕ,ΠΙΕΡΙΑΣ,metroepi@otenet.gr,2351036896,http://metroepigrafes.gr/,
54386921000,ΓΟΥΛΑ ΔΗΜΗΤΡΙΑΔΟΥ Β. - ΔΗΜΗΤΡΙΑΔΗΣ Δ. Ο.Ε.,,084237695,ΟΕ,ΕΒΡΟΥ,info@anyprint.gr,2551080464,www.anyprint.gr,
54628421000,ΑΣΛΑΝΙΔΟΥ Μ. & ΣΙΑ Ο.Ε.,EXPLORIA O.E.,998135150,ΟΕ,ΕΒΡΟΥ,info@exploria.gr,2551036322,www.exploria.gr,
54949109000,ΡΑΤ ΑΝΤΒΕΡΤΑΙΣΙΝΓΚ ΟΛΟΚΛΗΡΩΜΕΝΕΣ ΥΠΗΡΕΣΙΕΣ ΕΠΙΚΟΙΝΩΝΙΑΣ ΜΟΝΟΠΡΟΣΩΠΗ ΕΤΑΙΡΕΙΑ ΠΕΡΙΟΡΙΣΜΕΝΗΣ ΕΥΘΥΝΗΣ,RAT ADVERTISING Single Member L.T.D,999514539,ΕΠΕ,ΑΤΤΙΚΗΣ,mtomara@rat.gr,2104922244,www.ratadv.eu,
55040909000,ΓΡΗΓΟΡΙΟΥ ΑΘΑΝΑΣΙΟΣ TOY ΓΡΗΓΟΡΙΟΥ,ZINAN & GAM adv,004558465,ΑΤΟΜΙΚΗ,ΑΤΤΙΚΗΣ,ag@yachting-info.com,2104227300,,https://yachting-info.com/
56058509000,ΠΡΕΚΚΑΣ ΙΠΠΟΛΥΤΟΣ ΤΟΥ ΓΕΩΡΓΙΟΥ,KAPPAGRAM,123082387,ΑΤΟΜΙΚΗ,ΑΤΤΙΚΗΣ,info@kappagram.com,2736038094,,https://kappagram.com/
56609909000,ΜΥΛΩΝΑΣ ΝΙΚΟΛΑΟΣ TOY ΔΗΜΗΤΡΙΟΥ,,109275273,ΑΤΟΜΙΚΗ,ΑΤΤΙΚΗΣ,info@kitschandbold.com,2104020279,,https://www.kitschandbold.com/
56813909000,ΚΑΤΣΙΓΙΩΡΓΗΣ ΠΑΥΛΟΣ TOY ΜΙΧΑΗΛ,"""Smart Graphic""",045173742,ΑΤΟΜΙΚΗ,ΑΤΤΙΚΗΣ,info@smartgraphic.gr,2104128152,,https://smartgraphic.gr/
57479804000,ΣΥΜΜΕΤΟΧΙΚΗ ΕΜΠΟΡΙΑΣ-ΕΠΕΞΕΡΓΑΣΙΑΣ ΚΡΕΑΤΟΣ ΑΝΩΝΥΜΗ ΕΤΑΙΡΙΑ (ΣΥΜ.ΕΜΠ.ΚΡΕ.ΑΕ),,094255973,ΑΕ,ΘΕΣΣΑΛΟΝΙΚΗΣ,info@passias.gr,2310681831,www.symmet.e-publications.gr,
57494804000,ΠΗΛΕΙΔΗΣ ΔΗΜΙΟΥΡΓΙΚΟ-ΔΙΑΦΗΜΙΣΕΙΣ-ΕΠΙΚΟΙΝΩΝΙΑ Α.Ε.,ΚΡΙΕΪΤΟΡ (CREATOR),094256982,ΑΕ,ΘΕΣΣΑΛΟΝΙΚΗΣ,elsa@pilides.gr,2310252852,www.pilides2310isol.gr,
57632404000,"ΠΑΡΑΜΑΟΥΝΤ Α.Ε. ΑΝΤΙΠΡΟΣΩΠΕΥΣΗ,ΕΜΠΟΡΙΑ ΚΑΙ ΔΙΑΦΗΜΙΣΗ ΠΡΟΙΟΝΤΩΝ",ΠΑΡΑΜΑΟΥΝΤ Α.Ε.,094344078,ΑΕ,ΘΕΣΣΑΛΟΝΙΚΗΣ,info@paramount.gr,2310480790,www.paramount.gr,
58053704000,ORANGE   ΠΑΡΟΧΗΣ ΔΙΑΦΗΜΙΣΤΙΚΩΝ ΥΠΗΡΕΣΙΩΝ Α.Ε,ORANGE A.E      /    B WIRED S.A.,094491017,ΑΕ,ΘΕΣΣΑΛΟΝΙΚΗΣ,chioti@orangeadv.gr,2310330330,www.orangeadv.gr,
58312004000,ΑΝΤΒΑΝΣΝΤ ΑΝΩΝΥΜΗ ΔΙΑΦΗΜΙΣΤΙΚΗ ΕΤΑΙΡΙΑ,ADVANCED AE,099770554,ΑΕ,ΘΕΣΣΑΛΟΝΙΚΗΣ,kalakida@advance.gr advance@advance.gr,948090,www.advance.gr,
58405204000,MAGNA CARTA 7 ΑΝΩΝΥΜΗ ΕΤΑΙΡΕΙΑ,MAGNA CARTA 7 A.E.,099773464,ΑΕ,ΘΕΣΣΑΛΟΝΙΚΗΣ,info@foveraprostasia.gr,2310886622,magnacarta7.gr,
58456704000,ΜΕΤΑΓΕΝΕΣΙΣ ΕΤΑΙΡΙΑ ΠΕΡΙΟΡΙΣΜΕΝΗΣ ΕΥΘΥΝΗΣ,ΜΕΤΑΓΕΝΕΣΙΣ ΕΠΕ,999970766,ΕΠΕ,ΘΕΣΣΑΛΟΝΙΚΗΣ,info@metagenesis.gr,2310522123,www.metadv.gr,
58723404000,TEMPO OMD ΒΟΡΕΙΑΣ ΕΛΛΑΔΟΣ ΑΝΩΝΥΜΗ ΕΤΑΙΡΙΑ ΠΑΡΟΧΗΣ ΔΙΑΦΗΜΙΣΤΙΚΩΝ ΥΠΗΡΕΣΙΩΝ,TEMPO OMD Β.ΕΛΛΑΔΟΣ ΑΕ,999720071,ΑΕ,ΘΕΣΣΑΛΟΝΙΚΗΣ,maria.kehagia@omc.com,2310322680,http://www.omdnorthgreece.gr,
59009204000,ATRIA - ΔΙΑΦΗΜΙΣΤΙΚΗ Ι.Κ.Ε.,ATRIA,099378396,ΙΚΕ,ΘΕΣΣΑΛΟΝΙΚΗΣ,atria@atria.com.gr,544390,http://www.atria.com.gr,
59029304000,ΑΝΔΡΕΟΥ Γ. ΔΗΜΗΤΡΙΟΣ ΔΙΑΦΗΜΙΣΤΙΚΗ ΜΟΝΟΠΡΟΣΩΠΗ ΕΤΑΙΡΙΑ ΠΕΡΙΟΡΙΣΜΕΝΗΣ ΕΥΘΥΝΗΣ,NEW COMMUNICATION,998458122,ΕΠΕ,ΘΕΣΣΑΛΟΝΙΚΗΣ,d.andreou@newcom.gr,2310500211,,https://www.newcom.gr/
59076604000,ΣΥΜΒΟΥΛΕΥΤΙΚΗ ΕΠΙΧΕΙΡΗΣΗ ΕΠΙΚΟΙΝΩΝΙΑΣ ENCORE ΑΝΩΝΥΜΗ ΕΤΑΙΡΕΙΑ,ENCORE ENTREPRENEURSHIP COMMUNICATION,998305953,ΑΕ,ΘΕΣΣΑΛΟΝΙΚΗΣ,info@encore.com.gr,2310407071,www.encore.com.gr,
59121604000,COLIBRI ΑΝΩΝΥΜΗ ΕΤΑΙΡΕΙΑ ΟΠΤΙΚΗΣ ΕΠΙΚΟΙΝΩΝΙΑΣ,COLIBRI,095729947,ΑΕ,ΘΕΣΣΑΛΟΝΙΚΗΣ,welcome@colibri.gr,2310482215,www.colibri.gr,
59173604000,ΓΚΡΑΦ ΟΥΑΝ (GRAPH ONE) ΔΙΑΦΗΜΙΣΤΙΚΗ ΑΝΑΠΤΥΞΗ ΑΝΩΝΥΜΟΣ ΕΤΑΙΡΙΑ,ΓΚΡΑΦ ΟΥΑΝ Α.Ε.,997993194,ΑΕ,ΘΕΣΣΑΛΟΝΙΚΗΣ,INFO@GRAPHONE.GR,2310789030,,https://graphone.gr/
59222504000,Ε ΖΑΡΙΦΗ - Κ. ΣΑΒΒΙΔΗΣ ΟΕ,Trebanal Creative Services,997825137,ΟΕ,ΘΕΣΣΑΛΟΝΙΚΗΣ,info@trebanal.gr,2310415502,,https://trebanal.gr/
59259404000,BLENDER - SKG ΕΠΙΚΟΙΝΩΝΙΕΣ ΑΝΩΝΥΜΗ ΕΤΑΙΡΕΙΑ,BLENDER Α.Ε.,997994560,ΑΕ,ΘΕΣΣΑΛΟΝΙΚΗΣ,info@blenderskg.gr,2310442104,www.blenderskg.gr,
59269004000,ΑP & P ΕΤΑΙΡΙΑ ΠΑΡΟΧΗΣ ΟΛΟΚΛΗΡΩΜΕΝΩΝ ΥΠΗΡΕΣΙΩΝ ΕΠΙΚΟΙΝΩΝΙΑΣ ΑΝΩΝΥΜΗ ΕΤΑΙΡΙΑ,AP&P ATHENS A.E.,099796963,ΑΕ,ΘΕΣΣΑΛΟΝΙΚΗΣ,,2310251777,www.pp.e-publications.gr,
59302904000,ΨΗΦΙΑΚΕΣ ΤΟΥΡΙΣΤΙΚΕΣ ΥΠΗΡΕΣΙΕΣ Ε.Ε.,COSMOS DIGITAL INFORMATION Ε.E. ή ΚΟΣΜΟΣ ΨΗΦΙΑΚΗ ΠΛΗΡΟΦΟΡΙΑ Ε.Ε.,997995372,ΕΕ,ΘΕΣΣΑΛΟΝΙΚΗΣ,info@cosmosdigital.gr,2310351610,www.psifiakes.tax3.gr,
59338604000,ΓΕΩΡΓΑΣ Κ.-ΔΑΔΙΟΣ Π. ΚΑΙ ΣΙΑ Ε.Ε.,ΔΥΝΑΜΙΚΗ PROMOTION,998033550,ΕΕ,ΘΕΣΣΑΛΟΝΙΚΗΣ,info@dynamiki-promotion.gr,2310988131,,https://www.dianomi-fylladion.gr/
59722303000,ΕΥΑΓΓΕΛΟΣ ΜΑΚΡΗΣ,,031539597,ΑΤΟΜΙΚΗ,ΑΤΤΙΚΗΣ,emakris@emakris.gr,2109245407,,http://www.emakris.gr/
61307203000,ΜΗΛΙΩΝΗΣ ΙΩΑΝΝΗΣ ΤΟΥ ΚΩΝΣΤΑΝΤΙΝΟΥ,PROPAGANDA GRAPHICS FACTORY THE TASTERS CLUB,046991331,ΑΤΟΜΙΚΗ,ΑΤΤΙΚΗΣ,yiannis@propaganda.com.gr,2106614574,,https://propaganda.com.gr/
61807003000,ΦΙΛΙΑ ΦΛΩΡΕΝΤΙΑ ΤΟΥ ΚΩΝΣΤΑΝΤΙΝΟΥ,LIAISON Creative Commercial Synergies,046603222,ΑΤΟΜΙΚΗ,ΑΤΤΙΚΗΣ,filia@yourliaison.gr,2106142958,,https://www.yourliaison.gr/
62110703000,ΑΛΕΞΑΝΔΡΟΣ ΤΣΟΥΚΑΛΑΣ,MONTEGO S&A,079081259,ΑΤΟΜΙΚΗ,ΑΤΤΙΚΗΣ,info@montego.gr,2109842758,,https://montego.gr/
62696503000,ΝΙΚΟΛΑΟΥ ΚΩΝΣΤΑΝΤΙΝΟΣ ΤΟΥ ΒΑΣΙΛΕΙΟΥ,D. STREAM,035771181,ΑΤΟΜΙΚΗ,ΑΤΤΙΚΗΣ,info@dstream.gr,6956293499,,https://www.dstream.gr/
63341503000,ΛΑΜΠΡΟΣ ΣΩΤΗΡΙΟΥ,OXYGEN DESIGN,129603657,ΑΤΟΜΙΚΗ,ΑΤΤΙΚΗΣ,sotiriou@oxygendesign.gr,2106630483,,https://oxygendesign.gr/
63342403000,ΠΟΘΟΣ ΤΗΛΕΜΑΧΟΣ ΤΟΥ ΓΡΗΓΟΡΙΟΥ,,112646710,ΑΤΟΜΙΚΗ,ΑΤΤΙΚΗΣ,tpothos@aldigron.gr,2103239003,,https://aldigron.gr/
63468403000,ΔΗΜΗΤΡΑ ΒΑΣΙΛΑΚΟΥ,,115921661,ΑΤΟΜΙΚΗ,ΑΤΤΙΚΗΣ,dimitra@metoo.gr,6947690395,,https://www.metoo.gr/
63612703000,ΤΑΟΥΚΤΣΗΣ ΦΩΤΙΟΣ ΤΟΥ ΕΜΜΑΝΟΥΗΛ,,052778002,ΑΤΟΜΙΚΗ,ΑΤΤΙΚΗΣ,f.taouktsis@sg-event.gr,6972006236,,https://www.sg-event.gr/
63874803000,ΗΛΙΑΣ ΗΛΙΟΠΟΥΛΟΣ,SMART MEDIA,104384568,ΑΤΟΜΙΚΗ,ΑΤΤΙΚΗΣ,info@smartmedia.com.gr,2109645203,,https://smartmedia.com.gr/
64439803000,ΛΟΥΡΑΝΤΟΣ ΑΝΤΩΝΙΟΣ ΤΟΥ ΕΜΜΑΝΟΥΗΛ,DESIGNPARK,047975501,ΑΤΟΜΙΚΗ,ΑΤΤΙΚΗΣ,info@designpark.gr,2103317947,,https://designpark.gr/
64599303000,ΓΟΥΝΑΡΗΣ ΑΘΑΝΑΣΙΟΣ ΤΟΥ ΑΝΑΣΤΑΣΙΟΥ,,066457600,ΑΤΟΜΙΚΗ,ΑΤΤΙΚΗΣ,gounaris@idea-no.com,,,https://www.idea-no.com/
64697603000,ΤΣΙΡΙΓΩΤΗΣ ΠΑΝΑΓΙΩΤΗΣ ΤΟΥ ΠΑΡΑΣΚΕΥΑ,,063634104,ΑΤΟΜΙΚΗ,ΑΤΤΙΚΗΣ,info@un-hooked.com,2106004977,,http://un-hooked.com/
64898403000,ΠΑΝΟΥ ΣΕΒΑΣΤΗ ΤΟΥ ΘΕΟΔΩΣΙΟΥ,,061763649,ΑΤΟΜΙΚΗ,ΑΤΤΙΚΗΣ,info@sevipanou.gr,6972325800,,https://sevipanou.gr/
64980303000,STELIOS STELYANOPOULOS,,113518272,ΑΤΟΜΙΚΗ,ΑΤΤΙΚΗΣ,info@2easy4u.gr,2109536634,,http://2easy4u.gr/
65018503000,ΧΡΙΣΤΟΔΟΥΛΟΣ ΓΑΜΠΙΕΡΑΚΗΣ,,078280134,ΑΤΟΜΙΚΗ,ΑΤΤΙΚΗΣ,cg@22design.gr,2109647779,,https://22design.website/
65188803000,ΜΠΑΚΡΑΤΣΑΣ ΒΑΣΙΛΕΙΟΣ ΤΟΥ ΑΘΑΝΑΣΙΟΥ,THINK WITTY,100985198,ΑΤΟΜΙΚΗ,ΑΤΤΙΚΗΣ,info@witty.gr,2109821529,,https://witty.gr/
65267003000,ΓΕΩΡΓΙΟΣ ΓΕΩΡΓΙΑΔΗΣ,,067372637,ΑΤΟΜΙΚΗ,ΑΤΤΙΚΗΣ,accounting@typografika.gr,2106728760,,https://typografika.gr/
65448503000,ΜΟΥΡΙΑΔΟΥ ΞΑΝΘΙΠΠΗ ΤΟΥ ΛΕΩΝΙΔΑ,,079279919,ΑΤΟΜΙΚΗ,ΑΤΤΙΚΗΣ,anthi@frameout.gr,2106994552,,https://frameout.gr/
66099903000,ΠΑΠΑΪΩΑΝΝΟΥ ΘΕΟΔΩΡΟΣ ΤΟΥ ΒΑΣΙΛΕΙΟΥ,OSCAR ENTΕRTAINMENT,047779876,ΑΤΟΜΙΚΗ,ΑΤΤΙΚΗΣ,info@oscarmagic.com,2103830005,,https://oscarmagic.com/
66203603000,ΧΡΗΣΤΟΣ ΜΩΡΑΙΤΗΣ,,077847201,ΑΤΟΜΙΚΗ,ΑΤΤΙΚΗΣ,info@moraites.eu,2130034085,,https://moraites.eu/
66332803000,ΧΡΥΣΑΝΘΗ ΡΕΤΣΟΥ,RED BIKE,128017290,ΑΤΟΜΙΚΗ,ΑΤΤΙΚΗΣ,info@redbike.gr,2109599698,,https://www.redbike.gr/
66465103000,TRYFON GEORGALLIDES,,038557575,ΑΤΟΜΙΚΗ,ΑΤΤΙΚΗΣ,tryfon@georgallidis.com,2108028803,,https://georgallidis.com/
66574903000,ΚΟΛΟΚΥΘΑΣ ΧΡΗΣΤΟΣ ΤΟΥ ΔΗΜΗΤΡΙΟΥ,AESTETIK,113330367,ΑΤΟΜΙΚΗ,ΑΤΤΙΚΗΣ,kolokythas@aestetikdesign.com,2114076577,,https://www.aestetikdesign.com/
66596703000,ΜΙΧΑΗΛ ΛΑΤΣΗΣ,,124681658,ΑΤΟΜΙΚΗ,ΑΤΤΙΚΗΣ,michalis@mldesign.gr,2106536881,,http://mldesign.gr/
67052803000,ΗΛΙΑΣ ΤΣΑΛΔΑΡΗΣ,INNOVATION GROUP,131554870,ΑΤΟΜΙΚΗ,ΑΤΤΙΚΗΣ,et@innovationgroup.gr,2102206402,,https://www.innovationgroup.gr/
67496303000,ΧΑΡΑΛΑΜΠΟΣ ΚΟΥΡΗΣ,F-CONCEPT,114015887,ΑΤΟΜΙΚΗ,ΑΤΤΙΚΗΣ,ckouris@f-concept.com,2105222298,,https://f-concept.com/
67551303000,ΧΑΡΑΛΑΜΠΟΣ ΑΛΕΞΑΝΔΡΟΠΟΥΛΟΣ,OUTSIDERS,105532844,ΑΤΟΜΙΚΗ,ΑΤΤΙΚΗΣ,bob@outsidersweb.eu,2114002437,,https://outsidersweb.eu/
67699803000,ΜΑΣΤΡΟΓΙΑΝΝΟΠΟΥΛΟΣ ΑΝΔΡΕΑΣ ΤΟΥ ΠΑΝΑΓΙΩΤΗ,SKINDESIGN,102872716,ΑΤΟΜΙΚΗ,ΑΤΤΙΚΗΣ,studio@skindesign.gr,,,https://skindesign.gr/
67779403000,ΠΑΡΑΣΚΕΥΗ ΙΩΑΝΝΗ ΧΑΝΙΩΤΗ,H2CONCEPT GRAPHIC DESIGNERS,055660620,ΑΤΟΜΙΚΗ,ΚΥΚΛΑΔΩΝ,voula@h2concept.gr,2289026993,,https://h2concept.gr/
68019603000,ΓΕΩΡΓΙΑ ΠΑΠΑΚΩΣΤΑ,DESIGN 4U,057410915,ΑΤΟΜΙΚΗ,ΑΤΤΙΚΗΣ,info@design4u.com.gr,2110176252,,https://design4u.com.gr/
68150003000,ΑΡΙΣΤΕΙΔΗΣ ΤΣΟΥΤΣΑΣ,,107954194,ΑΤΟΜΙΚΗ,ΑΤΤΙΚΗΣ,aris@bobstudio.gr,2109222001,,https://bobstudio.gr/
68457903000,"ΑΜΑΡΥΣΙΑ ,ΚΕΝΤΡΟ ΤΕΧΝΗΣ,ΤΥΠΟΥ ΚΑΙ ΠΟΛΙΤΙΣΜΟΥ ΜΟΝΟΠΡΟΣΩΠΗ ΕΤΑΙΡΕΙΑ ΠΕΡΙΟΡΙΣΜΕΝΗΣ ΕΥΘΥΝΗΣ",ΑΜΑΡΥΣΙΑ-Μ. ΕΠΕ,095611970,ΕΠΕ,ΑΘΗΝΩΝ,,2108066507,www.amarysianews.gr,
69007503000,ΝΙΚΟΛΑΟΣ ΤΖΑΝΟΣ & ΣΥΝΕΡΓΑΤΕΣ ΕΤΕΡΟΡΡΥΘΜΟΣ ΕΤΑΙΡΕΙΑ - IDEALOGY,IDEALOGY,999656609,ΕΕ,ΑΘΗΝΩΝ,idealogy@idealogy.gr,2106897610,www.idealogy.gr,
69038603000,Μ ΚΟΕΝ & ΣΙΑ ΕΕ,NEW AGE COMMUNICATIONS,999454089,ΕΕ,ΑΘΗΝΩΝ,fay@newagecom.gr,6948205315,,https://newagecom.gr/
69075403000,ΜΑΡΙΑ ΓΑΛΑΝΗ ΚΑΙ ΣΙΑ Ο.Ε.,,999726481,ΟΕ,ΑΘΗΝΩΝ,ADMIN@ISOGRAMA.GR,2106717822,,https://www.isograma.gr/
69180503000,ΑΡΓΩ ΕΚΔΟΤΙΚΗ - ΔΙΑΦΗΜΙΣΤΙΚΗ ΜΟΝΟΠΡΟΣΩΠΗ ΕΤΑΙΡΕΙΑ ΠΕΡΙΟΡΙΣΜΕΝΗΣ ΕΥΘΥΝΗΣ,ΑΡΓΩ Μ.Ε.Π.Ε.,095554946,ΕΠΕ,ΑΘΗΝΩΝ,info@ptax.gr,2109515172,www.maregreca.com,
69196103000,ΠΑΝ ΜΠΑΡΜΠΑΛΙΑΣ & ΣΙΑ ΕΕ,IN 8,999242972,ΕΕ,ΑΘΗΝΩΝ,takis@in8.gr,2107628859,,https://in8.gr/
69218403000,ΚΑΡΑΜΠΑΤΖΟΣ ΑΛΕΞΑΝΔΡΟΣ ΕΤΕΡΟΡΡΥΘΜΟΣ ΕΤΑΙΡΙΑ,YELLOW E.E.,999278495,ΕΕ,ΑΘΗΝΩΝ,alex@yelloworks.gr,2106725831,www.yelloworks.gr,
69255503000,Μ ΧΑΤΖΗΚΩΝΣΤΑΝΤΗ & ΣΙΑ ΟΕ,MADE ATHENS OE,998854468,ΟΕ,ΑΘΗΝΩΝ,nikos@allgreekvillas.com,2106533870,,https://allgreekvillas.com/
69296003000,ΟΜΑΔΑ ΣΥΜΠΡΑΞΙΣ Ι.Κ.Ε.,ΟΜΑΔΑ ΣΥΜΠΡΑΞΙΣ,998626109,ΙΚΕ,ΑΘΗΝΩΝ,finance@sympraxis.eu,2107248644,https://sympraxis.eu/cms/home-5/,
69372503000,ΑΝΤΩΝΗΣ & ΜΑΡΓΑΡΙΤΑ ΔΡΙΛΛΙΑ Ο.Ε.,EASY DOT O.Ε,999276373,ΟΕ,ΑΘΗΝΩΝ,drilliant@ez-dot.com,2102790096,,https://ez-dot.com/
69552403000,ADDICTAD Ι.Κ.Ε.,ADDICTAD TO CREATION,998187920,ΙΚΕ,ΑΘΗΝΩΝ,financial@addictad.gr,2106852940,,https://addictad.gr/
69570903000,ΙΔΕΑ ΔΙΑΦΗΜΙΣΤΙΚΗ ΜΟΝΟΠΡΟΣΩΠΗ ΕΤΑΙΡΕΙΑ ΠΕΡΙΩΡΙΣΜΕΝΗΣ ΕΥΘΥΝΗΣ,ΙΔΕΑ ΔΙΑΦΗΜΙΣΤΙΚΗ Μ.Ε.Π.Ε.,998415030,ΕΠΕ,ΑΘΗΝΩΝ,,2108250408,www.advidea.gr,
69585203000,“ΧΑΡΑΛΑΜΠΟΠΟΥΛΟΣ ΙΩΑΝΝΗΣ ΚΑΙ ΣΙΑ ΙΚΕ”,,998403043,ΙΚΕ,ΑΘΗΝΩΝ,john@outlinenet.com,2109233344,,https://outlinenet.com/
69630103000,ΚΩΝΣΤΑΝΤΙΝΟΣ ΣΤΡΑΤΗΣ ΚΑΙ ΣΙΑ ΕΕ,,998708662,ΕΕ,ΑΘΗΝΩΝ,despoina@reproductions.gr,2106818095,,https://reproductions.gr/
69791903000,ΣΩΤΗΡΙΟΣ ΓΚΟΤΣΗΣ & ΣΙΑ Ε.Ε.,ADC ΕΕ,997954156,ΕΕ,ΑΘΗΝΩΝ,,2106895371,www.adc1.gr,
69799903000,PROGRESSIVEPR ΔΙΑΦΗΜΙΣΕΙΣ-ΔΗΜΟΣΙΕΣ ΣΧΕΣΕΙΣ ΜΟΝΟΠΡΟΣΩΠΗ ΕΤΑΙΡΕΙΑ ΠΕΡΙΩΡΙΣΜΕΝΗΣ ΕΥΘΥΝΗΣ,PROGRESSIVEPR Μ.Ε.Π.Ε.,998107280,ΕΠΕ,ΑΘΗΝΩΝ,pchantzi@progressivecosmos.com,2107247300,http://www.progressivepr.gr,
69831803000,IMAGINE MORE ΔΙΑΦΗΜΙΣΤΙΚΕΣ ΥΠΗΡΕΣΙΕΣ ΜΟΝΟΠΡΟΣΩΠΗ ΕΤΑΙΡΙΑ ΠΕΡΙΟΡΙΣΜΕΝΗΣ ΕΥΘΥΝΗΣ,IMAGINE MORE ΜΟΝΟΠΡΟΣΩΠΗ ΕΠΕ ΑΓΓΛ IMAGINE MORE LTD,998320004,ΕΠΕ,ΑΤΤΙΚΗΣ,roula.vogiantzi@isarisoffice.gr,2109594312,www.imaginmore.gr,
69869803000,PLASIS Ι.Κ.Ε.,PLASIS,999318368,ΙΚΕ,ΑΘΗΝΩΝ,kmar@plasis.gr,2106801557,CULTURENOW.GR,
69884503000,TARGET - ΔΙΑΝΟΜΕΣ ΜΟΝΟΠΡΟΣΩΠΗ ΕΤΑΙΡΕΙΑ ΠΕΡΙΟΡΙΣΜΕΝΗΣ ΕΥΘΥΝΗΣ,Targetdianomes,997870679,ΕΠΕ,ΑΘΗΝΩΝ,tsiolis1987@gmail.com,6936973310,www.targetdianomes.gr,
69950103000,WIN TO WIN O.E.,WIN TO WIN,998109235,ΟΕ,ΑΤΤΙΚΗΣ,info@wintowin.gr,2103608609,http://www.wintowin.gr,
70012403000,NOVUS ADVERTISING ΜΟΝΟΠΡΟΣΩΠΗ ΕΤΑΙΡΕΙΑ ΠΕΡΙΩΡΙΣΜΕΝΗΣ ΕΥΘΥΝΗΣ,NOVUS MEDIA Μ.Ε.Π.Ε.,997715981,ΕΠΕ,ΑΤΤΙΚΗΣ,info@novusevents.gr,2118003207,www.novusmedia.gr,
70078324000,ΑΦΟΙ ΛΕΟΝΤΑΡΙΤΗ Ο.Ε.,Γραμικό + Ντιζάιν - Gramiko + design,999518077,ΟΕ,ΖΑΚΥΝΘΟΥ,info@gramikodesign.gr,2695044013,,https://gramikodesign.gr/
72694120000,ΚΑΒΟΥΚΛΗΣ ΜΙΧΑΗΛ,M.G.K.,131015688,ΑΤΟΜΙΚΗ,ΔΩΔΕΚΑΝΗΣΟΥ,kavuklis@mgk.com.gr,2241030486,,https://www.mgk.com.gr/el/homepage-2/
73090620000,ΜΠΑΚΙΡΗΣ ΣΥΜΜΕΤΟΧΩΝ ΕΠΕ,,998349544,ΕΠΕ,ΔΩΔΕΚΑΝΗΣΟΥ,info@forotec.gr,,www.mpakiris.net,
73346020000,Φ.ΣΠΑΝΟΥ-Π.ΒΛΑΧΟΥ Ο.Ε.,HIGHLIGHT O.E.,997869146,ΟΕ,ΔΩΔΕΚΑΝΗΣΟΥ,info@highlight.gr,,,https://www.highlight.gr/
75367058000,NEXT STEP ΑΝΑΠΤΥΞΗ ΚΑΙ ΟΡΓΑΝΩΣΗ ΕΠΙΧΕΙΡΗΣΕΩΝ ΜΟΝΟΠΡΟΣΩΠΗ ΕΤΑΙΡΕΙΑ ΠΕΡΙΟΡΙΣΜΕΝΗΣ ΕΥΘΥΝΗΣ,NEXT STEP Μ. Ε.Π.Ε.,999578596,ΕΠΕ,ΧΑΝΙΩΝ,info@nextstep.gr,2821023323,www.nextstepltd.gr,
75774027000,ΜΕΤΑΞΑΡΑΚΗ ΑΙΚΑΤΕΡΙΝΗ ΤΟΥ ΕΜΜΑΝΟΥΗΛ,MKS ΔΙΑΦΗΜΙΣΤΙΚΗ,026786344,ΑΤΟΜΙΚΗ,ΗΡΑΚΛΕΙΟΥ,katerina@mksadv.gr,2810285542,,https://mksadv.gr/
76109727000,ΠΙΝΑΚΟΥΛΑΚΗΣ ΚΙΜΩΝ ΤΟΥ ΝΙΚΟΛΑΟΥ,,041977187,ΑΤΟΜΙΚΗ,ΗΡΑΚΛΕΙΟΥ,kimon@kimon.gr,2810286177,,https://www.kimon.gr/
76314027000,ΣΤΥΛΙΑΝΑΚΗ ΜΑΡΙΑ ΤΟΥ ΝΙΚΟΛΑΟΥ,ΒΑΘΥ ΜΠΛΕ,045080992,ΑΤΟΜΙΚΗ,ΗΡΑΚΛΕΙΟΥ,info@deepbluedesign.gr,2810344214,,https://deepbluedesign.gr/
76411727000,ΔΡΑΓΟΥΜΑΝΑΚΗΣ ΓΕΩΡΓΙΟΣ ΤΟΥ ΙΩΑΝΝΗ,ΔΕΛΤΑGRAPHIX - DELTAGRAPHIX,046758637,ΑΤΟΜΙΚΗ,ΗΡΑΚΛΕΙΟΥ,info@deltaprint.gr,2810333899,,https://deltagraphix.gr/
76655027000,ΜΑΚΡΥΔΑΚΗΣ ΕΥΑΓΓΕΛΟΣ ΤΟΥ ΣΑΒΒΑ,AX-EASY,059995982,ΑΤΟΜΙΚΗ,ΗΡΑΚΛΕΙΟΥ,info@ax-easy.com,2810228664,,https://www.ax-easy.com/
77048227000,ΒΟΓΑΝΑΤΣΗ ΜΑΡΙΝΑ - ΜΠΙΛΛΗ ΚΩΝΣΤΑΝΤΙΑ Ο.Ε.,ARS NOVA,084212375,ΟΕ,ΗΡΑΚΛΕΙΟΥ,info@arsnova.gr,2810220711,,https://arsnova.gr/
77210527000,PROMOTION PLUS ΙΔΙΩΤΙΚΗ ΚΕΦΑΛΑΙΟΥΧΙΚΗ ΕΤΑΙΡΕΙΑ,PROMOTION PLUS ΙΚΕ,099708170,ΙΚΕ,ΗΡΑΚΛΕΙΟΥ,vanaplus@otenet.gr,2810257657,www.promotionplus.gr,
77329027000,ΠΑΠΑΔΑΚΗ ΣΟΦΙΑ ΤΟΥ ΓΕΩΡΓΙΟΥ,,103838991,ΑΤΟΜΙΚΗ,ΗΡΑΚΛΕΙΟΥ,info@footwork.gr,6970839921,,https://footwork.gr/
77330827000,ΦΙΟΡΕΤΖΗΣ ΔΗΜΗΤΡΙΟΣ ΤΟΥ ΚΩΝΣΤΑΝΤΙΝΟΥ,DESIGNIDEAS,103842390,ΑΤΟΜΙΚΗ,ΗΡΑΚΛΕΙΟΥ,info@designideas.gr,2810242222,,https://www.designideas.gr/site/
77622827000,ΔΗΜΗΤΡΗΣ ΣΓΟΥΡΟΣ ΚΑΙ ΝΙΚΟΛΑΟΣ ΜΑΚΡΟΓΑΜΒΡΑΚΗΣ Ο.Ε.,DOT CREATIVE STUDIO,997790121,ΟΕ,ΗΡΑΚΛΕΙΟΥ,dsgouros@dotcs.net,2811107536,www.dotcreativestudio.net,
78311342000,PROMOLINE ΑΝΩΝΥΜΗ ΕΤΑΙΡΙΑ ΓΡΑΦΙΚΩΝ ΤΕΧΝΩΝ ΚΑΙ ΕΚΔΟΣΕΩΝ,ΕΝΤΕΛΕΧΕΙΑ,094368328,ΑΕ,ΛΕΣΒΟΥ,PROMOLINE@LES.FORTHNET.GR,2251044054,www.promolinesa.eu,
83326202000,ΙΝΚ ΕΤΑΙΡΕΙΑ ΠΕΡΙΟΡΙΣΜΕΝΗΣ ΕΥΘΥΝΗΣ,INK DESIGN,095354807,ΕΠΕ,ΑΘΗΝΩΝ,info@ink.gr,2102281201,www.ink.gr,
84087102000,ΛΑΜΠΡΟΥΛΗ ΦΑΝΗ ΤΟΥ ΠΑΥΛΟΥ,,035358962,ΑΤΟΜΙΚΗ,ΑΤΤΙΚΗΣ,info@labrouli.gr,,,https://labrouli.gr/
84368302000,ΑΛΕΞΟΠΟΥΛΟΣ ΚΑΙ ΣΙΑ ΟΕ,MOD,084017244,ΟΕ,ΑΤΤΙΚΗΣ,dimal@modad.gr,2108225646,http://www.modad.gr,
84639002000,ΑΡΒΑΝΙΤΑΚΗ ΑΘΑΝΑΣΙΑ ΤΟΥ ΙΩΑΝΝΗ,ΖΕΥΞΙΣ CREATIVE-ΑΡΒΑΝΙΤΑΚΗ ΑΘΑΝΑΣΙΑ,047174851,ΑΤΟΜΙΚΗ,ΑΤΤΙΚΗΣ,arvanitaki@zefxis.eu,2107620971,,https://zefxiscreative.gr/
84755702000,A.G. HELLAS ΑΝΩΝΥΜΗ ΔΙΑΦΗΜΙΣΤΙΚΗ ΤΟΥΡΙΣΤΙΚΗ ΞΕΝΟΔΟΧΕΙΑΚΗ ΕΤΑΙΡΕΙΑ,A.G. HELLAS,094319997,ΑΕ,ΑΘΗΝΩΝ,alexalivizatos@gmail.com,2107512710,www.aghellas.gr,
84798602000,Α & Β ADVERTISING ΕΤΑΙΡΕΙΑ ΠΕΡΙΟΡΙΣΜΕΝΗΣ ΕΥΘΥΝΗΣ,,095422765,ΕΠΕ,ΑΤΤΙΚΗΣ,logistirio@abad.gr,2108100790,http//abadvertising.i-go.gr,
84913402000,ΑΚΤΥΠΗΣ ΔΙΟΝΥΣΙΟΣ ΤΟΥ ΣΠΥΡΙΔΩΝΟΣ,,045815534,ΑΤΟΜΙΚΗ,ΑΤΤΙΚΗΣ,info@designcode.gr,2294094400,,https://www.designcode.gr/
85480202000,ΕΡΜΙ ΜΟΝΟΠΡΟΣΩΠΗ ΕΤΑΙΡΙΑ ΠΕΡΙΟΡΙΣΜΕΝΗΣ ΕΥΘΥΝΗΣ,ΕΡΜΗΣ ΣΚΑΡΠΑΘΙΩΤΗΣ,092942384,ΕΠΕ,ΑΤΤΙΚΗΣ,info@ermi.gr,2103463289,,https://ermi.gr/
85670802000,ΔΕΚΑΒΑΛΛΑΣ ΑΝΑΡΓΥΡΟΣ ΤΟΥ ΕΜΜΑΝΟΥΗΛ,,113546885,ΑΤΟΜΙΚΗ,ΑΤΤΙΚΗΣ,ad@10design.gr,2106004200,,https://10design.gr/
85828202000,Κ. ΣΤΡΑΤΗΣ-Ι. ΓΕΩΡΓΙΑΔΗΣ ΟΕ,B & B REPRODUCTIONS,999685863,ΟΕ,ΑΤΤΙΚΗΣ,despoina@reproductions.gr,2106818095,,https://reproductions.gr/
85901302000,Ν ΚΟΥΛΑΥΤΑΚΗΣ Μ ΠΟΛΥΖΟΥ ΟΕ,CINEMAD,099058966,ΟΕ,ΑΘΗΝΩΝ,nick@cinemad.gr,2102773261,,https://www.cinemad.gr/
85963002000,MOUSEGRAPHICS ΙΔΙΩΤΙΚΗ ΚΕΦΑΛΑΙΟΥΧΙΚΗ ΕΤΑΙΡΕΙΑ,MOUSEGRAPHICS ΙΚΕ,999855230,ΙΚΕ,ΑΤΤΙΚΗΣ,mouse@mousegraphics.gr,2106095617,https://www.mousegraphics.eu/,
86022902000,SHAPE ΙΔΙΩΤΙΚΗ ΚΕΦΑΛΑΙΟΥΧΙΚΗ ΕΤΑΙΡΕΙΑ,SHAPE ΙΚΕ,095682692,ΙΚΕ,ΑΤΤΙΚΗΣ,account@shape.com.gr,2102796459,,https://shape.com.gr/
86056202000,ΚΡΗΤΙΚΟΣ ΣΤΥΛΙΑΝΟΣ ΤΟΥ ΕΜΜΑΝΟΥΗΛ,,044009380,ΑΤΟΜΙΚΗ,ΑΤΤΙΚΗΣ,skritikos@brandnew.gr,2102617739,,https://brandnew.gr/
86104702000,EXAD CREATIVE AGENCY ΕΕ,EXAD,999452858,ΕΕ,ΑΘΗΝΩΝ,info@exad.gr,2106519692,,https://exad.gr/
86197102000,ΣΑΪΤΗΣ ΚΩΝ/ΝΟΣ ΤΟΥ ΔΗΜΗΤΡΙΟΥ,ΩΧΡΑ & ΞΕΝΟΓΛΩΣΣΑ OCHRA,056236738,ΑΤΟΜΙΚΗ,ΑΤΤΙΚΗΣ,csaitis@ochra.gr,2103252404,,https://ochra.gr/
86933602000,ΑΡΝΑΟΥΤΕΛΗ ΜΑΡΙΑ ΚΑΙ ΣΙΑ ΕΕ,L ARTE,081807840,ΕΕ,ΑΤΤΙΚΗΣ,info@larteadv.gr,2105787801,larteadv.gr,
86944202000,ΚΑΡΑΙΣΚΟΣ ΧΡΥΣΟΣΤΟΜΟΣ ΤΟΥ ΜΙΧΑΗΛ,DESIGNIUM,105686913,ΑΤΟΜΙΚΗ,ΑΤΤΙΚΗΣ,tm@designium.gr,6955587044,,https://designium.gr/
87036802000,ΧΡΩΜΟΔΙΑΣΤΑΣΗ ΓΡΑΦΙΚΕΣ ΤΕΧΝΕΣ-ΠΑΡΑΓΩΓΗ ΕΜΠΟΡΙΑ ΔΙΑΝΟΜΗ & ΔΙΑΚΙΝΗΣΗ ΠΡΟΙΟΝΤΩΝ ΗΧΟΥ & ΕΙΚΟΝΑΣ ΕΤΑΙΡΕΙΑ ΠΕΡΙΟΡΙΣΜΕΝΗΣ ΕΥΘΥΝΗΣ,ΧΡΩΜΟΔΙΑΣΤΑΣΗ ΕΠΕ,998311609,ΕΠΕ,ΑΤΤΙΚΗΣ,info@mlk.gr,2109926660,www.mlk.gr,
87054202000, FLYING COLOURS ADVERTISING ΕΕ,FLYING COLOURS ADVERTISING,998684021,ΕΕ,ΑΘΗΝΩΝ,kgolia@flyingcolours.gr,2109339563,,https://flyingcolours.gr/
87086102000,ΛΑΜΠΡΟΥ ΧΡΙΣΤΟΔΟΥΛΟΣ ΤΟΥ ΑΛΕΞΑΝΔΡΟΥ,REDGRASS,107505211,ΑΤΟΜΙΚΗ,ΑΤΤΙΚΗΣ,info@redgrass.gr,2105772643,,https://redgrass.gr/
87224202000,ΚΩΝΣΤΑΝΤΙΝΟΣ ΚΑΙ ΘΟΔΩΡΗΣ ΜΑΣΤΡΟΓΙΑΝΝΗΣ Ο.Ε.,,999380416,ΟΕ,ΑΤΤΙΚΗΣ,art@blackballoon.gr,2107018301,,https://www.blackballoon.gr/
87354602000,ΚΑΛΑΜΑΤΙΑΝΟΣ ΠΕΤΡΟΣ ΤΟΥ ΝΙΚΟΛΑΟΥ,REGISTER,025354980,ΑΤΟΜΙΚΗ,ΑΤΤΙΚΗΣ,info@registerdesign.gr,2106820730,,https://registerdesign.gr/
87365802000,ΠΑΠΑΔΟΠΟΥΛΟΣ ΚΥΡΙΑΚΟΣ ΤΟΥ ΠΡΟΔΡΟΜΟΥ,,100156901,ΑΤΟΜΙΚΗ,ΑΤΤΙΚΗΣ,kyriakos@eudesign.gr,6948786880,,https://portfolio.adobe.com/missing
87404502000,HELLAS DIGITAL THE DIGITAL PRINTING FACTORY  Ε.Ε.,HELLAS DIGITAL,998087435,ΕΕ,ΑΤΤΙΚΗΣ,accountingmanager@hellasdsa.gr,2109712076,,https://hellasdsa.gr/
87421002000,ARTIME ΕΤΑΙΡΙΑ ΠΕΡΙΟΡΙΣΜΕΝΗΣ ΕΥΘΥΝΗΣ,ARTIME (ΑΡΤΑΪΜ) Ε.Π.Ε,095484085,ΕΠΕ,ΑΘΗΝΩΝ,info@jsaccounting.gr,2108612274,www.campingreece.gr,
87493002000,COMMUNICATION FACTORY ΔΙΑΦΗΜΙΣΤΙΚΗ ΑΝΩΝΥΜΗ ΕΤΑΙΡΕΙΑ,COMMUNICATION FACTORY SA,099822045,ΑΕ,ΑΘΗΝΩΝ,info@comfact.gr,2102725191,www.comfact.gr,
87546702000,ΙΩΑΝΝΗΣ ΑΝΑΣΤΑΣΟΠΟΥΛΟΣ ΚΑΙ ΣΙΑ ΟΕ,Creative Dock,997714820,ΟΕ,ΑΘΗΝΩΝ,inbox@creativedock.gr,2106236207,,https://creativedock.gr/
87559802000,ΠΛΟΗΓΟΣ PRODUCTION ΕΤΑΙΡΕΙΑ ΠΕΡΙΟΡΙΣΜΕΝΗΣ ΕΥΘΥΝΗΣ,ΠΛΟΗΓΟΣ PRODUCTION ΕΠΕ,997788567,ΕΠΕ,ΑΤΤΙΚΗΣ,nikol@vepiskopos.gr,2108100781,http://ploegos.i-go.gr,
87633702000,ΚΙΟΡΟΓΛΟΥ ΑΝΔΡΕΑΣ ΤΟΥ ΑΝΤΩΝΙΟΥ,MATADOG DESIGN,102931038,ΑΤΟΜΙΚΗ,ΑΤΤΙΚΗΣ,info@matadog.com,2106995237,,https://matadog.com/
87659502000,ΜΑΝΩΛΑΣ ΔΗΜΗΤΡΙΟΣ ΤΟΥ ΣΤΑΜΑΤΙΟΥ,MAIL DATA,051261814,ΑΤΟΜΙΚΗ,ΑΤΤΙΚΗΣ,info@maildata.gr,2104820047,,https://www.maildata.gr/
95690601000,WATERMARK COMMUNICATIONS ΔΙΑΦΗΜΙΣΤΙΚΗ ΜΟΝΟΠΡΟΣΩΠΗ ΕΤΑΙΡΕΙΑ ΠΕΡΙΟΡΙΣΜΕΝΗΣ ΕΥΘΥΝΗΣ,WATERMARK COMMUNICATIONS ΜΟΝ.ΕΠΕ,997874088,ΕΠΕ,ΑΤΤΙΚΗΣ,nikoskemos@gmail.com,2108991519,www.watermark.gr,
112089308000,ΑΦΟΙ ΧΑΡ.ΤΣΙΑΝΙΚΑ ΟΕ,XLGraphics,999779253,ΟΕ,ΑΤΤΙΚΗΣ,l.tsianikas@xlg.gr,2109430219,,https://www.xlg.gr/
112446908000,ΣΩΤΗΡΙΟΣ ΞΑΝΘΗΣ & ΣΙΑ Ε.Ε.,INTERVENTION DESIGN,082760279,ΕΕ,ΔΥΤΙΚΗΣ ΑΤΤΙΚΗΣ,info@interventiondesign.gr,2296080162,,https://interventiondesign.gr/
112449708000,ΚΑΡΑΜΠΕΤΙΑΝ ΟΝΝΙΚ ΤΟΥ ΑΝΔΡΕΑ,,042091350,ΑΤΟΜΙΚΗ,ΑΤΤΙΚΗΣ,onik@karabetian.gr,2104131110,,https://karabetian.gr/
112512208000,ΘΩΜΑΙΔΗΣ ΣΤΕΦΑΝΟΣ ΤΟΥ ΔΗΜΟΣΘΕΝΗ - ΔΗΜΗΤΡΙΟΥ,,051371413,ΑΤΟΜΙΚΗ,ΑΤΤΙΚΗΣ,stefanos@iris.net.gr,2897022466,,https://iris.net.gr/index.php/en/
112802108000,ΝΙΚΟΛΑΟΣ ΓΕΩΡΓΙΑΔΗΣ ΚΑΙ ΣΙΑ ΙΚΕ,ΚΟΛΟΡ ΣΑΙΝ ΙΚΕ,099901012,ΙΚΕ,ΠΕΙΡΑΙΑ,thodoris@colorsign.gr,2105559870,http://www.colorsign.gr,
112924908000,Σ. ΚΑΙ Γ. ΞΕΝΙΚΟΥΔΑΚΗ Ο.Ε.,Dual Design,997901046,ΟΕ,ΠΕΙΡΑΙΑ,info@dual.design,2104949788,http://www.provoli.com/,
113196100000,Γ. ΛΟΥΛΑΚΗ - Ο. ΚΟΚΚΙΝΟΥ Ομόρρυθμη Εταιρεία,GROUND BRANDING - ΓΚΡΑΟΥΝΤ ΜΠΡΑΝΤΙΝΓΚ,800315257,ΟΕ,ΗΡΑΚΛΕΙΟΥ,info@groundbranding.com,2810333963,,https://www.groundbranding.com/
114584937000,Α. ΚΑΡΑΓΚΙΚΑΣ & ΣΥΝΕΡΓΑΤΕΣ Ο.Ε,PLANET WHEEL (Planet Wheel),999405790,ΟΕ,ΑΘΗΝΩΝ,info@planetwheel.gr,2103000692,www.planetwheel.gr,
116126127000,ΚΑΝΤΕΜΝΙΔΗΣ ΕΜΜΑΝΟΥΗΛ ΤΟΥ ΙΩΑΝΝΗ,,125564476,ΑΤΟΜΙΚΗ,ΗΡΑΚΛΕΙΟΥ,kantemnidis@teampromotion.gr,2813009740,,https://teampromotion.gr/
116270301000,VALIDUS SALES PROMOTION Ε.Π.Ε.,VALIDUS Ε.Π.Ε.,800325877,ΕΠΕ,ΑΤΤΙΚΗΣ,nakkas@validussp.gr,2102770014,www.validussp.gr,
116429601000,ATRAPOS MEDIA ΔΙΑΦΗΜΙΣΤΙΚΕΣ ΥΠΗΡΕΣΙΕΣ ΜΟΝΟΠΡΟΣΩΠΗ ETAIΡΕΙΑ ΠΕΡΙΟΡΙΣΜΕΝΗΣ ΕΥΘΥΝΗΣ,ATRAPOS MEDIA,800328843,ΕΠΕ,,y.portokalakis@atraposmedia.com,6937624708,https://www.finance.atraposmedia.com/,
116550125000,ΑΝΔΡΕΑΣ ΜΠΡAΤΗΣ & ΣΙΑ Ε.Ε.,ΨΗΦΙΑΚΕΣ ΙΔΕΕΣ,800330709,ΕΕ,,andreas@ogb.gr,2623041370,,https://ogb.gr/
116641301000,STREET SMART ΔΙΑΦΗΜΙΣΤΙΚΕΣ  ΥΠΗΡΕΣΙΕΣ ΜΟΝΟΠΡΟΣΩΠΗ ΑΝΩΝΥΜΗ ΕΤΑΙΡΙΑ,STREET SMART ΜΟΝΟΠΡΟΣΩΠΗ Α.Ε,800332322,ΑΕ,ΑΤΤΙΚΗΣ,efi_moraitou@otenet.gr,2102139401,www.streetsmartae.com,
116771201000,AΓΓΕΛΙΚΗ ΔΟΥΝΑ ΤΟΥ ΓΕΩΡΓΙΟΥ,,052282506,ΑΤΟΜΙΚΗ,ΑΤΤΙΚΗΣ,adounas@goforward.gr,2130241212,www.goforward.gr,
116913303000,THINK PLUS OE,THINK PLUS,800335902,ΟΕ,ΑΘΗΝΩΝ,dt@think-plus.gr,2106101478,,https://think-plus.gr/
117381301000,PRISMATIX ΑΝΩΝΥΜΟΣ ΔΙΑΦΗΜΙΣΤΙΚΗ ΚΑΙ ΕΜΠΟΡΙΚΗ ΕΤΑΙΡΕΙΑ,PRISMATIX AE,095571457,ΑΕ,ΑΤΤΙΚΗΣ,,2108847751,www.prismatixadvae.gr,
117413003000,ΜΟΣΧΟΣ ΕΥΑΓΓΕΛΟΣ ΤΟΥ ΝΙΚΟΛΑΟΥ,WINK DESIGN,106117382,ΑΤΟΜΙΚΗ,ΠΡΕΒΕΖΑΣ,am@winkdesign.gr,6936699361,,https://winkdesign.gr/
117506627000,VISIONADV ΜΟΝΟΠΡΟΣΩΠΗ ΕΤΑΙΡΕΙΑ ΠΕΡΙΟΡΙΣΜΕΝΗΣ ΕΥΘΥΝΗΣ,ΒΙΖΙΟΝΕΪΝΤΙΒΙ Μ.Ε.Π.Ε,800346260,ΕΠΕ,,info@visionadv.gr,2810321020,www.visionadv.gr,
117523340000,ΤΣΑΚΟΠΙΑΚΟΥ ΝΙΚΗ ΤΟΥ,,134109730,ΑΤΟΜΙΚΗ,ΛΑΡΙΣΑΣ,info@professionalpost.gr,2413007932,http://professionalpost.gr,
117765203000,Γ.Φ ΒΑΣΙΛΕΙΟΥ O.E.,WHITE SPACE WINNING BUSINESS STRATEGIES,800349875,ΟΕ,,g.vasileiou@white-space.gr,2106717115,,https://www.white-space.gr/
117896003000,ΔΗΜΗΤΡΙΑΔΟΥ ΜΑΡΓΑΡΙΤΑ ΤΟΥ ΘΕΟΔΩΡΟΥ,,101269690,ΑΤΟΜΙΚΗ,ΑΤΤΙΚΗΣ,magie@pos-creation.com,2108954081,,https://pos-creation.com/
117931301000,TENFOUR ΥΠΗΡΕΣΙΕΣ ΔΙΑΦΗΜΙΣΗΣ ΜΟΝΟΠΡΟΣΩΠΗ ΕΤΑΙΡΕΙΑ ΠΕΡΙΟΡΙΣΜΕΝΗΣ ΕΥΘΥΝΗΣ,TENFOUR AGENCY ΜΕΠΕ,800353004,ΕΠΕ,ΑΤΤΙΚΗΣ,vv@tenfour.gr,2106771700,www.tenfour.gr,
118170801000,SSQ ΑΝΩΝΥΜΗ ΕΤΑΙΡΕΙΑ ΔΙΑΦΗΜΙΣΗΣ ΚΑΙ ΕΠΙΚΟΙΝΩΝΙΑΣ,Soho Square S.A.,997716732,ΑΕ,ΑΤΤΙΚΗΣ,irini.stathatou@ogilvy.com,2106660000,www.ssq-ae.gr & www.ssq.gr,
118272647000,PRODEXX Ε.Ε,,800359672,ΕΕ,ΠΕΛΛΗΣ,info@prodexx.com,2382063830,,https://prodexx.com/
118297326000,Γ. ΤΑΚΗΣ & ΣΙΑ Ο.Ε.,Promesa,800360019,ΟΕ,ΘΕΣΣΑΛΟΝΙΚΗΣ,info@promesa.gr,2331064200,www.t-squared,
119030403000,ΠΡΑΣΣΑΣ ΙΩΑΝΝΗΣ ΚΑΙ ΣΙΑ ΕΕ,,800375950,ΕΕ,ΑΤΤΙΚΗΣ,yp@dojomarketing.gr,2102838798,,http://www.dojomarketing.gr/
119112404000,ΜΑRCOM ΤΖΕΛΕΠΟΓΛΟΥ ΜΟΝΟΠΡΟΣΩΠΗ ΕΤΑΙΡΙΑ ΠΕΡΙΟΡΙΣΜΕΝΗΣ ΕΥΘΥΝΗΣ,ΜΑRCOM TZELEPOGLOU,800377677,ΕΠΕ,,info@marcom.gr,2310275769,,https://positivelife.gr/
119545103000,ΕΥΑΓΓΕΛΙΔΟΥ ΜΑΡΙΑ ΤΟΥ ΤΡΥΦΩΝ,,105538535,ΑΤΟΜΙΚΗ,ΑΤΤΙΚΗΣ,info@mevart.gr,2102028472,,https://mevart.gr/
119670806000,ΤΟΥΜΠΑΛΙΔΗΣ ΑΡΓΥΡΙΟΣ ΤΟΥ ΚΛΕΑΝΘΗ,AKT MARKETING SERVICES,101300520,ΑΤΟΜΙΚΗ,ΘΕΣΣΑΛΟΝΙΚΗΣ,atubalidis@aktms.gr,2310268132,,https://aktms.gr/
119749101000,ΚΩΣΤΕΛΙΔΗΣ E-SERVICES Ι.Κ.Ε.,,800390595,ΙΚΕ,ΑΤΤΙΚΗΣ,yanniskostelidis@outlook.com,2102400586,http://iso-energeiaki.eu/,
119896920000,ΚΑΤΣΟΥΛΑΚΗΣ ΓΕΩΡΓΙΟΣ ΜΟΝΟΠΡΟΣΩΠΗ Ε.Π.Ε,BEST PROMOTION SERVICES L.T.D.,800393223,ΕΠΕ,ΔΩΔΕΚΑΝΗΣΟΥ,bpsadvertising@gmail.com,2821071918,www.katsoulakis.net,
120010201000,WHITE ΔΙΑΦΗΜΙΣΤΙΚΗ ΚΑΙ ΕΜΠΟΡΙΚΗ ΜΟΝΟΠΡΟΣΩΠΗ ΕΤΑΙΡΕΙΑ ΠΕΡΙΟΡΙΣΜΕΝΗΣ ΕΥΘΥΝΗΣ,WHITE Μ.Ε.Π.Ε.,800395197,ΕΠΕ,ΑΤΤΙΚΗΣ,accounting@whitead.gr,2102449246,,https://whiteandpurple.com/
120142301000,ΣΧΕΔΙΑΣΜΟΣ ΕΠΙΚΟΙΝΩΝΙΑΣ - ΔΗΜΙΟΥΡΓΙΚΕΣ ΙΔΕΕΣ ΚΑΙ ΕΦΑΡΜΟΓΕΣ ΜΟΝΟΠΡΟΣΩΠΗ ΕΤΑΙΡΕΙΑ ΠΕΡΙΟΡΙΣΜΕΝΗΣ ΕΥΘΥΝΗΣ,OUT TO LUNCH ΜΕΠΕ,800398255,ΕΠΕ,ΑΤΤΙΚΗΣ,anna@outtolunch.gr,2103808728,,https://www.outtolunch.gr/
120291101000,Δ ΚΟΥΝΔΟΥΡΑΚΗΣ  Δ ΠΟΥΛΗΣ ΟΜΟΡΡΥΘΜΟΣ ΕΤΑΙΡΕΙΑ,THELOPROMITHEUTI,800401227,ΟΕ,ΑΤΤΙΚΗΣ,info@thelopromitheuti.gr,2109917914,,https://www.thelopromitheuti.gr/
120452003000,ΠΑΣΟΥΡΗΣ ΑΡΗΣ ΤΟΥ ΔΗΜΗΤΡΙΟΥ,-,111813277,ΑΤΟΜΙΚΗ,ΑΤΤΙΚΗΣ,contact@arispasouris.gr,2110112697,http://www.arispasouris.gr,
120706001000,ADD MARKETING ΠΡΟΒΟΛΗ ΚΑΙ ΑΝΑΠΤΥΞΗ ΕΠΙΧΕΙΡΗΣΕΩΝ ΜΟΝΟΠΡΟΣΩΠΗ ΙΔΙΩΤΙΚΗ ΚΕΦΑΛΑΙΟΥΧΙΚΗ  ΕΤΑΙΡΕΙΑ,ADD MARKETING MON. IKE,800407822,ΙΚΕ,ΑΤΤΙΚΗΣ,office@petsalis-accountants.eu,2104511759,https://www.doctoranytime.gr/us/Financial.aspx,
121001601000,ALORE ΔΙΑΦΗΜΙΣΗ MARKETING ΕΠΙΧΕΙΡΕΙΝ ΜΟΝΟΠΡΟΣΩΠΗ ΕΤΑΙΡΕΙΑ ΠΕΡΙΟΡΙΣΜΕΝΗΣ ΕΥΘΥΝΗΣ,ALORE ΔΙΑΦΗΜΙΣΗ MARKETING ΕΠΙΧΕΙΡΕΙΝ Μ.Ε.Π.Ε.,800412463,ΕΠΕ,ΑΤΤΙΚΗΣ,Alexandros.Gotzos@nike.com,2130056218,,https://www.nike.com/ro/
121016501000,TRAVERSO ΓΥΜΝΑΣΤΗΡΙΑ ΜΟΝΟΠΡΟΣΩΠΗ ΕΤΑΙΡΕΙΑ ΠΕΡΙΟΡΙΣΜΕΝΗΣ ΕΥΘΥΝΗΣ,TRAVERSO,800412790,ΕΠΕ,ΑΤΤΙΚΗΣ,,2108040938,www.traverso.fid.gr,
121291942000,ΜΠΕΡΤΕΝΗ ΕΙΡΗΝΗ του ΠΑΝΑΓΙΩΤΗ,,137128290,ΑΤΟΜΙΚΗ,ΛΕΣΒΟΥ,info@rebrand.gr,2253023348,,https://www.rebrand.gr/
121471858000,ΣΤΑΜΑΤΑΚΗ ΕΛΕΝΗ ΤΟΥ ΑΝΤΩΝΙΟΥ,OLYMPIAN PANTHEON,131472758,ΑΤΟΜΙΚΗ,ΗΡΑΚΛΕΙΟΥ,elena@cookiesagency.gr,2811103189,,https://cookiesagency.gr/
121584306000,ΚΑΡΑΓΙΑΝΝΙΔΟΥ ΚΥΡΙΑΚΗ ΤΟΥ ΑΝΕΣΤΗ,ΤΟΜΑΤΟ,131120730,ΑΤΟΜΙΚΗ,ΘΕΣΣΑΛΟΝΙΚΗΣ,tomato@tomato-creative.com,2310488358,,https://tomato-creative.com/
121614103000,PARAGON ΜΟΝΟΠΡΟΣΩΠΗ ΙΚΕ,PARAGON MARKETING & MANAGEMENT,800421299,ΙΚΕ,ΑΤΤΙΚΗΣ,accounting@paragonmm.com,6945586264,,https://paragonmm.com/
121635801000,TWELVE DESIGN ΥΠΗΡΕΣΙΕΣ ΓΡΑΦΙΣΤΙΚΟΥ ΣΧΕΔΙΑΣΜΟΥ ΚΑΙ ΔΙΑΦΗΜΙΣΗΣ  ΜΟΝΟΠΡΟΣΩΠΗ ΕΤΑΙΡΕΙΑ ΠΕΡΙΟΡΙΣΜΕΝΗΣ ΕΥΘΥΝΗΣ,ΤWELVE DESIGN ΜΟΝ. ΕΠΕ ,800421994,ΕΠΕ,ΑΤΤΙΚΗΣ,mpl@mpl.gr,2107229231,,https://mpl.gr/
121734901000,ΕΤΑΙΡΕΙΑ ΕΜΠΟΡΙΚΗΣ ΥΠΟΣΤΗΡΙΞΗΣ ΚΑΙ ΥΠΗΡΕΣΙΩΝ ΠΡΟΩΘΗΣΗΣ ΑΠΟΘΗΚΕΥΣΗΣ ΚΑΙ ΔΙΑΝΟΜΩΝ ΑΝΩΝΥΜΗ ΕΤΑΙΡΕΙΑ,M.S.P.S. Α.Ε. (MARKET SUPPORT AND PROMOTION SERVICES A.E.),095602150,ΑΕ,ΑΤΤΙΚΗΣ,accounting@msps.net,2109604200,www.msps.eu,
121743238000,ΙΩΑΝΝΗΣ ΑΛΚΙΒΙΑΔΗ ΠΙΤΤΑΚΙΔΗΣ,,119206263,ΑΤΟΜΙΚΗ,ΚΥΚΛΑΔΩΝ,info@otherwise.gr,,,https://otherwise.gr/
121750401000,FCB ΓΝΩΜΗ ΔΙΑΦΗΜΙΣΤΙΚΗ ΑΝΩΝΥΜΗ ΕΜΠΟΡΙΚΗ ΕΤΑΙΡΕΙΑ,FCB ΓΝΩΜΗ,094114273,ΑΕ,ΑΤΤΙΚΗΣ,accounting@fcbgnomi.gr,2109626707,www.gnomidraftfcb.com,
121838801000,OPTIMUS COMMERCIAL TOOLS AND SOLUTIONS ΑΝΩΝΥΜΗ ΕΤΑΙΡΕΙΑ ΠΑΡΟΧΗΣ ΥΠΗΡΕΣΙΩΝ ΚΑΙ ΣΥΜΒΟΥΛΩΝ ΠΡΟΩΘΗΣΗΣ ΤΩΝ ΠΩΛΗΣΕΩΝ ΚΑΙ ΜΑΡΚΕΤΙΝΓΚ,OPTIMUS COMMERCIAL TOOLS AND SOLUTIONS A.E.,999612176,ΑΕ,ΑΤΤΙΚΗΣ,accounting@msps.net,2109604200,www.optimuscommunications.eu,
121934901000,MEDIA 4 ATHENS ΔΙΑΦΗΜΙΣΤΙΚΗ ΜΟΝΟΠΡΟΣΩΠΗ ΕΤΑΙΡΕΙΑ ΠΕΡΙΟΡΙΣΜΕΝΗΣ ΕΥΘΥΝΗΣ,MEDIA 4 ATHENS Μ.Ε.Π.Ε.,800427335,ΕΠΕ,ΑΤΤΙΚΗΣ,info@media4athens.gr,2106856770,,https://media4athens.gr/
121996503000,NIKO ADVERTISING ΑΝΩΝΥΜΗ ΔΙΑΦΗΜΙΣΤΙΚΗ ΕΤΑΙΡΕΙΑ,NIKO ADVERTISING ΑΕ,094428391,ΑΕ,ΑΤΤΙΚΗΣ,jimarko2003@yahoo.gr,2107259083,www.nikoadvertising.gr,
122048501000,ΣΙΝΕ ΝΙΟΥΖ ΑΝΩΝΥΜΗ ΕΤΑΙΡΕΙΑ - ΚΙΝΗΜΑΤΟΓΡΑΦΙΚΕΣ ΔΙΑΦΗΜΙΣΕΙΣ,ΣΙΝΕ ΝΙΟΥΖ Α.Ε.,095093664,ΑΕ,ΑΤΤΙΚΗΣ,a.kotzamihaloglou@cinenews.org.gr,2109601990,www.cinenews.org.gr,
122107902000,ΤΖΙΜΑ ΙΟΥΛΙΑ ΜΟΝ/ΠΗ ΕΠΕ,PRESS PHOTO PUBLICATION ΕΠΕ,095644190,ΕΠΕ,ΑΤΤΙΚΗΣ,logistirio@photo.gr,2108541400,www.pfoto.gr,
122420701000,Generation Network Ανώνυμη Διαφημιστική Εταιρεία,GEN NET,998920311,ΑΕ,ΑΤΤΙΚΗΣ,info@genet.gr,2109406808,,https://www.genet.gr/el/
122421403000,ΤΟΚΑ ΕΙΡΗΝΗ ΜΙΡΟΣΛΑΒΑ ΤΟΥ ΧΑΡΑΛΑΜΠΟΥ,,128695341,ΑΤΟΜΙΚΗ,ΑΤΤΙΚΗΣ,info@toca.gr,2107707715,,https://toca.gr/
122440701000,INCOLOR (IΝΚΟΛΟΡ) ΔΙΑΦΗΜΙΣΤΙΚΗ ΕΤΑΙΡΕΙΑ ΠΕΡΙΟΡΙΣΜΕΝΗΣ ΕΥΘΥΝΗΣ,INCOLOR Ε.Π.Ε.,997726100,ΕΠΕ,ΑΤΤΙΚΗΣ,incolor.ltd@gmail.com,2299040922,www.incolor-mepe.eu,
122442701000,WE ARE BRAVE ΜΟΝΟΠΡΟΣΩΠΗ ΙΔΙΩΤΙΚΗ ΚΕΦΑΛΑΙΟΥΧΙΚΗ ΕΤΑΙΡΕΙΑ,WE ARE BRAVE ΜΟΝΟΠΡΟΣΩΠΗ Ι.Κ.Ε.,800435403,ΙΚΕ,ΑΤΤΙΚΗΣ,logistirio@wearebrave.gr,2182189966,wearebrave.gr,
122500101000,ΑΘΗΝΑΪΚΟ ΚΕΝΤΡΟ ΕΠΙΚΟΙΝΩΝΙΩΝ ΚΑΙ ΠΛΗΡΟΦΟΡΙΚΗΣ ΑΝΩΝΥΜΗ ΕΤΑΙΡΕΙΑ,ΑΚΕΠ ΑΕ,095307289,ΑΕ,ΑΤΤΙΚΗΣ,info@akep.gr,2109499000,www.akep.gr,
122631601000,NOTE ΟΛΟΚΛΗΡΩΜΕΝΕΣ ΕΠΙΚΟΙΝΩΝΙΕΣ ΜΑΡΚΕΤΙΝΓΚ ΙΔΙΩΤΙΚΗ ΚΕΦΑΛΑΙΟΥΧΙΚΗ ΕΤΑΙΡΙΑ,NOTE Ι.Κ.Ε.,800439008,ΙΚΕ,ΑΤΤΙΚΗΣ,,6972695630,www.takenote.gr,
122691106000,ΜΟΡΑΚΗΣ ΠΕΤΡΟΣ ΤΟΥ ΣΤΕΦΑΝΟΥ,ANGELO & REDRO,131127766,ΑΤΟΜΙΚΗ,ΘΕΣΣΑΛΟΝΙΚΗΣ,petros@boxadvertising.gr,2310432111,,https://boxadvertising.gr/
122798003000,ΣΥΡΟΥΚΗΣ ΚΩΝΣΤΑΝΤΙΝΟΣ ΤΟΥ ΑΘΑΝΑΣΙΟΥ,,127592667,ΑΤΟΜΙΚΗ,ΑΤΤΙΚΗΣ,syroukis@artprojects.gr,2130073079,,https://artprojects.gr/
122872207000,Α. ΠΕΪΝΙΡΤΖΗΣ - Α. ΧΑΤΖΗΔΑΚΗ Ο.Ε.,,800443280,ΟΕ,ΑΤΤΙΚΗΣ,dimitris@prodigi.gr,2169000801,,https://prodigi.gr/
123121001000,STARTCOM ΕΤΑΙΡΕΙΑ ΕΠΙΚΟΙΝΩΝΙΑΣ ΚΑΙ ΔΙΑΦΗΜΙΣΗΣ ΠΕΡΙΟΡΙΣΜΕΝΗΣ ΕΥΘΥΝΗΣ,STARTCOM Ε.Π.Ε.,800448644,ΕΠΕ,ΑΤΤΙΚΗΣ,iraklis@citronio.gr,6977691362,,https://www.citronio.gr/
123229801000,ΜΕΤΡΟ ΔΙΑΦΗΜΙΣΤΙΚΗ ΑΝΩΝΥΜΟΣ ΕΤΑΙΡΕΙΑ,,094253353,ΑΕ,ΑΤΤΙΚΗΣ,metroadv@otenet.gr,2109658398,www.metro-advertising.gr,
123255301000,DPG DIGITAL MEDIA GROUP  ΜΟΝΟΠΡΟΣΩΠΗ ΑΝΩΝΥΜΗ ΕΤΑΙΡΕΙΑ,DPG DIGITAL MEDIA GROUP  ΜΑΕ,997669714,ΑΕ,ΑΤΤΙΚΗΣ,accounting@dpg.gr,2103503000,www.dpggroup.gr,
123375201000,CREACE ΑΝΩΝΥΜΗ ΕΤΑΙΡΕΙΑ ΔΙΑΦΗΜΙΣΕΙΣ - ΕΜΠΟΡΙΑ ΚΑΤΑΝΑΛΩΤΙΚΩΝ ΑΓΑΘΩΝ,CREACE Α.Ε.,800452829,ΑΕ,ΑΤΤΙΚΗΣ,petrou@creace.gr,2106100113,,https://www.creace.gr/
123623842000,ΓΙΩΡΓΟΣ ΠΑΠΑΝΑΓΙΩΤΟΥ & ΣΙΑ ΕΕ,THINKING,997816128,ΕΕ,ΑΤΤΙΚΗΣ,info@thinking.gr,2130249376,,https://thinking.gr/
123691601000,LEAD GENERATION ΥΠΗΡΕΣΙΕΣ ΠΛΗΡΟΦΟΡΙΚΗΣ ΚΑΙ ΔΙΑΔΙΚΤΥΟΥ ΑΝΩΝΥΜΗ ΕΤΑΙΡΕΙΑ,LEAD GENERATION Α.Ε.,997927596,ΑΕ,ΑΤΤΙΚΗΣ,kboudouris@taxiteasy.gr,2109658530,www.spitogatos.gr,
123739841000,ΞΕΝΙΚΑΚΗ Β. ΚΑΙ ΣΙΑ Ο.Ε.,PROMOTION ΔΙΑΦΗΜΙΣΤΙΚΗ,998792566,ΟΕ,ΛΑΣΙΘΙΟΥ,info@promotion-adv.gr,2843029399,http://www.promotion-adv.gr,
123751901000,ΕΛΛΗΝΙΚΗ ΔΙΑΤΡΟΦΗ ΚΑΤΑΣΤΗΜΑΤΑ ΑΝΩΝΥΜΟΣ ΕΤΑΙΡΕΙΑ,ΕΛΛΗΝΙΚΗ ΔΙΑΤΡΟΦΗ COOP ΕΠΙΛΟΓΗ Α.Ε.,997671003,ΑΕ,ΑΤΤΙΚΗΣ,info@elliniki-diatrofi.gr,2102139420,www.epilogicoop.gr,
123755306000,NEW THINK PROMOTION IKE,NEW THINK PROMOTION IKE,800460368,ΙΚΕ,ΘΕΣΣΑΛΟΝΙΚΗΣ,katsavos@newthink.gr,2310802340,,https://newthink.gr/
123807903000,ΚΑΤΕΡΙΝΗ  ΜΥΡΤΩ  ΤΟΥ ΓΕΩΡΓΙΟΥ,,135358720,ΑΤΟΜΙΚΗ,ΑΤΤΙΚΗΣ,info@meatnews.gr,2108210028,,https://meatnews.gr/
124070627000,ΤΣΑΚΙΡΕΛΗ ΕΛΕΝΗ ΤΟΥ ΔΗΜΗΤΡΙΟΥ,ΚΙΜΩΝ ΓΡΑΦΙΚΕΣ ΤΕΧΝΕΣ,029614620,ΑΤΟΜΙΚΗ,ΗΡΑΚΛΕΙΟΥ,info@kimon.gr,2810281772,,https://www.kimon.gr/
124301601000,ELAN PROPERTY DEVELOPMENT Α.Ε.,ELAN  Α.Ε.,997670239,ΑΕ,ΑΝΑΤΟΛΙΚΗΣ ΑΤΤΙΚΗΣ,nikospetrakos@yahoo.gr,2106016096,www.elan-sa.gr,
124460001000,«Black Cherry Ανώνυμη Εταιρεία Παροχής Υπηρεσιών Διαφήμισης και Ολικής Επικοινωνίας»,«Black Cherry Α.Ε.»,800475056,ΑΕ,ΑΤΤΙΚΗΣ,jenchr@BESPOKE-SGA.COM,2102885444,www.blackcherry.gr,
124467501000,AFFISAR OUTDOOR A.E. ΔΙΑΦΗΜΙΣΤΙΚΗ ΑΝΩΝΥΜΗ ΕΤΑΙΡΕΙΑ,AFFISAR Α.Ε.,998477554,ΑΕ,ΑΤΤΙΚΗΣ,,2102511991,www.afisaroutdoor.gr,
124505301000,NAG ΑΝΩΝΥΜΗ ΕΤΑΙΡΕΙΑ,NAG AE,800475695,ΑΕ,ΑΤΤΙΚΗΣ,boustras@nagmedia.gr,2103802064,,https://nagmedia.gr/
124663701000,RELEVANCE DIGITAL Ανώνυμη Εταιρεία Παροχής Υπηρεσιών Marketing και Ψηφιακού Μετασχηματισμού,RELEVANCE DIGITAL Α.Ε.,800478280,ΑΕ,ΑΤΤΙΚΗΣ,v_stergiopoulos@artion.gr,2106009062,http://www.relevancedigital.com,
124952201000,ENTRUST  Ο.Ε.,ENTRUST,800483959,ΟΕ,ΑΤΤΙΚΗΣ,info@entrustgroup.gr,2102843464,,https://www.entrustgroup.gr/
125026901000,ΓΩΓΟΣ ΜΟΝΟΠΡΟΣΩΠΗ ΙΔΙΩΤΙΚΗ ΚΕΦΑΛΑΙΟΥΧΙΚΗ ΕΤΑΙΡΕΙΑ,BRANDIT NEW ERA ΜΟΝ. ΙΚΕ,800485295,ΙΚΕ,ΑΤΤΙΚΗΣ,logistirio@brandit.gr,2103833392,,https://brandit.gr/el/
125083101000,MARKETING GREECE ΑΝΩΝΥΜΗ ΕΤΑΙΡΙΑ ΠΡΟΩΘΗΣΗΣ ΚΑΙ ΑΝΑΠΤΥΞΗΣ ΤΟΥ ΤΟΥΡΙΣΜΟΥ,MARKETING GREECE A.E.,800486464,ΑΕ,ΑΤΤΙΚΗΣ,info@marketinggreece.com,2103649080,www.marketinggreece.com,
125304730000,Toucan Advertising Ετερόρρυθμος Εταιρεία,Toucan Advertising Ε.Ε.,800489964,ΕΕ,ΚΑΒΑΛΑΣ,chronis@toucan-adv.gr,2513008400,,https://toucan-adv.gr/
125311103000,ΜΟΥΖΟΣ ΓΕΩΡΓΙΟΣ ΤΟΥ ΛΕΩΝΙΔΑ,TNT MEDIA,107175739,ΑΤΟΜΙΚΗ,ΑΤΤΙΚΗΣ,george@tntmedia.gr,2110170226,,https://tntmedia.gr/
125376401000,MASTERFOLD HELLAS ΜΟΝΟΠΡΟΣΩΠΗ ΕΤΑΙΡΕΙΑ ΠΕΡΙΟΡΙΣΜΕΝΗΣ ΕΥΘΥΝΗΣ,MASTERFOLD HELLAS ΜΕΠΕ,800491425,ΕΠΕ,ΑΤΤΙΚΗΣ,info@masterfold.gr,2117709200,,https://masterfold.gr/
125548440000,INNOVATIVE & OUTSOURCING SERVICES E.E,IN & OUT,800494060,ΕΕ,ΛΑΡΙΣΑΣ,info@in-n-out.gr,2410549215,,https://www.in-n-out.gr/
125568842000,ΣΑΜΙΩΤΗΣ ΜΙΧΑΗΛ του ΝΙΚΟΛΑΟΥ,K44 DESIGN STUDIO,132921081,ΑΤΟΜΙΚΗ,ΛΕΣΒΟΥ,michaelsam85@hotmail.com,2251027477,www.k44.gr,
125593301000,POLITIS GROUP ΜΟΝΟΠΡΟΣΩΠΗ ΙΔΙΩΤΙΚΗ ΚΕΦΑΛΑΙΟΥΧΙΚΗ ΕΤΑΙΡΕΙΑ,POLITIS GROUP Μ.Ι.Κ.Ε,800494869,ΙΚΕ,ΑΤΤΙΚΗΣ,pperivolaris@politisgroup.com,2102648300,https://politisoutofhome.com/el/,
125654501000,FLYBEE ΜΟΝΟΠΡΟΣΩΠΗ ΙΚΕ,FLYBEE,800496040,ΙΚΕ,ΑΤΤΙΚΗΣ,alikianagnostara@gmail.com,2109210320,www.flybee.gr,
125771203000,ΤΣΑΓΚΑΡΑΚΗΣ  ΧΡΗΣΤΟΣ  ΤΟΥ  ΚΩΝΣΤΑΝΤΙΝΟΥ,GOLDEN GROUP,116160816,ΑΤΟΜΙΚΗ,ΑΤΤΙΚΗΣ,info@goldenwebs.gr,2102202709,,https://goldenwebs.gr/
125893301000,Α. ΤΣΟΥΤΣΑΣ - Α. ΘΑΝΟΣ Ο.Ε.,BOB  STUDIO,800500045,ΟΕ,ΑΤΤΙΚΗΣ,andreas@bobstudio.gr,2109222001,,https://bobstudio.gr/
125999903000,Α.ΠΑΠΑΚΩΝΣΤΑΝΤΙΝΟΠΟΥΛΟΥ & ΣΙΑ ΕΕ,ACTIVE MEDIA,997887312,ΕΕ,ΑΤΤΙΚΗΣ,account@activemedia.gr,2109343020,,https://activemedia.com.gr/
126020844000,ΚΙΑΦΗΣ - ΓΚΟΥΜΑ Ο.Ε.,BRANDS LAB,800502259,ΟΕ,ΜΑΓΝΗΣΙΑΣ,panagiotis.kiafis@brandslab.gr,6978484603,https://www.brandslab.eu/,
126091601000,DIGITAL 4U ΑΝΩΝΥΜΗ ΕΤΑΙΡΕΙΑ ΠΑΡΟΧΗΣ ΥΠΗΡΕΣΙΩΝ ΔΙΑΔΙΚΤΥΟΥ ΠΛΗΡΟΦΟΡΙΚΗΣ ΚΑΙ  ΔΙΑΦΗΜΙΣΗΣ,DIGITAL 4U Α.Ε.,800503730,ΑΕ,ΑΤΤΙΚΗΣ,logistirio@digital4u.gr,2162021350,www.digital4u.gr,
126103403000,MOTORMEDIA KAI ΣΙΑ ΕΕ,MOTORMEDIA,800503650,ΕΕ,ΑΤΤΙΚΗΣ,logistirio@newsauto.gr,6937684349,,https://www.newsauto.gr/
126256501000,THE WORKROOM  ΙΔΙΩΤΙΚΗ ΚΕΦΑΛΑΙΟΥΧΙΚΗ ΕΤΑΙΡΕΙΑ,THE WORKROOM  Ι.Κ.Ε.,800505944,ΙΚΕ,ΑΤΤΙΚΗΣ,legal1@emron.gr,6937084705,http://emron.gr/isol/theworkroom,
126319001000,ΑΦΟΙ ΑΠΑΤΑΓΓΕΛΟΙ Ο.Ε.,KOMMIGRAPHICS,997461024,ΟΕ,ΑΤΤΙΚΗΣ,info@kommigraphics.com,2103239836,,https://kommigraphics.com/
126359203000,ΔΑΒΑΚΗΣ ΔΗΜΗΤΡΙΟΣ ΤΟΥ ΗΛΙΑ,,039495660,ΑΤΟΜΙΚΗ,ΑΤΤΙΚΗΣ,d.davakis@dekay.gr,2109820522,,https://dekay.gr/
126390707000,DIGITAD PC ΜΟΝΟΠΡΟΣΩΠΗ ΕΤΑΙΡΕΙΑ ΠΕΡΙΟΡΙΣΜΕΝΗΣ ΕΥΘΥΝΗΣ ΠΑΡΟΧΗΣ ΥΠΗΡΕΣΙΩΝ ΔΙΑΦΗΜΙΣΗΣ ΚΑΙ ΔΙΑΔΙΚΤΥΟΥ,DIGITAD PC ΕΠΕ,800508694,ΕΠΕ,ΑΤΤΙΚΗΣ,drakosioannis@hotmail.com,2104100985,www.digitad.net,
126749237000,ΜΑΡΓΑΡΙΤΑ ΒΑΓΓ ΠΑΓΟΥΝΗ,,126926127,ΑΤΟΜΙΚΗ,ΚΟΡΙΝΘΙΑΣ,info@designous.gr,2742021030,,https://designous.com.gr/
126857906000,ΔΑΔΙΟΣ Π. - ΓΕΩΡΓΑΣ Κ. ΚΑΙ ΣΙΑ ΕΕ,,800516880,ΕΕ,ΘΕΣΣΑΛΟΝΙΚΗΣ,info@dynamiki-promotion.gr,2310988131,,https://www.dianomi-fylladion.gr/
126872104000,ΤΡΟΠΟΣ Ι.Κ.Ε.,TROPOS BRANDING Ι.Κ.Ε.,800517052,ΙΚΕ,ΘΕΣΣΑΛΟΝΙΚΗΣ,tropos@tropos.gr,2310488915,www.tropos.gr,
126902901000,THE BRAND TEAM ΕΤΑΙΡΕΙΑ ΠΕΡΙΟΡΙΣΜΕΝΗΣ ΕΥΘΥΝΗΣ ΠΑΡΟΧΗΣ ΥΠΗΡΕΣΙΩΝ ΔΙΑΧΕΙΡΙΣΗΣ & ΓΡΑΦΙΚΟΥ ΣΧΕΔΙΑΣΜΟΥ ΕΤΑΙΡΙΚΩΝ ΚΑΙ ΠΡΟΪΟΝΤΙΚΩΝ ΤΑΥΤΟΤΗΤΩΝ,THE BRAND TEAM Ε.Π.Ε.,800517967,ΕΠΕ,ΑΤΤΙΚΗΣ,dimtatarakis@gmail.com,2106850104,www.thebrandteam.com,
126919402000,KOSMO - ΠΡΟΒΟΛΗ ΙΚΕ,KOSMO-PROVOLI IKE,800517899,ΙΚΕ,ΑΤΤΙΚΗΣ,info@kosmoprovoli.gr,2107755330,www.psi-calendars.gr,
127123101000,ΜΕΤΡΟΝΤΗΛ ΜΟΝΟΠΡΟΣΩΠΗ Ι.Κ.Ε,METROMEDIA,800521225,ΙΚΕ,ΑΤΤΙΚΗΣ,eleni@metromedia.gr,2108104100,www.metromme.gr,
127188703000,ΓΕΛΑΔΑΚΗΣ ΓΕΩΡΓΙΟΣ ΤΟΥ ΦΩΤΙΟΥ,MEANDYOU COMMUNICATION DESIGN,109821670,ΑΤΟΜΙΚΗ,ΑΤΤΙΚΗΣ,info@meandyou.gr,2114045580,,https://meandyou.gr/
127192801000,BEYOND GROUP ΜΟΝΟΠΡΟΣΩΠΗ ΙΔΙΩΤΙΚΗ ΚΕΦΑΛΑΙΟΥΧΙΚΗ ΕΤΑΙΡΕΙΑ,BEYOND GROUP P.C.,800522130,ΙΚΕ,ΔΩΔΕΚΑΝΗΣΟΥ,infoveke@gmail.com,6944623503,https://www.beyondgroup.gr/,
127799701000,ΑΡΓΩ PROMOTION ΔΙΑΦΗΜΙΣΤΙΚΗ ΙΚΕ,ΑΡΓΩ PROMOTION ΙΚΕ,800530719,ΙΚΕ,ΑΤΤΙΚΗΣ,nikospetrakos@yahoo.gr,2106891966,https://argoadvert.com/,
127837101000,MLA ΜΟΝΟΠΡΟΣΩΠΗ ΙΚΕ,,800531311,ΙΚΕ,ΑΤΤΙΚΗΣ,ilias@taxpreview.gr,2106833891,www.mla.com.gr,
127851601000,LINKWISE IKE,LINKWISE,800531556,ΙΚΕ,ΑΤΤΙΚΗΣ,a.danas@da-fs.gr,2102419595,https://linkwi.se/gr-el/?gclid=EAIaIQobChMIv9O-sf6-8AIVl-5RCh3aqg9AEAAYASAAEgKxqvD_BwE,
128105709000,ΠΑΝΑΓΙΩΤΗΣ ΓΙΟΥΛΑΚΟΣ -ΚΑΛΛΙΟΠΗ ΚΟΥΜΑΝΙΩΤΗ Ι.Κ.Ε,FARG,800534687,ΙΚΕ,ΑΤΤΙΚΗΣ,p_gioulakos@hotmail.com,2104125350,www.wedesignyour.biz,
128123308000,ΤΣΙΑΝΙΚΑΣ ΛΕΩΝΙΔΑΣ-ΤΣΙΑΝΙΚΑΣ ΧΡΙΣΤΟΦΟΡΟΣ Ο.Ε,xlg,800534952,ΟΕ,ΑΤΤΙΚΗΣ,l.tsianikas@xlg.gr,2109430219,,https://www.xlg.gr/
128156306000,ΚΑΛΑΪΤΖΗΣ ΜΟΝΟΠΡΟΣΩΠΗ ΙΚΕ,,800535487,ΙΚΕ,ΘΕΣΣΑΛΟΝΙΚΗΣ,,2310249872,www.metaforikikalaitzis.gr,
128200301000,Fifty Four Μονοπρόσωπη Ανώνυμη Εταιρεία Διαφήμισης και Επικοινωνίας,Fifty Four Single Member S.A.,800536423,ΑΕ,ΑΤΤΙΚΗΣ,irini.stathatou@ogilvy.com,2106660000,www.fiftyfour-ae.gr,
128228708000,WITHINK ΜΟΝΟΠΡΟΣΩΠΗ Ι.Κ.Ε.,WITHINK,800536515,ΙΚΕ,ΑΤΤΙΚΗΣ,info@with-ink.com,2106459088,,https://with-ink.com/
128229021000,ΜΠΟΥΖΑ ΠΑΝΑΓΙΩΤΑ TOY ΣΤΥΛΙΑΝΟΥ,,101129460,ΑΤΟΜΙΚΗ,ΑΤΤΙΚΗΣ,elafi_18@yahoo.gr,2106892714,www.paixnidaki.com,
128237601000,BREAK ΟΛΟΚΛΗΡΩΜΕΝΕΣ ΥΠΗΡΕΣΙΕΣ ΕΠΙΚΟΙΝΩΝΙΑΣ ΕΤΑΙΡΕΙΑ ΠΕΡΙΟΡΙΣΜΕΝΗΣ ΕΥΘΥΝΗΣ,BREAK ΕΠΕ,800537099,ΕΠΕ,ΑΤΤΙΚΗΣ,p.kostoglou@clevercare.gr,2106888812,www.breakfast.gr,
128351201000,TOUCHPOINT STRATEGIES ΑΝΩΝΥΜΗ ΕΤΑΡΕΙΑ ΔΙΑΦΗΜΙΣΗΣ ΚΑΙ ΕΠΙΚΟΙΝΩΝΙΑΣ,TOUCHPOINT STRATEGIES A.E,997476756,ΑΕ,ΑΤΤΙΚΗΣ,info@touchpoint.gr,2106660016,http://www.touchpointstrategies.gr/,
128819401000,CREATIVE CODE ΔΙΑΦΗΜΙΣΤΙΚΗ & ΕΜΠΟΡΙΚΗ ΜΟΝΟΠΡΟΣΩΠΗ ΕΤΑΙΡΕΙΑ ΠΕΡΙΟΡΙΣΜΕΝΗΣ ΕΥΘΥΝΗΣ,CREATIVE CODE Μ. ΕΠΕ,997507080,ΕΠΕ,ΑΤΤΙΚΗΣ,info@dmtaxmanager.gr,2107244762,www.mediacode.gr,
128995201000,ΑΘΑΝΑΣΙΟΣ ΦΕΛΟΥΚΑΣ ΠΕΡΙΟΔΙΚΟ ΜΟΤΟ ΕΤΕΡΟΡΡΥΘΜΗ ΕΤΑΙΡΕΙΑ,ΕΝΤΥΠΑ ΜΟΤΟ Ε.Ε.,800553002,ΕΕ,ΑΤΤΙΚΗΣ,logistirio@motomag.gr,2102580809,www.motomag.gr,
129142606000,AΙΚΑΤΕΡΙΝΗ ΜΠΟΓΙΑΤΖΗ ΚΑΙ ΣΙΑ ΕΕ,THEMA ADV,800555517,ΕΕ,ΘΕΣΣΑΛΟΝΙΚΗΣ,katerina@thema-adv.gr,2310325950,,https://thema-adv.gr/
129461538000,ΓΕΩΡΓΙΟΣ ΠΕΤΡΟΥ ΜΙΧΑΗΛ,ABSOLUT CONCEPT,070401415,ΑΤΟΜΙΚΗ,ΚΥΚΛΑΔΩΝ,info@absolutconcept.gr,6977481195,,https://absolutconcept.gr/
129480808000,PHOCUS ΔΙΑΦΗΜΙΣΤΙΚΕΣ-ΕΜΠΟΡΙΚΕΣ ΥΠΗΡΕΣΙΕΣ ΜΟΝΟΠΡΟΣΩΠΗ ΙΔΙΩΤΙΚΗ ΚΕΦΑΛΑΙΟΥΧΙΚΗ ΕΤΑΙΡΕΙΑ,PHOCUS ΜΟΝΟΠΡΟΣΩΠΗ Ι.Κ.Ε.,800562521,ΙΚΕ,ΑΤΤΙΚΗΣ,panmoulos@gmail.com,2104220294,www.phocus.gr,
129628127000,ΚΟΡΑΚΑΣ ΑΝΔΡΕΑΣ Ε.Ε.,BAKED ADVERTISING,800565627,ΕΕ,ΗΡΑΚΛΕΙΟΥ,andreas@bakedads.gr,2810282772,,https://www.bakedads.gr/
129709803000,Γ. ΜΠΑΟΥΡΔΑΣ Μ. Ι.Κ.Ε.,TROUT,800567356,ΙΚΕ,ΑΤΤΙΚΗΣ,contact@trout.gr,6944186825,,https://trout.gr/
129741001000,PLUS EUROPE ΜΟΝΟΠΡΟΣΩΠΗ ΙΚΕ,PLUS EUROPE ΜΟΝΟΠΡΟΣΩΠΗ ΙΚΕ,800567960,ΙΚΕ,ΑΤΤΙΚΗΣ,mkaliorakis@pluscom.eu,2102286688,,https://pluscom.eu/
129788001000,R2 DIGITAL IKE,R2 DIGITAL,800568918,ΙΚΕ,ΑΤΤΙΚΗΣ,ka@r2digital.gr,2109230303,,https://r2digital.gr/
129846501000,BETMEDIA ΕΚΔΟΤΙΚΗ ΜΟΝΟΠΡΟΣΩΠΗ Ι.Κ.Ε.,BETMEDIA SINGLE MEMBER P.C.,800569990,ΙΚΕ,ΑΤΤΙΚΗΣ,kk080855@otenet.gr,2106910240,www.betmedia.gr,
130062203000,SINC DESIGN EE,SINC,800573953,ΕΕ,ΑΤΤΙΚΗΣ,eg@sinc.gr,2130419007,,https://www.sinc.gr/
130078419000,ΚΡΑΛΛΗ ΚΩΝΣΤΑΝΤΙΝΑ ΤΟΥ ΙΩΑΝΝΗ,ΠΡΟΒΟΛΗ,156549156,ΑΤΟΜΙΚΗ,ΔΡΑΜΑΣ,info@provoli.eu,2521046959,,https://www.provoli.eu/
130179527000,VISUAL CREATIVITY PROJECTS E.E.,CODEPLUS - STIGMA  PROJECTS,800575657,ΕΕ,ΗΡΑΚΛΕΙΟΥ,lamprou@codeplus.gr,2810360263,,https://codeplus.gr/
130239201000,ΓΙΑΛΛΟΥ ΙΔΙΩΤΙΚΗ ΚΕΦΑΛΑΙΟΥΧΙΚΗ ΕΤΑΙΡΕΙΑ,ΓΙΑΛΛΟΥ Ι.Κ.Ε.,800576482,ΙΚΕ,ΑΤΤΙΚΗΣ,petrou.evita@gmail.com,2106838102,www.yallou.com,
130958527000,ΚΟΚΑΛΗ ΣΤΥΛΙΑΝΗ-ΜΑΡΙΑ ΤΟΥ ΝΙΚΟΛΑΟΥ,ARTIVITY ΖΟΝΕ,037127983,ΑΤΟΜΙΚΗ,ΗΡΑΚΛΕΙΟΥ,liana@artivityzone.gr,2810289343,,https://artivityzone.gr/gr
131516209000,BUTTON P.C.,BUTTON,800599839,ΙΚΕ,ΑΤΤΙΚΗΣ,kostas@button.com.gr,2104974778,http://button.com.gr/,
131734201000,U MEDIA ΕΞΕΙΔΙΚΕΥΜΕΝΕΣ ΔΙΑΦΗΜΙΣΤΙΚΕΣ ΥΠΗΡΕΣΙΕΣ Ι.Κ.Ε.,U MEDIA,800604020,ΙΚΕ,ΑΤΤΙΚΗΣ,PANOSKo@UMEDIA.GR,2106897487,http://www.umedia.gr,
131813506000,ΑΡΤΛΟΥΞ ΝΤΙΖΑΙΝ  Ι.Κ.Ε. ,ΑΡΤΛΟΥΞ Ι.Κ.Ε. ,800605445,ΙΚΕ,ΘΕΣΣΑΛΟΝΙΚΗΣ,mytettix@gmail.com,2310245731,https://www.artlux.gr,
131858402000,ΤΣΙΝΑΡΟΓΛΟΥ ΕΛΕΥΘΕΡΙΟΣ ΤΟΥ ΣΤΥΛΙΑΝΟΥ,,061684529,ΑΤΟΜΙΚΗ,ΑΤΤΙΚΗΣ,info@tsinaroglou.gr,2106755362,,https://tsinaroglou.gr/
131864006000,SEMIOTIK DESIGN ΜΟΝΟΠΡΟΣΩΠΗ Ι.Κ.Ε.,,800606546,ΙΚΕ,ΑΤΤΙΚΗΣ,studio@semiotikdesign.com,2108848077,http://semiotik.co,
131917809000,Π. ΞΕΣΤΕΡΝΟΣ ΜΟΝΟΠΡΟΣΩΠΗ ΙΔΙΩΤΙΚΗ ΚΕΦΑΛΑΙΟΥΧΙΚΗ ΕΤΑΙΡΙΑ,,800607623,ΙΚΕ,ΑΤΤΙΚΗΣ,panosxesternos@gmail.com,2292028006,http://www.xesternos.eu,
132399201000,"ΑΓΟΡΑ ΥΠΗΡΕΣΙΕΣ MERCHANDISING ΜΟΝΟΠΡΟΣΩΠΗ ΕΤΑΙΡΕΙΑ ΠΕΡΙΟΡΙΣΜΕΝΗΣ ΕΥΘΥΝΗΣ""",ΑΓΟΡΑ  MERCHANDISING Μ. ΕΠΕ,800618096,ΕΠΕ,ΑΤΤΙΚΗΣ,info@agorapromotions.gr,2106142140,,https://www.agorapromotions.gr/
132503501000,ΚΑΠΑ ΛΑΜΔΑ ΩΜΕΓΑ ΔΙΑΦΗΜΙΣΤΙΚΗ ΕΜΠΟΡΙΚΗ ΜΟΝΟΠΡΟΣΩΠΗ ΕΤΑΙΡΕΙΑ ΠΕΡΙΟΡΙΣΜΕΝΗΣ ΕΥΘΥΝΗΣ,«ALOE di CRETA»,800619900,ΕΠΕ,ΑΤΤΙΚΗΣ,log@klw.gr,2105791092,www.klw.gr,
132504701000,ΑΛΦΑ PRODUCTION ΕΜΠΟΡΙΚΗ ΜΟΝΟΠΡΟΣΩΠΗ ΕΤΑΙΡΕΙΑ ΠΕΡΙΟΡΙΣΜΕΝΗΣ ΕΥΘΥΝΗΣ,ΑΛΦΑ PRODUCTION ΕΜΠΌΡΙΚΗ Μ.Ε.Π.Ε.,800619923,ΕΠΕ,ΑΤΤΙΚΗΣ,log@alphaproduction.gr,2103458839,www.a-news.gr,
132589701000,MIGA ΕΤΑΙΡΕΙΑ ΠΕΡΙΟΡΙΣΜΕΝΗΣ ΕΥΘΥΝΗΣ,MIGA ΕΠΕ,800621494,ΕΠΕ,ΑΤΤΙΚΗΣ,info@taxplus.gr,2109607532,www.miga.com.gr,
132663201000,CICERO ΜΟΝΟΠΡΟΣΩΠΗ ΑΝΩΝΥΜΗ ΕΤΑΙΡΕΙΑ ΠΑΡΟΧΗΣ ΔΙΑΦΗΜΙΣΤΙΚΩΝ ΚΑΙ ΣΥΜΒΟΥΛΕΥΤΙΚΩΝ ΥΠΗΡΕΣΙΩΝ ,CICERO ΔΙΑΦΗΜΙΣΤΙΚΗ ΜΟΝΟΠΡΟΣΩΠΗ Α.Ε.,800622903,ΑΕ,ΑΤΤΙΚΗΣ,info@thecicero.gr,2106745959,,https://thecicero.gr/
132783306000,offersaroundME P.C.,,800625432,ΙΚΕ,ΘΕΣΣΑΛΟΝΙΚΗΣ,CHASAPIS@KEBE-SA.GR,2310474100,https://offersaroundme.eu,
132994506000,BLIND STUDIO ΙΔΙΩΤΙΚΗ ΚΕΦΑΛΑΙΟΥΧΙΚΗ ΕΤΑΙΡΙΑ,BLIND STUDIO,800630116,ΙΚΕ,ΘΕΣΣΑΛΟΝΙΚΗΣ,info@blindstudio.gr,2310515206,https://blindstudio.gr/,
133139701000,WARATAH COSMETICS MARKETING  ΜΟΝΟΠΡΟΣΩΠΗ Ι.Κ.Ε,WARATAH COSMETICS MARKETING S.M.P.C.,800632736,ΙΚΕ,ΑΤΤΙΚΗΣ,napoleon.perdis@number19.eu,2103387060,http://www.waratahmarketing.com,
133234006000,ΤΟΜΠΡΗ ΜΑΡΙΑ - ΧΡΙΣΤΙΝΑ ΤΟΥ  ΝΙΚΟΛΑΟΥ,KAROTTO,056949401,ΑΤΟΜΙΚΗ,ΘΕΣΣΑΛΟΝΙΚΗΣ,karotto@karotto.gr,2310989877,,https://karotto.gr/
133491001000,ΙΩΣΗΦ ΑΛΕΞΑΝΔΡΑΚΗΣ  ΜΟΝΟΠΡΟΣΩΠΗ ΙΔΙΩΤΙΚΗ ΚΕΦΑΛΑΙΟΥΧΙΚΗ ΕΤΑΙΡΕΙΑ,CREATIVEATWORK,800638950,ΙΚΕ,ΑΤΤΙΚΗΣ,sifis.alexandrakis@gmail.com,2117500211,www.creativeatwork.gr,
133544301000,ΓΡΗΓΟΡΗΣ ΧΑΡΜΑΝΗΣ & ΣΙΑ Ε.Ε.,,800640146,ΕΕ,ΑΤΤΙΚΗΣ,accounting@harmanis.gr,2118000720,,https://www.harmanis.gr/el/
133652828000,ΘΕΟΔΩΡΟΥ ΣΠΥΡΙΔΩΝ ΤΟΥ ΕΚΤΟΡΑ,Plus+ΔΙΑΦΗΜΙΣΤΙΚΗ,108000163,ΑΤΟΜΙΚΗ,ΘΕΣΠΡΩΤΙΑΣ,info@plus.com.gr,2665027515,,https://www.plus.com.gr/
134161754000,Α. ΓΑΡΔΙΚΗΣ Ι.Κ.Ε.,,800651726,ΙΚΕ,ΦΘΙΩΤΙΔΑΣ,thangard@hotmail.gr,2231046784,www.gardike.gr,
134187206000,ΒΙΤΩΡΗΣ ΚΩΝΣΤΑΝΤΙΝΟΣ ΤΟΥ ΒΛΑΣΙΟΥ,COLAZ CREATIVE SOLUTIONS,112643141,ΑΤΟΜΙΚΗ,ΘΕΣΣΑΛΟΝΙΚΗΣ,info@colaz.gr,2311289485,,https://colaz.gr/
134189601000,BIRDIE ΜΟΝΟΠΡΟΣΩΠΗ ΕΤΑΙΡΕΙΑ ΠΕΡΙΟΡΙΣΜΕΝΗΣ ΕΥΘΥΝΗΣ,BIRDIE Μ.Ε.Π.Ε.,800652317,ΕΠΕ,ΑΤΤΙΚΗΣ,info@birdie.gr,2102774441,,https://birdie.gr/
134518406000,ΜΑΝΙΟY ΔΙΑΦΗΜΙΣΤΙΚΕΣ ΥΠΗΡΕΣΙΕΣ – ΥΠΗΡΕΣΙΕΣ ΔΙΑΔΙΚΤΥΟΥ  ΜΟΝΟΠΡΟΣΩΠΗ ΙΔΙΩΤΙΚΗ ΚΕΦΑΛΑΙΟΥΧΙΚΗ ΕΤΑΙΡEΙΑ,MANIOU ADVERTISING SINGLE MEMBER PRIVATE COMPANY,800658402,ΙΚΕ,ΘΕΣΣΑΛΟΝΙΚΗΣ,info@pk-logistes.gr,2311209157,www.diafimistikagrafeia.gr,
134632001000,ENVIRAL  ΙΔΙΩΤΙΚΗ ΚΕΦΑΛΑΙΟΥΧΙΚΗ ΕΤΑΙΡΕΙΑ,ENVIRAL Ι.Κ.Ε.,800660723,ΙΚΕ,ΑΤΤΙΚΗΣ,enviralprivatecompany@gmail.com,2102446787,www.k-kike.com,
134640640000,ΧΕΛΙΔΩΝΗΣ ΑΝΑΣΤΑΣΙΟΣ ΤΟΥ ΚΩΝ/ΝΟΥ,,050839028,ΑΤΟΜΙΚΗ,ΛΑΡΙΣΑΣ,info@direct-prom.com,2410555690,,https://www.direct-prom.gr/el/
134724501000,DAS MEDIA ΕΤΑΙΡΕΙΑ ΠΕΡΙΟΡΙΣΜΕΝΗΣ ΕΥΘΥΝΗΣ,DAS MEDIA Ε.Π.Ε.,800662765,ΕΠΕ,ΑΤΤΙΚΗΣ,smalandrinos@allthatweb.gr,2103451556,,https://allthatweb.gr/
134785103000,ΜΟΡΦΟΝΙΟΥ ΑΝΝΑ-ΜΑΡΙΑ ΤΟΥ ΠΕΤΡΟΥ,,135487947,ΑΤΟΜΙΚΗ,ΑΤΤΙΚΗΣ,hello@annamariamorfoniou.com,2107244004,,https://www.annamariamorfoniou.com/
134937806000,ΓΚΡΑΦ ΟΥΑΝ GRAPH ONE ΔΙΑΦΗΜΙΣΤΙΚΗ ΑΝΑΠΤΥΞΗ ΜΟΝΟΠΡΟΣΩΠΗ Ι.Κ.Ε.,GRAPH ONE ΔΙΑΦΗΜΙΣΤΙΚΗ ΑΝΑΠΤΥΞΗ,800667411,ΙΚΕ,ΘΕΣΣΑΛΟΝΙΚΗΣ,graphone.gr@gmail.com,2310789030,http://www.graphone.gr,
135013703000,SOCIAL MEDIA TEAM PC,SOCIAL MT PC,800669324,ΙΚΕ,ΑΤΤΙΚΗΣ,,6972824555,www.socialmediateam.gr,
135014501000,REPUTATION UNIQUE ΙΔΙΩΤΙΚΗ ΚΕΦΑΛΑΙΟΥΧΙΚΗ ΕΤΑΙΡΙΑ ΠΑΡΟΧΗΣ ΥΠΗΡΕΣΙΩΝ ΕΠΙΚΟΙΝΩΝΙΑΣ,REPUTATION UNIQUE,800669348,ΙΚΕ,ΑΤΤΙΚΗΣ,katseris@r-u.gr,2155605207,www.r-u.gr,
135295003000,GOOD WORK TEAM PRIVATE COMPANY,GWT,800674868,ΙΚΕ,ΑΤΤΙΚΗΣ,limnios@gwt.gr,2167003287,,https://gwt.gr/
135302101000,ROOFTOP P.C.,ROOFTOP,800674973,ΙΚΕ,ΑΤΤΙΚΗΣ,info@dmtaxmanager.gr,2107797053,www.roof-top.gr,
135326620000,F-COOPERATION ΜΟΝΟΠΡΟΣΩΠΗ ΙΔΙΩΤΙΚΗ ΚΕΦΑΛΑΙΟΥΧΙΚΗ ΕΤΑΙΡΕΙΑ,F-COOPERATION ΜΟΝ. I.K.E.,800675496,ΙΚΕ,ΔΩΔΕΚΑΝΗΣΟΥ,nena050881@hotmail.com,2241003091,http://www.f-cooperation.com/,
135753506000,ADMINE 3.0 ΑΝΩΝΥΜΗ ΕΤΑΙΡΕΙΑ ΕΠΙΚΟΙΝΩΝΙΑΣ,ADMINE 3.0 ΑΕ,800675091,ΑΕ,ΘΕΣΣΑΛΟΝΙΚΗΣ,marias@admine.eu,2311292929,,https://www.admine.eu/
135872103000,ΦΩΤΟΠΟΥΛΟΣ ΚΩΝΣΤΑΝΤΙΝΟΣ ΤΟΥ ΗΛΙΑ,,144558360,ΑΤΟΜΙΚΗ,ΑΤΤΙΚΗΣ,kfotopoulos@franky.gr,2102693897,,https://www.franky.gr/
136497402000,ΖΕΡΒΟΣ ΠΑΝΑΓΙΩΤΗΣ ΤΟΥ ΣΕΡΑΦΕΙΜ,STUDIO CLIP,040364348,ΑΤΟΜΙΚΗ,ΑΤΤΙΚΗΣ,info@studioclip.gr,2109961342,,https://studioclip.gr/
136552601000,HAVAS ENGAGE ΔΙΑΦΗΜΙΣΤΙΚΗ ΜΟΝΟΠΡΟΣΩΠΗ ΕΤΑΙΡΙΑ ΠΕΡΙΟΡΙΣΜΕΝΗΣ ΕΥΘΥΝΗΣ,HAVAS ENGAGE Μ.Ε.Π.Ε.,800689372,ΕΠΕ,ΑΤΤΙΚΗΣ,log@solidhavas.gr,2108172100,,https://www.solidhavas.gr/
136647801000,MINDSETS Ι.Κ.Ε.,MINDSETS,800691318,ΙΚΕ,ΑΤΤΙΚΗΣ,logistirio@mindtrap.com.gr,2106840922,https://www.mindhunter.gr,
137235201000,KEVIN & MARSHALL ΥΠΗΡΕΣΙΕΣ ΚΑΙ ΠΝΕΥΜΑΤΙΚΑ ΠΡΟΙΟΝΤΑ ΕΠΙΚΟΙΝΩΝΙΑΣ ΜΟΝΟΠΡΟΣΩΠΗ ΙΚΕ,KEVIN & MARSHALL / DARTCOM SINGLE MEMBER PC,800700958,ΙΚΕ,ΑΤΤΙΚΗΣ,ioanna.kouro@actnet.gr,2105236704,www.kmathens.com,
137276701000,MS SOCIAL ΔΙΑΦΗΜΙΣΤΙΚΕΣ ΚΑΙ ΕΜΠΟΡΙΚΕΣ ΥΠΗΡΕΣΙΕΣ ΜΟΝΟΠΡΟΣΩΠΗ ΙΔΙΩΤΙΚΗ ΚΕΦΑΛΑΙΟΥΧΙΚΗ ΕΤΑΙΡΕΙΑ,M.S. SOCIAL,800701457,ΙΚΕ,ΑΤΤΙΚΗΣ,info@dgtl.guru,6944909247,https://www.dgtl.guru/,
137552401000,DGE CAPITAL FUN ΣΥΜΜΕΤΟΧΩΝ ΙΚΕ,DGE CAPITAL FUN IKE,800705296,ΙΚΕ,ΑΤΤΙΚΗΣ,dgecapitalfun@gmail.com,2106856770,http://dgecapitalfun.eu/,
137623503000,VCA Ι.Κ.Ε.,VCA ΙΚΕ,800706809,ΙΚΕ,ΑΤΤΙΚΗΣ,accounting@sbctv.gr,2112700700,www.mediasbc.eu,
137623601000,ADRIGHT ΙΔΙΩΤΙΚΗ ΚΕΦΑΛΑΙΟΥΧΙΚΗ ΕΤΑΙΡΕΙΑ,ADRIGHT,800706822,ΙΚΕ,ΑΤΤΙΚΗΣ,finance@adright.gr,2108946469,,http://www.adright.gr/
137680901000,MAΞ ΙΝΤΕΡΝΑΣΙΟΝΑΛ ΚΟΡΠΟΡΕΪΣΟΝ ΔΙΑΦΗΜΙΣΤΙΚΗ ΚΑΙ ΕΜΠΟΡΙΚΗ ΑΝΩΝΥΜΗ ΕΤΑΙΡΙΑ,MAX INTERNATIONAL A.E.,800708354,ΑΕ,ΑΤΤΙΚΗΣ,accounting@maxmediagreece.com,2152150780,,https://maxmediagreece.com/
137718601000,PURPLE TRAVEL ΜΟΝΟΠΡΟΣΩΠΗ ΙΔΙΩΤΙΚΗ ΚΕΦΑΛΑΙΟΥΧΙΚΗ ΕΤΑΙΡΙΑ,PURPLE TRAVEL,800709129,ΙΚΕ,ΑΤΤΙΚΗΣ,,6941412719,https://purple-travel.webnode.gr,
137744006000,ΔΕΡΕΤΖΗ ΘΕΟΔΩΡΑ ΤΟΥ ΠΑΝΑΓΙΩΤΗ,,023415484,ΑΤΟΜΙΚΗ,ΘΕΣΣΑΛΟΝΙΚΗΣ,info@perfectadv.gr,2310588500,,https://perfectadv.gr/
137943201000,NOYZIT ΜΟΝΟΠΡΟΣΩΠΗ ΙΔΙΩΤΙΚΗ ΚΕΦΑΛΑΙΟΥΧΙΚΗ ΕΤΑΙΡΕΙΑ,NOOSEIT,800713689,ΙΚΕ,ΑΤΤΙΚΗΣ,stamatoudis.ioannis@gmail.com,2112120506,http://www.nooseit.com,
138080602000,3DG-GRAFISTES.GR ΕΕ,3DG-GRAFISTES.GR,800715911,ΕΕ,ΑΤΤΙΚΗΣ,sales@grafistes.gr,2102851570,https://grafistes.gr,
138284038000,TRADE VESSEL  Ι.Κ.Ε.,TRADE VESSEL  Ι.Κ.Ε.,800720400,ΙΚΕ,ΚΥΚΛΑΔΩΝ,ggeorgiou@kg-logistica.gr,2105014199,www.francosbar.gr,
138347203000,ELECTRON SHOP SINGLE MEMBER PRIVATE COMPANY,ELECTRON ΜΟΝ. ΙΚΕ,800721512,ΙΚΕ,ΑΤΤΙΚΗΣ,m_milonakis@hotmail.com,2130233380,https://www.electronshopike.eu/,
138383601000,Κ 2 Κ Ι.Κ.Ε.,Κ2 Κ,800722336,ΙΚΕ,ΑΤΤΙΚΗΣ,v.kikilias@k2k.gr,2106817640,WWW.K2K.GR,
138460103000,ΜΑΡΑΓΚΟΥΔΑΚΗ ΣΟΦΙΑ ΤΟΥ ΔΗΜΗΤΡΙΟΥ,M PRESS SOLUTIONS,036742226,ΑΤΟΜΙΚΗ,ΑΤΤΙΚΗΣ,info@mpress.gr,2107646234,,https://mpress.gr/
138553904000,ΖΑΜΠΟΥΡΙΔΗΣ ΔΗΜΗΤΡΙΟΣ ΑΡΙΣΤΕΙΔΗ,,066972842,ΑΤΟΜΙΚΗ,ΘΕΣΣΑΛΟΝΙΚΗΣ,dimitris@twistedsquare.gr,2310028297,,https://twistedsquare.gr/
138579704000,AD OPERATION EXPERTS ΜΟΝΟΠΡΟΣΩΠΗ  IKE,ΑDΟPS  ΜΟΝ. IKE,800726821,ΙΚΕ,ΑΘΗΝΩΝ,galinos@adops.gr,2107243813,http://www.adops.gr,
138614801000,ADYSSEUM ATHENS ΙΔΙΩΤΙΚΗ ΚΕΦΑΛΑΙΟΥΧΙΚΗ ΕΤΑΙΡΕΙΑ,ADYSSEUM ATHENS,800727565,ΙΚΕ,ΑΤΤΙΚΗΣ,agavalas@adysseum.com,6977092666,http://www.adysseum.com/,
138797201000,Nutmeg Μονοπρόσωπη Ιδιωτική Κεφαλαιουχική Εταιρία,VALUE.COM,800732409,ΙΚΕ,ΑΤΤΙΚΗΣ,manolis_katsapis@valuecom.gr,2103252103,,https://valuecom.gr/
138847603000,FIFTYEGGZ COMMUNICATIONS ΕΕ,FIFTYEGGZ,800734452,ΕΕ,ΑΤΤΙΚΗΣ,mike@fiftyeggz.gr,2103469007,,https://fiftyeggz.gr/
139005803000,SMM GROUP ΜΟΝΟΠΡΟΣΩΠΗ ΙΚΕ,SMM GROUP,800737301,ΙΚΕ,ΑΤΤΙΚΗΣ,man-i@otenet.gr,2106032553,http://www.smmgroup.gr/,
139029129000,ΙΝΤΕΡΔΙΑΦΗΜΙΣΤΙΚΗ - ΕΚΔΟΤΙΚΗ Ι.Κ.Ε.,ADASTRA,800737915,ΙΚΕ,ΙΩΑΝΝΙΝΩΝ,,6983032963,https://www.epirusnews.eu/,
139272708000,C.N.C. TECHNOLOGIES ΙΚΕ ΜΟΝΟΠΡΟΣΩΠΗ ΙΔΙΩΤΙΚΗ ΚΕΦΑΛΑΙΟΥΧΙΚΗ ΕΤΑΙΡΕΙΑ,CNCTECH M.I.K.E.,800743577,ΙΚΕ,ΑΤΤΙΚΗΣ,xamilakisacc@yahoo.gr,2109313611,www.cnctech.gr,
139302803000,FIVE ATHENS ΜΟΝΟΠΡΟΣΩΠΗ ΙΚΕ,,800744261,ΙΚΕ,ΑΤΤΙΚΗΣ,info@fiveathens.gr,6977915143,https://fiveathens.gr,
139304504000,SALES SOLUTIONS ΙΔΩΤΙΚΗ ΚΕΦΑΛΑΙΟΥΧΙΚΗ ΕΤΑΙΡΙΑ ΠΑΡΟΧΗΣ ΔΙΑΦΗΜΙΣΤΙΚΩΝ ΥΠΗΡΕΣΙΩΝ,"SALES SOLUTIONS I.K.E.,SUCCESS LINE",800744341,ΙΚΕ,ΘΕΣΣΑΛΟΝΙΚΗΣ,gtertsis@success-line.gr,2310427852,,https://success-line.gr/
139400401000,JOB ADVERTISING ΜΟΝΟΠΡΟΣΩΠΗ Ι.Κ.Ε.,JOB ADVERTΙSING,800746832,ΙΚΕ,ΑΤΤΙΚΗΣ,yg@jobathens.gr,2108055517,,https://vimeo.com/jobathens
139426103000,ΜΠΡΑΝΗΣ Π - ΕΥΣΤΡΑΤΙΟΥ Α Ο.Ε.,PING DESIGN,800747552,ΟΕ,ΑΤΤΙΚΗΣ,mail@pingdesign.gr,2102531662,,https://pingdesign.gr/
139432103000,FYLLON ΜΟΝΟΠΡΟΣΩΠΗ ΙΚΕ,FYLLON,800747773,ΙΚΕ,ΑΤΤΙΚΗΣ,borbolis@otenet.gr,6944148044,www.fyllon.gr,
139466401000,CONCEPT ON ACTION ΑΝΩΝΥΜΗ ΕΤΑΙΡΙΑ ΥΠΗΡΕΣΙΕΣ ΕΠΙΚΟΙΝΩΝΙΑΣ ΚΑΙ ΠΩΛΗΣΕΩΝ,CONCEPT ON ACTION,800748481,ΑΕ,ΑΤΤΙΚΗΣ,logistirio@conceptonaction.com,2109904114,,https://www.conceptonaction.com/
139486001000,OYSTER HELLAS ΙΔΙΩΤΙΚΗ ΚΕΦΑΛΑΙΟΥΧΙΚΗ ΕΤΑΙΡΕΙΑ,OYSTER HELLAS ,800748886,ΙΚΕ,ΑΤΤΙΚΗΣ,info@moschop.gr,2106205821,http://www.oysterhellas.gr,
139736101000,RED LEMON ΙΔΙΩΤΙΚΗ ΚΕΦΑΛΑΙΟΥΧΙΚΗ ΕΤΑΙΡΕΙΑ,RED LEMON,800755750,ΙΚΕ,ΑΤΤΙΚΗΣ,info@accore.gr,6936468252,http://redlemonmedia.gr/,
139888203000,ΑΝΑΓΝΩΣΤΟΥ ΑΙΚΑΤΕΡΙΝΗ ΤΟΥ ΗΛΙΑ,,112106415,ΑΤΟΜΙΚΗ,ΑΤΤΙΚΗΣ,Katerina@brandvalue.gr,2106096638,,https://brandvalue.gr/
140044806000,VALISCOMMUNICATION Ι.Κ.Ε. ,VALISCOMMUNICATION,800763158,ΙΚΕ,ΘΕΣΣΑΛΟΝΙΚΗΣ,sathanasakos@foveraprostasia.gr,2310943010,http://valiscom.gr,
140206406000,ΤΣΟΥΚΑΛΑ ΣΟΦΙΑ ΚΑΛΛΙΟΠΗ,360CREATIVE,140817984,ΑΤΟΜΙΚΗ,ΘΕΣΣΑΛΟΝΙΚΗΣ,s.tsoukala@360creative.eu,2310532714,https://360creative.eu,
140217406000,OXYGEN2ADV ΜΟΝΟΠΡΟΣΩΠΗ ΙΚΕ,OXYGEN2ADV,800767460,ΙΚΕ,ΘΕΣΣΑΛΟΝΙΚΗΣ,maria@oxygen2adv.gr,2310938428,http://www.oxygen2adv.gr,
140402706000,LEKOSGROUP ΜΟΝΟΠΡΟΣΩΠΗ ΙΔΙΩΤΙΚΗ ΚΕΦΑΛΑΙΟΥΧΙΚΗ ΕΤΑΙΡΙΑ,,800772364,ΙΚΕ,ΘΕΣΣΑΛΟΝΙΚΗΣ,lekos@dialog.gr,2310554444,http://lekosgroup.com,
140429101000,EMELIS ΙΚΕ,,800772874,ΙΚΕ,ΑΤΤΙΚΗΣ,emelisike1@gmail.com,2102719999,https://emelisike.webnode.gr/,
140657604000,UNIPOSE PRIVATE COMPANY,UNIPOSE P.C.,800778878,ΙΚΕ,ΘΕΣΣΑΛΟΝΙΚΗΣ,info@unipose.com,2311111300,https://easybalance.gr/public/company/5wh3n4v6p7NXBTZrTkYCJod3wCwxopJUU/,
140851603000,ΜΙΚΑΕΛΑ ΣΦΗΝΙΑ ΙΔΙΩΤΙΚΗ ΚΕΦΑΛΑΙΟΥΧΙΚΗ ΕΤΑΙΡΕΙΑ,ALARM AD ΙΚΕ,800785220,ΙΚΕ,ΑΤΤΙΚΗΣ,gch@bussinesst.gr,2103623578,http://www.alarmad.gr,
140860101000,MEDIACUBE ΑΝΩΝΥΜΗ ΕΤΑΙΡΕΙΑ,MEDIACUBE Α.Ε.,800785396,ΑΕ,ΑΤΤΙΚΗΣ,hello@mediacube.gr,2106007510,,https://mediacube.com/
140926403000,SUSAMI CREATIVE ΜΟΝΟΠΡΟΣΩΠΗ ΙΔΙΩΤΙΚΗ ΚΕΦΑΛΑΙΟΥΧΙΚΗ ΕΤΑΙΡΕΙΑ,SUSAMI CREATIVE,800787586,ΙΚΕ,ΑΤΤΙΚΗΣ,sid@susamicreative.com,6942241444,,https://susamicreative.com/
140970001000,ΑΤΖΕΝΤΑ ΓΑΜΟΥ ΙΔΙΩΤΙΚΗ ΚΕΦΑΛΑΙΟΥΧΙΚΗ ΕΤΑΙΡΙΑ,ΑΤΖΕΝΤΑ ΓΑΜΟΥ Ι.Κ.Ε.,800789371,ΙΚΕ,ΑΤΤΙΚΗΣ,eleni2608@yahoo.gr,2112133790,www.weddin.gr,
140993935000,ΛΑΖΑΡΙΔΗΣ ΘΕΟΦΙΛΟΣ ΤΟΥ ΚΩΝΣΤΑΝΤΙΝΟΥ,,120051080,ΑΤΟΜΙΚΗ,ΚΙΛΚΙΣ,info@multipoint.gr,234122206,,https://multipoint.gr/
141081904000,LAP MEDIA  ΜΟΝΟΠΡΟΣΩΠΗ ΙΔΙΩΤΙΚΗ ΚΕΦΑΛΑΙΟΥΧΙΚΗ ΕΤΑΙΡΙΑ,LAP MEDIA ΜΟΝΟΠΡΟΣΩΠΗ Ι.Κ.Ε.,800792720,ΙΚΕ,ΘΕΣΣΑΛΟΝΙΚΗΣ,lap@followed.gr,2310345998, https://lapmedia.flwd.digital/,
141116901000,G ANDREAS BAMPOUSKAKIS ΜΟΝΟΠΡΟΣΩΠΗ Ι.Κ.Ε.,G ANDREAS BAMPOUSKAKIS,800793882,ΙΚΕ,ΑΤΤΙΚΗΣ,,6974466997,www.gabampouskakis.eu,
141119602000,ΙΟΡΔΑΝΟΥ ΓΕΩΡΓΙΟΣ ΤΟΥ ΝΙΚΗΤΑ,ESTILO printings & constructions,120893744,ΑΤΟΜΙΚΗ,ΑΤΤΙΚΗΣ,info@estilo.gr,,,https://www.estilo.gr/
141200401000,PIN Ι.Κ.Ε.,PIN,800796534,ΙΚΕ,ΑΤΤΙΚΗΣ,pin@pindesign.eu,2102725004,www.pincom.gr,
141238301000,HEATHER MARIE THEODOROU TOY MAX,3Μ ΘΕΟΔΩΡΟΥ,104355303,ΑΤΟΜΙΚΗ,ΑΤΤΙΚΗΣ,info@ptheodorou.gr,2105751363,,https://www.ptheodorou.gr/
141400406000,ΟΦΑΚΟΓΛΟΥ Ι. ΚΑΙ ΣΙΑ Ε.Ε.,RISTART,800803081,ΕΕ,ΘΕΣΣΑΛΟΝΙΚΗΣ,ioannis@ristart.gr,2310530650,,https://www.ristart.gr/
141407801000,ΑΝΟΔΟΣ ΔΙΑΦΗΜΙΣΤΙΚΗ ΜΟΝΟΠΡΟΣΩΠΗ ΙΚΕ,ΑΝΟΔΟΣ ΔΙΑΦΗΜΙΣΤΙΚΗ Μ.Ι.Κ.Ε.,800803308,ΙΚΕ,ΑΤΤΙΚΗΣ,,2107487067,www.anodosgr.com,
141452906000,ΣΜΥΡΛΗΣ ΝΙΚΟΛΑΟΣ,FRIENDS CONSULTING,135296577,ΑΤΟΜΙΚΗ,ΘΕΣΣΑΛΟΝΙΚΗΣ,info@friendsconsulting.gr,2310925999,www.friendsconsulting.gr,
141471401000,SAINT OF ATHENS ΙΔΙΩΤΙΚΗ ΚΕΦΑΛΑΙΟΥΧΙΚΗ ΕΤΑΙΡΙΑ,SAINT OF ATHENS,800805234,ΙΚΕ,ΑΤΤΙΚΗΣ,info@e-logistiki.gr,2106845523,https://sites.google.com/site/saintathina/home,
141511903000,ΚΡΕΑΤΣΟΥΛΑ ΙΩΑΝΝΑ ΤΟΥ ΚΩΝΣΤΑΝΤΙΝΟΥ,AIXMH Signs & Promotion,046461737,ΑΤΟΜΙΚΗ,ΑΤΤΙΚΗΣ,kreatsoula@aixmi.eu,2109886602,,https://aixmi.eu/
141539840000,PMS MARKETING SOLUTIONS ΜΟΝΟΠΡΟΣΩΠΗ Ι.Κ.Ε.,,800807565,ΙΚΕ,ΛΑΡΙΣΑΣ,info@pmsystems.gr,2410411250,,http://pmsystems.gr/
141561437000,EUROCAS HELLAS ΜΟΝΟΠΡΟΣΩΠΗ ΙΔΙΩΤΙΚΗ ΚΕΦΑΛΑΙΟΥΧΙΚΗ ΕΤΑΙΡΕΙΑ,EUROCAS HELLAS MON IKE,800808316,ΙΚΕ,ΚΟΡΙΝΘΙΑΣ,account@aggelosgiakis.gr,6997942522,www.eurocas.gr,
141629421000,ΝΕΓΙΑΝΝΗΣ Ν. & ΣΙΑ Ε.Ε.,N-N ΔΙΑΦΗΜΙΣΤΙΚΗ,800810397,ΕΕ,ΕΒΡΟΥ,nn@adv4u.gr,6972700040,,https://nnadvertising.link/
141719401000,DESIGNING SOLUTIONS Μονοπρόσωπη Ιδιωτική Κεφαλαιουχική Εταιρία,DESIGNING SOLUTIONS,800813049,ΙΚΕ,ΑΤΤΙΚΗΣ,jimarko2003@yahoo.gr,2107259083,http://designingsolutions.eu/,
141917801000,LOKOEXE ΙΔΙΩΤΙΚΗ ΚΕΦΑΛΑΙΟΥΧΙΚΗ ΕΤΑΙΡΕΙΑ,LOKOEXE,800815854,ΙΚΕ,ΑΤΤΙΚΗΣ,lokoexe@gmail.com,0000000000,https://lokoexe.com,
141951801000,ΜΑΡΙΛΕΝΑ ΣΙΜΑΤΟΥ ΜΟΝΟΠΡΟΣΩΠΗ ΙΔΙΩΤΙΚΗ ΚΕΦΑΛΑΙΟΥΧΙΚΗ ΕΤΑΙΡΕΙΑ,DESIGN AND PRINTABLE SOLUTIONS BY MARILENA,800816863,ΙΚΕ,ΑΤΤΙΚΗΣ,yannissioris@gmail.com,2106132254,https://simatou.gr/el/,
142002901000,SOMETHINK Ι.K.E,SOMETHINK,800818451,ΙΚΕ,ΑΤΤΙΚΗΣ,info@somethink.gr,2105240940,https://somethink.gr/,
142109724000,ΓΙΑΤΡΑ ΑΙΚΑΤΕΡΙΝΗ ΤΟΥ ΦΙΛΙΠΠΟΥ,GeeSmo-Internet Transformation,136365099,ΑΤΟΜΙΚΗ,ΖΑΚΥΝΘΟΥ,info@geesmo.gr,2695063312,,https://geesmo.gr/
142116836000,ΖΑΡΚΑΝΤΖΑΣ ΝΙΚΟΛΑΟΣ ΤΟΥ ΓΕΩΡΓΙΟΥ,MADIT,123529362,ΑΤΟΜΙΚΗ,ΚΟΖΑΝΗΣ,info@madit.gr,2461030600,,https://madit.gr/
142182901000,ΧΑΡΑΛΑΜΠΟΣ ΤΣΑΓΚΑΡΑΤΟΣ ΤΟΥ ΣΠΥΡΙΔΩΝΟΣ,,068959133,ΑΤΟΜΙΚΗ,ΑΤΤΙΚΗΣ,h.tsagaratos@whizz.gr,211 7505777,,https://www.whizz.gr/
142205501000,ΠΑΠΠΑΣ ΑΝΤΩΝΙΟΣ ΜΟΝΟΠΡΟΣΩΠΗ ΙΚΕ,1) BENEFIT M.S.A. | 2) BRAND SOLUTIONS,800824666,ΙΚΕ,ΑΤΤΙΚΗΣ,pappas@benefitms.gr,6970983283,,https://www.benefitms.gr/
142266616000,ΠΑΠΠΑΣ Π. ΑΝΤΩΝΙΟΣ  &  ΣΥΝΕΡΓΑΤΕΣ  Ι.Κ.Ε.,BENEFIT  M.S.  I.K.E.,800826820,ΙΚΕ,ΑΧΑΙΑΣ,pappas@benefitms.gr,2610461761,,https://www.benefitms.gr/
142268703000,ΕΥΘΥΜΙΟΥ ΘΑΝΑΣΗΣ ΚΑΙ ΑΠΟΣΤΟΛΟΠΟΥΛΟΣ ΕΛΕΥΘΕΡΙΟΣ Ο.Ε.,STUDIO KOMODO,800826844,ΟΕ,ΑΤΤΙΚΗΣ,info@komodo.gr,2130450332,,https://komodo.gr/
142311701000,ROLEPLAY PRIVATE COMPANY,ROLEPLAY,800828200,ΙΚΕ,ΑΤΤΙΚΗΣ,info@roleplay.gr,2103256958,www.roleplay.gr,
142639801000,PRIMA FORTA ΜΟΝΟΠΡΟΣΩΠΗ ΙΔΙΩΤΙΚΗ ΚΕΦΑΛΑΙΟΥΧΙΚΗ ΕΤΑΙΡΙΑ,PRIMA FORTA Μ.Ι.Κ.Ε.,800839305,ΙΚΕ,ΑΤΤΙΚΗΣ,,6947236883,http://www.primaforta.eu/isologismoi,
142670901000,221 ΜΟΙΡΕΣ ΥΠΗΡΕΣΙΕΣ ΕΠΙΚΟΙΝΩΝΙΑΣ & ΔΙΑΦΗΜΙΣΤΙΚΩΝ ΜΕΣΩΝ  ΙΚΕ,221 DEGREES MEDIA,800840377,ΙΚΕ,ΑΤΤΙΚΗΣ,perivolaath@elmoe.gr,2103305011,http://www.221media.gr,
142676006000,MERCAN PROMOTION ΜΟΝΟΠΡΟΣΩΠΗ Ι.Κ.Ε.,MERCAN PROMOTION,800840605,ΙΚΕ,ΘΕΣΣΑΛΟΝΙΚΗΣ,info@sj-finance.gr,2314012964,http://www.mercanprint.com,
142702001000,ΜΕΛΕΤΗ ΑΝΝΑ ΜΟΝΟΠΡΟΣΩΠΗ ΙΚΕ,,800841720,ΙΚΕ,ΑΤΤΙΚΗΣ,,6986568980,https://meletianna.gr/,
142778003000,ΣΚΑΝΔΑΛΗΣ ΑΛΕΞΑΝΔΡΟΣ ΤΟΥ ΠΑΝΑΓΙΩΤΗ,,033895169,ΑΤΟΜΙΚΗ,ΑΤΤΙΚΗΣ,alexis@grcolor.com,2106149460,,https://www.grcolor.com/
142779806000,ΠΟΥΛΙΟΥ ΑΛΕΞΑΝΔΡΑ ΤΟΥ ΕΥΡΙΠΙΔΗ,AGORAZIN AGORA PLUS,047374916,ΑΤΟΜΙΚΗ,ΘΕΣΣΑΛΟΝΙΚΗΣ,info@agorazin.gr,2310344445,,https://agorazin.gr/
142860203000,CAT49 COMMUNICATION BOUTIQUE P.C.,CAT49 COMMUNICATION BOUTIQUE,800846935,ΙΚΕ,ΑΤΤΙΚΗΣ,info@taxplus.gr,2106838016,www.cat49.gr,
142955806000,GUARANTEE ΜΟΝΟΠΡΟΣΩΠΗ Ι.Κ.Ε.,GUARANTEE,800849913,ΙΚΕ,ΘΕΣΣΑΛΟΝΙΚΗΣ,ilias_timologos@guarantee.gr,2310840820,http://guarantee.gr/,
142960101000,ΜΑΡΚΕΝΤΙΤ ΙΔΙΩΤΙΚΗ ΚΕΦΑΛΑΙΟΥΧΙΚΗ ΕΤΑΙΡΕΙΑ,MARKEDIT I.K.E.,800850094,ΙΚΕ,ΑΤΤΙΚΗΣ,,6947372754,http://www.coverstory.gr,
143026901000,ΔΑΙΔΑΛΟΣ ΔΙΑΦΗΜΙΣΤΙΚΗ ΚΑΙ ΤΕΧΝΙΚΗ Ι.Κ.Ε.,,800852757,ΙΚΕ,ΑΤΤΙΚΗΣ,info@taxconsultants.com.gr,6934677748,https://tigertech.gr/,
143088206000,MINDS ΙΔΙΩΤΙΚΗ ΚΕΦΑΛΑΙΟΥΧΙΚΗ ΕΤΑΙΡΕΙΑ,MINDS ΙΚΕ,800854959,ΙΚΕ,ΘΕΣΣΑΛΟΝΙΚΗΣ,account@minds.gr,2310886622,https://minds.gr/companyinfo,
143116306000,HOLDER SINGLE MEMBER PRIVATE COMPANY,,800856142,ΙΚΕ,ΘΕΣΣΑΛΟΝΙΚΗΣ,accounting@lekosgroup.com,2310554444,http://holder.esologismoi.gr/,
143200752000,ΠΑΠΑΔΟΠΟΥΛΟΣ ΧΡΙΣΤΟΦΟΡΟΣ ΙΚΕ,LIQUID ΙΚΕ,800859273,ΙΚΕ,ΣΕΡΡΩΝ,liquidbeachbar@yahoo.gr,6979666428,https://easybalance.gr/public/company/5wgoywTbnq78pQBcaE4c2upcNWyScYjs1/,
143377101000,ΝΙΚΟΛΑΡΟΣ ΠΑΝΑΓΙΩΤΗΣ ΙΔΙΩΤΙΚΗ ΚΕΦΑΛΑΙΟΥΧΙΚΗ ΕΤΑΙΡΕΙΑ,ONEPLUS ΙΚΕ,800865962,ΙΚΕ,ΑΤΤΙΚΗΣ,vagstergiou@yahoo.gr,2106982117,www.oneplus.gr,
143415502000,Α. ΕΦΑΡΜΟΓΗ  Ο.Ε.,Α. ΕΦΑΡΜΟΓΗ ,800867408,ΟΕ,ΑΤΤΙΚΗΣ,info@efarmogi.com,2109314970,,https://efarmogi.com/
143477901000,ΑΝΑΒΑΘΜΙΔΕΣ ΙΔΙΩΤΙΚΗ ΚΕΦΑΛΑΙΟΥΧΙΚΗ ΕΤΑΙΡΙΑ,ΑΝΑΒΑΘΜΙΔΕΣ,800869659,ΙΚΕ,ΑΤΤΙΚΗΣ,,6941508016,www.anavathmides.gr,
143659601000,OneCo Hellas Μονοπρόσωπη Ι.K.E.,OneCo Hellas,800875224,ΙΚΕ,ΑΤΤΙΚΗΣ,info@oneco.gr,6976368984,,https://oneco.gr/
143761620000,ΚΑΣΤΗΣ  ΠΑΝΑΓΙΩΤΗΣ,,108121378,ΑΤΟΜΙΚΗ,ΔΩΔΕΚΑΝΗΣΟΥ,info@kastisleros.gr,,,https://www.kastisleros.gr/
143805206000,ΑΛΕΞΑΝΔΡΙΔΗΣ ΠΑΝΑΓΙΩΤΗΣ ΤΟΥ ΑΛΚΙΝΟΟΥ,FOX CREATIVE,120664634,ΑΤΟΜΙΚΗ,ΘΕΣΣΑΛΟΝΙΚΗΣ,info@foxcreative.gr,2311262178,,https://www.foxcreative.gr/
143826403000,ΑΝΑΛΥΖΕTHAT ΜΟΝΟΠΡΟΣΩΠΗ ΙΚΕ,,800880500,ΙΚΕ,ΑΤΤΙΚΗΣ,s.z@analyzethat.gr,6976769174,www.analyzethat.gr,
143853103000,Κ ΠΑΠΑΓΕΩΡΓΙΟΥ - Κ ΝΙΝΗΣ ΟΕ,THE UPPER PROMOTION SERVICES,800881311,ΟΕ,ΑΤΤΙΚΗΣ,kninis@theupper.gr,2105776476,,http://theupper.gr/
143899602000,DXL GRAPHICS ΙΔΙΩΤΙΚΗ ΚΕΦΑΛΑΙΟΥΧΙΚΗ ΕΤΑΙΡΕΙΑ,DXL GRAPHICS ΙΚΕ,800882762,ΙΚΕ,ΑΤΤΙΚΗΣ,dinoskalia@gmail.com,6979816934,www.dxlgraphics.com,
143946001000,ΜΑΚΙΩΝ ΜΟΝΟΠΡΟΣΩΠΗ Ιδιωτική Κεφαλαιουχική Εταιρεία,ΜΑΚΙΩΝ ΜΟΝΟΠΡΟΣΩΠΗ Ι.Κ.Ε.,800884048,ΙΚΕ,ΑΤΤΙΚΗΣ,info@taxplus.gr,2109607532,www.makion.eu,
143965701000,GOLDEN HAMSTER ΥΠΗΡΕΣΙΕΣ ΔΙΑΦΗΜΙΣΗΣ & ΕΠΙΚΟΙΝΩΝΙΑΣ ΙΔΙΩΤΙΚΗ ΚΕΦΑΛΑΙΟΥΧΙΚΗ ΕΤΑΙΡΕΙΑ,GOLDEN HAMSTER Ι.Κ.Ε,800884706,ΙΚΕ,ΑΤΤΙΚΗΣ,gem@altaxis.com,2103247693,http://www.goldenhamster.gr,
144009502000,ART PRINT SOLUTIONS ΜΟΝΟΠΡΟΣΩΠΗ ΙΔΙΩΤΙΚΗ ΚΕΦΑΛΑΙΟΥΧΙΚΗ ΕΤΑΙΡΕΙΑ,ART PRINT SOLUTIONS,800886171,ΙΚΕ,ΑΤΤΙΚΗΣ,kpaschalidou@prgtax.gr,2110115304,www.artprintsolution.com,
144031001000,ABNORMAL STUDIO ΜΟΝΟΠΡΟΣΩΠΗ ΙΔΙΩΤΙΚΗ ΚΕΦΑΛΑΙΟΥΧΙΚΗ ΕΤΑΙΡΙΑ,Abnormal Studio,800887075,ΙΚΕ,ΑΤΤΙΚΗΣ,adel@abnormal.studio,2108003744,http://www.abnormal.studio/,
144040927000,VISION GROUP ΜΟΝΟΠΡΟΣΩΠΗ ΙΚΕ,VISION GROUP,800887339,ΙΚΕ,ΗΡΑΚΛΕΙΟΥ,info@bafaki.gr,2810314919,http://www.visionadv.gr/,
144188801000,PERFECT MEDIA ADVERTISING ΜΟΝΟΠΡΟΣΩΠΗ ΑΝΩΝΥΜΗ ΕΤΑΙΡΕΙΑ,,800889173,ΑΕ,ΑΤΤΙΚΗΣ,perfectmedia@outlook.com.gr,2106898403,http://www.perfectmediaadvertising.gr,
144227901000,ΘΗΡΕΣΙΑ ΦΕΡΕΝΤΙΝΟΥ & ΣΙΑ ΙΔΙΩΤΙΚΗ ΚΕΦΑΛΑΙΟΥΧΙΚΗ ΕΤΑΙΡΕΙΑ,TETE POSTLAND,800890436,ΙΚΕ,ΑΤΤΙΚΗΣ,info@moschop.gr,2102849290,http://www.tete.gr,
144251503000,ΑΛΕΞΑΝΔΡΟΠΟΥΛΟΣ ΙΩΑΝΝΗΣ ΤΟΥ ΗΛΙΑ,ELLASTRATION,061065640,ΑΤΟΜΙΚΗ,ΑΤΤΙΚΗΣ,yiannis@ellastration.gr,2103810130,,https://www.ellastration.gr/
144293903000,ΣΤΑΘΟΠΟΥΛΟΣ ΚΩΝΣΤΑΝΤΙΝΟΣ,,159739664,ΑΤΟΜΙΚΗ,ΑΤΤΙΚΗΣ,constandinostatho@gmail.com,6984285541,www.aade.gr,
144307657000,VOCHINA THEODORA MIHAELA TOY GICA,zero web & graphics,152504621,ΑΤΟΜΙΚΗ,ΧΑΛΚΙΔΙΚΗΣ,info@zeroweb.gr,2373065874,,https://www.zeroweb.gr/
144377406000,POINT-BLANK ΜΟΝΟΠΡΟΣΩΠΗ ΙΔΙΩΤΙΚΗ ΚΕΦΑΛΑΙΟΥΧΙΚΗ ΕΤΑΙΡΕΙΑ,POINT-BLANK,800895690,ΙΚΕ,ΘΕΣΣΑΛΟΝΙΚΗΣ,giorgosn@garmpidis.com,2310480291,http://pointblank-ike.gr/,
144508103000,REACH THE AGENCY ΜΟΝΟΠΡΟΣΩΠΗ ΙΔΙΩΤΙΚΗ ΚΕΦΑΛΑΙΟΥΧΙΚΗ ΕΤΑΙΡΕΙΑ,REACH ΜΟΝΟΠΡΟΣΩΠΗ ΙΔΙΩΤΙΚΗ ΚΕΦΑΛΑΙΟΥΧΙΚΗ ΕΤΑΙΡΕΙΑ,800901387,ΙΚΕ,ΑΤΤΙΚΗΣ,info@tax-world.gr,2106801793,https://www.reachmedia.gr/,
144537401000,W ΔΙΑΦΗΜΙΣΤΙΚΗ ΙΚΕ,W ADVERTISING,800902704,ΙΚΕ,ΑΤΤΙΚΗΣ,drakosioannis@hotmail.com,6937360036,https://www.wadvertising.gr,
144654506000,HELLO ADVERTISING ΜΟΝΟΠΡΟΣΩΠΗ Ι.Κ.Ε.,HELLO ADVERTISING,800907459,ΙΚΕ,ΘΕΣΣΑΛΟΝΙΚΗΣ,alkispolioudakis@gmail.com,6977598243,http://www.helloadv.gr/data.html,
144675206000,ΠΑΠΑΤΣΙΡΟΣ ΓΕΡΑΣΙΜΟΣ ΤΟΥ ΓΕΩΡΓΙΟΥ,M AND N MARKETING SERVICES,048191359,ΑΤΟΜΙΚΗ,ΘΕΣΣΑΛΟΝΙΚΗΣ,info@mnms.dev,6948521407,,https://mnms.dev/
144802216000,A SPORT ΜΟΝΟΠΡΟΣΩΠΗ ΙΚΕ,,800914371,ΙΚΕ,ΑΧΑΙΑΣ,vdourou@otenet.gr,2610328260,arxondasbet.com,
144802403000,ΗΛΙΟΠΟΥΛΟΣ - ΚΑΡΑΝΙΚΟΛΑ ΟΕ,PROMOSHOOT,800914358,ΟΕ,ΑΤΤΙΚΗΣ,n.karanikola@promoshoot.gr,2109757668,,http://www.promoshoot.gr/
144864203000,ΒΑΜΒΑΚΑΡΗΣ ΦΡΑΓΚΙΣΚΟΣ ΤΟΥ ΘΕΜΙΣΤΟΚΛΗ,OCEAN MULTIMEDIA PRODUCTION & DESIGN,139107682,ΑΤΟΜΙΚΗ,ΑΤΤΙΚΗΣ,info@oceanmultimedia.gr,6941602929,,https://oceanmultimedia.gr/
144908204000,AMBIGRAM IKE,AMBIGRAM,800918566,ΙΚΕ,ΘΕΣΣΑΛΟΝΙΚΗΣ,contact@ambigram.gr,6979444003,,https://ambigram.gr/
144946303000,ΣΩΤΗΡΟΠΟΥΛΟΣ ΕΥΘΥΜΙΟΣ ΤΟΥ ΙΩΑΝΝΗ,,106880627,ΑΤΟΜΙΚΗ,ΑΤΤΙΚΗΣ,themis@1kgdesign.gr,2105982842,,https://1kgdesign.gr/
144955701000,WHITE RHINO BRAND EXPERIENCE ΜΟΝΟΠΡΟΣΩΠΗ I.K.E.,WHITE RHINO,800920574,ΙΚΕ,ΑΤΤΙΚΗΣ,dimitris.papadimitriou@whiterhino.gr,2130887579,http://www.whiterhino.gr,
144989327000,ΠΥΡΓΙΑΝΑΚΗ ΑΡΙΣΤΗ ΤΟΥ ΙΩΑΝΝΗ,,146220515,ΑΤΟΜΙΚΗ,ΗΡΑΚΛΕΙΟΥ,info@style.gr,2810242781,http://style.gr,
145024452000,ΚΟΥΡΤΙΔΗΣ ΠΑΝΤΕΛΕΗΜΩΝ,ΑΝΤΒΑΙΖ,146064692,ΑΤΟΜΙΚΗ,ΣΕΡΡΩΝ,koupant@gmail.com,2110035802,advize.gr,
145046601000,EXELIXI MMC ΥΠΗΡΕΣΙΕΣ ΠΡΟΩΘΗΣΗΣ ΚΑΙ ΕΜΠΟΡΙΑΣ ΜΟΝΟΠΡΟΣΩΠΗ ΙΔΙΩΤΙΚΗ ΚΕΦΑΛΑΙΟΥΧΙΚΗ ΕΤΑΙΡΕΙΑ,EXELIXI MMC SINGLE-MEMBER CPC,800924616,ΙΚΕ,ΑΤΤΙΚΗΣ,gk1995@otenet.gr,2130147280,http://www.exelixipromotion.gr/,
145062001000,CLEVERMEDIA (ΚΛΕΒΕΡΜΙΝΤΙΑ) ΛΥΣΕΙΣ ΕΠΙΚΟΙΝΩΝΙΑΣ ΑΝΩΝΥΜΗ ΕΤΑΙΡΕΙΑ,CLEVERMEDIA A.E.,800925477,ΑΕ,ΑΤΤΙΚΗΣ,info@clevermedia.gr,2107247507,,https://clevermedia.gr/
145159603000,ΔΗΜΑΚΗΣ ΒΑΣΙΛΕΙΟΣ ΤΟΥ ΔΗΜΗΤΡΙΟΥ,,069662570,ΑΤΟΜΙΚΗ,ΑΤΤΙΚΗΣ,info@cmykmedia.gr,2109330487,,https://cmykmedia.gr/
145198701000,NEAT & PROPER DIGITAL AGENCY IKE,NEAT & PROPER DIGITAL AGENCY,800931110,ΙΚΕ,ΑΤΤΙΚΗΣ,athgkekas@gmail.com,2102230472,https://neatnproper.com,
145207101000,WHITE MAIL POST ΙΔΙΩΤΙΚΗ ΚΕΦΑΛΑΙΟΥΧΙΚΗ ΕΤΑΙΡΕΙΑ ,,800931620,ΙΚΕ,ΑΤΤΙΚΗΣ,wmp@whitemailpost.gr,6945438045,http://www.whitemailpost.gr/,
145330406000,COMPASS ΔΙΑΦΗΜΙΣΤΙΚΗ ΜΟΝΟΠΡΟΣΩΠΗ Ι.Κ.Ε.,COMPASS,800937636,ΙΚΕ,ΘΕΣΣΑΛΟΝΙΚΗΣ,info@vassilopoulos.eu,6937126020,https://compassadv.gr/,
145354101000,ENJOIN ΜΟΝΟΠΡΟΣΩΠΗ ΙΚΕ,ENJOIN,800938817,ΙΚΕ,ΑΤΤΙΚΗΣ,stamouli@ikappa.gr,2114085823,http://www.enjoin.gr,
145361908000,VIPGROUP Μονοπροσωπη Ιδιωτικη Κεφαλαιουχικη Εταιρεια,VIPGROUP,800939236,ΙΚΕ,ΑΤΤΙΚΗΣ,kotsisvip@gmail.com,2105716509,http://vipromotion.gr/,
145414901000,MAGIC LAB ΙΔΙΩΤΙΚΗ ΚΕΦΑΛΑΙΟΥΧΙΚΗ ΕΤΑΙΡΕΙΑ,MAGIC LAB IKE,800942150,ΙΚΕ,ΑΤΤΙΚΗΣ,ntinosaris@gmail.com,2108256522,http://www.themagicbus.gr/magiclab,
145493006000,ΕΞΥΠΝΗ ΠΛΟΗΓΗΣΗ ΑΝΩΝΥΜΗ ΕΤΑΙΡΙΑ,"SMART SURF Α,Ε,",800946018,ΑΕ,ΑΤΤΙΚΗΣ,,6979796430,http://www.smartsurf.gr,
145575007000,PUBLIC COMMUNICATIONS I.K.E.,PUBLIC COMMUNICATIONS,800949696,ΙΚΕ,ΚΕΡΚΥΡΑΣ,kallantzi.ismini@gmail.com,2661043318,http://www.public-communications.com,
145589103000,Ε ΜΑΧΑΙΡΑ ΑΙΚ ΜΑΧΑΙΡΑ ΟΕ,REBOOT CREATIVE AGENCY OE,800950321,ΟΕ,ΑΤΤΙΚΗΣ,art@reboot.com.gr,6981066713,,https://www.reboot.com.gr/
145682701000,DIGIBIZ Ε.Ε.,DIGIBIZ,800955132,ΕΕ,ΑΤΤΙΚΗΣ,papandreou@digibiz.gr,6936495475,,https://digibiz.gr/
145772046000,ΠΟΥΜΠΟΥΡΙΔΗΣ ΑΝΕΣΤΗΣ ΜΟΝΟΠΡΟΣΩΠΗ ΙΔΙΩΤΙΚΗ ΚΕΦΑΛΑΙΟΥΧΙΚΗ ΕΤΑΙΡΙΑ,DIAMOND PROMOTION M.I.K.E.,800959420,ΙΚΕ,ΞΑΝΘΗΣ,info@diamondpromotion.gr,2541025579,,https://diamondpromotion.gr/
145927352000,ΚΟΥΚΟΥ ΙΩΑΝΝΑ ΤΟΥ ΣΤΕΦΑΝΟΥ,,156052074,ΑΤΟΜΙΚΗ,ΣΕΡΡΩΝ,info@macohair.gr,2321062545,,https://macohair.gr/
146079801000,Κ.ΑΥΓΕΡΙΝΟΥ ΙΚΕ ΥΠΗΡΕΣΙΕΣ ΔΙΑΦΗΜΙΣΗΣ & ΠΡΟΩΘΗΣΗΣ ΙΔΙΩΤΙΚΗ ΚΕΦΑΛΑΙΟΥΧΙΚΗ ΕΤΑΙΡΕΙΑ,LUNAPIENA,800973531,ΙΚΕ,ΑΤΤΙΚΗΣ,bbc.ostium@gmail.com,2106813203,http://bbc.gr/bbcike/avgerinou,
146174901000,UMBRA PENUMBRA Ε.Ε.,UMBRA PENUMBRA,800978317,ΕΕ,ΑΤΤΙΚΗΣ,info@afs.gr,6908333238,http://umbrapenumbra.gr/,
146240401000,VARIOUS ARTISTS ΙΔΙΩΤΙΚΗ ΚΕΦΑΛΑΙΟΥΧΙΚΗ ΕΤΑΙΡΕΙΑ,VARIOUS ARTISTS Ι.Κ.Ε.,800981205,ΙΚΕ,ΑΤΤΙΚΗΣ,hello@variousartists.gr,2109403116,http://www.variousartists.gr,
146340701000,K.I. TELEPHONE ADVERTISEMENT HELLAS ΔΙΑΦΗΜΙΣΤΙΚΗ - ΠΡΟΩΘΗΤΙΚΗ - ΕΡΕΥΝΩΝ ΚΑΙ ΔΗΜΟΣΚΟΠΗΣΕΩΝ ΜΟΝΟΠΡΟΣΩΠΗ ΙΚΕ,K.I. TELEPHONE ADVERTISEMENT HELLAS,800985787,ΙΚΕ,ΑΤΤΙΚΗΣ,ioanniskoulakis21@gmail.com,2107650079,http://www.taladadika.gr,
146536101000,PBBL CREATIVE SERVICES ΜΟΝΟΠΡΟΣΩΠΗ ΙΚΕ,,800994526,ΙΚΕ,ΑΤΤΙΚΗΣ,k.koskina@pebblecs.gr,2102138019,http://www.pebblecs.gr,
146653503000,RED PEAR ΙΔΙΩΤΙΚΗ ΚΕΦΑΛΑΙΟΥΧΙΚΗ ΕΤΑΙΡΕΙΑ,RED PEAR ΙΚΕ,800999638,ΙΚΕ,ΑΤΤΙΚΗΣ,baxas@redpear.gr,2103215302,http://redpear.gr/,
146764401000,LAGAAY HELLAS ΜΟΝΟΠΡΟΣΩΠΗ IKE,LAGAAY HELLAS,801005020,ΙΚΕ,ΑΤΤΙΚΗΣ,koutras@gmail.com,2103810884,https://www.lagaay.com,
146778207000,POSE ADVERTISING ΙΔΙΩΤΙΚΗ ΚΕΦΑΛΑΙΟΥΧΙΚΗ ΕΤΑΙΡΕΙΑ,POSE ADVERTISING,801005044,ΙΚΕ,ΑΤΤΙΚΗΣ,polseit@windowslive.com,2109966322,https://pose-adv-ike.netlify.app/ ,
146990301000,TAXIADVERTISING ΜΟΝΟΠΡΟΣΩΠΗ ΙΔΙΩΤΙΚΗ ΚΕΦΑΛΑΙΟΥΧΙΚΗ ΕΤΑΙΡΕΙΑ,TAXIADVERTISING Μ.Ι.Κ.Ε.,801014968,ΙΚΕ,ΑΤΤΙΚΗΣ,xamilakisacc@yahoo.gr,6937707575,http://www.taxiadvertising.gr/,
147018504000,PEPPERMINT ΙΔΙΩΤΙΚΗ ΚΕΦΑΛΑΙΟΥΧΙΚΗ ΕΤΑΙΡΙΑ,PEPPERMINT Ad,801016243,ΙΚΕ,ΘΕΣΣΑΛΟΝΙΚΗΣ,gefsim@peppermintad.gr,2310319533,http://peppermintad.gr/,
147052001000,ΚΟΝΤΟΠΟΥΛΟΣ - ΜΕΛΑΧΡΟΙΝΟΣ ΙΔΙΩΤΙΚΗ ΚΕΦΑΛΑΙΟΥΧΙΚΗ ΕΤΑΙΡΙΑ,ΚΟΝΤΟΠΟΥΛΟΣ - ΜΕΛΑΧΡΟΙΝΟΣ ΙΚΕ,801017891,ΙΚΕ,ΑΤΤΙΚΗΣ,info@e-logistiki.gr,2106845572,https://sites.google.com/view/kontopoulosmelachrinosike,
147065001000,PRINTINGHUB Ι.Κ.Ε.,PRINTINGHUB,801018470,ΙΚΕ,ΑΤΤΙΚΗΣ,mmanatou@printinghub.gr,6944764366,https://printinghub.gr,
147074403000,ΟΥΤΣΙΚΑΣ  ΕΛΕΥΘΕΡΙΟΣ ΤΟΥ ΣΩΤΗΡΙΟΥ,,079446382,ΑΤΟΜΙΚΗ,ΑΤΤΙΚΗΣ,info@printd.gr,2110124316,,https://printdesigners.gr/
147131908000,FLIPNEWMEDIA ΥΠΗΡΕΣΙΕΣ ΠΛΗΡΟΥΣ ΔΙΑΦΗΜΙΣΗΣ ΙΚΕ,FLIPNEWMEDIA Ι.Κ.Ε.,801021241,ΙΚΕ,ΑΤΤΙΚΗΣ,nasvestas@flipnewmedia.com,2130312077,https://flipnewmedia.com,
147285638000,IONMAR ΙΔΙΩΤΙΚΗ ΚΕΦΑΛΑΙΟΥΧΙΚΗ ΕΤΑΙΡΕΙΑ,IONMAR,801027614,ΙΚΕ,ΚΥΚΛΑΔΩΝ,johnnaxos@gmail.com,6942655398,https://www.ionmar.com,
147308903000,ΜΑΥΡΟΚΟΡΔΑΤΟΣ ΑΝΔΡΕΑΣ ΤΟΥ ΔΗΜΗΤΡΑΚΗ,,144551959,ΑΤΟΜΙΚΗ,ΑΤΤΙΚΗΣ,tmanetas@keyconsultants.gr,,,https://keyconsultants.gr/
147395206000,GLOA DESIGN AND MARKETING SERVICES ΙΚΕ,GLOA DESIGN AND MARKETING SERVICES ΙΚΕ,801031596,ΙΚΕ,ΘΕΣΣΑΛΟΝΙΚΗΣ,info@meras.gr,2312311027,https://www.plusconsultants.net/store/c1/Featured_Products.html,
147413216000,PDA ADVERTISING &ΣΙΑ  Ο.Ε.,PDA ADVERTISING,801032163,ΟΕ,ΑΧΑΙΑΣ,andreas.zafiropoulos@pdams.gr,2610362397,,https://pdams.gr/
147415401000,CATCHPHRASE ATHENS ΜΟΝΟΠΡΟΣΩΠΗ ΙΔΙΩΤΙΚΗ ΚΕΦΑΛΑΙΟΥΧΙΚΗ ΕΤΑΙΡΕΙΑ,CATCHPHRASE ATHENS SINGLE MEMBER P.C.,801032220,ΙΚΕ,ΑΤΤΙΚΗΣ,d.chaldezos@catchphrase.gr,6956301979,http://www.catchphrase.gr,
147445001000,NURBS PRODUCTIONS - ΚΟΤΣΙΡΑΣ ΑΝΑΣΤΑΣΙΟΣ ΜΟΝΟΠΡΟΣΩΠΗ ΙΚΕ,,801033290,ΙΚΕ,ΑΤΤΙΚΗΣ,tassos.nurbs@gmail.com,2108075238,http://www.nurbs.gr,
147445220000,LPT ACCOUNTING SERVICES ΜΟΝΟΠΡΟΣΩΠΗ ΙΚΕ,,801033319,ΙΚΕ,ΔΩΔΕΚΑΝΗΣΟΥ,lapatos@yahoo.gr,2241021132,http://lptaccounting.gr,
147515401000,DIFFERENTIATE ΕΠΙΚΟΙΝΩΝΙΑ ΜΟΝΟΠΡΟΣΩΠΗ ΙΚΕ,,801036186,ΙΚΕ,ΑΤΤΙΚΗΣ,spgikas@gmail.com,6944884270,www.differentiateike.blogspot.gr,
147790040000,ΤΖΑΝΑΚΟΥΛΗ ΕΛΕΥΘΕΡΙΑ ΤΟΥ ΚΩΝΣΤΑΝΤΙΝΟΥ,,151499393,ΑΤΟΜΙΚΗ,ΛΑΡΙΣΑΣ,tzanakouli@yahoo.com,2410255997,http://www.pineiosnews.gr,
147825401000,BRANDIT NEW ERA HOLDING Παροχή υπηρεσιών και αγαθών Μονοπρόσωπη Εταιρεία Περιορισμένης Ευθύνης,BRANDIT NEW ERA HOLDING ΜΟΝ.Ε.Π.Ε.,801048660,ΕΠΕ,ΑΤΤΙΚΗΣ,logistirio@brandit.gr,6944301224,https:\\www.brandit.gr,
147963903000,ΛΩΛΗ ΠΟΠ ΜΟΝΟΠΡΟΣΩΠΗ ΙΔΙΩΤΙΚΗ ΚΕΦΑΛΑΙΟΥΧΙΚΗ ΕΤΑΙΡΕΙΑ,ΛΩΛΗ ΠΟΠ,801053785,ΙΚΕ,ΑΤΤΙΚΗΣ,dloli@loli-pop.gr,2109768889,http://www.loli-pop.ελ,
147978903000,LEADER ONLINE ΙΔΙΩΤΙΚΗ ΚΕΦΑΛΑΙΟΥΧΙΚΗ ΕΤΑΙΡΕΙΑ,LEADER ONLINE PRIVATE COMPANY,801054493,ΙΚΕ,ΑΤΤΙΚΗΣ,contact@leaderonline.gr,2106545634,http://www.loike.xn--qxam/home.html,
148078201000,INFOOD ΙΔΙΩΤΙΚΗ ΚΕΦΑΛΑΙΟΥΧΙΚΗ ΕΤΑΙΡΕΙΑ ,INFOOD ΙΚΕ,801058492,ΙΚΕ,ΑΤΤΙΚΗΣ,INFO@TAXCORNER.EU,2103240214,http://www.in-food.gr,
148160501000,ΧΕΛΙΞ ΒΙΖΟΥΑΛ ΙΚΕ,ΧΕΛΙΞ ΒΙΖΟΥΑΛ,801061355,ΙΚΕ,ΑΤΤΙΚΗΣ,info@kiousislogistika.gr,2102710909,https://www.helix-digital.com/,
148416343000,ISYSTEM ΜΟΝΟΠΡΟΣΩΠΗ ΙΚΕ,,801071404,ΙΚΕ,ΛΕΥΚΑΔΑΣ,yanniskorfiatis@gmail.com,6947684264,https://www.isystem.gr,
148477101000,VRES ONLINE ΙΚΕ,VRES ONLINE,801074326,ΙΚΕ,ΑΤΤΙΚΗΣ,ioannou@ikappa.gr,2114085823,https://vresonline.gr,
148594201000,WELCOME MAGAZINES ΜΟΝΟΠΡΟΣΩΠΗ ΙΚΕ,WELCOME MAGAZINES,801079499,ΙΚΕ,ΑΤΤΙΚΗΣ,account@pmsmedia.gr,2103212037,http://www.iatrikanews.gr,
148724801000,SOLOBUILD ΙΚΕ,SOLOBUILD P.C.,801085353,ΙΚΕ,ΑΤΤΙΚΗΣ,info@solobuild.com,2106890201,www.solobuild.com,
148734820000,F-DESIGN ΜΟΝΟΠΡΟΣΩΠΗ Α.Ε.,F-DESIGN ΜΟΝΟΠΡΟΣΩΠΗ Α.Ε.,801085678,ΑΕ,ΔΩΔΕΚΑΝΗΣΟΥ,savvasmats@gmail.com,2241031070,http://www.f-design-ike.eu/,
148750101000,ΧΟΤΕΛ ΡΕΒΕΝΙΟΥ ΙΚΕ,HOTEL REV,801086386,ΙΚΕ,ΑΤΤΙΚΗΣ,info@hotelrev.gr,2107792730,http://www.hotelrev.gr,
148789501000,BUTTERFLY THE AD EFFECT ΙΚΕ,BUTTERFLY THE AD EFFECT,801087924,ΙΚΕ,ΑΤΤΙΚΗΣ,info@fsnet.gr,6979980756,http://www.thebutterfly.eu,
148794844000,ΟΝΤΟΠΟΥΛΟΣ ΑΠΟΣΤΟΛΟΣ ΤΟΥ ΝΙΚΟΛΑΟΥ,,063767945,ΑΤΟΜΙΚΗ,ΜΑΓΝΗΣΙΑΣ,info@ontopouloscosmetics.gr,2421023697,,https://ontopouloscosmetics.gr/
148846201000,ΔΙΑΦΗΜΙΣΤΙΚΗ Β & Β ΑΠΟΨΙΣ Α.Ε.,Β & Β APOPSIS,801090166,ΑΕ,ΑΤΤΙΚΗΣ,papageorgiou@apopsisb.gr,6936999164,,https://www.apopsisb.gr/
148985901000,GB INNOVATIONS ΙΔΙΩΤΙΚΗ ΚΕΦΑΛΑΙΟΥΧΙΚΗ ΕΤΑΙΡΕΙΑ,GB INNOVATIONS,801095580,ΙΚΕ,ΑΤΤΙΚΗΣ,ias@gamingbrotherhood.eu,2102204297,,https://gamingbrotherhood.eu/
149199534000,ΜΑΣΤ ΔΙΑΦΗΜΙΣΤΙΚΗ ΜΟΝΟΠΡΟΣΩΠΗ Ι.Κ.Ε.,ΜΑΣΤ ΔΙΑΦΗΜΙΣΤΙΚΗ ΜΟΝΟΠΡΟΣΩΠΗ Ι.Κ.Ε.,801104790,ΙΚΕ,ΑΤΤΙΚΗΣ,aeoniantr@gmail.com,6932768314,http://www.aeonians.com,
149334307000,TGI HELLAS ΜΟΝΟΠΡΟΣΩΠΗ ΙΚΕ,TGI HELLAS,801110108,ΙΚΕ,ΑΤΤΙΚΗΣ,adiohos@ledit.gr,6980638263,,https://ledit.gr/
149340447000,ΑΘΑΝΑΣΙΟΣ ΚΑΡΠΑΣ ΚΑΙ ΣΙΑ ΟΕ,,801110366,ΟΕ,ΠΕΛΛΗΣ,sakiskarpas@unboxholics.com,6979959072,,https://unboxholics.com/
149391201000,ΗΛΙΑΣ ΛΕΤΣΙΟΣ & ΣΙΑ ΕΕ,G.E.-THE DESIGN AGENCY,801112490,ΕΕ,ΑΤΤΙΚΗΣ,info@designagency.gr,2130414635,,https://www.designagency.gr/
149530801000,ADNOVELTY ΜΟΝΟΠΡΟΣΩΠΗ ΙΔΙΩΤΙΚΗ ΚΕΦΑΛΑΙΟΥΧΙΚΗ ΕΤΑΙΡΕΙΑ,ADNOVELTY Μ.Ι.Κ.Ε.,801118794,ΙΚΕ,ΑΤΤΙΚΗΣ,accounting@aggelopoulos.net,2106435085,www.adnovelty.gr,
149588203000,MOBILITY SERVICES ΜΟΝΟΠΡΟΣΩΠΗ ΙΔΙΩΤΙΚΗ ΚΕΦΑΛΑΙΟΥΧΙΚΗ ΕΤΑΙΡΙΑ,MOBILITY SERVICES,801121473,ΙΚΕ,ΑΤΤΙΚΗΣ,info@mobilityservices.gr,2152159770,http://www.mobilityservices.gr/,
149623006000,SPORTS TEAM ΙΚΕ,MY TEAM,801122814,ΙΚΕ,ΘΕΣΣΑΛΟΝΙΚΗΣ,skoda.s.a@gmail.com,2310301533,https://myteam.gr/,
149733303000,PRIDEWORKS ΙΚΕ,PRIDEWORKS,801127533,ΙΚΕ,ΑΤΤΙΚΗΣ,savvas.stafylidis@prideworks.gr,2103460304,http://www.prideworks.gr,
149893844000,DO IT FOR ME ΙΚΕ,DO IT FOR ME,801134782,ΙΚΕ,ΜΑΓΝΗΣΙΑΣ,luigi.goulianos@gmail.com,6949582902,https://www.doitforme.eu/gemi-etairia,
149942503000,AZTECH DIGITAL Ι.Κ.Ε.,AZTECH DIGITAL ,801136820,ΙΚΕ,ΑΤΤΙΚΗΣ,c.fronimos@global-media.gr,2106985981,http://www.global-media.gr,
150197301000,ΕΥΑΓΓΕΛΙΑ ΣΜΥΡΝΙΩΤΑΚΗ   ΜΟΝΟΠΡΟΣΩΠΗ ΙΔΙΩΤΙΚΗ ΚΕΦΑΛΑΙΟΥΧΙΚΗ ΕΤΑΙΡΕΙΑ,STYLE HEROINE I.K.E.,801147685,ΙΚΕ,ΑΤΤΙΚΗΣ,pfotopoulos@pgv-paparizou.gr,2105230481,http://www.styleheroine.com/,
150273201000,SUPERFY ΙΔΙΩΤΙΚΗ ΚΕΦΑΛΑΙΟΥΧΙΚΗ ΕΤΑΙΡΕΙΑ,SUPERFY,801151190,ΙΚΕ,ΑΤΤΙΚΗΣ,,,http://superfy.gr/,
150278301000,BEAM ΜΟΝΟΠΡΟΣΩΠΗ ΙΚΕ,,801151397,ΙΚΕ,ΑΤΤΙΚΗΣ,konstantinos@thedigitalbeam.com,2108023112,,https://thedigitalbeam.com/
150382502000,GRAPHIUM ΙΔΙΩΤΙΚΗ ΚΕΦΑΛΑΙΟΥΧΙΚΗ ΕΤΑΙΡΕΙΑ,,801156332,ΙΚΕ,ΣΕΡΡΩΝ,info@mfktaxsolutions.gr,6972020334,https://www.graphium.gr/,
150406801000,THE JONES ΙΔΙΩΤΙΚΗ ΚΕΦΑΛΑΙΟΥΧΙΚΗ ΕΤΑΙΡΕΙΑ,,801157389,ΙΚΕ,ΑΤΤΙΚΗΣ,eftychia.misailidou@thejones.gr,6984603637,https://www.thejones.gr/stoixeia-etaireias,
150494101000,ΑΝΟΡΘΩΣΙΣ ΥΠΗΡΕΣΙΕΣ ΔΙΑΦΗΜΙΣΗΣ ΙΔΙΩΤΙΚΗ ΚΕΦΑΛΑΙΟΥΧΙΚΗ ΕΤΑΙΡΕΙΑ,ΑΝΟΡΘΩΣΙΣ,801161016,ΙΚΕ,ΑΤΤΙΚΗΣ,e-nomos@outlook.com,2104125350,https://www.businessregistry.gr/publicity/show/150494101000,
150521807000,ΣΜΥΡΝΗΣ ΓΕΩΡΓΙΟΣ ΤΟΥ ΑΝΔΡΕΑ,BLADEADV,144067569,ΑΤΟΜΙΚΗ,ΑΤΤΙΚΗΣ,marketing@bladeadv.gr,2104530101,,https://bladeadv.gr/
150643801000,HUBSPOT ADVERTISING Ι.Κ.Ε.,HUBSPOT ADVERTISING,801167475,ΙΚΕ,ΑΤΤΙΚΗΣ,thomiziso@yahoo.gr,2103304656,https://spotadvertising.gr/,
150859407000,SMART SOLUTIONS ΜΟΝΟΠΡΟΣΩΠΗ Ι.Κ.Ε.,,801175924,ΙΚΕ,ΑΤΤΙΚΗΣ,,,https://www.smart.fid.gr,
150895301000,DESIGNMATTERS ΙΔΙΩΤΙΚΗ ΚΕΦΑΛΑΙΟΥΧΙΚΗ ΕΤΑΙΡΕΙΑ,DESIGNMATTERS,801177179,ΙΚΕ,ΑΤΤΙΚΗΣ,m.lassou@designmatters.com.gr,2107250263,http://www.designmatters.com.gr,
151199501000,G POINT ADV ΜΟΝΟΠΡΟΣΩΠΗ Ι.Κ.Ε.,G POINT ADV,801181261,ΙΚΕ,ΑΤΤΙΚΗΣ,info@gpoint.gr,2118008505,http://www.gpoint.gr,
151319501000,PRODUCTIVE LAND ΜΟΝΟΠΡΟΣΩΠΗ ΙΔΙΩΤΙΚΗ ΚΕΦΑΛΑΙΟΥΧΙΚΗ ΕΤΑΙΡΕΙΑ,PRODUCTIVE LAND,801186373,ΙΚΕ,ΑΤΤΙΚΗΣ,productiveland@gmail.com,6946034599,https://plisologismoi.wixsite.com/home,
151333601000,CROWNVISUAL ΜΟΝΟΠΡΟΣΩΠΗ Ι.Κ.Ε.,CROWNVISUAL,801187081,ΙΚΕ,ΑΤΤΙΚΗΣ,taxistg@gmail.com,6988698815,http://crownshop.gr/,
151345107000,E-MEDIA ΜΟΝΟΠΡΟΣΩΠΗ Ι.Κ.Ε.,,801187660,ΙΚΕ,ΑΤΤΙΚΗΣ,,,https://www.e-media.fid.gr,
151469236000,DOKA MEDIA ΔΙΑΦΗΜΙΣΤΙΚΗ ΜΟΝΟΠΡΟΣΩΠΗ ΙΔΙΩΤΙΚΗ ΚΕΦΑΛΑΙΟΥΧΙΚΗ ΕΤΑΙΡΕΙΑ,DOKA MEDIA ΔΙΑΦΗΜΙΣΤΙΚΗ Μ.Ι.Κ.Ε.,801193769,ΙΚΕ,ΚΟΖΑΝΗΣ,,,https://dokamedia.gr/,
151539601000,BUSINESS CENTER OFFICES ΜΟΝΟΠΡΟΣΩΠΗ ΙΔΙΩΤΙΚΗ ΚΕΦΑΛΑΙΟΥΧΙΚΗ ΕΤΑΙΡΕΙΑ ,BCO OFFICES,801197431,ΙΚΕ,ΑΤΤΙΚΗΣ,info@bco.gr,2100090000,http://www.bco.gr,
151552422000,POSTWORK ΙΔΙΩΤΙΚΗ ΚΕΦΑΛΑΙΟΥΧΙΚΗ ΕΤΑΙΡΕΙΑ,POSTWORK IKE,801198034,ΙΚΕ,ΑΤΤΙΚΗΣ,v.pap@postwork.gr,2113332368,www.postwork.gr,
151623901000,ATDIGITAL ΜΟΝΟΠΡΟΣΩΠΗ Ι.Κ.Ε.,ATDIGITAL,801201682,ΙΚΕ,ΑΤΤΙΚΗΣ,portals@atdigital.gr,6978550972,http://www.atdigital.gr/,
151656901000,BACARDI GREECE ΜΟΝΟΠΡΟΣΩΠΗ ΙΔΙΩΤΙΚΗ ΚΕΦΑΛΑΙΟΥΧΙΚΗ ΕΤΑΙΡΕΙΑ,BACARDI GREECE,801203257,ΙΚΕ,ΑΤΤΙΚΗΣ,financegreece@bacardi.com,2105384911,https://www-bacardilimited-com-staging.bacardistaging.com/gr/gr/,
151693001000,COMMUNICATIONS STARDUST Ι.Κ.Ε.,VALUE COM,801204961,ΙΚΕ,ΑΤΤΙΚΗΣ,manolis_katsapis@valuecom.gr,2103244235,http://stadust-comms.gr/,
151917401000,FLYING POT GROUP ΜΟΝΟΠΡΟΣΩΠΗ ΙΔΙΩΤΙΚΗ ΚΕΦΑΛΑΙΟΥΧΙΚΗ ΕΤΑΙΡΕΙΑ,FLYING POT GROUP,801214708,ΙΚΕ,ΑΤΤΙΚΗΣ,accounting@theflyingpot.gr,2106564305,https://smarttax.gr/flyingpotgroupike/,
151918506000,ΔΗΜΑΝΑ ΜΟΝΟΠΡΟΣΩΠΗ Ι.Κ.Ε.,,801214733,ΙΚΕ,ΘΕΣΣΑΛΟΝΙΚΗΣ,info@f13creative.gr,2310933030,,https://k13creative.gr/
152045501000,QOS ΙΔΙΩΤΙΚΗ ΚΕΦΑΛΑΙΟΥΧΙΚΗ ΕΤΑΙΡΕΙΑ,QOS COMPANY,801220440,ΙΚΕ,ΑΤΤΙΚΗΣ,komitasr21@windowslive.com,2104610991,http://www.queenofspadeproduction.com/,
152109108000,BRANDHELLAS ΜΟΝΟΠΡΟΣΩΠΗ Ι.Κ.Ε,BRANDHELLAS,801223115,ΙΚΕ,ΑΤΤΙΚΗΣ,kkapellas@gmail.com,2109515580,http://www.brandhellas.gr,
152126306000,ANTEL ΙΔΙΩΤΙΚΗ ΚΕΦΑΛΑΙΟΥΧΙΚΗ ΕΤΑΙΡΕΙΑ,ANTEL ΙΚΕ,801223951,ΙΚΕ,ΘΕΣΣΑΛΟΝΙΚΗΣ,antelmal2019@gmail.com,6938101807,https://antelmal.gr/for-press/,
152294101000,MEDICAL & CONSULTING SERVICES ΙΔΙΩΤΙΚΗ ΚΕΦΑΛΑΙΟΥΧΙΚΗ ΕΤΑΙΡΕΙΑ,,801231822,ΙΚΕ,ΑΤΤΙΚΗΣ,info@taxdl.gr,2107214450,http://www.dermaceuticals.gr,
152389806000,PANOS DENT Ι.Κ.Ε.,,801236682,ΙΚΕ,ΘΕΣΣΑΛΟΝΙΚΗΣ,a.malaxtaris@outlook.com,2316018188,https://panosdent.lemonopoulos.com/about.html,
152461303000,VENETSANOSde ΜΟΝΟΠΡΟΣΩΠΗ Ι.Κ.Ε.,VENETSANOSde,801239900,ΙΚΕ,ΑΤΤΙΚΗΣ,dvenetsanos@gmail.com,2108256522,http://www.divearchitects.gr,
152492601000,ΑΛΕΞΑΝΔΡΑ ΑΝΑΓΝΩΣΤΟΥ ΜΟΝΟΠΡΟΣΩΠΗ  ΙΔΙΩΤΙΚΗ ΚΕΦΑΛΑΙΟΥΧΙΚΗ ΕΤΑΙΡΕΙΑ,FFTPLUS,801241354,ΙΚΕ,ΑΤΤΙΚΗΣ,info@foodforthought.gr,2106833619,http://www.fftplus.gr,
152520101000,QUENVO E.E.,QUENVO,801242418,ΕΕ,ΑΤΤΙΚΗΣ,logistwr@hotmail.com,2105907655,http://www.astrobuzz.gr,
152949504000,ΑΣΤΡΟΛΑΜΠΣ Ε.Ε.,ΑΣΤΡΟΛΑΜΠΣ,801261170,ΕΕ,ΘΕΣΣΑΛΟΝΙΚΗΣ,INFO@ASTROLABS.GR,2310908060,,https://www.astrolabs.gr/
152999801000,DEVA GROUP ΕΤΑΙΡΕΙΑ ΤΕΧΝΟΛΟΓΙΑΣ ΚΑΙ ΕΠΙΚΟΙΝΩΝΙΑΣ ΜΟΝΟΠΡΟΣΩΠΗ Ι.Κ.Ε.,DEVA GROUP  ΜΟΝΟΠΡΟΣΩΠΗ Ι.Κ.Ε.,801263451,ΙΚΕ,ΑΤΤΙΚΗΣ,ek@deva.gr,2108013354,www.deva.gr,
153126307000,S.M. ΔΙΑΦΗΜΙΣΤΙΚΗ ΜΟΝΟΠΡΟΣΩΠΗ Ι.Κ.Ε.,S.M. ΜΟΝ.ΙΚΕ,801268944,ΙΚΕ,ΑΤΤΙΚΗΣ,s.m.athens2019@gmail.com,6987930939,https://www.sm-advertising.fid.gr,
153197403000,REAL ANCIENT ΜΟΝΟΠΡΟΣΩΠΗ ΙΔΙΩΤΙΚΗ ΚΕΦΑΛΑΙΟΥΧΙΚΗ ΕΤΑΙΡΕΙΑ,REAL ANCIENT ,801271659,ΙΚΕ,ΑΤΤΙΚΗΣ,info@tax-world.gr,2106801793,http://ancientmemes.gr/,
153206501000,FIT365 Ε.Ε.,FIT365,801271950,ΕΕ,ΑΤΤΙΚΗΣ,cd@fitpal.gr,6948728868,,https://www.fitpal.gr/
153224206000,ΚΟΥΝΙΟ ΕΡΡΙΚΟΣ Ε.Ε.,AETERNO DESIGN GROUP,801272841,ΕΕ,ΘΕΣΣΑΛΟΝΙΚΗΣ,eric@kounio.gr,6984648268,,https://kounio.gr/
153224903000,ΤΣΙΜΠΟΥΡΛΑ ΧΑΡΙΚΛΕΙΑ ΤΟΥ ΝΙΚΟΛΑΟΥ - ΠΑΝΑΓΙΩΤΗ,VELOX DIGITAL,109820476,ΑΤΟΜΙΚΗ,ΑΤΤΙΚΗΣ,hello@velox.gr,2104441200,,https://velox.gr/
153231301000,ROCK CHERRY ADVERTISING A.E.,ROCK CHERRY S.A.,801273106,ΑΕ,ΑΤΤΙΚΗΣ,ltseti@rockcherry.gr,2108017100,,https://www.rockcherry.gr/
153235901000,Γ.Π.Β. ΠΟΛΥΧΡΟΝΟΠΟΥΛΟΣ Ε.Ε.,GETSOCIAL,801273284,ΕΕ,ΑΤΤΙΚΗΣ,finance@getsocial.gr,2106916166,,https://www.getsocial.gr/
153750001000,PS GROUP HOLDINGS ΙΔΙΩΤΙΚΗ ΚΕΦΑΛΑΙΟΥΧΙΚΗ ΕΤΑΙΡΕΙΑ,PS GROUP HOLDINGS IKE,801294894,ΙΚΕ,ΑΤΤΙΚΗΣ,paris.sambanis@gmail.com,2164002600,http://www.psgroup.gr,
153759603000,MUDDLAB MEDIA ΜΟΝΟΠΡΟΣΩΠΗ Ι.Κ.Ε.,MUDDLAB MEDIA,801295370,ΙΚΕ,ΑΤΤΙΚΗΣ,cpetri@cpet.gr,2109933772,https://www.maddlab.gr,
153763101000,AVANT TALES ΙΔΙΩΤΙΚΗ ΚΕΦΑΛΑΙΟΥΧΙΚΗ ΕΤΑΙΡΕΙΑ,AVANT TALES Ι.Κ.Ε.,801295516,ΙΚΕ,ΑΤΤΙΚΗΣ,nvenierakis@gmail.com,2106754644,https://avanttales.com,
153794006000,ΤΣΙΝΤΖΗΡΑΣ ΙΩΑΝΝΗΣ ΤΟΥ ΓΑΒΡΙΗΛ,,147440024,ΑΤΟΜΙΚΗ,ΘΕΣΣΑΛΟΝΙΚΗΣ,jon@doodler.eu,2310686378,,https://doodler.eu/
153820627000,ΧΡΥΣΗ ΤΗΛΕΑΓΟΡΑ ΜΟΝΟΠΡΟΣΩΠΗ ΙΚΕ,ΧΡΥΣΗ ΤΗΛΕΑΓΟΡΑ,801298322,ΙΚΕ,ΗΡΑΚΛΕΙΟΥ,proimakis.g1@gmail.com,2810381547,http://goldenmalls.gr/,
153865901000,ADRIGHT GLC Ι.Κ.Ε.,ADRIGHT GLC,801300113,ΙΚΕ,ΑΤΤΙΚΗΣ,despina.boronikolou@adright.com,2109010005,http://www.adright.gr,
153898503000,SETAPRINT Ο.Ε.,SETAPRINT,801301681,ΟΕ,ΑΤΤΙΚΗΣ,hello@setazakian.com,2109580413,,https://setazakian.com/
154019003000,CONTACT ΜΟΝΟΠΡΟΣΩΠΗ Ι.Κ.Ε.,,801306690,ΙΚΕ,ΑΤΤΙΚΗΣ,acc@uplink.com.gr,2109838760,http://uplink.com.gr/isologismoi,
154060106000,NUCLEUS ADVERTISING ΜΟΝΟΠΡΟΣΩΠΗ Ι.Κ.Ε.,NUCLEUS ADVERTISING,801308577,ΙΚΕ,ΘΕΣΣΑΛΟΝΙΚΗΣ,info@nucleusadv.gr,6949463598,http://www.nucleusadv.gr,
154185301000,M.I. EPTAGONON ΜΟΝΟΠΡΟΣΩΠΗ ΙΔΙΩΤΙΚΗ ΚΕΦΑΛΑΙΟΥΧΙΚΗ ΕΤΑΙΡΕΙΑ,M.I. EPTAGONON ΜΟΝΟΠΡΟΣΩΠΗ ΙΚΕ,801313932,ΙΚΕ,ΑΤΤΙΚΗΣ,d_alpha@otenet.gr,2109959240,http://www.tavernamag.com,
154407401000,BM SOLUTIONS ΜΟΝΟΠΡΟΣΩΠΗ Ι.Κ.Ε.,,801323704,ΙΚΕ,ΑΤΤΙΚΗΣ,dimtatarakis@gmail.com,2108847751,https://bmsolutions.gr/,
154428007000,ΔΥΝΑΜΙΚ ΕΞΠΟΡΤ ΜΟΝΟΠΡΟΣΩΠΗ Ι.Κ.Ε.,,801324528,ΙΚΕ,ΑΤΤΙΚΗΣ,hristovaike73@gmail.com,2116298633,http://www.dynamic-export.gr,
154544803000,ΣΑΛΟΥΣΤΡΟΣ ΕΜΜΑΝΟΥΗΛ ΤΟΥ ΧΡΗΣΤΟΥ,,126926987,ΑΤΟΜΙΚΗ,ΑΤΤΙΚΗΣ,manos@spunk.gr,,,https://spunk.gr/
154696801000,Q BREAK ADVERTISING ΜΟΝΟΠΡΟΣΩΠΗ ΙΔΙΩΤΙΚΗ ΚΕΦΑΛΑΙΟΥΧΙΚΗ ΕΤΑΙΡΕΙΑ,Q BREAK,801338729,ΙΚΕ,ΑΤΤΙΚΗΣ,makisolog@yahoo.gr,6942484334,https://q-break-advertising.webnode.gr/,
154707203000,PROMOACTION ΜΟΝΟΠΡΟΣΩΠΗ ΙΔΙΩΤΙΚΗ ΚΕΦΑΛΑΙΟΥΧΙΚΗ ΕΤΑΙΡΕΙΑ,PROMOACTION ΜΟΝΟΠΡΟΣΩΠΗ ΙΚΕ,801339290,ΙΚΕ,ΑΤΤΙΚΗΣ,logistirio@promoaction.gr,2310500539,,https://www.promoaction.gr/
154798206000,MARTIN PROMOTIONS Ι.Κ.Ε.,MARTIN PROMOTIONS Ι.Κ.Ε.,801344576,ΙΚΕ,ΘΕΣΣΑΛΟΝΙΚΗΣ,jonnyt2021@gmail.com,2310587697,http://martinpromotion.simplesite.com,
154798706000,MVP PROMOTIONS Ι.Κ.Ε.,MVP PROMOTIONS Ι.Κ.Ε.,801344620,ΙΚΕ,ΘΕΣΣΑΛΟΝΙΚΗΣ,jonnyt2021@gmail.com,2310587697,http://promotions-mvp.simplesite.com,
154816801000,23 MARKETING AGENCY Ι.Κ.Ε.,23 MARKETING AGENCY,801345561,ΙΚΕ,ΑΤΤΙΚΗΣ,info@23marketingagency.com,2117058388,https://www.23marketingagency.com/,
154842101000,MIMO LABS Ι.Κ.Ε.,MIMO LABS,801346999,ΙΚΕ,ΑΤΤΙΚΗΣ,schalaris@acco.gr,6940770529,https://www.mimolabs.eu/,
154946703000,ΙΡΙΣ STUDIOS ΙΔΙΩΤΙΚΗ ΚΕΦΑΛΑΙΟΥΧΙΚΗ ΕΤΑΙΡΕΙΑ,IRIS STUDIOS ΙΚΕ,801352379,ΙΚΕ,ΑΤΤΙΚΗΣ,info@iristv.gr,6989783886,,https://iristv.gr/
154978303000,MEDITERRA FOOD  Ι.Κ.Ε.,MEDITERRA FOOD,801353929,ΙΚΕ,ΑΤΤΙΚΗΣ,info@sj-finance.gr,2314012964,https://www.mediterra-food.gr/,
155109646000,ΙΣΤ ΠΡΟΜΟΣΙΟΝ ΜΟΝΟΠΡΟΣΩΠΗ Ι.Κ.Ε.,ΙΣΤ ΠΡΟΜΟΣΙΟΝ,801359762,ΙΚΕ,ΞΑΝΘΗΣ,tsilemanis@eastpromotion.gr,2541106342,,https://www.eastpromotion.gr/
155140801000,ΔΙΑΦΗΜΙΣΤΙΚΗ ΑΘΗΝΩΝ ΜΟΝΟΠΡΟΣΩΠΗ Ι.Κ.Ε.,,801361131,ΙΚΕ,ΑΤΤΙΚΗΣ,,6944549195,https://www.athensadv.gr,
155192907000,MACHINE HUNTERS ΜΟΝΟΠΡΟΣΩΠΗ Ι.Κ.Ε.,,801363542,ΙΚΕ,ΑΤΤΙΚΗΣ,accounting@atticafrigo.gr,2105545632,,https://atticafrigo.gr/
155376806000,ΚΑΝΑΡΗ ΑΘΗΝΑ ΤΟΥ ΚΩΝΣΤΑΝΤΙΝΟΥ,RAINDESIGN,128283893,ΑΤΟΜΙΚΗ,ΘΕΣΣΑΛΟΝΙΚΗΣ,athina@raindesign.gr,2314009822,,https://raindesign.gr/
155439803000,ΘΩΜΑΪΔΗ ΕΙΡΗΝΗ ΤΟΥ ΘΩΜΑ,ALATI DESIGN,133331503,ΑΤΟΜΙΚΗ,ΑΤΤΙΚΗΣ,hello@alatidesign.gr,2103808883,,https://alatidesign.gr/
155723101000,ACTIVE CITY ΜΟΝΟΠΡΟΣΩΠΗ ΙΔΙΩΤΙΚΗ ΚΕΦΑΛΑΙΟΥΧΙΚΗ ΕΤΑΙΡΕΙΑ,ACTIVE CITY ΜΟΝ ΙΚΕ,801387447,ΙΚΕ,ΑΤΤΙΚΗΣ,angie@pbcenter.gr,6945125340,https://www.activebaby.gr/,
155880806000,ΚΩΤΣΙΟΠΟΥΛΟΥ ΒΑΡΒΑΡΑ ΜΟΝΟΠΡΟΣΩΠΗ Ι.Κ.Ε.,ΚΩΤΣΙΟΠΟΥΛΟΥ ΒΑΡΒΑΡΑ ΜΟΝ. Ι.Κ.Ε.,801394868,ΙΚΕ,ΘΕΣΣΑΛΟΝΙΚΗΣ,info@logistikitaxis.gr,2310733401,https://amoiridouike.gr/,
155973309000,ΠΥΛΑΡΙΝΟΣ ΚΩΝΣΤΑΝΤΙΝΟΣ ΤΟΥ ΣΩΤΗΡΙΟΥ,PILAS.GR GO BRAND YOURSELF,144786472,ΑΤΟΜΙΚΗ,ΑΤΤΙΚΗΣ,info@pilas.gr,2104923777,,https://www.pilas.gr/
156060953000,ΑΦΟΙ Α. ΚΕΡΑΣΟΒΙΤΗ Ο.Ε.,ΑΤΛΑΣ ΕΠΙΓΡΑΦΕΣ,801402719,ΟΕ,ΤΡΙΚΑΛΩΝ,info@epigrafesatlas.gr,2431020207,,https://epigrafesatlas.gr/
156084901000,ΙΡΑ ΜΕΝΤΙΑ ΠΑΡΤΝΕΡΣ ΙΔΙΩΤΙΚΗ ΚΕΦΑΛΑΙΟΥΧΙΚΗ ΕΤΑΙΡΕΙΑ,IRA MEDIA PARTNERS,801403998,ΙΚΕ,ΑΤΤΙΚΗΣ,logistvictory@gmail.com,2130458594,http://iramedia.offs.gr/,
156202403000,ΔΕΛΗΓΙΑΝΝΗ ΚΑΛΛΙΟΠΗ ΤΟΥ ΦΩΤΙΟΥ,KEY DIGITAL MARKETING,148864574,ΑΤΟΜΙΚΗ,ΑΤΤΙΚΗΣ,info@keydigitalmarketing.gr,2130443455,,https://keydigitalmarketing.gr/
156260803000,ΣΑΣ ΙΝΤΕΛΠΡΟ ΜΟΝΟΠΡΟΣΩΠΗ Ι.Κ.Ε.,,801411950,ΙΚΕ,ΑΤΤΙΚΗΣ,efpanagiotopoulos@gmail.com,6977774399,http://www.intelpro.gr,
156364401000,TOMORROW NEWS ΜΟΝΟΠΡΟΣΩΠΗ ΙΔΙΩΤΙΚΗ ΚΕΦΑΛΑΙΟΥΧΙΚΗ ΕΤΑΙΡΕΙΑ,TOMORROW NEWS ΙΚΕ | TOMORROW NEWS MON IKE,801416797,ΙΚΕ,ΑΤΤΙΚΗΣ,dalamanis@yahoo.gr,2114114583,https://tomorrownews.eu,
156478806000,FIND Ι.Κ.Ε.,FIND,801422362,ΙΚΕ,ΘΕΣΣΑΛΟΝΙΚΗΣ,info@find.gr,2311241808,https://find-ike.eu/,
156488801000,SENS CREATION Α.Ε.,SENS CREATION,801423113,ΑΕ,ΑΤΤΙΚΗΣ,kpalierakis@screation.gr,2108848310,,https://www.screation.gr/
156615026000,ΤΣΙΑΜΟΥΡΗ ΜΑΡΙΑ ΤΟΥ ΚΩΝΣΤΑΝΤΙΝΟΥ,,059957154,ΑΤΟΜΙΚΗ,ΗΜΑΘΙΑΣ,info@maketta.gr,2331051773,,https://maketta.gr/
156800127000,GB SPORTS MEDIA ΜΟΝΟΠΡΟΣΩΠΗ Ι.Κ.Ε.,GB SPORTS MEDIA,801436711,ΙΚΕ,ΗΡΑΚΛΕΙΟΥ,djborbou@gmail.com,6976800135,https://gbsportsmedia.gr/stoixeia-gemi/,
156865401000,DIGITAL PERFORMANCE MARKETING Ι.Κ.Ε.,GROWTH THOUGHT AGENCY,801439541,ΙΚΕ,ΑΤΤΙΚΗΣ,kdimitrokallis@dpm-agency.gr,6978098449,https://dpm-agency.gr/,
156917127000,ΠΑΤΡΙΝΟΥ ΕΥΓΕΝΙΑ ΡΑΦΑΕΛΑ ΤΟΥ ΒΑΣΙΛΕΙΟΥ,,150410891,ΑΤΟΜΙΚΗ,ΗΡΑΚΛΕΙΟΥ,info@pro-taseis.gr,2810253861,,https://pro-taseis.gr/
156949327000,ΑΝΙΧΕ.ΝΕΤ ΜΟΝΟΠΡΟΣΩΠΗ ΙΔΙΩΤΙΚΗ ΚΕΦΑΛΑΙΟΥΧΙΚΗ ΕΤΑΙΡΕΙΑ,ΑΝΙΞΕ.ΝΕΤ,801443333,ΙΚΕ,ΗΡΑΚΛΕΙΟΥ,logistirio@anixe.net,2810286045,http://anixe.net/,
157068004000,VITAMIN MEDIA A.E.,VITAMIN MEDIA,801448457,ΑΕ,ΘΕΣΣΑΛΟΝΙΚΗΣ,nikos@vitaminmedia.gr,2311826300,https://www.vitaminmedia.gr/,
157141403000,ΕΛΕΝΗ ΣΟΥΛΤΟΥ ΥΠΗΡΕΣΙΕΣ ΔΙΑΦΗΜΙΣΗΣ ΜΟΝΟΠΡΟΣΩΠΗ Ι.Κ.Ε.,UPON,801451787,ΙΚΕ,ΑΤΤΙΚΗΣ,eleni.soultou@upon.gr,2106542976,https://www.upon.gr/,
157180827000,SMART SERVICES ΜΟΝΟΠΡΟΣΩΠΗ ΙΔΙΩΤΙΚΗ ΚΕΦΑΛΑΙΟΥΧΙΚΗ ΕΤΑΙΡΕΙΑ,SMART SERVICES,801453387,ΙΚΕ,ΗΡΑΚΛΕΙΟΥ,nk_interpreting@yahoo.gr,6985672492,https://smartservicesike.gr/,
157185503000,BET COMRADE ΜΟΝΟΠΡΟΣΩΠΗ Ι.Κ.Ε.,BET COMRADE,801453535,ΙΚΕ,ΑΤΤΙΚΗΣ,gb@hangovermedia.gr,,http://www.betcomrade.com,
157492203000,GSPOT OUTDOOR ADV Ε.Ε.,GSPOT OUTDOOR ADV,801468978,ΕΕ,ΑΤΤΙΚΗΣ,info@gspot.city,2106654211,,https://gspot.city/
157580007000,TARGET PROMOTION- Σ.ΠΑΠΑΘΑΝΑΣΙΟΥ ΚΑΙ ΣΙΑ Ε.Ε.,ΤΑΡΓΚΕΤ ΠΡΟΜΟΣΙΟΝ,801473718,ΕΕ,ΑΤΤΙΚΗΣ,operations@targetpromotion.gr,6942854698,,https://targetpromotion.gr/
157600506000,ALLCONTENT Ι.Κ.Ε.,,801475091,ΙΚΕ,ΘΕΣΣΑΛΟΝΙΚΗΣ,pp@prostv.com,2102725340,https://allcontent.gr/,
157600801000,MARKETING ADVISORS ΜΟΝΟΠΡΟΣΩΠΗ Ι.Κ.Ε.,,801475110,ΙΚΕ,ΑΤΤΙΚΗΣ,marketingadmonike@gmail.com,6980553982,http://www.marketingadmonike.wixsite.com/my-site,
157604116000,ΗΛΙΑΣ ΚΟΥΛΗΣ,CREATIVELAB,146854813,ΑΤΟΜΙΚΗ,ΑΧΑΙΑΣ,ik@creativelab.gr,6946008205,,https://creativelab.gr/
157632401000,MINDWISE ΜΟΝΟΠΡΟΣΩΠΗ Ι.Κ.Ε.,MINDWISE,801476550,ΙΚΕ,ΑΤΤΙΚΗΣ,logistirio@mindtrap.com.gr,2106840922,https://www.mindtrapadvertising.gr/,
157673120000,MOBLAC I.K.E.,MOBLAC,801478542,ΙΚΕ,ΔΩΔΕΚΑΝΗΣΟΥ,vasilis@tavernaris.com,2122133014,https://www.moblac.com,
157697403000,ΑΣ ΚΟΜΙΟΥΝΙΚΕΙΣΟΝ Ο.Ε.,ACH COMMUNICATION GP,801480170,ΟΕ,ΑΤΤΙΚΗΣ,andreas@achcommunication.eu,2104941096,,https://achcommunication.eu/
158101301000,NEWORLD ΜΟΝΟΠΡΟΣΩΠΗ Ι.Κ.Ε.,NEWORLD,801503309,ΙΚΕ,ΑΤΤΙΚΗΣ,nikos@pappou.com,6948952000,http://www.newolrd.gr/,
158134709000,ANAX ΜΟΝΟΠΡΟΣΩΠΗ Ι.Κ.Ε.,,801505211,ΙΚΕ,ΑΤΤΙΚΗΣ,info@anaxcorp.com,2160024020,https://anaxcorp.com/el/,
158233201000,UNIQUE ERA AGENCY ΕΤΕΡΟΡΡΥΘΜΗ ΕΤΑΙΡΕΙΑ,UNIQUE ERA AGENCY EE,801510651,ΕΕ,ΑΤΤΙΚΗΣ,aggeliki@uniquera.gr,2103425515,,http://uniquera.gr/
158280701000,GUERILLA MOTION STUDIO ΜΟΝΟΠΡΟΣΩΠΗ Ι.Κ.Ε.,,801513179,ΙΚΕ,ΑΤΤΙΚΗΣ,ssambatakakakis@yahoo.gr,2102510727,https://www.guerillamotion.com/,
158318906000,OMIKRON44 Ο.Ε.,OMIKRON44,801515124,ΟΕ,ΘΕΣΣΑΛΟΝΙΚΗΣ,giorgos@o44.gr,2312204403,,https://www.omikron44.com/
158324503000,LOS ADGELES Ο.Ε.,LOS ADGELES,801515486,ΟΕ,ΑΤΤΙΚΗΣ,jv@losadgeles.com,6936121000,,https://www.losadgeles.com/
158414003000,ΡΕΜΚΟ ΜΟΝΟΠΡΟΣΩΠΗ Ι.Κ.Ε.,REMCO M.I.K.E.,801520588,ΙΚΕ,ΑΤΤΙΚΗΣ,mitsakou.renata@gmail.com,6936842040,https://tbogiatzis.wixsite.com/website,
158464801000,WHITE PRODUCTION ΜΟΝΟΠΡΟΣΩΠΗ ΙΔΙΩΤΙΚΗ ΚΕΦΑΛΑΙΟΥΧΙΚΗ ΕΤΑΙΡΕΙΑ,WHITE PRODUCTIONS MIKE,801523529,ΙΚΕ,ΑΤΤΙΚΗΣ,fourthiotism@gmail.com,2108100003,http://www.whiteproduction.gr,
158522528000,ΣΩΤΗΡΙΟΥ ΔΟΝΑΤΟΣ ΤΟΥ ΚΩΝΣΤΑΝΤΙΝΟΥ,DonDigital Marketing Services,138388219,ΑΤΟΜΙΚΗ,ΘΕΣΠΡΩΤΙΑΣ,info@dondigital.gr,2665103909,,https://dondigital.gr/
158551348000,ΚΑΡΑΤΟΛΙΟΥ ΕΙΡΗΝΗ ΤΟΥ ΓΡΗΓΟΡΙΟΥ,,115396481,ΑΤΟΜΙΚΗ,ΠΙΕΡΙΑΣ,irini@irinikaratoliou.com,2410,,https://www.irinikaratoliou.com/
158572101000,SILVER ADVERTISING ΜΟΝΟΠΡΟΣΩΠΗ ΙΔΙΩΤΙΚΗ ΚΕΦΑΛΑΙΟΥΧΙΚΗ ΕΤΑΙΡΕΙΑ,SILVER ADVERTISING,801529130,ΙΚΕ,ΑΤΤΙΚΗΣ,fourthiotism@gmail.com,2108109000,http://www.silveradvertising.gr/,
158611804000,REPUTATION GR O.E.,REPUTATION GR,801531230,ΟΕ,ΑΤΤΙΚΗΣ,info@reputation.gr,2310700021,https://reputation.gr/,
159007401000,SPECTER DESIGN GROUP Ι.Κ.Ε.,SPECTER DESIGN GROUP,801552771,ΙΚΕ,ΑΤΤΙΚΗΣ,sm@specter.gr,6978829484,,https://specter.gr/
159180603000,ΜΑΡΙΑ ΓΕΩΡΓΙΑΔΟΥ ΚΑΙ ΣΙΑ Ο.Ε.,GOOD KARMA AGENCY,801562358,ΟΕ,ΑΤΤΙΚΗΣ,INFO@GOOD-KARMA.GR,2106080346,,https://www.good-karma.gr/
159260103000,ΟΑ Ο.Ε.,ΟΑ Ο.Ε.,801567030,ΟΕ,ΑΤΤΙΚΗΣ,contact@oacrew.gr,2111190372,,https://oacrew.gr/
159266801000,ODDSSAFARI Ι.Κ.Ε.,,801567380,ΙΚΕ,ΑΤΤΙΚΗΣ,ch.toka@foutsislaw.gr,6977670738,http://www.oddssafari.gr/,
159271920000,ΜΑΥΡΟΥΔΗΣ-ΦΛΟΣΚΑΚΗΣ ΓΕΩΡΓΙΟΣ,ΚΟΥΚΙΔΑ,136115615,ΑΤΟΜΙΚΗ,ΔΩΔΕΚΑΝΗΣΟΥ,info@koukidadesign.gr,2241113511,www.koukidadesign.gr,
159317406000,CATALYTICA Ε.Ε.,CATALYTICA E.E.,801569937,ΕΕ,ΘΕΣΣΑΛΟΝΙΚΗΣ,dimitris@catalytica.gr,2310535400,,https://catalytica.gr/
159383207000,VEESION ΔΙΑΦΗΜΙΣΗ & ΕΠΙΚΟΙΝΩΝΙΑ ΙΔΙΩΤΙΚΗ ΚΕΦΑΛΑΙΟΥΧΙΚΗ ΕΤΑΙΡΕΙΑ,VEESION ΙΚΕ,801573594,ΙΚΕ,ΑΤΤΙΚΗΣ,finance@veesion.gr,2103624496,,https://veesion.gr/
159390103000,ΔΑΦΝΗ ΣΤΑΘΗ & ΑΦΡΟΔΙΤΗ ΣΤΑΘΗ Ο.Ε.,BLOSSOM ADVANCED COMMUNICATIONS,801573902,ΟΕ,ΑΤΤΙΚΗΣ,daphne.stathis@blossomy.gr,2106127322,,https://blossomy.gr/
159390606000,MAZE ADVERTISING Ι.Κ.Ε.,MAZE ADVERTISING,801573940,ΙΚΕ,ΘΕΣΣΑΛΟΝΙΚΗΣ,,,https://promotionadv.wixsite.com/maze,
159392306000,SMART MARKETING Ι.Κ.Ε.,SMART MARKETING,801573987,ΙΚΕ,ΘΕΣΣΑΛΟΝΙΚΗΣ,,,https://promotionadv.wixsite.com/smart-marketing,
159408006000,CREATIVE ADVERTISING Ι.Κ.Ε.,CREATIVE ADVERTISING,801574818,ΙΚΕ,ΘΕΣΣΑΛΟΝΙΚΗΣ,,,https://promotionadv.wixsite.com/creativeadv,
159410206000,MPI MARKETING Ι.Κ.Ε.,MPI MARKETING,801574900,ΙΚΕ,ΘΕΣΣΑΛΟΝΙΚΗΣ,,,https://promotionadv.wixsite.com/mpi-marketing,
159495103000,GrowthX 360 Business Development Agency ΜΟΝΟΠΡΟΣΩΠΗ Ι.Κ.Ε.,GrowthX 360 Business Development Agency,801579003,ΙΚΕ,ΑΤΤΙΚΗΣ,kmpalessas@vnt-partners.gr,2109969970,https://www.growth-x.biz/gemi,
159599109000,SCALE UP ΜΟΝΟΠΡΟΣΩΠΗ Ι.Κ.Ε.,SCALE UP,801584781,ΙΚΕ,ΑΤΤΙΚΗΣ,cp@accountinganalytics.gr,6976883600,https://www.scaleup.gr,
159724903000,ADDITION ΙΔΙΩΤΙΚΗ ΚΕΦΑΛΑΙΟΥΧΙΚΗ ΕΤΑΙΡΕΙΑ,ADDITION,801591759,ΙΚΕ,ΑΤΤΙΚΗΣ,dimkavadias@gmail.com,6948894013,www.addition.gr,
159744201000,DIGIMUM GROUP ΙΔΙΩΤΙΚΗ ΚΕΦΑΛΑΙΟΥΧΙΚΗ ΕΤΑΙΡΕΙΑ,DIGIMUM GROUP ΙΚΕ,801593009,ΙΚΕ,ΑΤΤΙΚΗΣ,digimumgroup@gmail.com,2106012515,http://www.digimumgroup.com,
159755103000,THE BIRTHDAYS DESIGN Ο.Ε.,STUDIO TBD,801593396,ΟΕ,ΑΤΤΙΚΗΣ,hello@thebirthdaysdesign.com,6948123815,www.thebirthdaysdesign.com ,
159763206000,IDEES DIGITAL AGENCY ΙΔΙΩΤΙΚΗ ΚΕΦΑΛΑΙΟΥΧΙΚΗ ΕΤΑΙΡΕΙΑ,IDEES DIGITAL AGENCY PC,801593894,ΙΚΕ,ΘΕΣΣΑΛΟΝΙΚΗΣ,info@smartpraxis.gr,2312315252,http://ideesdigitalagency.smartpraxis-services.gr ,
159817803000,ΠΑΝΑΓΟΥΛΙΑΣ ΚΩΝΣΤΑΝΤΙΝΟΣ ΤΟΥ ΓΕΩΡΓΙΟΥ,,105523800,ΑΤΟΜΙΚΗ,ΑΤΤΙΚΗΣ,kpanagoulias@dotprint.gr,,,https://dotprint.gr/
159825701000,RADAR NEWS ΜΟΝΟΠΡΟΣΩΠΗ ΙΔΙΩΤΙΚΗ ΚΕΦΑΛΑΙΟΥΧΙΚΗ ΕΤΑΙΡΕΙΑ,RADAR NEWS M.I.K.E.,801596964,ΙΚΕ,ΑΤΤΙΚΗΣ,dalamanis@yahoo.gr,21141145863,https://radarnews.eu,
159896901000,KLIK NEWS ΙΔΙΩΤΙΚΗ ΚΕΦΑΛΑΙΟΥΧΙΚΗ ΕΤΑΙΡΕΙΑ,KLIK NEWS IKE,801600527,ΙΚΕ,ΑΤΤΙΚΗΣ,dalamanis@yahoo.gr,2114114583,https://kliknews.eu,
159924909000,P-SYRIGOS ΜΟΝΟΠΡΟΣΩΠΗ Ι.Κ.Ε.,P-SYRIGOS,801601966,ΙΚΕ,ΑΤΤΙΚΗΣ,syrigos.petros@yahoo.com,6944906333,https://isol.petros-syrigos.com/,
159991701000,INFOGRAPHICS ΟΜΟΡΡΥΘΜΗ ΕΤΑΙΡΕΙΑ,INFOGRAPHICS,801605098,ΟΕ,ΑΤΤΙΚΗΣ,info@greekinfographics.com,2109625720,https://greekinfographics.com/,
160065603000,ΦΡΑΓΚΟΓΙΑΝΝΗΣ ΘΕΟΔΩΡΟΣ-ΦΙΛΙΠΠΟΣ ΤΟΥ ΠΑΝΑΓΙΩΤΗ,Filippos Fragkogiannis,154657682,ΑΤΟΜΙΚΗ,ΑΤΤΙΚΗΣ,info@filipposfragkogiannis.com,2109511036,www.filipposfragkogiannis.com,
160147501000,O LIFESTYLE MANAGEMENT ΜΟΝΟΠΡΟΣΩΠΗ ΙΚΕ,O LIFESTYLE MANAGEMENT,801613363,ΙΚΕ,ΑΤΤΙΚΗΣ,koutras@gmail.com,2103810884,https://circleogr.gr/,
160165516000,LOOP MEDIA Ι.Κ.Ε.,LOOP MEDIA,801614359,ΙΚΕ,ΑΧΑΙΑΣ,nikos@loopmedia.gr,6909180978,https://loopmedia.gr/,
160185403000,IG MARKETING SERVICES & PRODUCTIONS ΜΟΝΟΠΡΟΣΩΠΗ ΙΚΕ,IG MARKETING SERVICES & PRODUCTIONS ,801615610,ΙΚΕ,ΑΤΤΙΚΗΣ,info@istopolis.gr,2107297949,www.igproductions.gr,
160223238000,ΑΝΑΣΤΑΣΙΟΣ ΔΗΜΗΤΡΙΟΥ ΣΤΑΥΡΟΠΟΥΛΟΣ,,155480476,ΑΤΟΜΙΚΗ,ΚΥΚΛΑΔΩΝ,info@indigophoenix.gr,,,https://indigophoenix.gr/
160370006000,CULT 24 Ι.Κ.Ε.,CULT 24,801625800,ΙΚΕ,ΘΕΣΣΑΛΟΝΙΚΗΣ,aterzis196@gmail.com,2310304473,https://www.cult24.gr/,
160460112000,ΑΘΑΝΑΣΟΠΟΥΛΟΥ ΑΙΚΑΤΕΡΙΝΗ ΤΟΥ ΓΕΩΡΓΙΟΥ,,070253371,ΑΤΟΜΙΚΗ,ΑΙΤΩΛΟΑΚΑΡΝΑΝΙΑΣ,info@blackwolf.gr,,,https://blackwolf.gr/
160539501000,GRSPORTS ΜΟΝΟΠΡΟΣΩΠΗ Ι.Κ.Ε.,GRSPORTS,801634684,ΙΚΕ,ΑΤΤΙΚΗΣ,christataroglou@icloud.com,6980639943,https://grsports.gr/,
160597801000,BLISS CREATIVE ΙΔΙΩΤΙΚΗ ΚΕΦΑΛΑΙΟΥΧΙΚΗ ΕΤΑΙΡΕΙΑ,BLISS CREATIVE,801638068,ΙΚΕ,ΑΤΤΙΚΗΣ,xamaryllis@gmail.com,6978538957,http://www.blisscreative.gr,
160730001000,PROMOSHINE ΑΝΩΝΥΜΗ ΕΤΑΙΡΙΑ,PROMOSHINE A.E,801644770,ΑΕ,ΑΤΤΙΚΗΣ,promoshine.sa@gmail.com,6986573793,http://www.promoshine.gr,
160744909000,GOODPRINT ΜΟΝΟΠΡΟΣΩΠΗ ΙΔΙΩΤΙΚΗ ΚΕΦΑΛΑΙΟΥΧΙΚΗ ΕΤΑΙΡΕΙΑ,GOODPRINT,801645533,ΙΚΕ,ΑΤΤΙΚΗΣ,19ja73@gmail.com,6932313801,https://www.good-print.gr,
160848701000,G DESIGN STUDIO Ι.Κ.Ε.,G DESIGN STUDIO,801651263,ΙΚΕ,ΑΤΤΙΚΗΣ,michalis@gdesignstudio.gr,2103211132,https://gdesignstudio.gr,
160933303000,ΑΝΩ CONCEPT ΜΟΝΟΠΡΟΣΩΠΗ Ι.Κ.Ε.,ΑΝΩ CONCEPT MON IKE,801655852,ΙΚΕ,ΑΤΤΙΚΗΣ,info@dafoulis.gr,2109919289,http://www.anoconcike.eu,
160957016000,ΓΕΩΡΓΙΑ ΠΑΝ. ΑΛΕΞΟΠΟΥΛΟΥ,SOCIABLE COW  | LAVALIER jewels,140727930,ΑΤΟΜΙΚΗ,ΑΧΑΙΑΣ,social@thelazercow.com,6944467912,,https://www.thelazercow.com/
160972337000,ΑΓΓΕΛΟΣ ΙΩΑΝ. ΚΟΥΡΤΙΔΗΣ,,157448970,ΑΤΟΜΙΚΗ,ΚΟΡΙΝΘΙΑΣ,mail@aggeloskourtidis.com,2741073725,,https://aggeloskourtidis.com/
161038002000,GROUPPEL ΜΟΝΟΠΡΟΣΩΠΗ Ι.Κ.Ε.,,801661791,ΙΚΕ,ΑΤΤΙΚΗΣ,,6988597969,http://www.grouppel.gr,
161200303000,ORIGIN DIGITAL AGENCY ΜΟΝΟΠΡΟΣΩΠΗ Ι.Κ.Ε.,,801670609,ΙΚΕ,ΑΤΤΙΚΗΣ,,,https://e-fitness.gr/,
161339536000,ΓΙΑΖΙΤΖΗΣ ΘΕΟΔΩΡΟΣ ΤΟΥ ΝΙΚΟΥ,D0nalduck7,154857864,ΑΤΟΜΙΚΗ,ΚΟΖΑΝΗΣ,d0nalduck_7@hptmail.com,,,https://outlook.live.com/mail/
161566720000,ΚΟΥΛΟΥΜΠΡΗΣ ΝΙΚΟΛΑΟΣ,,122270561,ΑΤΟΜΙΚΗ,ΔΩΔΕΚΑΝΗΣΟΥ,nikfin@cloudarts.net,,www.cloudarts.net,
161683801000,METEORITES CREATIVE SPACE ΙΔΙΩΤΙΚΗ ΚΕΦΑΛΑΙΟΥΧΙΚΗ ΕΤΑΙΡΕΙΑ,,801696465,ΙΚΕ,ΑΤΤΙΚΗΣ,info@e-logistiki.gr,2106845523,https://meteoritesagency.com/,
161748001000,VALUE MARKETING Ι.Κ.Ε.,VALUE,801700380,ΙΚΕ,ΑΤΤΙΚΗΣ,panagiotis@pcpfinancial.gr,2109917850,https://valuemarketingike.webnode.gr/,
161923501000,SMILE BUSINESS SOLUTIONS ΜΟΝΟΠΡΟΣΩΠΗ Ι.Κ.Ε.,SMILE BUSINESS SOLUTIONS,801709570,ΙΚΕ,ΑΤΤΙΚΗΣ,nikosppv@gmail.com,-,https://smilesolutions.fid.gr,
162196003000,CATALYST I.K.E.,,801723590,ΙΚΕ,ΑΤΤΙΚΗΣ,hello@catalyst.com.gr,2108813401,https://catalyst.com.gr/,
162419248000,ΜΠΑΛΙΑΚΑΣ ΚΩΝΣΤΑΝΤΙΝΟΣ ΤΟΥ ΓΕΩΡΓΙΟΥ,LOCALS,153071267,ΑΤΟΜΙΚΗ,ΠΙΕΡΙΑΣ,info@locals.com.gr,,,https://www.locals.com.gr/
162450002000,FAIVE ΜΟΝΟΠΡΟΣΩΠΗ ΙΔΙΩΤΙΚΗ ΚΕΦΑΛΑΙΟΥΧΙΚΗ ΕΤΑΙΡΕΙΑ,FAIVE MON IKE,801738910,ΙΚΕ,ΑΤΤΙΚΗΣ,bonkatod@gmail.com,,https://www.faive.eu,
162627903000,WEDGE Ο.Ε.,MARKETING AND COMMUNICATIONS AGENCY,801749101,ΟΕ,ΑΤΤΙΚΗΣ,sayhello@wedge.gr,6948004839,https://www.wedge.gr/,
162662901000,OFF THE MENU Ε.Ε.,OFF THE MENU,801751108,ΕΕ,ΑΤΤΙΚΗΣ,eugene@offthe.menu,6945705125,https://offthe.menu,
162960006000,INSTUP ΙΔΙΩΤΙΚΗ ΚΕΦΑΛΑΙΟΥΧΙΚΗ ΕΤΑΙΡΕΙΑ,INSTUP Ι.Κ.Ε.,801767930,ΙΚΕ,ΘΕΣΣΑΛΟΝΙΚΗΣ,mariaaa_sos@yahoo.gr,2310887882,https://www.instup.gr,
162979503000,DAMI ΜΟΝΟΠΡΟΣΩΠΗ Ι.Κ.Ε.,DAMI,801768860,ΙΚΕ,ΑΤΤΙΚΗΣ,TKRM2007@YAHOO.GR,6973706150,https://dami.gr,
163046703000,DIZZY AGENCY ΜΟΝΟΠΡΟΣΩΠΗ Ι.Κ.Ε.,DIZZY AGENCY,801772221,ΙΚΕ,ΑΤΤΙΚΗΣ,mary@dizzyagency.gr,2114161147,https://dizzy.agency/el/,
163227906000,DIGIWAYS Ι.Κ.Ε.,DIGIWAYS,801782134,ΙΚΕ,ΘΕΣΣΑΛΟΝΙΚΗΣ,,,https://digiways.gr,
163239101000,SPECIAL VEHICLES ΜΟΝΟΠΡΟΣΩΠΗ Ι.Κ.Ε.,SPECIAL VEHICLES,801783087,ΙΚΕ,ΑΤΤΙΚΗΣ,info@specialvehicles.gr,2113332413,http://www.specialvehicles.gr,
163265001000,CHEETAH ASSET MANAGEMENT ΜΟΝΟΠΡΟΣΩΠΗ Ι.Κ.Ε.,CHEETAH ASSET MANAGEMENT,801784453,ΙΚΕ,ΑΤΤΙΚΗΣ,info@cheetah.gr,2105820888,,https://cheetah.gr/
163269003000,THE BLINK ΜΟΝΟΠΡΟΣΩΠΗ Ι.Κ.Ε.,THE BLINK,801784625,ΙΚΕ,ΑΤΤΙΚΗΣ,nafsika@theblink.gr,2114160600,https://emagazine.theblink.gr,
163278703000,ΚΑΡΑΒΑΣΙΛΗ ΑΝΔΡΙΑΝΗ-ΔΙΟΝΥΣΙΑ ΤΟΥ ΓΕΩΡΓΙΟΥ,BOON DESIGN STUDIO,146283262,ΑΤΟΜΙΚΗ,ΑΤΤΙΚΗΣ,INFO@BOONSTUDIO.GR,,,https://boonstudio.gr/
163298203000,NEWORDER CREATIVE Ε.Ε.,NEWORDER,801786274,ΕΕ,ΑΤΤΙΚΗΣ,v.lakatzis@neworder.gr,2103008743,,https://neworder.gr/
163534203000,ΔΙΠΛΑΡΙΔΗΣ ΣΤΕΦΑΝΟΣ ΤΟΥ ΓΕΩΡΓΙΟΥ,ADVANCED MEDIA,126486050,ΑΤΟΜΙΚΗ,ΑΤΤΙΚΗΣ,info@advancedmedia.gr,2109374527,,https://www.advancedmedia.gr/
163820506000,FLOW AGENCY ΜΟΝΟΠΡΟΣΩΠΗ Ι.Κ.Ε.,SOCIAL MEDIA AGENCY,801812710,ΙΚΕ,ΘΕΣΣΑΛΟΝΙΚΗΣ,stakolkas@gmail.com,6981000488,http://flowagency.gr,
163913101000,DELIGIANNIS ΜΟΝΟΠΡΟΣΩΠΗ Ι.Κ.Ε.,DELIGIANNIS,801817728,ΙΚΕ,ΑΤΤΙΚΗΣ,dell@gnmail.com,6999999999,http://www.Deligiannis-ike.gr,
163967406000,MOZES CREATIVE Ο.Ε.,,801820561,ΟΕ,ΘΕΣΣΑΛΟΝΙΚΗΣ,anna@mozes.gr,2310307236,,https://www.mozes.gr/
164011606000,ΠΟΛΥΡΑΚΗΣ ΑΘΑΝΑΣΙΟΣ & ΣΙΑ Ε.Ε.,ADVISION,801823262,ΕΕ,ΘΕΣΣΑΛΟΝΙΚΗΣ,info@advision.gr,2310486868,,https://advision.gr/
164016601000,SOULNET ΜΟΝΟΠΡΟΣΩΠΗ Ι.Κ.Ε.,SOULNET,801823514,ΙΚΕ,ΑΤΤΙΚΗΣ,accounting@quantum.gr,2112104050,soulnet.gr,
164457106000,ACM ΥΠΗΡΕΣΙΕΣ ΕΠΙΚΟΙΝΩΝΙΑΣ Ε.Ε.,ACM ΥΠΗΡΕΣΙΕΣ ΕΠΙΚΟΙΝΩΝΙΑΣ | ACM COMMUNICATIONS,801846380,ΕΕ,ΑΘΗΝΩΝ,a.mouratidis@acmtranslations.com,2315511001,,https://www.acmtranslations.com/el/
164481401000,DK ADVERTISING ΜΟΝΟΠΡΟΣΩΠΗ ΙΔΙΩΤΙΚΗ ΚΕΦΑΛΑΙΟΥΧΙΚΗ ΕΤΑΙΡΕΙΑ,DK ADVERTISING,801847710,ΙΚΕ,ΑΤΤΙΚΗΣ,alexandra@dkadv.gr,2108847190,,https://dkadv.gr/
164586937000,LIFE ADVERTISING Ι.Κ.Ε.,LIFEPRESS,801853371,ΙΚΕ,ΚΟΡΙΝΘΙΑΣ,zoe-thanasi@hotmail.com,6942817163,https://lifepress.gr/news3/,
164732603000,WINMARKET ΜΟΝΟΠΡΟΣΩΠΗ ΙΔΙΩΤΙΚΗ ΚΕΦΑΛΑΙΟΥΧΙΚΗ ΕΤΑΙΡΙΑ,WINMARKET SINGLE MEMBER PRIVATE COMPANY,801861672,ΙΚΕ,ΑΤΤΙΚΗΣ,anttsalikis@gmail.com,6984313500,https://winmarket.gr/,
164839003000,ΜΑΡΙΑ ΓΙΑΝΝΑΚΗ ΕΜΠΟΡΙΚΗ ΔΙΑΦΗΜΙΣΤΙΚΗ ΒΙΟΤΕΧΝΙΚΗ ΤΟΥΡΙΣΤΙΚΗ Ι.Κ.Ε.,CITY ADVERTISING,801866735,ΙΚΕ,ΑΤΤΙΚΗΣ,info@cityadv.gr,2102520787,http://www.cityadv.gr,
164976703000,ΑΛΤΕΡΙΝΦΟ ΜΙΝΤΙΑ Ι.Κ.Ε.,ΑΛΤΕΡΙΝΦΟ,801874502,ΙΚΕ,ΑΤΤΙΚΗΣ,press@alterinfo.gr,6944732807,https://www.alter-info.gr/,
165113103000,KUGE Ι.Κ.Ε.,KUGE,801881763,ΙΚΕ,ΑΤΤΙΚΗΣ,info@kuge.gr,6932659507,,https://kuge.gr/
165346402000,ΚΥΡΛΟΓΛΟΥ ΚΩΝΣΤΑΝΤΙΝΟΣ-ΥΠΗΡΕΣΙΕΣ ΤΟΥΡΙΣΜΟΥ ΚΑΙ ΔΙΑΦΗΜΙΣΗΣ Ε.Ε.,,801895509,ΕΕ,ΑΤΤΙΚΗΣ,kyrloglou@travelproject.gr,6988632379,,https://travelproject.gr/
165593558000,ΠΑΠΑΔΑΚΗΣ ΣΤΥΛΙΑΝΟΣ ΤΟΥ ΑΝΔΡΕΑ,,170016786,ΑΤΟΜΙΚΗ,ΧΑΝΙΩΝ,info@steliosmac.com,2821043600,,https://audioplusgreece.com/
166180403000,ALDIGRON ΔΙΑΦΗΜΙΣΤΙΚΗ Ε.Ε.,ΑΛΝΤΙΓΚΡΟΝ,801929124,ΕΕ,ΑΤΤΙΚΗΣ,tpothos@aldigron.gr,2103239003,,https://aldigron.gr/
166381561000,ΚΟΙΝΩΝΙΚΗ ΣΥΝΕΤΑΙΡΙΣΤΙΚΗ ΕΠΙΧΕΙΡΗΣΗ ΣΥΛΛΟΓΙΚΗΣ ΚΑΙ ΚΟΙΝΩΝΙΚΗΣ ΩΦΕΛΕΙΑΣ WOW,,996839979,Κοιν.Σ.Επ.,, info@saywow.gr,2651025255,,https://wowbranding.gr/
166563303000,INTRIGUE Ι.Κ.Ε.,INTRIGUE,801935770,ΙΚΕ,ΑΤΤΙΚΗΣ,contact@tripment.net,2130428318,,https://www.tripment.net/el/
166576507000,BLANKPAGE GLOBAL ΙΔΙΩΤΙΚΗ ΚΕΦΑΛΑΙΟΥΧΙΚΗ ΕΤΑΙΡΕΙΑ,BLANKPAGE GLOBAL Ι.Κ.Ε.,801936404,ΙΚΕ,ΑΤΤΙΚΗΣ,d.nikolopoulos@blankpage.gr,2104133555,,https://blankpage.gr/
166920746000,ΡΑΠΤΗΣ Δ. ΚΑΙ ΣΙΑ Ε.Ε.,Digitally Right,801952674,ΕΕ,ΞΑΝΘΗΣ,info@digitally-right.com,6989535857,,https://digitally-right.com/
167050444000,FANSNOW ΜΟΝΟΠΡΟΣΩΠΗ ΑΝΩΝΥΜΗ ΕΤΑΙΡΙΑ,,801958838,ΑΕ,ΜΑΓΝΗΣΙΑΣ,,2421036501,http://www.fansnow.gr,
167302601000,FFP GROUP Α.Ε.,NEXUS TECH ,801970772,ΑΕ,ΑΤΤΙΚΗΣ,info@ffpgroup.gr,6937462696,https://ffpgroup.gr,
167313004000,ΚΑΡΥΩΤΗΣ ΕΥΣΤΑΘΙΟΣ ΤΟΥ ΙΩΑΝΝΗ,,048154087,ΑΤΟΜΙΚΗ,ΘΕΣΣΑΛΟΝΙΚΗΣ,skaryotis@pelc.gr,2310329001,,https://pelc.gr/
167667106000,J.TOUNI ΜΟΝΟΠΡΟΣΩΠΗ ΙΔΙΩΤΙΚΗ ΚΕΦΑΛΑΙΟΥΧΙΚΗ ΕΤΑΙΡΕΙΑ,J.Touni,801988591,ΙΚΕ,ΘΕΣΣΑΛΟΝΙΚΗΣ,k2logistis@gmail.com,2392021596 ,http://jtouni.smartpraxis-services.gr ,
167691901000,STRONGER GROUP ΜΟΝΟΠΡΟΣΩΠΗ Ι.Κ.Ε.,STRONGER GROUP,801989747,ΙΚΕ,ΑΤΤΙΚΗΣ,info@stronger.gr,6909864600,,https://stronger.gr/
167720001000,ADVERTISING AGENCY QUADRUM DIGITAL Ε.Ε.,ADVERTISING AGENCY QUADRUM DIGITAL,801991061,ΕΕ,ΑΤΤΙΚΗΣ,media@quadrum-digital.com,6974246652,,https://www.quadrum-digital.com/
167779003000,VIRALATHENS Ι.Κ.Ε.,VIRALATHENS,801993748,ΙΚΕ,ΑΤΤΙΚΗΣ,,6951260583,https://viralathens.ibalances.gr/,
167875103000,THUNDERADS Ε.Ε.,THUNDERADS,801997981,ΕΕ,ΑΤΤΙΚΗΣ,george@thunderads.gr,6970308428,,https://www.thunderads.gr/
167933109000,PADU CREATIVE STUDIO Ε.Ε.,PADU CREATIVE STUDIO,802001172,ΕΕ,ΑΤΤΙΚΗΣ,panos@padu.studio,2104182564,,https://padu.studio/
167950701000,Addit | Digital Agency Ε.Ε.,Addit | Digital Agency,802002144,ΕΕ,ΑΤΤΙΚΗΣ,info@additsolutions.gr,2107540420,,https://www.additsolutions.gr/
167959803000,ΜΟΣΚΟΦΙΔΗΣ ΠΑΝΑΓΙΩΤΗΣ ΤΟΥ ΕΥΣΤΡΑΤΙΟΥ,MOMEDIA,122514768,ΑΤΟΜΙΚΗ,ΑΤΤΙΚΗΣ,info@momedia.gr,,,https://www.momedia.gr/
167986004000,VANTAGE Ι.Κ.Ε.,VANTAGE,802004426,ΙΚΕ,ΘΕΣΣΑΛΟΝΙΚΗΣ,info@vantage-events.gr,6937044097,https://www.vantage.gr/,
168075103000,POMEGRANATE ADVERTISING ΜΟΝΟΠΡΟΣΩΠΗ Ι.Κ.Ε.,,802009772,ΙΚΕ,ΑΤΤΙΚΗΣ,akrezia@tfg.gr,2106786414,,https://tfg.gr/
168385720000,MASA FOODS ΜΟΝΟΠΡΟΣΩΠΗ Ι.Κ.Ε.,MASA FOODS,802025274,ΙΚΕ,ΔΩΔΕΚΑΝΗΣΟΥ,spiropoulosi@yahoo.gr,6943714005,https://masafood.gr,
168506901000,KRS MEDIA Ι.Κ.Ε.,KRS MEDIA,802030929,ΙΚΕ,ΑΤΤΙΚΗΣ,krs@krs.gr,2109341211,https://krs.gr/,
168532801000,THE AGORA PLATFORM Ι.Κ.Ε.,AGORA PLATFORM,802032044,ΙΚΕ,ΑΤΤΙΚΗΣ,kelaidi@wootis.gr,2106854707,http://www.theagora.gr,
168547627000,ΓΚΙΚΑΣ ΕΜΜΑΝΟΥΗΛ ΤΟΥ ΑΓΓΕΛΟΥ,ΓΚΙΚΑΣ ΕΜΜΑΝΟΥΗΛ,134396566,ΑΤΟΜΙΚΗ,ΗΡΑΚΛΕΙΟΥ,gkikasmanolis@hotmail.com,2810255167,www.gkikasmanolis.gr,
168796020000,LEAD MEDIA Ε.Ε.,LEAD MEDIA GROUP,802044682,ΕΕ,ΔΩΔΕΚΑΝΗΣΟΥ,info@leadmedia.gr,2241115265,,https://leadmedia.gr/
168863801000,MARKETINGWISE Ο.Ε.,MARKETINGWISE,802047451,ΟΕ,ΑΤΤΙΚΗΣ,karolos.pregkler@digitalwise.eu,6937452982,,https://whyagency.gr/
168936101000,ΚΑΤΗΓΟΥΔΗ Ν.-ΜΑΡΑΒΕΛΑΚΗΣ ΙΩΑΝΝΗΣ Ο.Ε.,PROJECT496,802050990,ΟΕ,ΑΤΤΙΚΗΣ,hello@project496.com,2107219466,,https://project496.com/
169007003000,ΤΡΟΥΠΑΚΗΣ ΚΩΝΣΤΑΝΤΙΝΟΣ ΚΑΙ ΣΙΑ ΕΤΕΡΟΡΡΥΘΜΗ ΕΤΑΙΡEΙΑ,ΤΡΟΥΠΑΚΗΣ ΚΩΝΣΤΑΝΤΙΝΟΣ ΚΑΙ ΣΙΑ ΕΕ,802054190,ΕΕ,ΑΤΤΙΚΗΣ,kostas@myvenue.gr,2169009024,,https://myvenue.gr/
169046101000,botros Ι.Κ.Ε.,botros Ad Works,802055788,ΙΚΕ,ΑΤΤΙΚΗΣ,logistis@yahoo.com,2103302570,http://www.botrosadworks.gr,
169139203000,ΘΕΟΦΙΛΟΠΟΥΛΟΥ ΑΜΑΛΙΑ,ΙΝΜΠΙΤΟΥΙΝ,131205379,ΑΤΟΜΙΚΗ,ΑΤΤΙΚΗΣ,design.amalia@gmail.com,2130384566,inbetween.gr,
169279603000,ΚΟΚΚΟΛΑΣ ΑΛΕΞΑΝΔΡΟΣ ΚΑΙ ΣΙΑ ΕΤΕΡΟΡΡΥΘΜΗ ΕΤΑΙΡΕΙΑ,akc creative,802067216,ΕΕ,ΑΤΤΙΚΗΣ,alex@akc.gr,2106212765,,https://akc.gr/
169367116000,ΓΕΩΡΓΙΟΣ ΚΟΛΑΡΟΣ,MARKETINGAD,126541448,ΑΤΟΜΙΚΗ,ΑΧΑΙΑΣ,info@marketingad.gr,2614019522,,https://marketingad.gr/
169431103000,DIGITAL IMPACT Ι.Κ.Ε.,DIGITAL IMPACT,802074730,ΙΚΕ,ΑΤΤΙΚΗΣ,billing@digitalimpact.gr,2107104674,www.digitalimpact.gr,
169508401000,OVER AND ABOVE ΜΙΧΑΗΛ ΕΛΕΥΘΕΡΙΑΔΗΣ ΚΑΙ ΣΙΑ Ε.Ε.,OVER AND ABOVE,802078901,ΕΕ,ΑΤΤΙΚΗΣ,meleftheriadis@overandabove.gr,6942645494,,https://overandabove.gr/
169560220000,ΛΑΡΔΟΠΟΥΛΟΥ ΧΡΥΣΑΝΘΗ ΤΣΑΜΠΙΚΑ,e-Marketing Center | PNOE DANCE | PNOE SCHOOLS OF DANCE,162377893,ΑΤΟΜΙΚΗ,ΔΩΔΕΚΑΝΗΣΟΥ,chrysanthi@e-marketingcenter.com,2241100300,www.e-marketingcenter.com,
169829258000,ONMASTERS MEDIA ΜΟΝΟΠΡΟΣΩΠΗ ΙΔΙΩΤΙΚΗ ΚΕΦΑΛΑΙΟΥΧΙΚΗ ΕΤΑΙΡΕΙΑ,ONMASTERS MEDIA ΜΟΝΟΠΡΟΣΩΠΗ Ι.Κ.Ε.,802094532,ΙΚΕ,ΧΑΝΙΩΝ,george@masterfold.com,6956548911,,https://masterfold.com/
170091758000,ΜΕΝΕ ΜΟΝΟΠΡΟΣΩΠΗ Ι.Κ.Ε.,,802107507,ΙΚΕ,ΧΑΝΙΩΝ,cristin@mene-jo.gr,2821099419,https://easybalance.gr/public/company/5whzsYHkiyNU49fXdPqte4kaMYgYsTBAc/,
170403801000,THE FOOTPRINT ΕΚΔΟΤΙΚΗ ΔΙΑΦΗΜΙΣΤΙΚΗ ΜΟΝΟΠΡΟΣΩΠΗ Ι.Κ.Ε.,,802122770,ΙΚΕ,ΑΤΤΙΚΗΣ,argiros_john@yahoo.gr,2102467874,www.the-footprint.gr,
170485803000,KATRINA DIGITAL ADVERTISING ΜΟΝΟΠΡΟΣΩΠΗ Ι.Κ.Ε.,,802126699,ΙΚΕ,ΑΤΤΙΚΗΣ,y2.villanueva@me.com,2108143598,https://katrinadigital.fid.gr,
170680803000,GREAT MINDS ΜΟΝΟΠΡΟΣΩΠΗ Ι.Κ.Ε.,GREAT MINDS,802136306,ΙΚΕ,ΑΤΤΙΚΗΣ,itzoumas@mahairas.com,6973331768,http://www.greatminds.gr,
170683106000,ΓΕΩΡΝΤΑΜΙΛΗΣ ΜΑΡΙΟΣ ΚΑΙ ΣΙΑ Ε.Ε.,boo republic,802136423,ΕΕ,ΘΕΣΣΑΛΟΝΙΚΗΣ,mario@boorepublic.com,2310840567,,https://www.boorepublic.com/
170738101000,HOKU DESIGN Ο.Ε.,,802139150,ΟΕ,ΑΤΤΙΚΗΣ,info@hokudesign.gr,2109401010,,https://www.hokudesign.gr/
170771403000,ΠΑΠΑΔΑΤΟΣ ΔΗΜΗΤΡΙΟΣ ΠΑΝΑΓΙΩΤΗΣ ΤΟΥ ΓΕΡΑΣΙΜΟΥ,,175616050,ΑΤΟΜΙΚΗ,ΑΤΤΙΚΗΣ,info@typografos.gr,2107777708,,https://typografos.gr/
170863903000,ΕΝΕΜΑΡ Ο.Ε.,NMR.CC,802145179,ΟΕ,ΑΤΤΙΚΗΣ,mail@nmr.cc,6945862010,,https://www.nmr.cc/
170931003000,SIX GROUP Ε.Ε.,SIX GROUP Ε.Ε.,802148772,ΕΕ,ΑΤΤΙΚΗΣ,info@sixdesign.gr,2102812193,,https://sixdesign.gr/
170951909000,ΒΟΥΛΓΑΡΑΚΗΣ ΓΕΩΡΓΙΟΣ ΤΟΥ ΝΙΚΟΛΑΟΥ,GEORGE VOULGARAKIS.CREATIVE DIRECTOR/DESIGNER,145847977,ΑΤΟΜΙΚΗ,ΑΤΤΙΚΗΣ,hey@georgevoulgarakis.com,2104624339,georgevoulgarakis.com,
171127118000,ΕΥΡΕΝΙΑΔΗΣ ΑΝΤΩΝΙΟΣ ΤΟΥ ΔΗΜΗΤΡΙΟΥ,VisualizeUnited Design.Stills.UIUX.,079084920,ΑΤΟΜΙΚΗ,ΓΡΕΒΕΝΩΝ,Visualize@VisualizeUnited.com,6945484648,VisualizeUnited.com,
171162406000,MAVERIX ΜΟΝΟΠΡΟΣΩΠΗ ΙΔΙΩΤΙΚΗ ΚΕΦΑΛΑΙΟΥΧΙΚΗ ΕΤΑΙΡΕΙΑ,ΜAVΕRΙX,802159621,ΙΚΕ,ΘΕΣΣΑΛΟΝΙΚΗΣ,contact@maverix.gr,6943690101,maverix.gr,
171280701000,ALTURAS ETEREAS ΜΟΝΟΠΡΟΣΩΠΗ Ι.Κ.Ε.,ALTURAS ETEREAS,802165479,ΙΚΕ,ΑΤΤΙΚΗΣ,k.trakada@gmail.com,6944515804,https://www.alturasetereas.gr/,
171320309000,ΔΕΔΕΣ ΠΑΝΑΓΙΩΤΗΣ ΤΟΥ ΙΩΑΝΝΗ,PHD ADVERTISING  ΔΗΜΙΟΥΡΓΙΚΟ ΚΑΙ ΔΙΑΦΗΜΙΣΤΙΚΟ,170491641,ΑΤΟΜΙΚΗ,ΑΤΤΙΚΗΣ,info@phd-advertising.gr,2104112896,,https://www.phd-advertising.gr/
171324801000,AD CONECT ΔΙΑΦΗΜΙΣΤΙΚΗ ΜΟΝΟΠΡΟΣΩΠΗ ΙΔΙΩΤΙΚΗ ΚΕΦΑΛΑΙΟΥΧΙΚΗ ΕΤΑΙΡΕΙΑ,AD CONECT,802167577,ΙΚΕ,ΑΤΤΙΚΗΣ,k_venizelou@adconect.gr,2161001616,,https://adconect.gr/
171394903000,SURFMEDIA Ι.Κ.Ε.,SURFMEDIA,802170926,ΙΚΕ,ΑΤΤΙΚΗΣ,gurul@surfbet.net,6977740473,,https://www.surfbet.net/
171453920000,DETAIL RODOS Ε.Ε.,,802173850,ΕΕ,ΔΩΔΕΚΑΝΗΣΟΥ,info@detailrodos.gr,2241039161,,https://detailad.gr/
171607403000,ΣΑΝΙΔΑΣ ΝΙΚΟΛΑΟΣ & ΣΙΑ Ε.Ε.,Health Solutions,802181756,ΕΕ,ΑΤΤΙΚΗΣ,nsanidas@health4you.gr,6979775522,,https://www.health4you.gr/
171690101000,AG DESIGN AGENCY ΜΟΝΟΠΡΟΣΩΠΗ Ι.Κ.Ε.,AG DESIGN AGENCY,802185952,ΙΚΕ,ΑΤΤΙΚΗΣ,hello@agdesignagency.com,2117709671,https://agdesignagency.com,
171726201000,MEDIA ROCKETS ΜΟΝΟΠΡΟΣΩΠΗ Ι.Κ.Ε.,,802188040,ΙΚΕ,ΑΤΤΙΚΗΣ,info@alphatax.gr,2109591687,https://www.mediarockets.gr/,
171790406000,ΠΑΣΣΑΡΗ ΜΟΝΟΠΡΟΣΩΠΗ Ι.Κ.Ε.,Stela.Passari,802191393,ΙΚΕ,ΘΕΣΣΑΛΟΝΙΚΗΣ,k2logistis@gmail.com,2310270305,http://passari.smartpraxis-services.gr ,
171792604000,Β. ΖΑΜΠΕΤΟΓΛΟΥ ΚΑΙ ΣΙΑ ΕΤΕΡΟΡΡΥΘΜΗ ΕΤΑΙΡΙΑ,,802191541,ΕΕ,ΘΕΣΣΑΛΟΝΙΚΗΣ,INFO@ASTROLABS.GR,2310908060,www.astrolabs.gr,
172198938000,ORAMA HELLAS ΜΟΝΟΠΡΟΣΩΠΗ Ι.Κ.Ε.,ORAMA HELLAS,802211140,ΙΚΕ,ΚΥΚΛΑΔΩΝ,d2vassiliou@gmail.com,6940066777,https://orama.fid.gr/,
172204201000,AC ΡΑΔΙΟΔΙΑΦΗΜΙΣΤΙΚΗ  ΜΟΝΟΠΡΟΣΩΠΗ Ι.Κ.Ε.,AC COMPANY ADVERTISING,802211532,ΙΚΕ,ΑΤΤΙΚΗΣ,accompanyadvertsing@gmail.com,2106211603,www.acompanytv.gr,
172240401000,Fried Potatoes ΜΟΝΟΠΡΟΣΩΠΗ Ι.Κ.Ε.,Fried Potatoes,802213144,ΙΚΕ,ΑΤΤΙΚΗΣ,friedpotatoes.info@gmail.com,6947092837,http://www.friedpotatoes.gr,
172337537000,ΑΠΟΣΤΟΛΟΣ ΠΑΠΑΪΩΑΝΝΟΥ ΜΟΝΟΠΡΟΣΩΠΗ ΙΚΕ Ι.Κ.Ε.,APOSTOLOS PAPAIOANNOU ΜΟΝΟΠΡΟΣΩΠΗ ΙΚΕ ΜΟΝΟΠΡΟΣΩΠΗ Ι.Κ.Ε.,802217770,ΙΚΕ,ΚΟΡΙΝΘΙΑΣ,nektariosmrgts312@gmail.com,6945035851,www.papaioannou.gr,
172359306000,THE CREATIVES Ι.Κ.Ε.,THE CREATIVES,802218809,ΙΚΕ,ΘΕΣΣΑΛΟΝΙΚΗΣ,x.saravelou@gmail.com,2310475799,https://thecreatives.gr/,
172450601000,IT DEV Ε.Ε.,IT DEV,802223278,ΕΕ,ΑΤΤΙΚΗΣ,info@itdev.gr,2111984740,www.itdev.gr,
172454806000,BLACKSHAPE Ι.Κ.Ε.,BLACKSHAPE,802223506,ΙΚΕ,ΘΕΣΣΑΛΟΝΙΚΗΣ,nikos@admine.eu,2311292929,,https://www.admine.eu/
172507001000,ACOMPANY ΜΟΝΟΠΡΟΣΩΠΗ Ι.Κ.Ε.,ACOMPANY,802226207,ΙΚΕ,ΑΤΤΙΚΗΣ,yiannoulenos@gmail.com,6942407499,www.acompany.gr,
172543701000,PLUS 365 GENERAL TECHNOLOGY ΜΟΝΟΠΡΟΣΩΠΗ ΙΔΙΩΤΙΚΗ ΚΕΦΑΛΑΙΟΥΧΙΚΗ ΕΤΑΙΡΕΙΑ,PLUS 365 GENERAL TECHNOLOGY ΜΟΝΟΠΡΟΣΩΠΗ Ι.Κ.Ε.,802227947,ΙΚΕ,ΑΤΤΙΚΗΣ,infotwins23@yahoo.com,2107103575,http://www.red365.gr/,
172822203000,ΤΡΙΑΝΤΑΦΥΛΛΟΥ ΠΟΛΛΑΝΗΣ ΝΙΚΟΛΑΟΣ,ΠΟΛΛΑΝΗΣ,161453718,ΑΤΟΜΙΚΗ,ΑΤΤΙΚΗΣ,niko0olastp@gmail.com,6983476820,https://www.linkedin.com,
173028533000,ΧΡΥΣΑΝΘΟΠΟΥΛΟΣ ΧΑΡΑΛΑΜΠΟΣ ΤΟΥ ΒΑΣΙΛΕΙΟΥ,Smooth media,135650823,ΑΤΟΜΙΚΗ,ΚΕΡΚΥΡΑΣ,harry@smoothmedia.gr,2661048990,www.smoothmedia.gr,
173050601000,MEDPLUS MEDIA ΜΟΝΟΠΡΟΣΩΠΗ ΙΔΙΩΤΙΚΗ ΚΕΦΑΛΑΙΟΥΧΙΚΗ ΕΤΑΙΡΕΙΑ,MEDPLUS MEDIA ΜΟΝΟΠΡΟΣΩΠΗ Ι.Κ.Ε.,802254083,ΙΚΕ,ΑΤΤΙΚΗΣ,j_tsigos@hotmail.com,2102855805,https://www.medplus.gr/,
173058647000,ΚΩΤΣΟΠΟΥΛΟΥ ΑΡΧΟΝΤΙΣΣΑ ΝΤΕΝΙΣΑ,Denart Designs,120762492,ΑΤΟΜΙΚΗ,ΠΕΛΛΗΣ,info@denart-designs.com,2381401986,,https://www.denart-designs.com/
173065401000,PARIS SAMPANIS ΜΟΝΟΠΡΟΣΩΠΗ Ι.Κ.Ε.,,802254821,ΙΚΕ,ΑΤΤΙΚΗΣ,paris.sambanis@gmail.com,2130451100,psgroup.gr,
173074101000,BWADVERTISING ΜΟΝΟΠΡΟΣΩΠΗ Α.Ε.,BWADVERTISING Α.Ε.,802255530,ΑΕ,ΑΤΤΙΚΗΣ,fourthiotism@gmail.com,2106211603,www.bwadvertising.gr,
173123401000,KADINOPOULOS INNOVATIONS ΜΟΝΟΠΡΟΣΩΠΗ Ι.Κ.Ε.,,802258094,ΙΚΕ,ΑΤΤΙΚΗΣ,contact@kadinopoulos.gr,2102634828,,https://kadinopoulos.gr/
173129003000,ΜΑΡΓΕΤΑΣ ΣΠΥΡΙΔΩΝ,SPECTER,156227850,ΑΤΟΜΙΚΗ,ΑΤΤΙΚΗΣ,sm@specter.gr,6978829484,,https://specter.gr/
173269903000,Σ.ΚΑΤΣΟΥΝΩΤΟΣ Ε.Ε.,UNUSUAL,802265731,ΕΕ,ΑΤΤΙΚΗΣ,katsounotos@unusual.gr,6958002075,,https://www.unusual.gr/
173491417000,AL-ACHMAR ΜΟΝΟΠΡΟΣΩΠΗ Ι.Κ.Ε.,,802277902,ΙΚΕ,ΒΟΙΩΤΙΑΣ,alexakis722@gmail.com,6980091280,https://al-achmar.com/,
173519103000,ΛΙΑΝΟΥ ΕΥΔΟΞΙΑ ΕΙΡΗΝΗ ΤΟΥ ΓΕΩΡΓΙΟΥ,Ideogram,103890098,ΑΤΟΜΙΚΗ,ΑΤΤΙΚΗΣ,info@ideogram.gr,2109612951,,https://www.ideogram.gr/
173565201000,EDRINK ΙΔΙΩΤΙΚΗ ΚΕΦΑΛΑΙΟΥΧΙΚΗ ΕΤΑΙΡΕΙΑ,EDRINK Ι.Κ.Ε.,802281720,ΙΚΕ,ΑΤΤΙΚΗΣ,carlosc@edrink.gr,2109456321,https://www.edrink.gr,
173714503000,ATTO ΜΟΝΟΠΡΟΣΩΠΗ Ι.Κ.Ε.,ATTO ΜΟΝΟΠΡΟΣΩΠΗ Ι.Κ.Ε.,802289452,ΙΚΕ,ΑΤΤΙΚΗΣ,apgsolutionspc@gmail.com,2610222290,http://www.atto.gr/,
173869003000,ΔΙΑΦΗΜΙΣΤΙΚΗ ΡΑΔΙΟΤΗΛΕΟΠΤΙΚΗ TV ΜΟΝΟΠΡΟΣΩΠΗ Ι.Κ.Ε.,ΔΙΑΦΗΜΙΣΤΙΚΗ ΡΑΔΙΟΤΗΛΕΟΠΤΙΚΗ TV,802297753,ΙΚΕ,ΑΤΤΙΚΗΣ,radiotileoptikitv@gmail.com,2106211603,http://www.diafimistikitv.gr,
173892903000,NUOVA ERA SAL Ο.Ε.,NUOVA ERA SAL,802299132,ΟΕ,ΑΤΤΙΚΗΣ,s.kostopoulos@m-solutions.gr,2109627526,,https://www.m-solutions.gr/
174066001000,ΦΑΝΗ ΛΑΜΠΡΟΥΛΗ Ε.Ε.,FANI LABROULI,802308286,ΕΕ,ΑΤΤΙΚΗΣ,accounts@labrouli.gr,2109374211,,https://labrouli.gr/
174167001000,ΜΟΥΤΑΒΕΛΗ ΜΑΡΙΑΝΘΗ,THE SOWERS,076781326,ΑΤΟΜΙΚΗ,ΔΥΤΙΚΗΣ ΑΤΤΙΚΗΣ,info@thesowers.gr,2102633388,www.sowers.gr,
174300003000,SYNTHESEE VISUAL COMMUNICATION DESIGN Ι.Κ.Ε.,SYNTHESEE VISUAL COMMUNICATION DESIGN,802322281,ΙΚΕ,ΑΤΤΙΚΗΣ,dim@dimitriskanellopoulos.com,6948040867,,https://dimitriskanellopoulos.com/
174309403000,AIRPORT GLOBE Ι.Κ.Ε.,AIRPORT GLOBE,802322871,ΙΚΕ,ΑΤΤΙΚΗΣ,hagistefanou@gmail.com,6948727147,https://athens-international-airport.com/,
174538127000,ΜΠΑΚΟΥΣΗ ΘΕΟΔΩΡΑ ΤΟΥ ΓΕΩΡΓΙΟΥ,BAKTHEO,157266037,ΑΤΟΜΙΚΗ,ΗΡΑΚΛΕΙΟΥ,info@antonella.gr,2810222998,antonella.gr,
174654201000,INTERNATIONAL SHOP ACTIVITY ΙΔΙΩΤΙΚΗ ΚΕΦΑΛΑΙΟΥΧΙΚΗ ΕΤΑΙΡΕΙΑ,INTERNATIONAL SHOP ACTIVITY Ι.Κ.Ε.,802341732,ΙΚΕ,ΑΤΤΙΚΗΣ,georgiakavagia41997@gmail.com,0000000000,http://www.gkwedding.gr/,
174664703000,HAWK CONSULTING ΜΟΝΟΠΡΟΣΩΠΗ Ι.Κ.Ε.,,802342360,ΙΚΕ,ΑΤΤΙΚΗΣ,dmpatsa74@gmail.com,6936930702,www.hawkconsulting.gr,
174713203000,ΔΟΥΚΑΣ ΙΩΑΝΝΗΣ,DOYKAS IOANNIS,302253230,ΑΤΟΜΙΚΗ,ΑΤΤΙΚΗΣ,opethian4@gmail.com,2102920731,www.doukas.gr,
174720101000,Skindesign Creative Agency Ε.Ε.,Skindesign Creative Agency,802345189,ΕΕ,ΑΤΤΙΚΗΣ,studio@skindesign.gr,6946957441,,https://skindesign.gr/
174831101000,PRIVILEGED ΜΟΝΟΠΡΟΣΩΠΗ ΙΔΙΩΤΙΚΗ ΚΕΦΑΛΑΙΟΥΧΙΚΗ ΕΤΑΙΡΕΙΑ,PRIVILEGED ΜΟΝΟΠΡΟΣΩΠΗ ΙΔΙΩΤΙΚΗ ΚΕΦΑΛΑΙΟΥΧΙΚΗ ΕΤΑΙΡΕΙΑ,802351805,ΙΚΕ,ΑΤΤΙΚΗΣ,iliaskavvathas@gmail.com,6973022188,https://privileged.agency/,
174896538000,DELIAN AGENCY Ο.Ε.,,802355320,ΟΕ,ΚΥΚΛΑΔΩΝ,vasilis@delian.gr,6980046432,,https://delian.gr/
174907101000,Propertising Marketing Ε.Ε.,Propertising,802355853,ΕΕ,ΑΤΤΙΚΗΣ,office@propertising.com,2102205944,http://www.propertising.com,
175102206000,ΚΟΥΝΙΣ ΑΙΜΙΛΙΟΣ ΠΑΣΧΑΛΗΣ,ΚΟΥΝΙΣ ΕΝΤ ΚΟΥΝΙΣ,131125146,ΑΤΟΜΙΚΗ,ΘΕΣΣΑΛΟΝΙΚΗΣ,info@kouniskounis.gr,2310488355,https://kounis.eu,
175354501000,ΑΕΙΦΟΡΟΣ ΚΥΚΛΟΣ ΙΔΙΩΤΙΚΗ ΚΕΦΑΛΑΙΟΥΧΙΚΗ ΕΤΑΙΡΕΙΑ,ΑΕΙΦΟΡΟΣ ΚΥΚΛΟΣ ΙΔΙΩΤΙΚΗ ΚΕΦΑΛΑΙΟΥΧΙΚΗ ΕΤΑΙΡΙΑ,802381270,ΙΚΕ,ΑΤΤΙΚΗΣ,geodrosos@greentop.gr,2108128164,,https://greentop.gr/
175852803000,Δ ΖΑΝΝΙΑ ΚΑΙ ΣΙΑ Ε.Ε.,,802409534,ΕΕ,ΑΤΤΙΚΗΣ,info@nopoetry.gr,2155701800,,https://nopoetry.gr/
176055703000,ROOM360 Ο.Ε.,,802421596,ΟΕ,ΑΤΤΙΚΗΣ,christina@room360.gr,6983878192,,https://room360.gr/
176294903000,DIGITAL SAPIENS Ο.Ε.,DIGITAL SAPIENS,802434764,ΟΕ,ΑΤΤΙΚΗΣ,mg@digitalsapiens.gr,6947939994,,https://digitalsapiens.gr/
176500303000,BRANDMEDIA VENTURES ΜΟΝΟΠΡΟΣΩΠΗ Ι.Κ.Ε.,,802446019,ΙΚΕ,ΑΤΤΙΚΗΣ,INFO@BRANDMEDIAVENTURES.EU,6934314516,,https://brandmediaventures.eu/
176524701000,MYSIGN ΜΟΝΟΠΡΟΣΩΠΗ Ι.Κ.Ε.,MYSIGN,802447305,ΙΚΕ,ΑΤΤΙΚΗΣ,h.tsagaratos@whizz.gr,6973667166,,https://www.whizz.gr/
176531106000,ΚΑΡΑΣΑΚΑΛΙΔΗΣ ΚΥΡΙΑΚΟΣ ΤΟΥ ΑΝΔΡΟΝΙΚΟΥ,,065398092,ΑΤΟΜΙΚΗ,ΘΕΣΣΑΛΟΝΙΚΗΣ,kyriakoska@programmata-espa.gr,,,https://programmata-espa.gr/
176760203000,ΘΕΟΔΩΡΟΣ ΓΕΩΡΓΕΔΑΚΗΣ ΜΟΝΟΠΡΟΣΩΠΗ Ι.Κ.Ε.,DAY ONE GROWTH IGNITERS,802459630,ΙΚΕ,ΑΤΤΙΚΗΣ,alastor@alastor.gr,2310514669,https://www.dayone.gr/%CE%B3%CE%B5%CE%BC%CE%B7,
176914744000,SPaD Ι.Κ.Ε.,,802468104,ΙΚΕ,ΜΑΓΝΗΣΙΑΣ,stamatispapadimos@gmai.com,2421033638,https://stamatispapadimos.wixsite.com/mysite,
177031503000,ΠΡΟΜΟΤΥΠ ΜΟΝΟΠΡΟΣΩΠΗ Ι.Κ.Ε.,,802474400,ΙΚΕ,ΑΤΤΙΚΗΣ,info@mpastas.gr,6981170450,www.promotyp.eu,
177136706000,ΟΙΚΟΝΟΜΟΥ Χ. ΣΟΦΙΑΝΟΥ Θ. Ο.Ε.,FELINES AGENCY,802479930,ΟΕ,ΘΕΣΣΑΛΟΝΙΚΗΣ,oikonomou@digitalfelines.com,6988355792,,https://digitalfelines.com/
177237003000,PANIK DIGITAL DISTRIBUTION ΙΔΙΩΤΙΚΗ ΚΕΦΑΛΑΙΟΥΧΙΚΗ ΕΤΑΙΡΕΙΑ,PANIK DIGITAL DISTRIBUTION Ι.Κ.Ε.,802484859,ΙΚΕ,ΑΤΤΙΚΗΣ,info@panikdigital.gr,2108941950,,https://panikdigital.gr/
177290103000,ΓΑΡΥΦΑΛΟΣ ΚΟΜΝΗΝΟΣ ΣΤΕΦΑΝΟΣ,ΚΟΜΜΕΡΣΙΑΛ ΧΑΜΠ,141465450,ΑΤΟΜΙΚΗ,ΑΝΑΤΟΛΙΚΗΣ ΑΤΤΙΚΗΣ,creations@commercial-hub.gr,6988445145,www.commercialhub.gr,
177369522000,DIGI-MA ΜΟΝΟΠΡΟΣΩΠΗ Ι.Κ.Ε.,DIGI-MA,802491598,ΙΚΕ,ΕΥΒΟΙΑΣ,konstask@yahoo.gr,6949966858,https://digi-ma.gr/,
177511334000,ΚΟΥΤΣΟΥΚΗ ΕΛΕΝΗ,,148005811,ΑΤΟΜΙΚΗ,ΚΕΦΑΛΛΗΝΙΑΣ,koutsoukie@yahoo.gr,2674072483,supermumoftwinboys.gr,
177538406000,ΧΑΡΑΛΑΜΠΙΔΗΣ ΑΛΕΞ. ΚΑΙ ΣΙΑ Ε.Ε.,monksgr,802500249,ΕΕ,ΘΕΣΣΑΛΟΝΙΚΗΣ,alex@monks.gr,2310455535,,https://monks.gr/
177669206000,ΔΗΜΗΤΡΑ ΚΑΒΑΛΑΡΗ ΜΟΝΟΠΡΟΣΩΠΗ Ι.Κ.Ε.,FRAU DIMITRA,802507110,ΙΚΕ,ΘΕΣΣΑΛΟΝΙΚΗΣ,d.kavalari@hotmail.com,6972541733,https://fraudimitra.gr/,
177685301000,S.P.C. Investment Technologies Ι.Κ.Ε.,S.P.C. Investment Technologies,802507830,ΙΚΕ,ΑΤΤΙΚΗΣ,s.charatsis@beta.gr,6936533296,www.trade-link.gr,
177747501000,M & E PRODUCTIONS ΜΟΝΟΠΡΟΣΩΠΗ Ι.Κ.Ε.,,802510882,ΙΚΕ,ΑΤΤΙΚΗΣ,admin@me-productions.gr,2102201813,https://www.me-productions.gr,
177770403000,"WELL COMMS, COMMUNICATIONS & WELLBEING CONSULTING Ο.Ε.","WELL COMMS, COMMUNICATIONS & WELLBEING CONSULTING",802512119,ΟΕ,ΑΤΤΙΚΗΣ,malou@wellcommsagency.com,2106133382,,https://wellcommsagency.com/
177805430000,ΠΑΠΑΖΙΑΚΑΣ ΓΕΩΡΓΙΟΣ Ε.Ε.,GPINT,802514198,ΕΕ,ΚΑΒΑΛΑΣ,g.papaziakas@irisgold.com,2593053300,,https://www.irisgold.com/
177862458000,REKKO SOLUTIONS ΜΟΝΟΠΡΟΣΩΠΗ ΙΔΙΩΤΙΚΗ ΚΕΦΑΛΑΙΟΥΧΙΚΗ ΕΤΑΙΡΕΙΑ,REKKO SOLUTIONS,802517220,ΙΚΕ,ΧΑΝΙΩΝ,nikosag90@gmail.com,6989819037,http://www.rekko.gr,
177937204000,NOVITY ΜΟΝΟΠΡΟΣΩΠΗ ΙΔΙΩΤΙΚΗ ΚΕΦΑΛΑΙΟΥΧΙΚΗ ΕΤΑΙΡΕΙΑ,NOVITY,802521233,ΙΚΕ,ΘΕΣΣΑΛΟΝΙΚΗΣ,iliaskroupas@outlook.com,6980858870,https://novity.gr,
178225801000,ΕΥΑΓΓΕΛΙΑ-ΙΡΙΣ ΣΤΕΦΑΝΙΔΟΥ ΛΟΗ ΤΟΥ ΑΛΕΞΑΝΔΡΟΥ,,147718014,ΑΤΟΜΙΚΗ,ΑΤΤΙΚΗΣ,hi@irisloi.com,6949315737,,https://www.irisloi.com/
178301901000,MY BRIGHT SKY ΜΟΝΟΠΡΟΣΩΠΗ Ι.Κ.Ε.,MY BRIGHT SKY,802542056,ΙΚΕ,ΑΤΤΙΚΗΣ,info@rapidsoft.gr,2114115217,http://www.mybrightsky.gr,
178340201000,THE WEEKEND AGENCY ΜΟΝΟΠΡΟΣΩΠΗ ΙΔΙΩΤΙΚΗ ΚΕΦΑΛΑΙΟΥΧΙΚΗ ΕΤΑΙΡΕΙΑ,THE WEEKEND AGENCY,802544117,ΙΚΕ,ΑΤΤΙΚΗΣ,vasilis@tavernaris.com,2241069916,https://www.theweekend.agency,
178524701000,MM GROUP MEDIA Α.Ε.,,802554960,ΑΕ,ΑΤΤΙΚΗΣ,accounting@mmgroupmedia.com,2106009062,,https://mmgroupmedia.com/
178546829000,ΑΦΟΙ ΔΕΡΕΚΑ Ε.Ε.,DEREKAS BROS Ε.Ε.,802556190,ΕΕ,ΙΩΑΝΝΙΝΩΝ,info@aderekas.com,2651030655,,https://aderekas.com/
178605045000,purple ink ΜΟΝΟΠΡΟΣΩΠΗ Ι.Κ.Ε.,purple ink,802559825,ΙΚΕ,ΜΕΣΣΗΝΙΑΣ,elena-zzz@hotmail.com,6977287978,https://www.purpleink.gr,
178632801000,SOUTHSTAR - MCALLEN WARDEN CONSULTANTS ΚΟΙΝΟΠΡΑΞΙΑ,SOUTHSTAR - MCALLEN WARDEN CONSULTANTS,802561384,Κοινοπραξία,ΑΤΤΙΚΗΣ,accounting@southstar.gr,2106424100,,https://www.southstar.gr/
178637306000,ADVERTHOOD ΜΟΝΟΠΡΟΣΩΠΗ Ι.Κ.Ε.,ADVERTHOOD,802561673,ΙΚΕ,ΘΕΣΣΑΛΟΝΙΚΗΣ,info@pnpaccounting.gr,2310281181,http://adverthood.gr/,
178647401000,INTELIO ΑΝΩΝΥΜΗ ΕΤΑΙΡΕΙΑ,INTELIO,802562227,ΑΕ,ΑΤΤΙΚΗΣ,george.liapis@primal-res.com,6976043101,,https://www.webhotelier.net/primalres
178656916000,ΖΑΠΑΝΤΙΩΤΗΣ ΓΕΩΡΓΙΟΣ,,157125530,ΑΤΟΜΙΚΗ,ΑΧΑΙΑΣ,george@socialbuzzing.co.uk,6970932544,,https://socialbuzzing.co.uk/
178682240000,CURSOR DESIGN STUDIO ΜΟΝΟΠΡΟΣΩΠΗ Ι.Κ.Ε.,CURSOR DESIGN STUDIO ΜΟΝΟΠΡΟΣΩΠΗ Ι.Κ.Ε.,802564165,ΙΚΕ,ΛΑΡΙΣΑΣ,info@cursor.gr,6937635632,,https://www.cursor.gr/
178686003000,CRITICAL HIT PR Ι.Κ.Ε.,INDIEPUMP | CRITICAL HIT PR,802564350,ΙΚΕ,ΑΤΤΙΚΗΣ,finance@tomako.group,2155000610,,https://www.tomako.group/
178705203000,ΚΑΛΙΑΚΟΥΔΗΣ ΠΑΥΛΟΣ,,146892621,ΑΤΟΜΙΚΗ,ΑΤΤΙΚΗΣ,pavlos.kaliakoudis@pkd-max.com,6987896132,,https://pkd-max.com/
178789509000,ARPA DESIGN ΜΟΝΟΠΡΟΣΩΠΗ Ι.Κ.Ε.,,802570436,ΙΚΕ,ΑΤΤΙΚΗΣ,info@southdigital.gr,6940016578,,https://southdigital.gr/
178849616000,ΑΝΑΓΝΩΣΤΟΠΟΥΛΟΥ ΕΛΕΝΗ-ΔΗΜΗΤΡΑ,To Be Digital – Digital Agency,163472415,ΑΤΟΜΙΚΗ,ΑΧΑΙΑΣ,info@tobedigital.eu,6932901771,,https://tobedigital.eu/
178872003000,ΓΚΙΟΣΑΣΙ ΘΕΜΙΣΤΟΚΛΗΣ,,171202741,ΑΤΟΜΙΚΗ,ΑΤΤΙΚΗΣ,tgkiosasi@gmail.com,6972731423,www.tgkiosasi.gr,
178904238000,istaff ΜΟΝΟΠΡΟΣΩΠΗ Ι.Κ.Ε.,,802576397,ΙΚΕ,ΚΥΚΛΑΔΩΝ,polikadriotis.stavros@gmail.com,6949739977,http://www.istaffmonike.com,
179596103000,DYNAWASP Ο.Ε.,DynaWasp,802614413,ΟΕ,ΑΤΤΙΚΗΣ,info@dynawasp.com,6982004148,,https://dynawasp.com/
179622901000,DISTINGUISHED PROMOTION ΜΟΝΟΠΡΟΣΩΠΗ Ι.Κ.Ε.,,802615956,ΙΚΕ,ΑΤΤΙΚΗΣ,kpalierakis@screation.gr,2108848310,,https://www.screation.gr/
179713701000,Sportad Ι.Κ.Ε.,Sportad,802621047,ΙΚΕ,ΑΤΤΙΚΗΣ,info@sportad.gr,2106207192,https://sportad.gr/,
179826906000,ΓΕΩΡΓΙΑ Π. ΧΑΤΖΗΠΛΑΤΩΝ ΜΟΝΟΠΡΟΣΩΠΗ Ι.Κ.Ε.,GC GROUP,802627513,ΙΚΕ,ΘΕΣΣΑΛΟΝΙΚΗΣ,chgeorgina@hotmail.com,6936119410,https://lunchboxaki.gr,
179836503000,ΦΑΤΟΥΡΟΥ ΒΑΣΙΛΙΚΗ,ΦΑΤΟΥΡΟΥ ΒΑΣΙΛΙΚΗ ΓΡΗΓΟΡΙΟΣ,132743898,ΑΤΟΜΙΚΗ,ΑΤΤΙΚΗΣ,vassoftr@yahoo.com,2109636386,www.fatourou.gr,
179845606000,ΠΑΡΤΑΛΑΣ ΧΑΡΑΛΑΜΠΟΣ,,117572882,ΑΤΟΜΙΚΗ,ΘΕΣΣΑΛΟΝΙΚΗΣ,lampis@growhub.gr,6985666863,,https://www.growhub.gr/
179850003000,MAY DESIGN STUDIO Ε.Ε.,DESIGN COMES FIRST,802628720,ΕΕ,ΑΤΤΙΚΗΣ,hello@maydesign.gr,2106410081,,https://maydesign.gr/
179993806000,Α2 Advertising & Event Experiences Ι.Κ.Ε.,Α2 Advertising & Event Experiences,802637033,ΙΚΕ,ΘΕΣΣΑΛΟΝΙΚΗΣ,marias@admine.eu,2311292929,,https://www.admine.eu/
180070441000,ΒΕΡΙΓΟΥ ΓΕΩΡΓΙΑ,verigou,147360313,ΑΤΟΜΙΚΗ,ΛΑΣΙΘΙΟΥ,verigou@gmail.com,6979228435,www.verigou.gr,
180142421000,The Digitals Υπηρεσίες Επικοινωνίας Ο.Ε.,The Digitals,802645205,ΟΕ,ΕΒΡΟΥ,office@thedigitals.gr,6949222270,,https://thedigitals.gr/
180320740000,Κωτούλας Λάζαρος και Κώτσικας Σωτήριος Ι.Κ.Ε.,Ω Omega Led Wall,802654994,ΙΚΕ,ΛΑΡΙΣΑΣ,info@omegaledwall.gr,2467024882,https://easybalance.gr/public/company/5wi1gaercRWyBnuMDDt7GNKBpPauUi1dr/,
180352341000,XPERIENCE MEDIA Ε.Ε.,XPERIENCE MEDIA,802656951,ΕΕ,ΛΑΣΙΘΙΟΥ,info@xperiencemore.eu,6932908356,,https://www.xperiencemore.eu/
180488301000,THE MAVERICK ADV ΜΟΝΟΠΡΟΣΩΠΗ Ι.Κ.Ε.,THE MAVERICK ADV,802664336,ΙΚΕ,ΑΤΤΙΚΗΣ,thanos.vlachopoulos@me.com,2103621743,https://themaverick.gr/,
180536801000,"maybe, agency Ι.Κ.Ε.","maybe, agency",802666723,ΙΚΕ,ΑΤΤΙΚΗΣ,o.dekavalas@gmail.com,2108325958,https://itsmaybe.online,
180742146000,ΤΣΩΚΑΣ ΗΛΙΑΣ ΤΟΥ ΑΘΑΝΑΣΙΟΥ,,142531639,ΑΤΟΜΙΚΗ,ΞΑΝΘΗΣ,info@tsokas.net,,,https://www.tsokas.net/
180977106000,ΚΑΡΑΓΚΟΥΝΗ ΠΑΡΑΣΚΕΥΗ,PLUSVALUE ADVERTISING,172151132,ΑΤΟΜΙΚΗ,ΘΕΣΣΑΛΟΝΙΚΗΣ,info@plusvalue.com.gr,2310798076,www.plusvalue.com.gr,
181133103000,ΜΠΑΟΥΡΔΑΣ ΓΕΩΡΓΙΟΣ,,139464845,ΑΤΟΜΙΚΗ,ΑΤΤΙΚΗΣ,george@trout.gr,6944186825,,https://trout.gr/
181149708000,AUTOMEDIA Ε.Ε.,AUTOMEDIA,802698259,ΕΕ,ΑΤΤΙΚΗΣ,marseni@autogreeknews.gr,6972705040,,https://autogreeknews.gr/
181342240000,Ν.ΠΑΠΑΛΕΞΗΣ - Ζ.ΓΚΟΤΖΙΑ Ο.Ε.,PAPALEXIS CREATIVE,802709819,ΟΕ,ΛΑΡΙΣΑΣ,np@grafix.gr,2410259975,,https://www.grafix.gr/
181518401000,MATTER 22 Ι.Κ.Ε.,MATTER 22,802719512,ΙΚΕ,ΑΤΤΙΚΗΣ,eva@matter22.com,6956303061,,https://www.matter22.com/
181580201000,IMAGINE MORE Ι.Κ.Ε.,IMAGINE MORE,802722960,ΙΚΕ,ΑΤΤΙΚΗΣ,konstantinos@imaginemore.gr,6944544088,https://imaginemore.gr,
181688706000,ΜΑΤΖΙΡΗΣ ΗΛΙΑΣ ΤΟΥ ΓΕΩΡΓΙΟΥ,CURVED CUT,154917392,ΑΤΟΜΙΚΗ,ΘΕΣΣΑΛΟΝΙΚΗΣ,info@curvedcut.gr,6947730297,,https://www.curvedcut.gr/
181847407000,OLLYS DESIGN Ε.Ε.,,802737751,ΕΕ,ΑΤΤΙΚΗΣ,helenpap@focalpm.com,6936293374,,https://www.focalpm.com/
181941406000,ANYHOW MEDIA - ΔΙΑΦΗΜΙΣΤΙΚΗ - ΕΚΔΟΤΙΚΗ Α.Ε.,ANYHOW MEDIA ΑΝΩΝΥΜΗ ΕΤΑΙΡΙΑ,802742994,ΑΕ,ΘΕΣΣΑΛΟΝΙΚΗΣ,management@anyhow.gr,2311118750,,https://anyhow.gr/
182006822000,DEAL PLANET ΜΟΝΟΠΡΟΣΩΠΗ Ι.Κ.Ε.,DEAL PLANET,802746540,ΙΚΕ,ΕΥΒΟΙΑΣ,filipposstam97@gmail.com,6985851344,https://dealplanet.gr/,
182015106000,ΒΑΓΙΑΝΝΗΣ ΝΙΚΟΛΑΟΣ ΤΟΥ ΔΗΜΗΤΡΙΟΥ,,152517167,ΑΤΟΜΙΚΗ,ΘΕΣΣΑΛΟΝΙΚΗΣ,nikos@vagiannis-olives.com,,,http://vagiannis-olives.com/
182348306000,ΣΙΟΥΛΑ ΕΥΑΓΓΕΛΙΑ ΧΡΥΣΟΒΑΛΑΝ,,159408003,ΑΤΟΜΙΚΗ,ΘΕΣΣΑΛΟΝΙΚΗΣ,leo@lnllabs.io,6971695266,,https://lnllabs.io/
182560403000,Another Practice Ο.Ε.,Another Practice,802776360,ΟΕ,ΑΤΤΙΚΗΣ,al.kiritsis@gmail.com,6977795195,https://www.another-practice.com,
182689703000,ΙΩΑΚΕΙΜ ΚΑΛΛΙΒΡΟΥΣΗΣ ΧΑΡΤΟΓΡΑΦΙΚΗ Ε.Ε.,ΙΩΑΚΕΙΜ ΚΑΛΛΙΒΡΟΥΣΗΣ ΧΑΡΤΟΓΡΑΦΙΚΗ,802783301,ΕΕ,ΑΤΤΙΚΗΣ,info@hartografiki.gr,6937470532,,https://hartografiki.gr/
182700245000,ΜΠΑΪΡΑΚΤΑΡΗ ΦΡΟΣΥΝΗ ΤΟΥ ΒΑΣΙΛΕΙΟΥ,AEROPLANE,123711817,ΑΤΟΜΙΚΗ,ΜΕΣΣΗΝΙΑΣ,frosyni@weareaeroplane.com,6975505843,,https://www.weareaeroplane.com/
182831403000,ΔΗΜΗΤΡΟΥΛΗ ΜΑΡΙΑΝΘΗ,,103640560,ΑΤΟΜΙΚΗ,ΑΤΤΙΚΗΣ,marie.dimitrouli@gmail.com,6977953258,www.aade.gr,
182919903000,ΝΙΚΟΛΟΥΖΟΥ ΡΑΦΑΗΛΙΑ ΜΑΡΙΑ,,170471678,ΑΤΟΜΙΚΗ,ΑΝΑΤΟΛΙΚΗΣ ΑΤΤΙΚΗΣ,rafaellanikolouzou@gmail.com,6948206929,www.rafaellanikolouzou.gr,
182998516000,mediawall Ι.Κ.Ε.,mediawall,802799570,ΙΚΕ,ΑΧΑΙΑΣ,info@mediawall.gr,2610433600,https://mediawall.gr/,
183039101000,PAPERCLIP DIGITAL MEDIA ΜΟΝΟΠΡΟΣΩΠΗ Ι.Κ.Ε.,PAPERCLIP DIGITAL MEDIA,802801581,ΙΚΕ,ΑΤΤΙΚΗΣ,jm@paperclipdigitalmedia.com,6940851394,,https://www.paperclipmedia.ca/
183090403000,ΜΑΛΑΙ ΤΖΟΝ,Agenz,169402252,ΑΤΟΜΙΚΗ,ΑΤΤΙΚΗΣ,info@agenz.gr,6946348096,agenz.gr,
183296101000,URBAN ADVERTISING Ι.Κ.Ε.,URBAN ADVERTISING,802815597,ΙΚΕ,ΑΧΑΙΑΣ,taxandbusiness2017@gmail.com,6985687766,https://www.urbanadvertising.gr/,
183521406000,North Synergy Ο.Ε.,North Synergy,802828949,ΟΕ,ΘΕΣΣΑΛΟΝΙΚΗΣ,contact@northdigitalsynergy.com,6972220609,,https://northdigitalsynergy.com/
183745503000,Can Go Digital Ε.Ε.,Can Go Digital,802840569,ΕΕ,ΑΤΤΙΚΗΣ,chris@georgakopoulos.com,2102696533,,https://www.georgakopoulos.com/
183903203000,GoOnlife Ι.Κ.Ε.,GoOnlife,802848659,ΙΚΕ,ΑΤΤΙΚΗΣ,goonlife@goonlife.com,6970301896,,https://goonlife.com/
183905603000,PlayerBook Ο.Ε.,PlayerBook,802848832,ΟΕ,ΑΤΤΙΚΗΣ,tsatsoulis.lef@gmail.com,2109964350,https://playerbook.gr,
183984603000,BMVM ΜΟΝΟΠΡΟΣΩΠΗ Ι.Κ.Ε.,,802852986,ΙΚΕ,ΑΤΤΙΚΗΣ,vasmarmatakis@gmail.com,6977602803,www.marmatakis.net,
184003640000,SOEHT ART ΜΟΝΟΠΡΟΣΩΠΗ Ι.Κ.Ε.,SOEHT ART ΜΟΝΟΠΡΟΣΩΠΗ Ι.Κ.Ε.,802854170,ΙΚΕ,ΛΑΡΙΣΑΣ,soehtartadvertise24@yahoo.gr,2410539437,https://isologismos.work/soeht-art/,
184162801000,OXYGEN COMMS ΜΟΝΟΠΡΟΣΩΠΗ Ι.Κ.Ε.,OXYGEN COMMS,802862421,ΙΚΕ,ΑΤΤΙΚΗΣ,ekladia@vrlegal.eu,6973248219,www.oxygencomms.gr,
184203703000,BLUSH Διαφημιστικές Υπηρεσίες Ε.Ε.,BLUSHe,802864487,ΕΕ,ΑΤΤΙΚΗΣ,evi@blushagency.gr,6989918312,,https://www.blushagency.gr/
184225506000,MAVERIX Ε.Ε.,MAVERIX,802865620,ΕΕ,ΘΕΣΣΑΛΟΝΙΚΗΣ,johnmalath@maverix.gr,6943690101,,https://maverix.gr/
184292103000,AlphaZ boutique agency Ο.Ε.,AlphaZ,802868935,ΟΕ,ΑΤΤΙΚΗΣ,info@alphaz.gr,6936521682,,https://www.alphaz.gr/
184413501000,IRLad.net Ε.Ε.,IRLad.net,802875190,ΕΕ,ΑΤΤΙΚΗΣ,mkotsidou@irlad.net,6979901330,,https://irlad.net/
184489306000,EMPORIO ROYXWN THESSALONIKI ΜΟΝΟΠΡΟΣΩΠΗ Ι.Κ.Ε.,,802878990,ΙΚΕ,ΘΕΣΣΑΛΟΝΙΚΗΣ,info@business.gr,2312312555,http://www.wwbusiness.gr,
184510920000,VIBRANDE Ε.Ε.,,802880021,ΕΕ,ΔΩΔΕΚΑΝΗΣΟΥ,director@vibrande.gr,6974908938,,http://vibrande.gr/
184632205000,ΠΕΤΡΙΔΗΣ ΠΕΤΡΟΣ ΤΟΥ ΚΩΝΣΤΑΝΤΙΝΟΥ,,062791740,ΑΤΟΜΙΚΗ,ΘΕΣΣΑΛΟΝΙΚΗΣ,contact@lineadesign.net,2310284074,,https://lineadesign.net/
184711701000,UPLEAD ΜΟΝΟΠΡΟΣΩΠΗ Ι.Κ.Ε.,UPLEAD,802890259,ΙΚΕ,ΑΤΤΙΚΗΣ,hello@uplead.gr,6947786121,https://www.uplead.gr/,
184735306000,ΣΥΡΟΠΟΥΛΟΥ ΠΗΝΕΛΟΠΗ ΤΟΥ ΒΑΣΙΛΕΙΟΥ,ON SEO PRO,137330731,ΑΤΟΜΙΚΗ,ΘΕΣΣΑΛΟΝΙΚΗΣ,info@onseopro.com,6980171130,onseopro.com,
184739935000,MDNS Digital ΜΟΝΟΠΡΟΣΩΠΗ Ι.Κ.Ε.,,802891766,ΙΚΕ,ΚΙΛΚΙΣ,tompap4@gmail.com,2341020045,https://mdnsdigital.com/,
184976604000,ΤΟΥΡΤΑ ΜΕΛΙΝΑ ΑΡΕΤΗ,Α & Ω TECHNOLOGY,136287505,ΑΤΟΜΙΚΗ,ΘΕΣΣΑΛΟΝΙΚΗΣ,info@alpha-omega.tech,2313038301,,https://alpha-omega.tech/
185017403000,MUHAMMAD KHUSHI ΜΟΝΟΠΡΟΣΩΠΗ Ι.Κ.Ε.,,802905290,ΙΚΕ,ΑΤΤΙΚΗΣ,mohammad1234@yopmail.com,6946725164,,https://yopmail.com/
185090001000,GASTROCONNECT Ι.Κ.Ε.,GASTROCONNECT,802908661,ΙΚΕ,ΑΤΤΙΚΗΣ,info@gastroconnect.gr,6983739172,https://gastroconnect.gigabit.net.gr/,
185146803000,ΜΑΣΤΡΟΓΕΩΡΓΙΟΥ ΓΕΩΡΓΙΟΣ,,074291458,ΑΤΟΜΙΚΗ,ΑΤΤΙΚΗΣ,gmastro1@gmail.com,6932965643,www.3dmastrocraft.com,
185270003000,ART COMMERCIAL ΜΟΝΟΠΡΟΣΩΠΗ Ι.Κ.Ε.,ART COMMERCIAL,802916765,ΙΚΕ,ΑΤΤΙΚΗΣ,gram.proed@gmail.com,2104811010,WWW.ARTCOMMERCIAL.GR,
185364601000,WHITE & PURPLE ΚΟΙΝΟΠΡΑΞΙΑ,,802920780,Κοινοπραξία,ΑΤΤΙΚΗΣ,info@kalleslaw.gr,2103615649,,https://kalleslaw.gr/
185388203000,WORK CENTER ΜΟΝΟΠΡΟΣΩΠΗ ΙΔΙΩΤΙΚΗ ΚΕΦΑΛΑΙΟΥΧΙΚΗ ΕΤΑΙΡΕΙΑ,WORK CENTER,802921960,ΙΚΕ,ΑΤΤΙΚΗΣ,info@work-center.gr,2104449631,https://work-center.gr/,
185434601000,MARIMOH GREECE ΙΔΙΩΤΙΚΗ ΚΕΦΑΛΑΙΟΥΧΙΚΗ ΕΤΑΙΡΕΙΑ,,802923916,ΙΚΕ,ΑΤΤΙΚΗΣ,alex@marimoh.com,6976553492,,https://www.marimoh.com/
185536503000,EO Strategic Design ΜΟΝΟΠΡΟΣΩΠΗ Ι.Κ.Ε.,ΕΟ Strategic Agency. ,802928936,ΙΚΕ,ΑΤΤΙΚΗΣ,nskartsari@gmail.com,6987736961,eostrategicdesign.com,
185632603000,LIGHTCUBE Ε.Ε.,LIGHTCUBE,802933006,ΕΕ,ΑΤΤΙΚΗΣ,flashingdiaries@gmail.com,6984706904,https://lightcube.gr/,
185705340000,ΖΑΦΕΙΡΟΥΛΗΣ ΣΠΥΡΙΔΩΝ ΠΑΝΑΓΙΩΤΗΣ,NeuroAds,070755900,ΑΤΟΜΙΚΗ,ΛΑΡΙΣΑΣ,zaf.spyros@gmail.com,2410661424,https://neuroads.gr/,
185809806000,ΔΩΡΟΔΟΥΛΗ ΒΑΣΙΛΙΚΗ ΔΗΜΗΤΡΑ,ARCH CREATIVE,117622607,ΑΤΟΜΙΚΗ,ΘΕΣΣΑΛΟΝΙΚΗΣ,lidia@dorodouli.com,6973435756,,https://tsipourodorodouli.com/?v=f5b15f58caba
185810501000,MINDSPORTS Ι.Κ.Ε.,,802940925,ΙΚΕ,ΑΤΤΙΚΗΣ,n.tikopoulos@mindtrapadvertising.gr,2106840922,,https://mindtrapadvertising.gr/
185965522000,ΔΙΑΜΑΝΤΙΔΗΣ ΣΩΤΗΡΙΟΣ ΤΟΥ ΦΩΤΙΟΥ,ΝΤΑΙΑΜΟΝΤ ΑΝΤΒΕΡΤΑΙΣΙΝΓΚ,062428870,ΑΤΟΜΙΚΗ,ΕΥΒΟΙΑΣ,sfdiamantidis@gmail.com,2221023723,www.diamondvision.gr,
186316729000,ΓΚΟΥΡΜΠΑΤΣΗ ΔΗΜΗΤΡΑ ΤΟΥ ΒΑΣΙΛΕΙΟΥ,,130991364,ΑΤΟΜΙΚΗ,ΙΩΑΝΝΙΝΩΝ,info@ioannina.blog,2651052106,,https://www.ioannina.blog/
186360706000,KREATIVE ORGANICS ΜΟΝΟΠΡΟΣΩΠΗ Ι.Κ.Ε.,,802965422,ΙΚΕ,ΘΕΣΣΑΛΟΝΙΚΗΣ,kreativeorganicspl@gmail.com,6975519786,https://sites.google.com/view/krorg/home,
186471537000,PROMO NEWS ΜΟΝΟΠΡΟΣΩΠΗ Ι.Κ.Ε.,PROMO NEWS,802970573,ΙΚΕ,ΚΟΡΙΝΘΙΑΣ,info@bonatsou.com,6985848001,https://isthmosnews.gr,
186514941000,MEDIA HOUSE GROUP Ο.Ε.,,802972820,ΟΕ,ΛΑΣΙΘΙΟΥ,info@mediahouse.gr,6988637995,,https://www.mediahouse.gr/
186585301000,PICKEAT Ι.Κ.Ε.,,802976159,ΙΚΕ,ΑΤΤΙΚΗΣ,a.mysiris@athconsulting.gr,2106727843,www.pickeat.gr,
186626709000,TOSIMIO GROUP ΜΟΝΟΠΡΟΣΩΠΗ Ι.Κ.Ε.,TOSIMIO GROUP,802977783,ΙΚΕ,ΑΤΤΙΚΗΣ,ia.agritelis@hotmail.com,2109917850,tosimio.com,
186696720000,GIGPOSSIBLE ΙΔΙΩΤΙΚΗ ΚΕΦΑΛΑΙΟΥΧΙΚΗ ΕΤΑΙΡΕΙΑ,,802981201,ΙΚΕ,ΔΩΔΕΚΑΝΗΣΟΥ,lazaros.thomas@hotmail.com,6957067515,https://www.gigpossible.gr,
186741330000,ΜΙΧΕΛΗΝΑΚΗ ΕΥΑΓΓΕΛΙΑ ΤΟΥ ΓΕΩΡΓΙΟΥ,e-studio,030697368,ΑΤΟΜΙΚΗ,ΚΑΒΑΛΑΣ,lia@e-studio.gr,,,https://e-studio.gr/
186825006000,ΠΑΡΑΣΚΕΥΟΠΟΥΛΟΣ ΑΛΕΞΑΝΔΡΟΣ ΤΟΥ ΒΑΣΙΛΕΙΟΥ,,113837850,ΑΤΟΜΙΚΗ,ΘΕΣΣΑΛΟΝΙΚΗΣ,contact@mail-marketing.gr,,,https://mail-marketing.gr/
186828001000,WG MAGNETIQ Ι.Κ.Ε.,,802986988,ΙΚΕ,ΑΤΤΙΚΗΣ,mkaravagena@gmail.com,6972838659,www.themagnetiq.com,
187027301000,ΤΡΙΑΛΩΝΗΣ ΜΗΝΑΣ και ΣΙΑ ΔΙΑΦΗΜΙΣΤΙΚΗ ΕΤΕΡΟΡΡΥΘΜΗ ΕΤΑΙΡΕΙΑ,ADBERT Ε.Ε.,802996238,ΕΕ,ΑΤΤΙΚΗΣ,mtrialonis@adbert.gr,2109953527,,https://www.adbert.gr/
187231009000,ΛΙΑΚΑΤΕΛΛΗΣ ΕΥΣΤΡΑΤΙΟΣ ΤΟΥ ΠΑΝΑΓΙΩΤΗ,ΛΙΑΚΑΤΕΛΛΗΣ ΣΤΡΑΤΟΣ ΠΑΝΑΓΙΩΤΗΣ,181868640,ΑΤΟΜΙΚΗ,ΑΤΤΙΚΗΣ,info@kefko.gr,2105751016,www.liakatellis.gr,
187338127000,ΡΗΓΜΑ ΔΙΑΦΗΜΙΣΤΙΚΗ Ι.Κ.Ε.,ΡΗΓΜΑ Ι.Κ.Ε.,803010492,ΙΚΕ,ΗΡΑΚΛΕΙΟΥ,nikolaoskrk@gmail.com,2813017249,https://rigma.gr,
187353603000,BLUE BYTE TEC ΜΟΝΟΠΡΟΣΩΠΗ Ι.Κ.Ε.,,803011267,ΙΚΕ,ΑΤΤΙΚΗΣ,infor@blue-byte.gr,6949672092,http://blue-byte.gr/,
187355303000,ADDED AGENCY Ε.Ε.,ADDED AGENCY Ε.Ε.,803011403,ΕΕ,ΑΤΤΙΚΗΣ,giorgosdiplos@added.gr,6946468642,,https://added.gr/
187369501000,FWRD MEDIA ΕΛΛΑΣ ΜΟΝΟΠΡΟΣΩΠΗ Ι.Κ.Ε.,FWRD MEDIA ΕΛΛΑΣ,803011901,ΙΚΕ,ΑΤΤΙΚΗΣ,georgia.stavropoulou@havasmedia.com,2108088998,,https://havasmedianetwork.com
187678801000,THEUNDERDOGS ΜΟΝΟΠΡΟΣΩΠΗ Ι.Κ.Ε.,THEUNDERDOGS ΜΟΝΟΠΡΟΣΩΠΗ Ι.Κ.Ε.,803025376,ΙΚΕ,ΑΤΤΙΚΗΣ,vasovasilopoulou02@gmail.com,6977225402,https://www.theunderdogs.gr,
187968337000,ROSIU ELENA ΜΟΝΟΠΡΟΣΩΠΗ Ι.Κ.Ε.,AIDIL ΜΟΝΟΠΡΟΣΩΠΗ Ι.Κ.Ε.,803038267,ΙΚΕ,ΚΟΡΙΝΘΙΑΣ,rosiulidia@gmail.com,6984808082,https://www.aidil.gr,
188007906000,HIVE ADVERTISING Ε.Ε.,HIVE ADVERTISING,803040214,ΕΕ,ΘΕΣΣΑΛΟΝΙΚΗΣ,tsipouridou@hiveadv.gr,6934909832,,https://hiveadv.gr/
188035027000,ΜΕΤΑΞΑΡΑΚΗ-ΠΑΠΑΔΑΚΗΣ Ε.Ε.,,803041419,ΕΕ,ΗΡΑΚΛΕΙΟΥ,katerina@mksadv.gr,6944577827,,https://mksadv.gr/
188095803000,DIGI BOOST ΜΟΝΟΠΡΟΣΩΠΗ Ι.Κ.Ε.,,803044317,ΙΚΕ,ΑΤΤΙΚΗΣ,info@digiboost.gr,2104448716,ση https://digiboost.gr,
188246403000,ΤΣΟΥΜΠΑ ΑΙΚΑΤΕΡΙΝΗ ΤΟΥ ΒΑΣΙΛΕΙΟΥ,,138290308,ΑΤΟΜΙΚΗ,ΑΤΤΙΚΗΣ,katerina@etcopywriters.gr,,,https://etcopywriters.gr/
188372303000,HOUSE OF ADVANCED Ο.Ε.,HOUSE OF ADVANCED,803057362,ΟΕ,ΑΤΤΙΚΗΣ,info@houseofadvanced.com,6944996734,,https://houseofadvanced.com/
188507401000,Aether House ΜΟΝΟΠΡΟΣΩΠΗ Ι.Κ.Ε.,,803063530,ΙΚΕ,ΑΤΤΙΚΗΣ,aristbazas@gmail.com,6945532758,https://aetherhouse.gr/,
188648203000,ΝΑΑΜΟΥ ΕΛΕΝΗ,,155251540,ΑΤΟΜΙΚΗ,ΑΤΤΙΚΗΣ,info@stronger.gr,2103233369,www.stronger.gr,
188665909000,JS DIGITAL MARKETING ΜΟΝΟΠΡΟΣΩΠΗ Ι.Κ.Ε.,JS DIGITAL MARKETING,803070347,ΙΚΕ,ΑΤΤΙΚΗΣ,info@likenet.gr,2107520258,,https://likenet.gr/
188707601000,ΜΠΟΥΖΙΝΕΚΗΣ ΑΘΑΝΑΣΙΟΣ,,162676635,ΑΤΟΜΙΚΗ,ΑΤΤΙΚΗΣ,szaxar@hotmail.com,2106424791,mpouzinekis.gr,
188756844000,ARGORITHM Ο.Ε.,ARGORITHM,803073860,ΟΕ,ΜΑΓΝΗΣΙΑΣ,info@argorithm.gr,6984995402,,https://argorithm.gr/
189306203000,CALA ALEKSANDROS ΤΟΥ ILIR,,164401727,ΑΤΟΜΙΚΗ,ΑΤΤΙΚΗΣ,info@distarter.com,6947668424,,https://distarter.com/
189325838000,ΚΩΝΣΤΑΝΤΙΝΟΣ ΧΑΡΑΛΑΜΠΟΥ ΑΘΗΝΑΙΟΣ,,125484359,ΑΤΟΜΙΚΗ,ΚΥΚΛΑΔΩΝ,info@tinosecret.gr,6948504124,,https://tinosecret.gr/
189341454000,ΑΓΓΕΛΟΣ ΑΥΓΕΡΗΣ ΜΟΝΟΠΡΟΣΩΠΗ Ι.Κ.Ε.,,803096848,ΙΚΕ,ΦΘΙΩΤΙΔΑΣ,logistikostavrou@gmail.com,2106628008,http://www.aggelos.avgeris.gr,
189930808000,ΚΑΒΑΛΛΑΡΗΣ ΧΡΗΣΤΟΣ ΜΟΝΟΠΡΟΣΩΠΗ Α.Ε.,ΚΑΒΑΛΛΑΡΗΣ ΧΡΗΣΤΟΣ,803117154,ΑΕ,ΑΤΤΙΚΗΣ,info@kavallaris.gr,2104448050,www.kavallaris.gr,
190101208000,ALEXOGLOU MARIA ΜΟΝΟΠΡΟΣΩΠΗ Ι.Κ.Ε.,,803122914,ΙΚΕ,ΑΤΤΙΚΗΣ,alexoglou.ike@gmail.com,6986843580,www.divaaris.gr,
190106806000,ΑΚΤ MARKETING SERVICES ΕΤΕΡΟΡΡΥΘΜΗ ΕΤΑΙΡΙΑ,AKT MARKETING SERVICES,803123136,ΕΕ,ΘΕΣΣΑΛΟΝΙΚΗΣ,atubalidis@aktms.gr,2310268132,,https://aktms.gr/
190321803000,ΚΩΛΕΤΣΗΣ ΦΙΛΙΠΠ,,075976979,ΑΤΟΜΙΚΗ,ΑΝΑΤΟΛΙΚΗΣ ΑΤΤΙΚΗΣ,philip@7scoops.com,6945900253,,https://7scoops.com/
190675803000,Zeva Events ΜΟΝΟΠΡΟΣΩΠΗ Ι.Κ.Ε.,Zeva Events ΜΟΝΟΠΡΟΣΩΠΗ Ι.Κ.Ε.,803147287,ΙΚΕ,ΑΤΤΙΚΗΣ,katerina.v@hotmail.com,6947187883,www.zeva.gr,
190869303000,ΠΟΥΛΟΥ ΑΝΤΙΓΟΝΗ ΤΟΥ ΣΤΑΥΡΟΥ,,115120685,ΑΤΟΜΙΚΗ,ΑΤΤΙΚΗΣ,info@pouadesign.gr,2109914304,,https://pouadesign.gr/
190900001000,ΝΙΚΟΛΑΟΣ ΚΑΝΕΛΛΟΠΟΥΛΟΣ ΤΟΥ ΓΕΩΡΓΙΟΥ,SNAPPY IDEAS,176942707,ΑΤΟΜΙΚΗ,ΑΤΤΙΚΗΣ,info@snappyideas.gr,2106043208,,https://snappyideas.gr/
191040232000,ΕΥΘΥΜΙΟΥ ΔΗΜΗΤΡΙΟΣ ΤΟ ΣΠΥΡΙΔΩΝΑ,,131350614,ΑΤΟΜΙΚΗ,ΚΑΣΤΟΡΙΑΣ,contact@efthimioumarketing.gr,6977247692,,http://efthimioumarketing.gr/
191042201000,STAY COLLECTIVE Ι.Κ.Ε.,STAY COLLECTIVE,803161706,ΙΚΕ,ΑΤΤΙΚΗΣ,info@an-accountants.com,2102523979,http://www.staycollective.gr,
191056406000,ONE DROP ΜΟΝΟΠΡΟΣΩΠΗ Ι.Κ.Ε.,ONE DROP,803162426,ΙΚΕ,ΘΕΣΣΑΛΟΝΙΚΗΣ,creative@onedrop.gr,6947815135,http://www.onedrop.gr/.,
191068803000,EKTEO  ΙΔΙΩΤΙΚΗ ΚΕΦΑΛΑΙΟΥΧΙΚΗ ΕΤΑΙΡΕΙΑ,ekteo  Ι.Κ.Ε.,803163017,ΙΚΕ,ΑΤΤΙΚΗΣ,info@ekteo.gr,-,,https://ekteo.gr/
191077803000,GROWTH SPIKE ΜΟΝΟΠΡΟΣΩΠΗ Ι.Κ.Ε.,GROWTH SPIKE,803164259,ΙΚΕ,ΑΤΤΙΚΗΣ,cp@accountinganalytics.gr,6949948414,https://growthspike.co/,
191690106000,ΣΕΡΕΜΕΤΙΔΗΣ ΠΑΝΑΓΙΩΤΗΣ ΚΑΙ ΣΙΑ Ε.Ε.,SPINUS,803190505,ΕΕ,ΘΕΣΣΑΛΟΝΙΚΗΣ,business@spinus.gr,6972980489,,https://spinus.gr/
191757401000,PAPASUGAR ΜΟΝΟΠΡΟΣΩΠΗ Ι.Κ.Ε.,PAPASUGAR,803193685,ΙΚΕ,ΑΤΤΙΚΗΣ,info@an-accountants.com,2102523979,http://www.papasugar.gr,
191916503000,EASYINFLUENCER.TRAVEL Ι.Κ.Ε.,EASYINFLUENCER.TRAVEL,803201493,ΙΚΕ,ΑΤΤΙΚΗΣ,aggelos1athanasiou@gmail.com,6972359810,https://easyinfluencer.travel/,
191925812000,GroupKey Ο.Ε.,GroupKey Ο.Ε.,803202270,ΟΕ,ΑΙΤΩΛΟΑΚΑΡΝΑΝΙΑΣ,info@groupkey.gr,2161001515,,https://www.groupkey.gr/
191977840000,ΚΑΚΟΥΡΟΣ  ΠΕΤΡΟΣ,,107543276,ΑΤΟΜΙΚΗ,ΛΑΡΙΣΑΣ,info@sowl.gr,,,https://www.sowl.gr/
192108306000,MOUSIARIS MEDIA AGENCY ΜΟΝΟΠΡΟΣΩΠΗ Ι.Κ.Ε.,MOUSIARIS MEDIA AGENCY,803206114,ΙΚΕ,ΘΕΣΣΑΛΟΝΙΚΗΣ,mousiaris07@gmail.com,6984122001,https://mousarismediaagency.simplewebonline.com/,
192235103000,DIGEDIA - DIGITAL MEDIA ΜΟΝΟΠΡΟΣΩΠΗ Ι.Κ.Ε.,DIGEDIA - DIGITAL MEDIA,803212157,ΙΚΕ,ΑΤΤΙΚΗΣ,a.andrianos@digedia.gr,6980818068,,https://www.digedia.gr/
192360804000,Atlaspoint ΜΟΝΟΠΡΟΣΩΠΗ Ι.Κ.Ε.,Atlaspoint,803218973,ΙΚΕ,ΘΕΣΣΑΛΟΝΙΚΗΣ,zilansahino@outlook.com,6976768194,https://zilansahino.com/atlaspoint,
192436506000,KD Consultants Group Ο.Ε.,Bite Agency,803222730,ΟΕ,ΘΕΣΣΑΛΟΝΙΚΗΣ,vn@biteagency.gr,6949612613,,https://biteagency.gr/
192678528000,ICON SIGNS Ι.Κ.Ε.,,803233990,ΙΚΕ,ΘΕΣΠΡΩΤΙΑΣ,info@plus.com.gr,,https://icon.com.gr,
192755303000,ΠΑΠΠΑΣ ΗΛΙΑΣ,DIGIHERZ PETFLEX,161543171,ΑΤΟΜΙΚΗ,ΑΝΑΤΟΛΙΚΗΣ ΑΤΤΙΚΗΣ,eliaspappas@outlook.de,6940677854,www.digiherz.gr,
192797406000,ΖΑΜΠΟΥΡΙΔΗΣ ΔΗΜΗΤΡΙΟΣ ΚΑΙ ΣΙΑ Ε.Ε.,twistedsquare,803238610,ΕΕ,ΘΕΣΣΑΛΟΝΙΚΗΣ,welcome@twistedsquare.gr,6946066210,,https://twistedsquare.gr/
192984903000,ΚΑΡΑΒΑΚΟΣ ΗΛΙΑΣ ΤΟΥ ΒΑΣΙΛΕΙΟΥ,,135377840,ΑΤΟΜΙΚΗ,ΑΤΤΙΚΗΣ,info@ekfrasi.net,,,https://ekfrasi.net/
192993503000,ΧΑΤΖΗΣ ΚΩΝΣΤΑΝΤΙΝΟΣ ΤΟΥ ΙΩΑΝΝΗ,Upside Agency,138711377,ΑΤΟΜΙΚΗ,ΑΤΤΙΚΗΣ,info@upside.gr,6934976897,,https://upside.gr/
193392103000,ΜΑΡΗΣ ΜΑΙΣΤΡΟΣ ΠΑΝΑΓΙΩΤΗΣ,ΛΑΜΠΟΡΟ,302326320,ΑΤΟΜΙΚΗ,ΑΤΤΙΚΗΣ,wearelaboro@gmail.com,6943967063,www.laboro.gr,
193824024000,ΒΙΤΣΟΥ ΜΑΡΙΑ ΑΝΝΑ,THISWAY,153411623,ΑΤΟΜΙΚΗ,ΖΑΚΥΝΘΟΥ,info@thisway.gr,2695400921,https://thisway.gr,
194035307000,ΚΙΟΥΛΑΦΗΣ ΣΤΥΛΙΑΝΟΣ,DUALS PROMO,116759050,ΑΤΟΜΙΚΗ,ΠΕΙΡΑΙΑ,skioulafis@icloud.com,2104009266,www.skioulafis.com,
194084727000,ΚΟΚΟΛΑΚΗΣ ΓΕΩΡΓΙΟΣ ΤΟΥ ΚΩΝΣΤΑΝΤΙΝΟΥ,SEMHAPPENS,128332413,ΑΤΟΜΙΚΗ,ΗΡΑΚΛΕΙΟΥ,kokolakis@semhappens.com,,https://semhappens.com/,
194090709000,DIFITAL FORGE ΜΟΝΟΠΡΟΣΩΠΗ Ι.Κ.Ε.,DIFITAL FORGE,803299326,ΙΚΕ,ΑΤΤΙΚΗΣ,info@dig-i-forge.gr,6985881351,,https://dig-i-forge.gr/
194294508000,ΣΠΥΡΟΣ ΔΕΜΕΡΤΖΗΣ Ε.Ε.,,803309060,ΕΕ,ΑΤΤΙΚΗΣ,info@demertzis.gr,2109714719,,http://www.demertzis.gr/
194703303000,ADAMA ADVERTISING AGENCY ΜΟΝΟΠΡΟΣΩΠΗ Ι.Κ.Ε.,ADAMA ADVERTISING AGENCY,803329636,ΙΚΕ,ΑΤΤΙΚΗΣ,accountig@ucert.gr,6993673010,,https://ucert.gr/
195283303000,THERAPIFY Ο.Ε.,THERAPIFY,803359087,ΟΕ,ΑΤΤΙΚΗΣ,info@therapify.gr,6931983619,,https://therapify.gr/
195480503000,MELYDI PROMOTION Ε.Ε.,MELIDY PROMOTION,803369820,ΕΕ,ΑΤΤΙΚΗΣ,krigaki@melydi.gr,6977006722,,https://www.melydi.gr/
