"company","tier","verdict","email","phone","municipality","prefecture","legal_type","founded","socials","social_urls","kad","ar_gemi","afm","email_domain"
"ABILITY YACHTING HELLAS LIMITED","A","verified-no-site","meropi@seagreece.co","2169002985","ΒΑΡΗΣ - ΒΟΥΛΑΣ - ΒΟΥΛΙΑΓΜΕΝΗΣ / ΑΝΑΤΟΛΙΚΗΣ ΑΤΤΙΚΗΣ","ΑΤΤΙΚΗΣ","Υποκατάστημα Αλλοδαπής","2023","","","ΥΠΗΡΕΣΙΕΣ ΕΝΟΙΚΙΑΣΗΣ ΕΠΑΓΓΕΛΜΑΤΙΚΟΥ ΤΟΥΡΙΣΤΙΚΟΥ ΣΚΑΦΟΥΣ ΜΕ ΠΛΗΡΩΜΑ","169237801001","996569084","seagreece.co"
"AEGEAN SEADANCER ΙΔΙΩΤΙΚΗ ΚΕΦΑΛΑΙΟΥΧΙΚΗ ΕΤΑΙΡΕΙΑ","A","verified-no-site","info@kefko.gr","2105751016","ΘΗΡΑΣ / ΘΗΡΑΣ","ΚΥΚΛΑΔΩΝ","ΙΚΕ","2022","","","ΥΠΗΡΕΣΙΕΣ ΕΝΟΙΚΙΑΣΗΣ ΤΟΥΡΙΣΤΙΚΟΥ ΣΚΑΦΟΥΣ, ΧΩΡΙΣ ΠΛΗΡΩΜΑ","166854638000","801948894","kefko.gr"
"AEGEAN VIBES ΜΟΝΟΠΡΟΣΩΠΗ Ι.Κ.Ε.","A","verified-no-site","acc@uplink.com.gr","2109838760","ΠΑΤΡΕΩΝ / ΑΧΑΙΑΣ","ΑΧΑΙΑΣ","ΙΚΕ","2023","","","ΥΠΗΡΕΣΙΕΣ ΕΝΟΙΚΙΑΣΗΣ ΠΛΟΙΩΝ ΨΥΧΑΓΩΓΙΑΣ (ΚΟΤΕΡΩΝ, ΘΑΛΑΜΗΓΩΝ, ΒΕΝΖΙΝΑΚΑΤΩΝ ΚΛΠ), ΧΩΡΙΣ ΠΛΗΡΩΜΑ","173918716000","802300553","uplink.com.gr"
"AELIA YACHTING LIMITED YΠΟΚΑΤΑΣΤΗΜΑ ΑΛΛΟΔΑΠΗΣ","A","verified-no-site","welcome@amaltheia-consulting.gr","2108947049","ΠΕΙΡΑΙΩΣ / ΠΕΙΡΑΙΩΣ","ΠΕΙΡΑΙΑ","Υποκατάστημα Αλλοδαπής","2023","","","ΥΠΗΡΕΣΙΕΣ ΕΝΟΙΚΙΑΣΗΣ ΕΠΑΓΓΕΛΜΑΤΙΚΟΥ ΤΟΥΡΙΣΤΙΚΟΥ ΣΚΑΦΟΥΣ ΜΕ ΠΛΗΡΩΜΑ","168002907001","996568390","amaltheia-consulting.gr"
"AETHER SAILING ΜΟΝΟΠΡΟΣΩΠΗ Ι.Κ.Ε.","A","verified-no-site","accounting@powerofcube.gr","6944576860","ΑΛΙΜΟΥ / ΝΟΤΙΟΥ ΤΟΜΕΑ ΑΘΗΝΩΝ","ΑΤΤΙΚΗΣ","ΙΚΕ","2024","","","ΥΠΗΡΕΣΙΕΣ ΕΝΟΙΚΙΑΣΗΣ ΤΟΥΡΙΣΤΙΚΟΥ ΣΚΑΦΟΥΣ, ΧΩΡΙΣ ΠΛΗΡΩΜΑ","180533303000","802666587","powerofcube.gr"
"AF SAILING Ι.Κ.Ε.","A","verified-no-site","office@i-christopoulos.gr","6942019066","ΠΑΤΡΕΩΝ / ΑΧΑΙΑΣ","ΑΧΑΙΑΣ","ΙΚΕ","2022","","","ΥΠΗΡΕΣΙΕΣ ΕΝΟΙΚΙΑΣΗΣ ΤΟΥΡΙΣΤΙΚΟΥ ΣΚΑΦΟΥΣ, ΧΩΡΙΣ ΠΛΗΡΩΜΑ","162321416000","801731263","i-christopoulos.gr"
"AGIOS CRUISING Ι.Κ.Ε.","A","verified-no-site","giota@mythos-sailling.gr","6937504045","ΠΕΙΡΑΙΩΣ / ΠΕΙΡΑΙΩΣ","ΑΤΤΙΚΗΣ","ΙΚΕ","2023","","","ΥΠΗΡΕΣΙΕΣ ΕΝΟΙΚΙΑΣΗΣ ΕΠΑΓΓΕΛΜΑΤΙΚΟΥ ΤΟΥΡΙΣΤΙΚΟΥ ΣΚΑΦΟΥΣ ΜΕ ΠΛΗΡΩΜΑ","172547107000","802228225","mythos-sailling.gr"
"AILLEMAC PROPERTIES LIMITED ΥΠΟΚΑΤΑΣΤΗΜΑ ΑΛΛΟΔΑΠΗΣ","A","verified-no-site","info@exantas.com.gr","2109484120","ΚΑΛΛΙΘΕΑΣ / ΝΟΤΙΟΥ ΤΟΜΕΑ ΑΘΗΝΩΝ","","Υποκατάστημα Αλλοδαπής","2025","","","ΥΠΗΡΕΣΙΕΣ ΕΝΟΙΚΙΑΣΗΣ ΕΠΑΓΓΕΛΜΑΤΙΚΟΥ ΤΟΥΡΙΣΤΙΚΟΥ ΣΚΑΦΟΥΣ ΜΕ ΠΛΗΡΩΜΑ","183057802001","996423243","exantas.com.gr"
"AKTOR MARINE ΝΑΥΤΙΛΙΑΚΗ, ΨΥΧΑΓΩΓΙΑΣ ΚΑΙ ΣΥΜΜΕΤΟΧΩΝ ΜΟΝΟΠΡΟΣΩΠΗ ΑΝΩΝΥΜΗ ΕΤΑΙΡΕΙΑ","A","verified-no-site","info@aktor.gr","2106674700","ΠΑΙΑΝΙΑΣ / ΑΝΑΤΟΛΙΚΗΣ ΑΤΤΙΚΗΣ","ΑΤΤΙΚΗΣ","ΑΕ","2025","","","ΥΠΗΡΕΣΙΕΣ ΕΝΟΙΚΙΑΣΗΣ ΠΛΟΙΩΝ ΨΥΧΑΓΩΓΙΑΣ (ΚΟΤΕΡΩΝ, ΘΑΛΑΜΗΓΩΝ, ΒΕΝΖΙΝΑΚΑΤΩΝ ΚΛΠ), ΧΩΡΙΣ ΠΛΗΡΩΜΑ","185054701000","802906956","aktor.gr"
"ALL SOLUTIONS ΜΟΝΟΠΡΟΣΩΠΗ Ι.Κ.Ε.","A","verified-no-site","INFO@FASERVICES.GR","2104904835","ΝΙΚΑΙΑΣ - ΑΓΙΟΥ ΙΩΑΝΝΗ ΡΕΝΤΗ / ΠΕΙΡΑΙΩΣ","ΑΤΤΙΚΗΣ","ΙΚΕ","2020","","","ΥΠΗΡΕΣΙΕΣ ΕΝΟΙΚΙΑΣΗΣ ΤΟΥΡΙΣΤΙΚΟΥ ΣΚΑΦΟΥΣ, ΧΩΡΙΣ ΠΛΗΡΩΜΑ","154978407000","801353930","faservices.gr"
"ALLURE LIMITED","A","verified-no-site","account@larus.gr","2104287315","ΠΕΙΡΑΙΩΣ / ΠΕΙΡΑΙΩΣ","ΑΤΤΙΚΗΣ","Υποκατάστημα Αλλοδαπής","2014","","","ΥΠΗΡΕΣΙΕΣ ΕΝΟΙΚΙΑΣΗΣ ΕΠΑΓΓΕΛΜΑΤΙΚΟΥ ΤΟΥΡΙΣΤΙΚΟΥ ΣΚΑΦΟΥΣ ΜΕ ΠΛΗΡΩΜΑ","131312507001","997213890","larus.gr"
"ALMOSTA ROAD ΜΟΝΟΠΡΟΣΩΠΗ Ι.Κ.Ε.","A","verified-no-site","giota@mythos-sailling.gr","2221020657","ΠΕΙΡΑΙΩΣ / ΠΕΙΡΑΙΩΣ","ΑΤΤΙΚΗΣ","ΙΚΕ","2025","","","ΥΠΗΡΕΣΙΕΣ ΕΝΟΙΚΙΑΣΗΣ ΤΟΥΡΙΣΤΙΚΟΥ ΣΚΑΦΟΥΣ, ΧΩΡΙΣ ΠΛΗΡΩΜΑ","185447307000","802924568","mythos-sailling.gr"
"AMBERVALE LIMITED","A","verified-no-site","info@exantas.com.gr","2109484120","ΑΛΙΜΟΥ / ΝΟΤΙΟΥ ΤΟΜΕΑ ΑΘΗΝΩΝ","ΑΤΤΙΚΗΣ","Υποκατάστημα Αλλοδαπής","2018","","","ΥΠΗΡΕΣΙΕΣ ΕΝΟΙΚΙΑΣΗΣ ΕΠΑΓΓΕΛΜΑΤΙΚΟΥ ΤΟΥΡΙΣΤΙΚΟΥ ΣΚΑΦΟΥΣ ΜΕ ΠΛΗΡΩΜΑ","145806301001","996928141","exantas.com.gr"
"AMG CONSTRUCTION LIMITED YΠΟΚΑΤΑΣΤΗΜΑ ΑΛΛΟΔΑΠΗΣ","A","verified-no-site","maria.foteinopoulou@smbcapital.eu","2109483300","ΑΘΗΝΑΙΩΝ / ΚΕΝΤΡΙΚΟΥ ΤΟΜΕΑ ΑΘΗΝΩΝ","ΑΤΤΙΚΗΣ","Υποκατάστημα Αλλοδαπής","2024","","","ΥΠΗΡΕΣΙΕΣ ΕΝΟΙΚΙΑΣΗΣ ΕΠΑΓΓΕΛΜΑΤΙΚΟΥ ΤΟΥΡΙΣΤΙΚΟΥ ΣΚΑΦΟΥΣ ΜΕ ΠΛΗΡΩΜΑ","177652301001","996463020","smbcapital.eu"
"ANDROS SAILING Ι.Κ.Ε.","A","verified-no-site","info@georgiadistax.com","2310526477","ΝΕΑΣ ΣΜΥΡΝΗΣ / ΝΟΤΙΟΥ ΤΟΜΕΑ ΑΘΗΝΩΝ","ΑΤΤΙΚΗΣ","ΙΚΕ","2026","","","ΥΠΗΡΕΣΙΕΣ ΕΝΟΙΚΙΑΣΗΣ ΕΠΑΓΓΕΛΜΑΤΙΚΟΥ ΤΟΥΡΙΣΤΙΚΟΥ ΣΚΑΦΟΥΣ ΜΕ ΠΛΗΡΩΜΑ","191943703000","803203658","georgiadistax.com"
"ANEMOS Ι.Κ.Ε.","A","verified-no-site","info@vdk.gr","2108080653","ΑΙΓΙΑΛΕΙΑΣ / ΑΧΑΙΑΣ","ΑΧΑΙΑΣ","ΙΚΕ","2020","","","ΥΠΗΡΕΣΙΕΣ ΕΝΟΙΚΙΑΣΗΣ ΤΟΥΡΙΣΤΙΚΟΥ ΣΚΑΦΟΥΣ, ΧΩΡΙΣ ΠΛΗΡΩΜΑ","153938416000","801303348","vdk.gr"
"ANGKALIA SHIPPING LIMITED ΥΠΟΚΑΤΑΣΤΗΜΑ ΑΛΛΟΔΑΠΗΣ","A","verified-no-site","info@exantas.com.gr","2109484120","ΚΗΦΙΣΙΑΣ / ΒΟΡΕΙΟΥ ΤΟΜΕΑ ΑΘΗΝΩΝ","ΑΤΤΙΚΗΣ","Υποκατάστημα Αλλοδαπής","2021","","","ΥΠΗΡΕΣΙΕΣ ΕΝΟΙΚΙΑΣΗΣ ΕΠΑΓΓΕΛΜΑΤΙΚΟΥ ΤΟΥΡΙΣΤΙΚΟΥ ΣΚΑΦΟΥΣ ΜΕ ΠΛΗΡΩΜΑ","160514501001","996738019","exantas.com.gr"
"ANTIKERI MARINE LIMITED ΥΠΟΚΑΤΑΣΤΗΜΑ ΑΛΛΟΔΑΠΗΣ","A","verified-no-site","info@exantas.com.gr","2109484120","ΑΘΗΝΑΙΩΝ / ΚΕΝΤΡΙΚΟΥ ΤΟΜΕΑ ΑΘΗΝΩΝ","ΑΤΤΙΚΗΣ","Υποκατάστημα Αλλοδαπής","2023","","","ΥΠΗΡΕΣΙΕΣ ΕΝΟΙΚΙΑΣΗΣ ΕΠΑΓΓΕΛΜΑΤΙΚΟΥ ΤΟΥΡΙΣΤΙΚΟΥ ΣΚΑΦΟΥΣ ΜΕ ΠΛΗΡΩΜΑ","168058701001","996568561","exantas.com.gr"
"ARIVA LTD ΥΠΟΚΑΤΑΣΤΗΜΑ ΑΛΛΟΔΑΠΗΣ","A","verified-no-site","info@exantas.com.gr","2109484120","ΑΘΗΝΑΙΩΝ / ΚΕΝΤΡΙΚΟΥ ΤΟΜΕΑ ΑΘΗΝΩΝ","ΑΤΤΙΚΗΣ","Υποκατάστημα Αλλοδαπής","2023","","","ΥΠΗΡΕΣΙΕΣ ΕΝΟΙΚΙΑΣΗΣ ΠΛΟΙΩΝ ΨΥΧΑΓΩΓΙΑΣ (ΚΟΤΕΡΩΝ, ΘΑΛΑΜΗΓΩΝ, ΒΕΝΖΙΝΑΚΑΤΩΝ ΚΛΠ) ΜΕ ΠΛΗΡΩΜΑ","168665001001","996568745","exantas.com.gr"
"ASTERIX YACHTING LIMITED","A","verified-no-site","info@exantas.com.gr","2109484120","ΑΜΑΡΟΥΣΙΟΥ / ΒΟΡΕΙΟΥ ΤΟΜΕΑ ΑΘΗΝΩΝ","ΑΤΤΙΚΗΣ","Υποκατάστημα Αλλοδαπής","2015","","","ΥΠΗΡΕΣΙΕΣ ΕΝΟΙΚΙΑΣΗΣ ΕΠΑΓΓΕΛΜΑΤΙΚΟΥ ΤΟΥΡΙΣΤΙΚΟΥ ΣΚΑΦΟΥΣ ΜΕ ΠΛΗΡΩΜΑ","135059801001","997120230","exantas.com.gr"
"ATRI MARINE CORPORATION","A","verified-no-site","info@exantas.com.gr","2109484120","ΠΑΛΑΙΟΥ ΦΑΛΗΡΟΥ / ΝΟΤΙΟΥ ΤΟΜΕΑ ΑΘΗΝΩΝ","ΑΤΤΙΚΗΣ","Υποκατάστημα Αλλοδαπής","2023","","","ΥΠΗΡΕΣΙΕΣ ΕΝΟΙΚΙΑΣΗΣ ΕΠΑΓΓΕΛΜΑΤΙΚΟΥ ΤΟΥΡΙΣΤΙΚΟΥ ΣΚΑΦΟΥΣ ΜΕ ΠΛΗΡΩΜΑ","170687901001","996569963","exantas.com.gr"
"AXIA CORPORATION ΥΠΟΚΑΤΑΣΤΗΜΑ ΑΛΛΟΔΑΠΗΣ","A","verified-no-site","info@exantas.com.gr","2109484120","ΠΑΛΛΗΝΗΣ / ΑΝΑΤΟΛΙΚΗΣ ΑΤΤΙΚΗΣ","ΑΤΤΙΚΗΣ","Υποκατάστημα Αλλοδαπής","2024","","","ΥΠΗΡΕΣΙΕΣ ΕΝΟΙΚΙΑΣΗΣ ΕΠΑΓΓΕΛΜΑΤΙΚΟΥ ΤΟΥΡΙΣΤΙΚΟΥ ΣΚΑΦΟΥΣ ΜΕ ΠΛΗΡΩΜΑ","178612901001","996448170","exantas.com.gr"
"AZURE MARINE LIMITED","A","verified-no-site","info@exantas.com.gr","2109484120","ΠΕΙΡΑΙΩΣ / ΠΕΙΡΑΙΩΣ","ΑΤΤΙΚΗΣ","Υποκατάστημα Αλλοδαπής","2018","","","ΥΠΗΡΕΣΙΕΣ ΕΝΟΙΚΙΑΣΗΣ ΕΠΑΓΓΕΛΜΑΤΙΚΟΥ ΤΟΥΡΙΣΤΙΚΟΥ ΣΚΑΦΟΥΣ ΜΕ ΠΛΗΡΩΜΑ","146036607001","996794957","exantas.com.gr"
"BANDOLERA Ι.Κ.Ε.","A","verified-no-site","info@exantas.com.gr","2109484120","ΕΡΕΤΡΙΑΣ / ΕΥΒΟΙΑΣ","ΕΥΒΟΙΑΣ","ΙΚΕ","2022","","","ΥΠΗΡΕΣΙΕΣ ΕΝΟΙΚΙΑΣΗΣ ΕΠΑΓΓΕΛΜΑΤΙΚΟΥ ΤΟΥΡΙΣΤΙΚΟΥ ΣΚΑΦΟΥΣ ΜΕ ΠΛΗΡΩΜΑ","165195322000","801886586","exantas.com.gr"
"BARACUDA YACHTING LIMITED ΥΠΟΚΑΤΑΣΤΗΜΑ ΑΛΛΟΔΑΠΗΣ","A","verified-no-site","accounting@primeteam.group","2109483300","ΑΛΙΜΟΥ / ΝΟΤΙΟΥ ΤΟΜΕΑ ΑΘΗΝΩΝ","ΑΤΤΙΚΗΣ","Υποκατάστημα Αλλοδαπής","2021","","","ΥΠΗΡΕΣΙΕΣ ΕΝΟΙΚΙΑΣΗΣ ΕΠΑΓΓΕΛΜΑΤΙΚΟΥ ΤΟΥΡΙΣΤΙΚΟΥ ΣΚΑΦΟΥΣ ΜΕ ΠΛΗΡΩΜΑ","158813701001","996736708","primeteam.group"
"BAYLAND MARINE LTD ΥΠΟΚΑΤΑΣΤΗΜΑ ΑΛΛΟΔΑΠΗΣ","A","verified-no-site","info@exantas.com.gr","2109484120","ΓΛΥΦΑΔΑΣ / ΝΟΤΙΟΥ ΤΟΜΕΑ ΑΘΗΝΩΝ","ΑΤΤΙΚΗΣ","Υποκατάστημα Αλλοδαπής","2020","","","ΥΠΗΡΕΣΙΕΣ ΕΝΟΙΚΙΑΣΗΣ ΠΛΟΙΩΝ ΨΥΧΑΓΩΓΙΑΣ (ΚΟΤΕΡΩΝ, ΘΑΛΑΜΗΓΩΝ, ΒΕΝΖΙΝΑΚΑΤΩΝ ΚΛΠ) ΜΕ ΠΛΗΡΩΜΑ","157666301001","996795954","exantas.com.gr"
"BAYSIDE MARINE LTD ΥΠΟΚΑΤΑΣΤΗΜΑ ΑΛΛΟΔΑΠΗΣ","A","verified-no-site","info@exantas.com.gr","2109484120","ΓΛΥΦΑΔΑΣ / ΝΟΤΙΟΥ ΤΟΜΕΑ ΑΘΗΝΩΝ","ΑΤΤΙΚΗΣ","Υποκατάστημα Αλλοδαπής","2020","","","ΥΠΗΡΕΣΙΕΣ ΕΝΟΙΚΙΑΣΗΣ ΠΛΟΙΩΝ ΨΥΧΑΓΩΓΙΑΣ (ΚΟΤΕΡΩΝ, ΘΑΛΑΜΗΓΩΝ, ΒΕΝΖΙΝΑΚΑΤΩΝ ΚΛΠ) ΜΕ ΠΛΗΡΩΜΑ","157663301001","996795966","exantas.com.gr"
"BELATRIX SHIPPING LIMITED GREEK BRANCH","A","verified-no-site","i.moustou@kampoukos.gr","210964111","ΠΕΙΡΑΙΩΣ / ΠΕΙΡΑΙΩΣ","ΑΤΤΙΚΗΣ","Υποκατάστημα Αλλοδαπής","2024","","","ΥΠΗΡΕΣΙΕΣ ΕΝΟΙΚΙΑΣΗΣ ΕΠΑΓΓΕΛΜΑΤΙΚΟΥ ΤΟΥΡΙΣΤΙΚΟΥ ΣΚΑΦΟΥΣ ΜΕ ΠΛΗΡΩΜΑ","176018007001","996519020","kampoukos.gr"
"BETTERSPOONS & ΣΙΑ ΕΕ","A","verified-no-site","info@pegasusfinance.gr","2645306748","ΛΕΥΚΑΔΑΣ / ΛΕΥΚΑΔΑΣ","ΛΕΥΚΑΔΑΣ","ΕΕ","2014","","","ΥΠΗΡΕΣΙΕΣ ΕΝΟΙΚΙΑΣΗΣ ΠΛΟΙΩΝ ΨΥΧΑΓΩΓΙΑΣ (ΚΟΤΕΡΩΝ, ΘΑΛΑΜΗΓΩΝ, ΒΕΝΖΙΝΑΚΑΤΩΝ ΚΛΠ), ΧΩΡΙΣ ΠΛΗΡΩΜΑ","130771443000","800584353","pegasusfinance.gr"
"BLACKFIN TWO ΙΔΙΩΤΙΚΗ ΚΕΦΑΛΑΙΟΥΧΙΚΗ ΕΤΑΙΡΙΑ","A","verified-no-site","INFO@VDK.GR","2108080653","ΑΘΗΝΑΙΩΝ / ΚΕΝΤΡΙΚΟΥ ΤΟΜΕΑ ΑΘΗΝΩΝ","ΑΤΤΙΚΗΣ","ΙΚΕ","2022","","","ΥΠΗΡΕΣΙΕΣ ΕΝΟΙΚΙΑΣΗΣ ΕΠΑΓΓΕΛΜΑΤΙΚΟΥ ΤΟΥΡΙΣΤΙΚΟΥ ΣΚΑΦΟΥΣ ΜΕ ΠΛΗΡΩΜΑ","167689803000","801989563","vdk.gr"
"BLADE YACHTING LIMITED","A","verified-no-site","info@exantas.com.gr","2109484120","ΑΜΑΡΟΥΣΙΟΥ / ΒΟΡΕΙΟΥ ΤΟΜΕΑ ΑΘΗΝΩΝ","ΑΤΤΙΚΗΣ","Υποκατάστημα Αλλοδαπής","2016","","","ΥΠΗΡΕΣΙΕΣ ΕΝΟΙΚΙΑΣΗΣ ΕΠΑΓΓΕΛΜΑΤΙΚΟΥ ΤΟΥΡΙΣΤΙΚΟΥ ΣΚΑΦΟΥΣ ΜΕ ΠΛΗΡΩΜΑ","139265801001","997060474","exantas.com.gr"
"BLESS ME YACHTING  Ι.Κ.Ε.","A","verified-no-site","info@exantas.com.gr","2109484120","ΑΘΗΝΑΙΩΝ / ΚΕΝΤΡΙΚΟΥ ΤΟΜΕΑ ΑΘΗΝΩΝ","ΑΤΤΙΚΗΣ","ΙΚΕ","2025","","","ΥΠΗΡΕΣΙΕΣ ΕΝΟΙΚΙΑΣΗΣ ΕΠΑΓΓΕΛΜΑΤΙΚΟΥ ΤΟΥΡΙΣΤΙΚΟΥ ΣΚΑΦΟΥΣ ΜΕ ΠΛΗΡΩΜΑ","188776501000","803074727","exantas.com.gr"
"BLISS MARITIME LIMITED","A","verified-no-site","info@exantas.com.gr","2109484120","ΠΑΛΑΙΟΥ ΦΑΛΗΡΟΥ / ΝΟΤΙΟΥ ΤΟΜΕΑ ΑΘΗΝΩΝ","ΑΤΤΙΚΗΣ","Υποκατάστημα Αλλοδαπής","2018","","","ΥΠΗΡΕΣΙΕΣ ΕΝΟΙΚΙΑΣΗΣ ΠΛΟΙΩΝ ΨΥΧΑΓΩΓΙΑΣ (ΚΟΤΕΡΩΝ, ΘΑΛΑΜΗΓΩΝ, ΒΕΝΖΙΝΑΚΑΤΩΝ ΚΛΠ) ΜΕ ΠΛΗΡΩΜΑ","145309401001","996999730","exantas.com.gr"
"BLUE LABEL CRUISES Ε.Ε.","A","verified-no-site","info@kyrtsosgroup.gr","696977351000","ΠΕΙΡΑΙΩΣ / ΠΕΙΡΑΙΩΣ","ΑΤΤΙΚΗΣ","ΕΕ","2024","","","ΥΠΗΡΕΣΙΕΣ ΕΝΟΙΚΙΑΣΗΣ ΣΚΑΦΩΝ ΘΑΛΑΣΣΙΑΣ ΚΑΙ ΑΚΤΟΠΛΟΪΚΗΣ ΜΕΤΑΦΟΡΑΣ ΕΠΙΒΑΤΩΝ ΜΕ ΧΕΙΡΙΣΤΗ","178331607000","802543667","kyrtsosgroup.gr"
"BLUE SEA HORSE MARITIME LIMITED ΥΠΟΚΑΤΑΣΤΗΜΑ ΑΛΛΟΔΑΠΗΣ","A","verified-no-site","info@exantas.com.gr","2109484120","ΑΜΑΡΟΥΣΙΟΥ / ΒΟΡΕΙΟΥ ΤΟΜΕΑ ΑΘΗΝΩΝ","ΑΤΤΙΚΗΣ","Υποκατάστημα Αλλοδαπής","2021","","","ΥΠΗΡΕΣΙΕΣ ΕΝΟΙΚΙΑΣΗΣ ΕΠΑΓΓΕΛΜΑΤΙΚΟΥ ΤΟΥΡΙΣΤΙΚΟΥ ΣΚΑΦΟΥΣ ΜΕ ΠΛΗΡΩΜΑ","161410901001","996738634","exantas.com.gr"
"BOATSILVER LIMITED","A","verified-no-site","gkorres@vgc.gr","2106264323","ΚΗΦΙΣΙΑΣ / ΒΟΡΕΙΟΥ ΤΟΜΕΑ ΑΘΗΝΩΝ","ΑΤΤΙΚΗΣ","Υποκατάστημα Αλλοδαπής","2017","","","ΥΠΗΡΕΣΙΕΣ ΕΝΟΙΚΙΑΣΗΣ ΕΠΑΓΓΕΛΜΑΤΙΚΟΥ ΤΟΥΡΙΣΤΙΚΟΥ ΣΚΑΦΟΥΣ ΜΕ ΠΛΗΡΩΜΑ","144354201001","996998630","vgc.gr"
"BRADLEY RUAIRI ΤΟΥ EDWARD","A","verified-no-site","accounts@vlichoyc.com","2645029282","ΛΕΥΚΑΔΑΣ / ΛΕΥΚΑΔΑΣ","ΛΕΥΚΑΔΑΣ","ΑΤΟΜΙΚΗ","2009","","","ΥΠΗΡΕΣΙΕΣ ΕΝΟΙΚΙΑΣΗΣ ΤΟΥΡΙΣΤΙΚΟΥ ΣΚΑΦΟΥΣ, ΧΩΡΙΣ ΠΛΗΡΩΜΑ","137251343000","128468802","vlichoyc.com"
"BRIGHTSTAR INC ΥΠΟΚΑΤΑΣΤΗΜΑ ΑΛΛΟΔΑΠΗΣ","A","verified-no-site","info@exantas.com.gr","2109484120","ΠΑΛΑΙΟΥ ΦΑΛΗΡΟΥ / ΝΟΤΙΟΥ ΤΟΜΕΑ ΑΘΗΝΩΝ","ΑΤΤΙΚΗΣ","Υποκατάστημα Αλλοδαπής","2020","","","ΥΠΗΡΕΣΙΕΣ ΕΝΟΙΚΙΑΣΗΣ ΕΠΑΓΓΕΛΜΑΤΙΚΟΥ ΤΟΥΡΙΣΤΙΚΟΥ ΣΚΑΦΟΥΣ ΜΕ ΠΛΗΡΩΜΑ","154611901001","996794202","exantas.com.gr"
"BUL YACHT LTD BRANCH GREECE","A","verified-no-site","office@sarkyr.gr","2109801995","ΠΑΛΑΙΟΥ ΦΑΛΗΡΟΥ / ΝΟΤΙΟΥ ΤΟΜΕΑ ΑΘΗΝΩΝ","ΑΤΤΙΚΗΣ","Υποκατάστημα Αλλοδαπής","2024","","","ΥΠΗΡΕΣΙΕΣ ΕΝΟΙΚΙΑΣΗΣ ΤΟΥΡΙΣΤΙΚΟΥ ΣΚΑΦΟΥΣ, ΧΩΡΙΣ ΠΛΗΡΩΜΑ","175277701001","996518404","sarkyr.gr"
"BZPW REAL ESTATE ONE ΙΔΙΩΤΙΚΗ ΚΕΦΑΛΑΙΟΥΧΙΚΗ ΕΤΑΙΡΕΙΑ","A","verified-no-site","info@onetax.gr","2109525266","ΚΑΛΛΙΘΕΑΣ / ΝΟΤΙΟΥ ΤΟΜΕΑ ΑΘΗΝΩΝ","ΑΤΤΙΚΗΣ","ΙΚΕ","2019","","","ΥΠΗΡΕΣΙΕΣ ΕΝΟΙΚΙΑΣΗΣ ΤΟΥΡΙΣΤΙΚΟΥ ΣΚΑΦΟΥΣ, ΧΩΡΙΣ ΠΛΗΡΩΜΑ","149835603000","801132033","onetax.gr"
"CAAS ANCALLIA LTD. ΥΠΟΚΑΤΑΣΤΗΜΑ ΑΛΛΟΔΑΠΗΣ","A","verified-no-site","info@exantas.com.gr","2109484120","ΑΘΗΝΑΙΩΝ / ΚΕΝΤΡΙΚΟΥ ΤΟΜΕΑ ΑΘΗΝΩΝ","","Υποκατάστημα Αλλοδαπής","2025","","","ΥΠΗΡΕΣΙΕΣ ΕΝΟΙΚΙΑΣΗΣ ΕΠΑΓΓΕΛΜΑΤΙΚΟΥ ΤΟΥΡΙΣΤΙΚΟΥ ΣΚΑΦΟΥΣ ΜΕ ΠΛΗΡΩΜΑ","182271201001","802760477","exantas.com.gr"
"CARISMA S.P.A. ΥΠΟΚΑΤΑΣΤΗΜΑ ΑΛΛΟΔΑΠΗΣ","A","verified-no-site","welcome@amaltheia-consulting.gr","00390236747500","ΠΑΛΑΙΟΥ ΦΑΛΗΡΟΥ / ΝΟΤΙΟΥ ΤΟΜΕΑ ΑΘΗΝΩΝ","ΑΤΤΙΚΗΣ","Υποκατάστημα Αλλοδαπής","2026","","","ΥΠΗΡΕΣΙΕΣ ΕΝΟΙΚΙΑΣΗΣ ΕΠΑΓΓΕΛΜΑΤΙΚΟΥ ΤΟΥΡΙΣΤΙΚΟΥ ΣΚΑΦΟΥΣ ΜΕ ΠΛΗΡΩΜΑ","192366601001","996569999","amaltheia-consulting.gr"
"CASA F COMPANY LIMITED ΥΠΟΚΑΤΑΣΤΗΜΑ ΑΛΛΟΔΑΠΗΣ","A","verified-no-site","kordalis.p@worldskylimits.com","0035621236206","ΓΛΥΦΑΔΑΣ / ΝΟΤΙΟΥ ΤΟΜΕΑ ΑΘΗΝΩΝ","ΑΤΤΙΚΗΣ","Υποκατάστημα Αλλοδαπής","2026","","","ΥΠΗΡΕΣΙΕΣ ΕΝΟΙΚΙΑΣΗΣ ΕΠΑΓΓΕΛΜΑΤΙΚΟΥ ΤΟΥΡΙΣΤΙΚΟΥ ΣΚΑΦΟΥΣ ΜΕ ΠΛΗΡΩΜΑ","194133501001","803301406","worldskylimits.com"
"CHRYSOVALINA YACHTS LIMITED ΥΠΟΚΑΤΑΣΤΗΜΑ ΑΛΛΟΔΑΠΗΣ","A","verified-no-site","info@exantas.com.gr","2109484120","ΑΘΗΝΑΙΩΝ / ΚΕΝΤΡΙΚΟΥ ΤΟΜΕΑ ΑΘΗΝΩΝ","ΑΤΤΙΚΗΣ","Υποκατάστημα Αλλοδαπής","2026","","","ΥΠΗΡΕΣΙΕΣ ΕΝΟΙΚΙΑΣΗΣ ΕΠΑΓΓΕΛΜΑΤΙΚΟΥ ΤΟΥΡΙΣΤΙΚΟΥ ΣΚΑΦΟΥΣ ΜΕ ΠΛΗΡΩΜΑ","191914701001","803201352","exantas.com.gr"
"CLEAN WATER NAVIGATION LTD. BRANCH OFFICE OF FOREIGN COMPANY","A","verified-no-site","marinia@laskfo.com","2112345907","ΚΗΦΙΣΙΑΣ / ΒΟΡΕΙΟΥ ΤΟΜΕΑ ΑΘΗΝΩΝ","ΑΤΤΙΚΗΣ","Υποκατάστημα Αλλοδαπής","2024","","","ΥΠΗΡΕΣΙΕΣ ΕΝΟΙΚΙΑΣΗΣ ΕΠΑΓΓΕΛΜΑΤΙΚΟΥ ΤΟΥΡΙΣΤΙΚΟΥ ΣΚΑΦΟΥΣ ΜΕ ΠΛΗΡΩΜΑ","177554301001","996519935","laskfo.com"
"Clelia III Limited ΥΠΟΚΑΤΑΣΤΗΜΑ ΑΛΛΟΔΑΠΗΣ","A","verified-no-site","welcome@amaltheia-consulting.gr","0035622484000","ΑΜΑΡΟΥΣΙΟΥ / ΒΟΡΕΙΟΥ ΤΟΜΕΑ ΑΘΗΝΩΝ","ΑΤΤΙΚΗΣ","Υποκατάστημα Αλλοδαπής","2025","","","ΥΠΗΡΕΣΙΕΣ ΕΝΟΙΚΙΑΣΗΣ ΕΠΑΓΓΕΛΜΑΤΙΚΟΥ ΤΟΥΡΙΣΤΙΚΟΥ ΣΚΑΦΟΥΣ ΜΕ ΠΛΗΡΩΜΑ","184194301001","802864082","amaltheia-consulting.gr"
"CO -YACHT CRUISES ΜΟΝΟΠΡΟΣΩΠΗ ΕΤΑΙΡΕΙΑ ΠΕΡΙΟΡΙΣΜΕΝΗΣ ΕΥΘΥΝΗΣ","A","verified-no-site","info@co-yacht.com","6957500094","ΝΙΚΑΙΑΣ - ΑΓΙΟΥ ΙΩΑΝΝΗ ΡΕΝΤΗ / ΠΕΙΡΑΙΩΣ","ΑΤΤΙΚΗΣ","ΕΠΕ","2020","","","ΥΠΗΡΕΣΙΕΣ ΕΝΟΙΚΙΑΣΗΣ ΣΚΑΦΩΝ ΘΑΛΑΣΣΙΑΣ ΚΑΙ ΑΚΤΟΠΛΟΪΚΗΣ ΜΕΤΑΦΟΡΑΣ ΕΠΙΒΑΤΩΝ ΜΕ ΧΕΙΡΙΣΤΗ","155484807000","801376341","co-yacht.com"
"COAST DEVELOPMENT Ι.Κ.Ε.","A","verified-no-site","baritaki@taxhorizon.gr","2810311467","ΗΡΑΚΛΕΙΟΥ / ΗΡΑΚΛΕΙΟΥ","ΗΡΑΚΛΕΙΟΥ","ΙΚΕ","2024","","","ΥΠΗΡΕΣΙΕΣ ΘΑΛΑΣΣΙΩΝ ΚΑΙ ΠΑΡΑΚΤΙΩΝ ΜΕΤΑΦΟΡΩΝ ΕΠΙΒΑΤΩΝ ΜΕ ΘΑΛΑΜΗΓΟΥΣ - ΤΟΥΡΙΣΤΙΚΑ ΠΛΟΙΑ ΜΕ ΕΛΛΗΝΙΚΗ ΣΗΜΑΙΑ","176567627000","802449636","taxhorizon.gr"
"COLEVENTO LTD","A","verified-no-site","info@exantas.com.gr","2109484120","ΑΓΙΑΣ ΠΑΡΑΣΚΕΥΗΣ / ΒΟΡΕΙΟΥ ΤΟΜΕΑ ΑΘΗΝΩΝ","ΑΤΤΙΚΗΣ","Υποκατάστημα Αλλοδαπής","2023","","","ΥΠΗΡΕΣΙΕΣ ΕΝΟΙΚΙΑΣΗΣ ΕΠΑΓΓΕΛΜΑΤΙΚΟΥ ΤΟΥΡΙΣΤΙΚΟΥ ΣΚΑΦΟΥΣ ΜΕ ΠΛΗΡΩΜΑ","171615601001","996570323","exantas.com.gr"
"CORAL MARINE LIMITED","A","verified-no-site","info@exantas.com.gr","2109484120","ΠΕΙΡΑΙΩΣ / ΠΕΙΡΑΙΩΣ","ΑΤΤΙΚΗΣ","Υποκατάστημα Αλλοδαπής","2018","","","ΥΠΗΡΕΣΙΕΣ ΕΝΟΙΚΙΑΣΗΣ ΕΠΑΓΓΕΛΜΑΤΙΚΟΥ ΤΟΥΡΙΣΤΙΚΟΥ ΣΚΑΦΟΥΣ ΜΕ ΠΛΗΡΩΜΑ","146129507001","996928699","exantas.com.gr"
"CROISIAIR ΜΟΝΟΠΡΟΣΩΠΗ ΙΔΙΩΤΙΚΗ ΚΕΦΑΛΑΙΟΥΧΙΚΗ ΕΤΑΙΡΕΙΑ","A","verified-no-site","daniel@croisiair-med.com","6949723827","ΜΑΛΕΒΙΖΙΟΥ / ΗΡΑΚΛΕΙΟΥ","ΗΡΑΚΛΕΙΟΥ","ΙΚΕ","2021","","","ΥΠΗΡΕΣΙΕΣ ΣΚΑΦΩΝ ΕΚΔΡΟΜΩΝ ΚΑΙ ΠΕΡΙΗΓΗΣΕΩΝ ΘΑΛΑΣΣΑΣ","159296627000","801568930","croisiair-med.com"
"CZARTER AGATA ΙΚΕ","A","verified-no-site","accounting@amangosike.com","6974711117","ΠΑΛΑΙΟΥ ΦΑΛΗΡΟΥ / ΝΟΤΙΟΥ ΤΟΜΕΑ ΑΘΗΝΩΝ","ΑΤΤΙΚΗΣ","ΙΚΕ","2018","","","ΥΠΗΡΕΣΙΕΣ ΕΝΟΙΚΙΑΣΗΣ ΤΟΥΡΙΣΤΙΚΟΥ ΣΚΑΦΟΥΣ, ΧΩΡΙΣ ΠΛΗΡΩΜΑ","146989601000","801014919","amangosike.com"
"DANUBIA HOLDING ΥΠΟΚΑΤΑΣΤΗΜΑ ΑΛΛΟΔΑΠΗΣ","A","verified-no-site","info@exantas.com.gr","2109484120","ΑΘΗΝΑΙΩΝ / ΚΕΝΤΡΙΚΟΥ ΤΟΜΕΑ ΑΘΗΝΩΝ","","Υποκατάστημα Αλλοδαπής","2025","","","ΥΠΗΡΕΣΙΕΣ ΕΝΟΙΚΙΑΣΗΣ ΕΠΑΓΓΕΛΜΑΤΙΚΟΥ ΤΟΥΡΙΣΤΙΚΟΥ ΣΚΑΦΟΥΣ ΜΕ ΠΛΗΡΩΜΑ","183681001001","802837448","exantas.com.gr"
"DK YACHTING ΜΟΝΟΠΡΟΣΩΠΗ Ι.Κ.Ε.","A","verified-no-site","acc@uplink.com.gr","2109838760","ΑΛΙΜΟΥ / ΝΟΤΙΟΥ ΤΟΜΕΑ ΑΘΗΝΩΝ","ΑΤΤΙΚΗΣ","ΙΚΕ","2020","","","ΥΠΗΡΕΣΙΕΣ ΕΝΟΙΚΙΑΣΗΣ ΤΟΥΡΙΣΤΙΚΟΥ ΣΚΑΦΟΥΣ, ΧΩΡΙΣ ΠΛΗΡΩΜΑ","157581403000","801473792","uplink.com.gr"
"DON'T WORRY YACHTING LIMITED ΥΠΟΚΑΤΑΣΤΗΜΑ ΑΛΛΟΔΑΠΗΣ","A","verified-no-site","info@exantas.com.gr","2109484120","ΑΓΙΑΣ ΠΑΡΑΣΚΕΥΗΣ / ΒΟΡΕΙΟΥ ΤΟΜΕΑ ΑΘΗΝΩΝ","ΑΤΤΙΚΗΣ","Υποκατάστημα Αλλοδαπής","2025","","","ΥΠΗΡΕΣΙΕΣ ΕΝΟΙΚΙΑΣΗΣ ΕΠΑΓΓΕΛΜΑΤΙΚΟΥ ΤΟΥΡΙΣΤΙΚΟΥ ΣΚΑΦΟΥΣ ΜΕ ΠΛΗΡΩΜΑ","184666301001","802887962","exantas.com.gr"
"DRAGOMAR Ι.Κ.Ε.","A","verified-no-site","info@exantas.com.gr","2109484120","ΠΕΙΡΑΙΩΣ / ΠΕΙΡΑΙΩΣ","ΑΤΤΙΚΗΣ","ΙΚΕ","2022","","","ΥΠΗΡΕΣΙΕΣ ΕΝΟΙΚΙΑΣΗΣ ΕΠΑΓΓΕΛΜΑΤΙΚΟΥ ΤΟΥΡΙΣΤΙΚΟΥ ΣΚΑΦΟΥΣ ΜΕ ΠΛΗΡΩΜΑ","167212007000","801966771","exantas.com.gr"
"DRONOSA LIMITED ΥΠΟΚΑΤΑΣΤΗΜΑ ΑΛΛΟΔΑΠΗΣ","A","verified-no-site","accounting@tanestis.com","2107292338","ΑΘΗΝΑΙΩΝ / ΚΕΝΤΡΙΚΟΥ ΤΟΜΕΑ ΑΘΗΝΩΝ","ΑΤΤΙΚΗΣ","Υποκατάστημα Αλλοδαπής","2023","","","ΥΠΗΡΕΣΙΕΣ ΕΝΟΙΚΙΑΣΗΣ ΤΟΥΡΙΣΤΙΚΟΥ ΣΚΑΦΟΥΣ, ΧΩΡΙΣ ΠΛΗΡΩΜΑ","170503801001","996569650","tanestis.com"
"E-CHARTER Ι.Κ.Ε.","A","verified-no-site","management@e-charter.gr","2130123172","ΓΛΥΦΑΔΑΣ / ΝΟΤΙΟΥ ΤΟΜΕΑ ΑΘΗΝΩΝ","ΑΤΤΙΚΗΣ","ΙΚΕ","2022","","","ΥΠΗΡΕΣΙΕΣ ΕΝΟΙΚΙΑΣΗΣ ΠΛΟΙΩΝ ΨΥΧΑΓΩΓΙΑΣ (ΚΟΤΕΡΩΝ, ΘΑΛΑΜΗΓΩΝ, ΒΕΝΖΙΝΑΚΑΤΩΝ ΚΛΠ) ΜΕ ΠΛΗΡΩΜΑ","167369903000","801973610","e-charter.gr"
"EDEN CHARTERS ΜΟΝΟΠΡΟΣΩΠΗ Ι.Κ.Ε.","A","verified-no-site","info@exantas.com.gr","2109484120","ΑΘΗΝΑΙΩΝ / ΚΕΝΤΡΙΚΟΥ ΤΟΜΕΑ ΑΘΗΝΩΝ","ΑΤΤΙΚΗΣ","ΙΚΕ","2024","","","ΥΠΗΡΕΣΙΕΣ ΕΝΟΙΚΙΑΣΗΣ ΕΠΑΓΓΕΛΜΑΤΙΚΟΥ ΤΟΥΡΙΣΤΙΚΟΥ ΣΚΑΦΟΥΣ ΜΕ ΠΛΗΡΩΜΑ","177895201000","802518947","exantas.com.gr"
"ELEPHANT MARINE LIMITED BRANCH OFFICE OF FOREIGN COMPANY","A","verified-no-site","info@exantas.com.gr","2109484120","ΑΘΗΝΑΙΩΝ / ΚΕΝΤΡΙΚΟΥ ΤΟΜΕΑ ΑΘΗΝΩΝ","ΑΤΤΙΚΗΣ","Υποκατάστημα Αλλοδαπής","2023","","","ΥΠΗΡΕΣΙΕΣ ΕΝΟΙΚΙΑΣΗΣ ΕΠΑΓΓΕΛΜΑΤΙΚΟΥ ΤΟΥΡΙΣΤΙΚΟΥ ΣΚΑΦΟΥΣ ΜΕ ΠΛΗΡΩΜΑ","171102601001","996448169","exantas.com.gr"
"ELEVEN YACHTING LIMITED","A","verified-no-site","lzabetaki@goldenunion.gr","2104061000","ΠΕΙΡΑΙΩΣ / ΠΕΙΡΑΙΩΣ","ΑΤΤΙΚΗΣ","Υποκατάστημα Αλλοδαπής","2016","","","ΥΠΗΡΕΣΙΕΣ ΕΝΟΙΚΙΑΣΗΣ ΕΠΑΓΓΕΛΜΑΤΙΚΟΥ ΤΟΥΡΙΣΤΙΚΟΥ ΣΚΑΦΟΥΣ ΜΕ ΠΛΗΡΩΜΑ","139972607001","997061065","goldenunion.gr"
"Elia sailcamp Ι.Κ.Ε.","A","verified-no-site","info@myioniangroup.com","6944823226","ΜΕΓΑΝΗΣΙΟΥ / ΛΕΥΚΑΔΑΣ","ΛΕΥΚΑΔΑΣ","ΙΚΕ","2026","","","ΥΠΗΡΕΣΙΕΣ ΕΝΟΙΚΙΑΣΗΣ ΤΟΥΡΙΣΤΙΚΟΥ ΣΚΑΦΟΥΣ, ΧΩΡΙΣ ΠΛΗΡΩΜΑ","194107443000","803300090","myioniangroup.com"
"ELOYA MARIS ΜΟΝΟΠΡΟΣΩΠΗ Ι.Κ.Ε.","A","verified-no-site","welcome@amaltheia.com","2108947049","ΠΑΛΑΙΟΥ ΦΑΛΗΡΟΥ / ΝΟΤΙΟΥ ΤΟΜΕΑ ΑΘΗΝΩΝ","ΑΤΤΙΚΗΣ","ΙΚΕ","2026","","","ΥΠΗΡΕΣΙΕΣ ΕΝΟΙΚΙΑΣΗΣ ΤΟΥΡΙΣΤΙΚΟΥ ΣΚΑΦΟΥΣ, ΧΩΡΙΣ ΠΛΗΡΩΜΑ","192289801000","803215682","amaltheia.com"
"ENRIMA LIMITED ΥΠΟΚΑΤΑΣΤΗΜΑ ΑΛΛΟΔΑΠΉΣ","A","verified-no-site","fpappa@chiotispartners.com","2105203400","ΠΕΙΡΑΙΩΣ / ΠΕΙΡΑΙΩΣ","ΑΤΤΙΚΗΣ","Υποκατάστημα Αλλοδαπής","2021","","","ΥΠΗΡΕΣΙΕΣ ΕΝΟΙΚΙΑΣΗΣ ΠΛΟΙΩΝ ΨΥΧΑΓΩΓΙΑΣ (ΚΟΤΕΡΩΝ, ΘΑΛΑΜΗΓΩΝ, ΒΕΝΖΙΝΑΚΑΤΩΝ ΚΛΠ) ΜΕ ΠΛΗΡΩΜΑ","160786207001","996738185","chiotispartners.com"
"EOS Yachts Ε.Ε.","A","verified-no-site","info@eosyachts.gr","6970476270","ΧΕΡΣΟΝΗΣΟΥ / ΗΡΑΚΛΕΙΟΥ","ΗΡΑΚΛΕΙΟΥ","ΕΕ","2025","","","ΥΠΗΡΕΣΙΕΣ ΕΝΟΙΚΙΑΣΗΣ ΕΠΑΓΓΕΛΜΑΤΙΚΟΥ ΤΟΥΡΙΣΤΙΚΟΥ ΣΚΑΦΟΥΣ ΜΕ ΠΛΗΡΩΜΑ","181981127000","802745136","eosyachts.gr"
"EPIC SAILING YACHT ΥΠΟΚΑΤΑΣΤΗΜΑ ΑΛΛΟΔΑΠΗΣ","A","verified-no-site","dimitra@exantas.com.gr","+3562109484120","ΠΕΙΡΑΙΩΣ / ΠΕΙΡΑΙΩΣ","","Υποκατάστημα Αλλοδαπής","2025","","","ΥΠΗΡΕΣΙΕΣ ΕΝΟΙΚΙΑΣΗΣ ΕΠΑΓΓΕΛΜΑΤΙΚΟΥ ΤΟΥΡΙΣΤΙΚΟΥ ΣΚΑΦΟΥΣ ΜΕ ΠΛΗΡΩΜΑ","186735607001","802983083","exantas.com.gr"
"ETHICAL ODE ΜΟΝΟΠΡΟΣΩΠΗ Ι.Κ.Ε.","A","verified-no-site","info@vdk.gr","2108080653","ΑΘΗΝΑΙΩΝ / ΚΕΝΤΡΙΚΟΥ ΤΟΜΕΑ ΑΘΗΝΩΝ","ΑΤΤΙΚΗΣ","ΙΚΕ","2022","","","ΥΠΗΡΕΣΙΕΣ ΕΝΟΙΚΙΑΣΗΣ ΤΟΥΡΙΣΤΙΚΟΥ ΣΚΑΦΟΥΣ, ΧΩΡΙΣ ΠΛΗΡΩΜΑ","167755103000","801992555","vdk.gr"
"EUROSTAR MARITIME LIMITED","A","verified-no-site","info@exantas.com.gr","2109484120","ΑΣΠΡΟΠΥΡΓΟΥ / ΔΥΤΙΚΗΣ ΑΤΤΙΚΗΣ","ΑΤΤΙΚΗΣ","Υποκατάστημα Αλλοδαπής","2018","","","ΥΠΗΡΕΣΙΕΣ ΕΝΟΙΚΙΑΣΗΣ ΠΛΟΙΩΝ ΨΥΧΑΓΩΓΙΑΣ (ΚΟΤΕΡΩΝ, ΘΑΛΑΜΗΓΩΝ, ΒΕΝΖΙΝΑΚΑΤΩΝ ΚΛΠ) ΜΕ ΠΛΗΡΩΜΑ","145158707001","996999336","exantas.com.gr"
"FAMILY MARINE LIMITED","A","verified-no-site","info@exantas.com.gr","2109484120","ΠΕΙΡΑΙΩΣ / ΠΕΙΡΑΙΩΣ","ΑΤΤΙΚΗΣ","Υποκατάστημα Αλλοδαπής","2016","","","ΥΠΗΡΕΣΙΕΣ ΕΝΟΙΚΙΑΣΗΣ ΕΠΑΓΓΕΛΜΑΤΙΚΟΥ ΤΟΥΡΙΣΤΙΚΟΥ ΣΚΑΦΟΥΣ ΜΕ ΠΛΗΡΩΜΑ","138772407001","997060070","exantas.com.gr"
"FATSA YACHT LTD","A","verified-no-site","info@exantas.com.gr","2109484120","ΑΘΗΝΑΙΩΝ / ΚΕΝΤΡΙΚΟΥ ΤΟΜΕΑ ΑΘΗΝΩΝ","ΑΤΤΙΚΗΣ","Υποκατάστημα Αλλοδαπής","2020","","","ΥΠΗΡΕΣΙΕΣ ΕΝΟΙΚΙΑΣΗΣ ΠΛΟΙΩΝ ΨΥΧΑΓΩΓΙΑΣ (ΚΟΤΕΡΩΝ, ΘΑΛΑΜΗΓΩΝ, ΒΕΝΖΙΝΑΚΑΤΩΝ ΚΛΠ) ΜΕ ΠΛΗΡΩΜΑ","157467001001","996795850","exantas.com.gr"
"FIRST PRIME MARITIME CO. LTD","A","verified-no-site","private@jlmg.gr","2109413777","ΚΑΛΛΙΘΕΑΣ / ΝΟΤΙΟΥ ΤΟΜΕΑ ΑΘΗΝΩΝ","ΑΤΤΙΚΗΣ","Υποκατάστημα Αλλοδαπής","2016","","","ΥΠΗΡΕΣΙΕΣ ΕΝΟΙΚΙΑΣΗΣ ΕΠΑΓΓΕΛΜΑΤΙΚΟΥ ΤΟΥΡΙΣΤΙΚΟΥ ΣΚΑΦΟΥΣ ΜΕ ΠΛΗΡΩΜΑ","140904301001","997061587","jlmg.gr"
"FLE MARINE HELLAS","A","verified-no-site","central@cors.gr","6944917346","ΓΛΥΦΑΔΑΣ / ΝΟΤΙΟΥ ΤΟΜΕΑ ΑΘΗΝΩΝ","ΑΤΤΙΚΗΣ","Υποκατάστημα Αλλοδαπής","2021","","","ΥΠΗΡΕΣΙΕΣ ΕΝΟΙΚΙΑΣΗΣ ΠΛΟΙΩΝ ΨΥΧΑΓΩΓΙΑΣ (ΚΟΤΕΡΩΝ, ΘΑΛΑΜΗΓΩΝ, ΒΕΝΖΙΝΑΚΑΤΩΝ ΚΛΠ) ΜΕ ΠΛΗΡΩΜΑ","159063603001","996737072","cors.gr"
"FURLONG HOLDING LTD ΥΠΟΚΑΤΑΣΤΗΜΑ ΑΛΛΟΔΑΠΗΣ","A","verified-no-site","info@exantas.com.gr","2109484120","ΠΕΙΡΑΙΩΣ / ΠΕΙΡΑΙΩΣ","ΑΤΤΙΚΗΣ","Υποκατάστημα Αλλοδαπής","2022","","","ΥΠΗΡΕΣΙΕΣ ΕΝΟΙΚΙΑΣΗΣ ΕΠΑΓΓΕΛΜΑΤΙΚΟΥ ΤΟΥΡΙΣΤΙΚΟΥ ΣΚΑΦΟΥΣ ΜΕ ΠΛΗΡΩΜΑ","166207707001","996654334","exantas.com.gr"
"GALENE YACHTING Ι.Κ.Ε.","A","verified-no-site","welcome@amaltheia-consulting.gr","2108947049","ΠΕΙΡΑΙΩΣ / ΠΕΙΡΑΙΩΣ","ΑΤΤΙΚΗΣ","ΙΚΕ","2026","","","ΥΠΗΡΕΣΙΕΣ ΕΝΟΙΚΙΑΣΗΣ ΕΠΑΓΓΕΛΜΑΤΙΚΟΥ ΤΟΥΡΙΣΤΙΚΟΥ ΣΚΑΦΟΥΣ ΜΕ ΠΛΗΡΩΜΑ","191422507000","803178934","amaltheia-consulting.gr"
"Gazelle Del Mare Ι.Κ.Ε.","A","verified-no-site","info@exantas.com.gr","2109484120","ΜΗΛΟΥ / ΜΗΛΟΥ","ΚΥΚΛΑΔΩΝ","ΙΚΕ","2023","","","ΥΠΗΡΕΣΙΕΣ ΕΝΟΙΚΙΑΣΗΣ ΤΟΥΡΙΣΤΙΚΟΥ ΣΚΑΦΟΥΣ, ΧΩΡΙΣ ΠΛΗΡΩΜΑ","171142038000","802158790","exantas.com.gr"
"GDSEA Ι.Κ.Ε.","A","verified-no-site","info@bookkeeper.gr","2102617454","ΚΟΖΑΝΗΣ / ΚΟΖΑΝΗΣ","ΚΟΖΑΝΗΣ","ΙΚΕ","2021","","","ΥΠΗΡΕΣΙΕΣ ΕΝΟΙΚΙΑΣΗΣ ΤΟΥΡΙΣΤΙΚΟΥ ΣΚΑΦΟΥΣ, ΧΩΡΙΣ ΠΛΗΡΩΜΑ","162007236000","801713571","bookkeeper.gr"
"GFA MARINE ΜΟΝΟΠΡΟΣΩΠΗ Ι.Κ.Ε.","A","verified-no-site","accounting@amangosike.com","6944326407","ΠΑΠΑΓΟΥ - ΧΟΛΑΡΓΟΥ / ΒΟΡΕΙΟΥ ΤΟΜΕΑ ΑΘΗΝΩΝ","ΑΤΤΙΚΗΣ","ΙΚΕ","2025","","","ΥΠΗΡΕΣΙΕΣ ΕΝΟΙΚΙΑΣΗΣ ΤΟΥΡΙΣΤΙΚΟΥ ΣΚΑΦΟΥΣ, ΧΩΡΙΣ ΠΛΗΡΩΜΑ","185171701000","802912416","amangosike.com"
"GHOST EUROPE LTD","A","verified-no-site","""Triadis Anestis"" <accounting@tanestis.com>","2107292338","ΚΑΛΛΙΘΕΑΣ / ΝΟΤΙΟΥ ΤΟΜΕΑ ΑΘΗΝΩΝ","ΑΤΤΙΚΗΣ","Υποκατάστημα Αλλοδαπής","2022","","","ΥΠΗΡΕΣΙΕΣ ΕΝΟΙΚΙΑΣΗΣ ΕΠΑΓΓΕΛΜΑΤΙΚΟΥ ΤΟΥΡΙΣΤΙΚΟΥ ΣΚΑΦΟΥΣ ΜΕ ΠΛΗΡΩΜΑ","164275601001","996653233","tanestis.com>"
"GOLDGRACE LIMITED","A","verified-no-site","info@exantas.com.gr","2109484120","ΠΑΛΑΙΟΥ ΦΑΛΗΡΟΥ / ΝΟΤΙΟΥ ΤΟΜΕΑ ΑΘΗΝΩΝ","ΑΤΤΙΚΗΣ","Υποκατάστημα Αλλοδαπής","2015","","","ΥΠΗΡΕΣΙΕΣ ΕΝΟΙΚΙΑΣΗΣ ΠΛΟΙΩΝ ΨΥΧΑΓΩΓΙΑΣ (ΚΟΤΕΡΩΝ, ΘΑΛΑΜΗΓΩΝ, ΒΕΝΖΙΝΑΚΑΤΩΝ ΚΛΠ) ΜΕ ΠΛΗΡΩΜΑ","137594401001","997121644","exantas.com.gr"
"GPS GLOBAL PRIME SERVICES AG ΥΠΟΚΑΤΑΣΤΗΜΑ ΑΛΛΟΔΑΠΗΣ","A","verified-no-site","info@exantas.com.gr","2109483300","ΠΑΛΑΙΟΥ ΦΑΛΗΡΟΥ / ΝΟΤΙΟΥ ΤΟΜΕΑ ΑΘΗΝΩΝ","ΑΤΤΙΚΗΣ","Υποκατάστημα Αλλοδαπής","2025","","","ΥΠΗΡΕΣΙΕΣ ΕΝΟΙΚΙΑΣΗΣ ΕΠΑΓΓΕΛΜΑΤΙΚΟΥ ΤΟΥΡΙΣΤΙΚΟΥ ΣΚΑΦΟΥΣ ΜΕ ΠΛΗΡΩΜΑ","185569801001","996577268","exantas.com.gr"
"GRACESTAR LIMITED","A","verified-no-site","gracestar@shiplimited.com","2108985080","ΓΛΥΦΑΔΑΣ / ΝΟΤΙΟΥ ΤΟΜΕΑ ΑΘΗΝΩΝ","ΑΤΤΙΚΗΣ","Υποκατάστημα Αλλοδαπής","2017","","","ΥΠΗΡΕΣΙΕΣ ΕΝΟΙΚΙΑΣΗΣ ΕΠΑΓΓΕΛΜΑΤΙΚΟΥ ΤΟΥΡΙΣΤΙΚΟΥ ΣΚΑΦΟΥΣ ΜΕ ΠΛΗΡΩΜΑ","144541901001","996998708","shiplimited.com"
"GRAY MARITIME GREEK BRANCH","A","verified-no-site","giota@mythos-sailling.gr","2221020657","ΠΕΙΡΑΙΩΣ / ΠΕΙΡΑΙΩΣ","ΑΤΤΙΚΗΣ","Υποκατάστημα Αλλοδαπής","2023","","","ΥΠΗΡΕΣΙΕΣ ΕΝΟΙΚΙΑΣΗΣ ΕΠΑΓΓΕΛΜΑΤΙΚΟΥ ΤΟΥΡΙΣΤΙΚΟΥ ΣΚΑΦΟΥΣ ΜΕ ΠΛΗΡΩΜΑ","170573707001","996569871","mythos-sailling.gr"
"GREAT BARRIER SHIPPING LIMITED ΥΠΟΚΑΤΑΣΤΗΜΑ ΑΛΛΟΔΑΠΗΣ","A","verified-no-site","spar@nanko.gr","2106785005","ΧΑΛΑΝΔΡΙΟΥ / ΒΟΡΕΙΟΥ ΤΟΜΕΑ ΑΘΗΝΩΝ","ΑΤΤΙΚΗΣ","Υποκατάστημα Αλλοδαπής","2022","","","ΥΠΗΡΕΣΙΕΣ ΕΝΟΙΚΙΑΣΗΣ ΕΠΑΓΓΕΛΜΑΤΙΚΟΥ ΤΟΥΡΙΣΤΙΚΟΥ ΣΚΑΦΟΥΣ ΜΕ ΠΛΗΡΩΜΑ","163882001001","996652979","nanko.gr"
"GREEN TRANQUILITY LIMITED ΕΛΛΗΝΙΚΟ ΥΠΟΚΑΤΑΣΤΗΜΑ","A","verified-no-site","stratos@alfsigm.gr","2106561001","ΠΑΠΑΓΟΥ - ΧΟΛΑΡΓΟΥ / ΒΟΡΕΙΟΥ ΤΟΜΕΑ ΑΘΗΝΩΝ","ΑΤΤΙΚΗΣ","Υποκατάστημα Αλλοδαπής","2022","","","ΥΠΗΡΕΣΙΕΣ ΕΝΟΙΚΙΑΣΗΣ ΕΠΑΓΓΕΛΜΑΤΙΚΟΥ ΤΟΥΡΙΣΤΙΚΟΥ ΣΚΑΦΟΥΣ ΜΕ ΠΛΗΡΩΜΑ","164490901001","996647484","alfsigm.gr"
"GST MATATA HAKUNA YACHTS LIMITED ΥΠΟΚΑΤΑΣΤΗΜΑ ΑΛΛΟΔΑΠΗΣ","A","verified-no-site","info@exantas.com.gr","2109484120","ΑΘΗΝΑΙΩΝ / ΚΕΝΤΡΙΚΟΥ ΤΟΜΕΑ ΑΘΗΝΩΝ","ΑΤΤΙΚΗΣ","Υποκατάστημα Αλλοδαπής","2021","","","ΥΠΗΡΕΣΙΕΣ ΕΝΟΙΚΙΑΣΗΣ ΕΠΑΓΓΕΛΜΑΤΙΚΟΥ ΤΟΥΡΙΣΤΙΚΟΥ ΣΚΑΦΟΥΣ ΜΕ ΠΛΗΡΩΜΑ","161901501001","996738867","exantas.com.gr"
"HAGIVA LTD GREEK BRANCH","A","verified-no-site","meropi@seagreece.co","2108947049","ΠΑΛΑΙΟΥ ΦΑΛΗΡΟΥ / ΝΟΤΙΟΥ ΤΟΜΕΑ ΑΘΗΝΩΝ","ΑΤΤΙΚΗΣ","Υποκατάστημα Αλλοδαπής","2024","","","ΥΠΗΡΕΣΙΕΣ ΕΝΟΙΚΙΑΣΗΣ ΕΠΑΓΓΕΛΜΑΤΙΚΟΥ ΤΟΥΡΙΣΤΙΚΟΥ ΣΚΑΦΟΥΣ ΜΕ ΠΛΗΡΩΜΑ","176460001001","996518871","seagreece.co"
"IMERI MARITIME ΜΟΝΟΠΡΟΣΩΠΗ ΙΔΙΩΤΙΚΗ ΚΕΦΑΛΑΙΟΥΧΙΚΗ ΕΤΑΙΡΕΙΑ","A","verified-no-site","management@imerimaritime.gr","2144101085","ΑΜΑΡΟΥΣΙΟΥ / ΒΟΡΕΙΟΥ ΤΟΜΕΑ ΑΘΗΝΩΝ","ΑΤΤΙΚΗΣ","ΙΚΕ","2025","","","ΥΠΗΡΕΣΙΕΣ ΕΝΟΙΚΙΑΣΗΣ ΤΟΥΡΙΣΤΙΚΟΥ ΣΚΑΦΟΥΣ, ΧΩΡΙΣ ΠΛΗΡΩΜΑ","182638501000","802780624","imerimaritime.gr"
"IONIAN LUXURY SAILING Ε.Ε.","A","verified-no-site","info@d-tax.gr","6908801148","ΑΧΑΡΝΩΝ / ΑΝΑΤΟΛΙΚΗΣ ΑΤΤΙΚΗΣ","ΑΤΤΙΚΗΣ","ΕΕ","2026","","","ΥΠΗΡΕΣΙΕΣ ΕΝΟΙΚΙΑΣΗΣ ΠΛΟΙΩΝ ΨΥΧΑΓΩΓΙΑΣ (ΚΟΤΕΡΩΝ, ΘΑΛΑΜΗΓΩΝ, ΒΕΝΖΙΝΑΚΑΤΩΝ ΚΛΠ) ΜΕ ΠΛΗΡΩΜΑ","191555503000","803184271","d-tax.gr"
"IPANEMAS LIMITED","A","verified-no-site","info@exantas.com.gr","2109484120","ΠΑΛΑΙΟΥ ΦΑΛΗΡΟΥ / ΝΟΤΙΟΥ ΤΟΜΕΑ ΑΘΗΝΩΝ","ΑΤΤΙΚΗΣ","Υποκατάστημα Αλλοδαπής","2016","","","ΥΠΗΡΕΣΙΕΣ ΕΝΟΙΚΙΑΣΗΣ ΕΠΑΓΓΕΛΜΑΤΙΚΟΥ ΤΟΥΡΙΣΤΙΚΟΥ ΣΚΑΦΟΥΣ ΜΕ ΠΛΗΡΩΜΑ","139233601001","997060413","exantas.com.gr"
"ISLAND WINDJAMMERS INTERNATIONAL LIMITED GREEK BRANCH","A","verified-no-site","giota@mythos-sailling.gr","2221020657","ΧΑΛΚΙΔΕΩΝ / ΕΥΒΟΙΑΣ","ΕΥΒΟΙΑΣ","Υποκατάστημα Αλλοδαπής","2024","","","ΥΠΗΡΕΣΙΕΣ ΕΝΟΙΚΙΑΣΗΣ ΕΠΑΓΓΕΛΜΑΤΙΚΟΥ ΤΟΥΡΙΣΤΙΚΟΥ ΣΚΑΦΟΥΣ ΜΕ ΠΛΗΡΩΜΑ","175574722001","996666437","mythos-sailling.gr"
"ISLANDER YACHTING Ι.Κ.Ε.","A","verified-no-site","info@exantas.com.gr","2109484120","ΦΙΛΟΘΕΗΣ - ΨΥΧΙΚΟΥ / ΒΟΡΕΙΟΥ ΤΟΜΕΑ ΑΘΗΝΩΝ","ΑΤΤΙΚΗΣ","ΙΚΕ","2023","","","ΥΠΗΡΕΣΙΕΣ ΕΝΟΙΚΙΑΣΗΣ ΕΠΑΓΓΕΛΜΑΤΙΚΟΥ ΤΟΥΡΙΣΤΙΚΟΥ ΣΚΑΦΟΥΣ ΜΕ ΠΛΗΡΩΜΑ","169723801000","802089546","exantas.com.gr"
"ITHACA YCG LIMITED BRANCH OFFICE OF FOREIGN COMPANY","A","verified-no-site","info@exantas.com.gr","2109484120","ΑΘΗΝΑΙΩΝ / ΚΕΝΤΡΙΚΟΥ ΤΟΜΕΑ ΑΘΗΝΩΝ","ΑΤΤΙΚΗΣ","Υποκατάστημα Αλλοδαπής","2024","","","ΥΠΗΡΕΣΙΕΣ ΕΝΟΙΚΙΑΣΗΣ ΕΠΑΓΓΕΛΜΑΤΙΚΟΥ ΤΟΥΡΙΣΤΙΚΟΥ ΣΚΑΦΟΥΣ ΜΕ ΠΛΗΡΩΜΑ","178637501001","996462268","exantas.com.gr"
"KKS LIMITED ΥΠΟΚΑΤΑΣΤΗΜΑ ΑΛΛΟΔΑΠΗΣ","A","verified-no-site","welcome@amaltheia-consulting.gr","35699463142","ΠΑΛΑΙΟΥ ΦΑΛΗΡΟΥ / ΝΟΤΙΟΥ ΤΟΜΕΑ ΑΘΗΝΩΝ","ΑΤΤΙΚΗΣ","Υποκατάστημα Αλλοδαπής","2026","","","ΥΠΗΡΕΣΙΕΣ ΕΝΟΙΚΙΑΣΗΣ ΕΠΑΓΓΕΛΜΑΤΙΚΟΥ ΤΟΥΡΙΣΤΙΚΟΥ ΣΚΑΦΟΥΣ ΜΕ ΠΛΗΡΩΜΑ","193715101001","803281187","amaltheia-consulting.gr"
"KOCH BJORN HARTMUT WILLI","A","verified-no-site","zk@pegasousfinance.gr","2645024482","ΛΕΥΚΑΔΑΣ / ΛΕΥΚΑΔΑΣ","ΛΕΥΚΑΔΑΣ","ΑΤΟΜΙΚΗ","2018","","","ΥΠΗΡΕΣΙΕΣ ΕΝΟΙΚΙΑΣΗΣ ΠΛΟΙΩΝ ΨΥΧΑΓΩΓΙΑΣ (ΚΟΤΕΡΩΝ, ΘΑΛΑΜΗΓΩΝ, ΒΕΝΖΙΝΑΚΑΤΩΝ ΚΛΠ), ΧΩΡΙΣ ΠΛΗΡΩΜΑ","146357643000","107124101","pegasousfinance.gr"
"KONG YACHTING ΙΔΙΩΤΙΚΗ ΚΕΦΑΛΑΙΟΥΧΙΚΗ ΕΤΑΙΡΕΙΑ","A","verified-no-site","maria@venetaki.gr","2289077617","ΜΥΚΟΝΟΥ / ΜΥΚΟΝΟΥ","ΚΥΚΛΑΔΩΝ","ΙΚΕ","2023","","","ΥΠΗΡΕΣΙΕΣ ΕΝΟΙΚΙΑΣΗΣ ΠΛΟΙΩΝ ΨΥΧΑΓΩΓΙΑΣ (ΚΟΤΕΡΩΝ, ΘΑΛΑΜΗΓΩΝ, ΒΕΝΖΙΝΑΚΑΤΩΝ ΚΛΠ), ΧΩΡΙΣ ΠΛΗΡΩΜΑ","169632438000","802085154","venetaki.gr"
"KRUK WALTER ΤΟΥ FRITZ","A","verified-no-site","office@sarkyr.gr","2109801995","ΧΑΙΔΑΡΙΟΥ / ΔΥΤΙΚΟΥ ΤΟΜΕΑ ΑΘΗΝΩΝ","ΑΤΤΙΚΗΣ","ΑΤΟΜΙΚΗ","2009","","","ΥΠΗΡΕΣΙΕΣ ΕΝΟΙΚΙΑΣΗΣ ΤΟΥΡΙΣΤΙΚΟΥ ΣΚΑΦΟΥΣ, ΧΩΡΙΣ ΠΛΗΡΩΜΑ","164017303000","134637502","sarkyr.gr"
"L MAX Ι.Κ.Ε.","A","verified-no-site","info@exantas.com.gr","2109484120","ΓΛΥΦΑΔΑΣ / ΝΟΤΙΟΥ ΤΟΜΕΑ ΑΘΗΝΩΝ","ΑΤΤΙΚΗΣ","ΙΚΕ","2024","","","ΥΠΗΡΕΣΙΕΣ ΕΝΟΙΚΙΑΣΗΣ ΤΟΥΡΙΣΤΙΚΟΥ ΣΚΑΦΟΥΣ, ΧΩΡΙΣ ΠΛΗΡΩΜΑ","179684303000","802619494","exantas.com.gr"
"LA MASCARADE ΥΠΟΚΑΤΑΣΤΗΜΑ ΑΛΛΟΔΑΠΗΣ","A","verified-no-site","info@exantas.com.gr","2109484120","ΑΜΑΡΟΥΣΙΟΥ / ΒΟΡΕΙΟΥ ΤΟΜΕΑ ΑΘΗΝΩΝ","ΑΤΤΙΚΗΣ","Υποκατάστημα Αλλοδαπής","2025","","","ΥΠΗΡΕΣΙΕΣ ΕΝΟΙΚΙΑΣΗΣ ΕΠΑΓΓΕΛΜΑΤΙΚΟΥ ΤΟΥΡΙΣΤΙΚΟΥ ΣΚΑΦΟΥΣ ΜΕ ΠΛΗΡΩΜΑ","186335001001","996393664","exantas.com.gr"
"LA REINE GREECE LTD ΥΠΟΚΑΤΑΣΤΗΜΑ ΑΛΛΟΔΑΠΗΣ","A","verified-no-site","""services@uplink.com.gr"" <services@uplink.com.gr>","2109822910","ΝΕΑΣ ΣΜΥΡΝΗΣ / ΝΟΤΙΟΥ ΤΟΜΕΑ ΑΘΗΝΩΝ","ΑΤΤΙΚΗΣ","Υποκατάστημα Αλλοδαπής","2019","","","ΥΠΗΡΕΣΙΕΣ ΕΝΟΙΚΙΑΣΗΣ ΠΛΟΙΩΝ ΨΥΧΑΓΩΓΙΑΣ (ΚΟΤΕΡΩΝ, ΘΑΛΑΜΗΓΩΝ, ΒΕΝΖΙΝΑΚΑΤΩΝ ΚΛΠ) ΜΕ ΠΛΗΡΩΜΑ","151632301001","996864269","uplink.com.gr>"
"LAVALLINO HOLDINGS GREECE LTD","A","verified-no-site","info@exantas.com.gr","2109484120","ΚΑΛΛΙΘΕΑΣ / ΝΟΤΙΟΥ ΤΟΜΕΑ ΑΘΗΝΩΝ","ΑΤΤΙΚΗΣ","Υποκατάστημα Αλλοδαπής","2020","","","ΥΠΗΡΕΣΙΕΣ ΕΝΟΙΚΙΑΣΗΣ ΕΠΑΓΓΕΛΜΑΤΙΚΟΥ ΤΟΥΡΙΣΤΙΚΟΥ ΣΚΑΦΟΥΣ ΜΕ ΠΛΗΡΩΜΑ","157055801001","996736327","exantas.com.gr"
"LEOPOLDO GIOVANNI SPAZZINI-VILLA","A","verified-no-site","lsv1987@tiscali.it","390245481468","ΑΜΟΡΓΟΥ / ΝΑΞΟΥ","ΚΥΚΛΑΔΩΝ","ΑΤΟΜΙΚΗ","2018","","","ΥΠΗΡΕΣΙΕΣ ΣΚΑΦΩΝ ΕΚΔΡΟΜΩΝ ΚΑΙ ΠΕΡΙΗΓΗΣΕΩΝ","147824438000","155493724","tiscali.it"
"LIGHT BLUE ΜΟΝΟΠΡΟΣΩΠΗ ΙΔΙΩΤΙΚΗ ΚΕΦΑΛΑΙΟΥΧΙΚΗ ΕΤΑΙΡΕΙΑ","A","verified-no-site","info2@apha-plus.gr","6944432389","ΑΓΡΙΝΙΟΥ / ΑΙΤΩΛΟΑΚΑΡΝΑΝΙΑΣ","ΑΙΤΩΛΟΑΚΑΡΝΑΝΙΑΣ","ΙΚΕ","2020","","","ΥΠΗΡΕΣΙΕΣ ΕΝΟΙΚΙΑΣΗΣ ΠΛΟΙΩΝ ΨΥΧΑΓΩΓΙΑΣ (ΚΟΤΕΡΩΝ, ΘΑΛΑΜΗΓΩΝ, ΒΕΝΖΙΝΑΚΑΤΩΝ ΚΛΠ), ΧΩΡΙΣ ΠΛΗΡΩΜΑ","156155430000","801407346","apha-plus.gr"
"L'ISLE ADAM YACHTING HELLAS LIMITED","A","verified-no-site","welcome@amaltheia-consulting.gr","2169002984","ΑΘΗΝΑΙΩΝ / ΚΕΝΤΡΙΚΟΥ ΤΟΜΕΑ ΑΘΗΝΩΝ","ΑΤΤΙΚΗΣ","Υποκατάστημα Αλλοδαπής","2022","","","ΥΠΗΡΕΣΙΕΣ ΕΝΟΙΚΙΑΣΗΣ ΕΠΑΓΓΕΛΜΑΤΙΚΟΥ ΤΟΥΡΙΣΤΙΚΟΥ ΣΚΑΦΟΥΣ ΜΕ ΠΛΗΡΩΜΑ","164903201001","996653571","amaltheia-consulting.gr"
"LN KATANNMARINE CHARTERING LIMITED","A","verified-no-site","info@korovinislaw.gr","2109822910","ΝΕΑΣ ΣΜΥΡΝΗΣ / ΝΟΤΙΟΥ ΤΟΜΕΑ ΑΘΗΝΩΝ","ΑΤΤΙΚΗΣ","Υποκατάστημα Αλλοδαπής","2024","","","ΥΠΗΡΕΣΙΕΣ ΕΝΟΙΚΙΑΣΗΣ ΤΟΥΡΙΣΤΙΚΟΥ ΣΚΑΦΟΥΣ, ΧΩΡΙΣ ΠΛΗΡΩΜΑ","175918401001","996518834","korovinislaw.gr"
"LOKATO ENTERPRISES LIMITED","A","verified-no-site","info@exantas.com.gr","2109484120","ΠΕΙΡΑΙΩΣ / ΠΕΙΡΑΙΩΣ","ΑΤΤΙΚΗΣ","Υποκατάστημα Αλλοδαπής","2019","","","ΥΠΗΡΕΣΙΕΣ ΕΝΟΙΚΙΑΣΗΣ ΕΠΑΓΓΕΛΜΑΤΙΚΟΥ ΤΟΥΡΙΣΤΙΚΟΥ ΣΚΑΦΟΥΣ ΜΕ ΠΛΗΡΩΜΑ","150660807001","996863680","exantas.com.gr"
"LYC LUXURY YACHT COLLECTION GREECE LTD","A","verified-no-site","info@exantas.com.gr","2109484120","ΓΛΥΦΑΔΑΣ / ΝΟΤΙΟΥ ΤΟΜΕΑ ΑΘΗΝΩΝ","ΑΤΤΙΚΗΣ","Υποκατάστημα Αλλοδαπής","2018","","","ΥΠΗΡΕΣΙΕΣ ΕΝΟΙΚΙΑΣΗΣ ΠΛΟΙΩΝ ΨΥΧΑΓΩΓΙΑΣ (ΚΟΤΕΡΩΝ, ΘΑΛΑΜΗΓΩΝ, ΒΕΝΖΙΝΑΚΑΤΩΝ ΚΛΠ) ΜΕ ΠΛΗΡΩΜΑ","147372801001","996929672","exantas.com.gr"
"MALKA GAI","A","verified-no-site","info@pegasusfinance.gr","","ΛΕΥΚΑΔΑΣ / ΛΕΥΚΑΔΑΣ","ΛΕΥΚΑΔΑΣ","ΑΤΟΜΙΚΗ","2024","","","ΥΠΗΡΕΣΙΕΣ ΕΝΟΙΚΙΑΣΗΣ ΠΛΟΙΩΝ ΨΥΧΑΓΩΓΙΑΣ (ΚΟΤΕΡΩΝ, ΘΑΛΑΜΗΓΩΝ, ΒΕΝΖΙΝΑΚΑΤΩΝ ΚΛΠ), ΧΩΡΙΣ ΠΛΗΡΩΜΑ","175970443000","183463575","pegasusfinance.gr"
"MARINE INFINITE HELLAS Ι.Κ.Ε.","A","verified-no-site","ACC@UPLINK.COM.GR","2109838760","ΑΛΙΜΟΥ / ΝΟΤΙΟΥ ΤΟΜΕΑ ΑΘΗΝΩΝ","ΑΤΤΙΚΗΣ","ΙΚΕ","2023","","","ΥΠΗΡΕΣΙΕΣ ΕΝΟΙΚΙΑΣΗΣ ΤΟΥΡΙΣΤΙΚΟΥ ΣΚΑΦΟΥΣ, ΧΩΡΙΣ ΠΛΗΡΩΜΑ","171616303000","802182058","uplink.com.gr"
"MARINEPOST LIMITED","A","verified-no-site","info@exantas.com.gr","2109484120","ΠΑΛΑΙΟΥ ΦΑΛΗΡΟΥ / ΝΟΤΙΟΥ ΤΟΜΕΑ ΑΘΗΝΩΝ","ΑΤΤΙΚΗΣ","Υποκατάστημα Αλλοδαπής","2016","","","ΥΠΗΡΕΣΙΕΣ ΕΝΟΙΚΙΑΣΗΣ ΕΠΑΓΓΕΛΜΑΤΙΚΟΥ ΤΟΥΡΙΣΤΙΚΟΥ ΣΚΑΦΟΥΣ ΜΕ ΠΛΗΡΩΜΑ","139540207001","997449674","exantas.com.gr"
"MAX PM GLOBAL TRADING LTD ΥΠΟΚΑΤΑΣΤΗΜΑ ΑΛΛΟΔΑΠΗΣ","A","verified-no-site","accounting@tanestis.com","2107292338","ΑΘΗΝΑΙΩΝ / ΚΕΝΤΡΙΚΟΥ ΤΟΜΕΑ ΑΘΗΝΩΝ","ΑΤΤΙΚΗΣ","Υποκατάστημα Αλλοδαπής","2025","","","ΥΠΗΡΕΣΙΕΣ ΕΝΟΙΚΙΑΣΗΣ ΕΠΑΓΓΕΛΜΑΤΙΚΟΥ ΤΟΥΡΙΣΤΙΚΟΥ ΣΚΑΦΟΥΣ ΜΕ ΠΛΗΡΩΜΑ","181771801001","802733727","tanestis.com"
"MED YACHTS ΜΟΝΟΠΡΟΣΩΠΗ Α.Ε.","A","verified-no-site","kstathopoulos@koukovinos.com","2108068580","ΠΕΙΡΑΙΩΣ / ΠΕΙΡΑΙΩΣ","ΑΤΤΙΚΗΣ","ΑΕ","2024","","","ΥΠΗΡΕΣΙΕΣ ΕΝΟΙΚΙΑΣΗΣ ΣΚΑΦΩΝ ΘΑΛΑΣΣΙΑΣ ΚΑΙ ΑΚΤΟΠΛΟΪΚΗΣ ΜΕΤΑΦΟΡΑΣ ΕΠΙΒΑΤΩΝ ΜΕ ΧΕΙΡΙΣΤΗ","177871507000","802517742","koukovinos.com"
"MEIKLE CHARTERS ΜΟΝΟΠΡΟΣΩΠΗ Ι.Κ.Ε.","A","verified-no-site","marios@gtforotexniki.gr","2645023157","ΛΕΥΚΑΔΑΣ / ΛΕΥΚΑΔΑΣ","ΛΕΥΚΑΔΑΣ","ΙΚΕ","2022","","","ΥΠΗΡΕΣΙΕΣ ΕΝΟΙΚΙΑΣΗΣ ΕΠΑΓΓΕΛΜΑΤΙΚΟΥ ΤΟΥΡΙΣΤΙΚΟΥ ΣΚΑΦΟΥΣ ΜΕ ΠΛΗΡΩΜΑ","164592243000","801853611","gtforotexniki.gr"
"MELIKANTE LIMITED GREEK BRANCH","A","verified-no-site","info@exantas.com.gr","2109484120","ΑΘΗΝΑΙΩΝ / ΚΕΝΤΡΙΚΟΥ ΤΟΜΕΑ ΑΘΗΝΩΝ","ΑΤΤΙΚΗΣ","Υποκατάστημα Αλλοδαπής","2022","","","ΥΠΗΡΕΣΙΕΣ ΕΝΟΙΚΙΑΣΗΣ ΠΛΟΙΩΝ ΨΥΧΑΓΩΓΙΑΣ (ΚΟΤΕΡΩΝ, ΘΑΛΑΜΗΓΩΝ, ΒΕΝΖΙΝΑΚΑΤΩΝ ΚΛΠ) ΜΕ ΠΛΗΡΩΜΑ","163248107001","996654229","exantas.com.gr"
"MENTA MARCO","A","verified-no-site","info@pegasusfinance.gr","","ΛΕΥΚΑΔΑΣ / ΛΕΥΚΑΔΑΣ","ΛΕΥΚΑΔΑΣ","ΑΤΟΜΙΚΗ","2024","","","ΥΠΗΡΕΣΙΕΣ ΕΝΟΙΚΙΑΣΗΣ ΠΛΟΙΩΝ ΨΥΧΑΓΩΓΙΑΣ (ΚΟΤΕΡΩΝ, ΘΑΛΑΜΗΓΩΝ, ΒΕΝΖΙΝΑΚΑΤΩΝ ΚΛΠ), ΧΩΡΙΣ ΠΛΗΡΩΜΑ","176573643000","183464688","pegasusfinance.gr"
"MOJO YACHTING ΜΟΝΟΠΡΟΣΩΠΗ ΙΔΙΩΤΙΚΗ ΚΕΦΑΛΑΙΟΥΧΙΚΗ ΕΤΑΙΡΕΙΑ","A","verified-no-site","info@exantas.com.gr","2109484120","ΓΛΥΦΑΔΑΣ / ΝΟΤΙΟΥ ΤΟΜΕΑ ΑΘΗΝΩΝ","ΑΤΤΙΚΗΣ","ΙΚΕ","2023","","","ΥΠΗΡΕΣΙΕΣ ΕΝΟΙΚΙΑΣΗΣ ΕΠΑΓΓΕΛΜΑΤΙΚΟΥ ΤΟΥΡΙΣΤΙΚΟΥ ΣΚΑΦΟΥΣ ΜΕ ΠΛΗΡΩΜΑ","168791001000","802044368","exantas.com.gr"
"MT FEATHERSTAR LTD ΥΠΟΚΑΤΑΣΤΗΜΑ ΑΛΛΟΔΑΠΗΣ","A","verified-no-site","info@exantas.com.gr","2109484120","ΑΛΙΜΟΥ / ΝΟΤΙΟΥ ΤΟΜΕΑ ΑΘΗΝΩΝ","ΑΤΤΙΚΗΣ","Υποκατάστημα Αλλοδαπής","2022","","","ΥΠΗΡΕΣΙΕΣ ΕΝΟΙΚΙΑΣΗΣ ΠΛΟΙΩΝ ΨΥΧΑΓΩΓΙΑΣ (ΚΟΤΕΡΩΝ, ΘΑΛΑΜΗΓΩΝ, ΒΕΝΖΙΝΑΚΑΤΩΝ ΚΛΠ) ΜΕ ΠΛΗΡΩΜΑ","166952101001","996654776","exantas.com.gr"
"MYEDEN HOLDINGS LTD ΕΛΛΗΝΙΚΟ ΥΠΟΚΑΤΑΣΤΗΜΑ","A","verified-no-site","welcome@amaltheiaconsulting.gr","2108947049","ΠΑΛΑΙΟΥ ΦΑΛΗΡΟΥ / ΝΟΤΙΟΥ ΤΟΜΕΑ ΑΘΗΝΩΝ","ΑΤΤΙΚΗΣ","Υποκατάστημα Αλλοδαπής","2024","","","ΥΠΗΡΕΣΙΕΣ ΕΝΟΙΚΙΑΣΗΣ ΕΠΑΓΓΕΛΜΑΤΙΚΟΥ ΤΟΥΡΙΣΤΙΚΟΥ ΣΚΑΦΟΥΣ ΜΕ ΠΛΗΡΩΜΑ","179819701001","996450257","amaltheiaconsulting.gr"
"NABUCCO YACHTING Ι.Κ.Ε.","A","verified-no-site","info@nabucco-yachting.com","2104290440","ΠΕΙΡΑΙΩΣ / ΠΕΙΡΑΙΩΣ","ΑΤΤΙΚΗΣ","ΙΚΕ","2023","","","ΥΠΗΡΕΣΙΕΣ ΕΝΟΙΚΙΑΣΗΣ ΕΠΑΓΓΕΛΜΑΤΙΚΟΥ ΤΟΥΡΙΣΤΙΚΟΥ ΣΚΑΦΟΥΣ ΜΕ ΠΛΗΡΩΜΑ","172807107000","802241211","nabucco-yachting.com"
"NAMASTE SHIPPING COMPANY LIMITED","A","verified-no-site","info@mynamaste.ch","2104181408","ΠΕΙΡΑΙΩΣ / ΠΕΙΡΑΙΩΣ","ΑΤΤΙΚΗΣ","Υποκατάστημα Αλλοδαπής","2020","","","ΥΠΗΡΕΣΙΕΣ ΕΝΟΙΚΙΑΣΗΣ ΕΠΑΓΓΕΛΜΑΤΙΚΟΥ ΤΟΥΡΙΣΤΙΚΟΥ ΣΚΑΦΟΥΣ ΜΕ ΠΛΗΡΩΜΑ","153354507001","996793881","mynamaste.ch"
"NAVIGARE YACHTING SERVICES SINGLE MEMBER P.C","A","verified-no-site","agp@agpgroup.gr","6944628082","ΓΛΥΦΑΔΑΣ / ΝΟΤΙΟΥ ΤΟΜΕΑ ΑΘΗΝΩΝ","ΑΤΤΙΚΗΣ","ΙΚΕ","2014","","","ΥΠΗΡΕΣΙΕΣ ΕΝΟΙΚΙΑΣΗΣ ΠΛΟΙΩΝ ΨΥΧΑΓΩΓΙΑΣ (ΚΟΤΕΡΩΝ, ΘΑΛΑΜΗΓΩΝ, ΒΕΝΖΙΝΑΚΑΤΩΝ ΚΛΠ), ΧΩΡΙΣ ΠΛΗΡΩΜΑ","131919703000","800607672","agpgroup.gr"
"NESTOS MARE Ι.Κ.Ε.","A","verified-no-site","charis@sysco.gr","2106210373","ΚΑΒΑΛΑΣ / ΚΑΒΑΛΑΣ","ΚΑΒΑΛΑΣ","ΙΚΕ","2021","","","ΥΠΗΡΕΣΙΕΣ ΕΝΟΙΚΙΑΣΗΣ ΤΟΥΡΙΣΤΙΚΟΥ ΣΚΑΦΟΥΣ, ΧΩΡΙΣ ΠΛΗΡΩΜΑ","160771730000","801647065","sysco.gr"
"NISI YACHT SALES CO. LTD ΥΠΟΚΑΤΑΣΤΗΜΑ ΑΛΛΟΔΑΠΗΣ","A","verified-no-site","info@exantas.com.gr","2109484120","ΕΛΛΗΝΙΚΟΥ - ΑΡΓΥΡΟΥΠΟΛΗΣ / ΝΟΤΙΟΥ ΤΟΜΕΑ ΑΘΗΝΩΝ","ΑΤΤΙΚΗΣ","Υποκατάστημα Αλλοδαπής","2022","","","ΥΠΗΡΕΣΙΕΣ ΕΝΟΙΚΙΑΣΗΣ ΠΛΟΙΩΝ ΨΥΧΑΓΩΓΙΑΣ (ΚΟΤΕΡΩΝ, ΘΑΛΑΜΗΓΩΝ, ΒΕΝΖΙΝΑΚΑΤΩΝ ΚΛΠ) ΜΕ ΠΛΗΡΩΜΑ","164370701001","996653337","exantas.com.gr"
"OCEAN EXPERTS HOSPITALITY ΜΟΝΟΠΡΟΣΩΠΗ ΙΔΙΩΤΙΚΗ ΚΕΦΑΛΑΙΟΥΧΙΚΗ ΕΤΑΙΡΕΙΑ","A","verified-no-site","info@oceanexperts.gr","6971604249","ΑΘΗΝΑΙΩΝ / ΚΕΝΤΡΙΚΟΥ ΤΟΜΕΑ ΑΘΗΝΩΝ","ΑΤΤΙΚΗΣ","ΙΚΕ","2023","","","ΥΠΗΡΕΣΙΕΣ ΕΝΟΙΚΙΑΣΗΣ ΤΟΥΡΙΣΤΙΚΟΥ ΣΚΑΦΟΥΣ, ΧΩΡΙΣ ΠΛΗΡΩΜΑ","171881601000","802195994","oceanexperts.gr"
"OCEAN VISTA PARTNERSHIP ΥΠΟΚΑΤΑΣΤΗΜΑ ΑΛΛΟΔΑΠΗΣ","A","verified-no-site","info@exantas.com.gr","2109484120","ΑΘΗΝΑΙΩΝ / ΚΕΝΤΡΙΚΟΥ ΤΟΜΕΑ ΑΘΗΝΩΝ","ΑΤΤΙΚΗΣ","Υποκατάστημα Αλλοδαπής","2026","","","ΥΠΗΡΕΣΙΕΣ ΕΝΟΙΚΙΑΣΗΣ ΕΠΑΓΓΕΛΜΑΤΙΚΟΥ ΤΟΥΡΙΣΤΙΚΟΥ ΣΚΑΦΟΥΣ ΜΕ ΠΛΗΡΩΜΑ","192473201001","803224408","exantas.com.gr"
"OCEAN WIND OOD ΥΠΟΚΑΤΑΣΤΗΜΑ ΑΛΛΟΔΑΠΗΣ","A","verified-no-site","info@exantas.com.gr","2109484120","ΑΘΗΝΑΙΩΝ / ΚΕΝΤΡΙΚΟΥ ΤΟΜΕΑ ΑΘΗΝΩΝ","ΑΤΤΙΚΗΣ","Υποκατάστημα Αλλοδαπής","2026","","","ΥΠΗΡΕΣΙΕΣ ΕΝΟΙΚΙΑΣΗΣ ΕΠΑΓΓΕΛΜΑΤΙΚΟΥ ΤΟΥΡΙΣΤΙΚΟΥ ΣΚΑΦΟΥΣ ΜΕ ΠΛΗΡΩΜΑ","190735401001","803150102","exantas.com.gr"
"OKTANA SHIPPING LIMITED HELLAS","A","verified-no-site","info@exantas.com.gr","2109484120","ΠΕΙΡΑΙΩΣ / ΠΕΙΡΑΙΩΣ","ΑΤΤΙΚΗΣ","Υποκατάστημα Αλλοδαπής","2022","","","ΥΠΗΡΕΣΙΕΣ ΕΝΟΙΚΙΑΣΗΣ ΕΠΑΓΓΕΛΜΑΤΙΚΟΥ ΤΟΥΡΙΣΤΙΚΟΥ ΣΚΑΦΟΥΣ ΜΕ ΠΛΗΡΩΜΑ","163266707001","996902438","exantas.com.gr"
"ORIENT STAR YACHTS LIMITED","A","verified-no-site","info@exantas.com.gr","2109484120","ΠΕΙΡΑΙΩΣ / ΠΕΙΡΑΙΩΣ","ΑΤΤΙΚΗΣ","Υποκατάστημα Αλλοδαπής","2019","","","ΥΠΗΡΕΣΙΕΣ ΕΝΟΙΚΙΑΣΗΣ ΤΟΥΡΙΣΤΙΚΟΥ ΣΚΑΦΟΥΣ, ΧΩΡΙΣ ΠΛΗΡΩΜΑ","150191107001","996863494","exantas.com.gr"
"P.S. GABRIEL SAILING LTD","A","verified-no-site","services@uplink.com.gr","2109838760","ΓΛΥΦΑΔΑΣ / ΝΟΤΙΟΥ ΤΟΜΕΑ ΑΘΗΝΩΝ","ΑΤΤΙΚΗΣ","Υποκατάστημα Αλλοδαπής","2021","","","ΥΠΗΡΕΣΙΕΣ ΘΑΛΑΣΣΙΩΝ ΚΑΙ ΠΑΡΑΚΤΙΩΝ ΜΕΤΑΦΟΡΩΝ ΕΠΙΒΑΤΩΝ ΜΕ ΘΑΛΑΜΗΓΟΥΣ - ΤΟΥΡΙΣΤΙΚΑ ΠΛΟΙΑ ΜΕ ΕΛΛΗΝΙΚΗ ΣΗΜΑΙΑ","159835501001","996975295","uplink.com.gr"
"PARCO INVESTMENT 1 LTD ΥΠΟΚΑΤΑΣΤΗΜΑ ΑΛΛΟΔΑΠΗΣ","A","verified-no-site","info@exantas.com.gr","2109484120","ΠΑΛΑΙΟΥ ΦΑΛΗΡΟΥ / ΝΟΤΙΟΥ ΤΟΜΕΑ ΑΘΗΝΩΝ","ΑΤΤΙΚΗΣ","Υποκατάστημα Αλλοδαπής","2023","","","ΥΠΗΡΕΣΙΕΣ ΕΝΟΙΚΙΑΣΗΣ ΠΛΟΙΩΝ ΨΥΧΑΓΩΓΙΑΣ (ΚΟΤΕΡΩΝ, ΘΑΛΑΜΗΓΩΝ, ΒΕΝΖΙΝΑΚΑΤΩΝ ΚΛΠ) ΜΕ ΠΛΗΡΩΜΑ","173099401001","996517260","exantas.com.gr"
"PARKER GRAHAM NJAL","A","verified-no-site","zk@pegasusfinance.gr","2645024482","ΛΕΥΚΑΔΑΣ / ΛΕΥΚΑΔΑΣ","ΛΕΥΚΑΔΑΣ","ΑΤΟΜΙΚΗ","2019","","","ΥΠΗΡΕΣΙΕΣ ΕΝΟΙΚΙΑΣΗΣ ΠΛΟΙΩΝ ΨΥΧΑΓΩΓΙΑΣ (ΚΟΤΕΡΩΝ, ΘΑΛΑΜΗΓΩΝ, ΒΕΝΖΙΝΑΚΑΤΩΝ ΚΛΠ), ΧΩΡΙΣ ΠΛΗΡΩΜΑ","153157543000","170872996","pegasusfinance.gr"
"PELICAN YACHTING COMPANY B.V. ΥΠΟΚΑΤΑΣΤΗΜΑ ΑΛΛΟΔΑΠΗΣ","A","verified-no-site","giota@mythos-sailling.gr","6937504045","ΑΘΗΝΑΙΩΝ / ΚΕΝΤΡΙΚΟΥ ΤΟΜΕΑ ΑΘΗΝΩΝ","ΑΤΤΙΚΗΣ","Υποκατάστημα Αλλοδαπής","2019","","","ΥΠΗΡΕΣΙΕΣ ΕΝΟΙΚΙΑΣΗΣ ΤΟΥΡΙΣΤΙΚΟΥ ΣΚΑΦΟΥΣ, ΧΩΡΙΣ ΠΛΗΡΩΜΑ","151928801001","996864534","mythos-sailling.gr"
"PERCIVAL SHIPPING COMPANY LIMITED A.E.","A","verified-no-site","marinia@laskfo.com","2112345907","ΚΗΦΙΣΙΑΣ / ΒΟΡΕΙΟΥ ΤΟΜΕΑ ΑΘΗΝΩΝ","ΑΤΤΙΚΗΣ","Υποκατάστημα Αλλοδαπής","2012","","","ΥΠΗΡΕΣΙΕΣ ΕΝΟΙΚΙΑΣΗΣ ΕΠΑΓΓΕΛΜΑΤΙΚΟΥ ΤΟΥΡΙΣΤΙΚΟΥ ΣΚΑΦΟΥΣ ΜΕ ΠΛΗΡΩΜΑ","121446707001","997596809","laskfo.com"
"PHOTON YACHT ΥΠΟΚΑΤΑΣΤΗΜΑ ΑΛΛΟΔΑΠΗΣ","A","verified-no-site","dimitra@exantas.com.gr","2109484120","ΑΜΑΡΟΥΣΙΟΥ / ΒΟΡΕΙΟΥ ΤΟΜΕΑ ΑΘΗΝΩΝ","","Υποκατάστημα Αλλοδαπής","2025","","","ΥΠΗΡΕΣΙΕΣ ΕΝΟΙΚΙΑΣΗΣ ΕΠΑΓΓΕΛΜΑΤΙΚΟΥ ΤΟΥΡΙΣΤΙΚΟΥ ΣΚΑΦΟΥΣ ΜΕ ΠΛΗΡΩΜΑ","184800001001","996460484","exantas.com.gr"
"PITTARAS YACHTING ΜΟΝΟΠΡΟΣΩΠΗ ΙΔΙΩΤΙΚΗ ΚΕΦΑΛΑΙΟΥΧΙΚΗ ΕΤΑΙΡΙΑ","A","verified-no-site","info@actionseaze.com","2285027564","ΝΑΞΟΥ & ΜΙΚΡΩΝ ΚΥΚΛΑΔΩΝ / ΝΑΞΟΥ","ΚΥΚΛΑΔΩΝ","ΙΚΕ","2022","","","ΥΠΗΡΕΣΙΕΣ ΣΚΑΦΩΝ ΕΚΔΡΟΜΩΝ ΚΑΙ ΠΕΡΙΗΓΗΣΕΩΝ ΘΑΛΑΣΣΑΣ","162573038000","801745950","actionseaze.com"
"PLEASURE SHIPPING ENTERPRISES LIMITED","A","verified-no-site","admin@chiotispartners.com","2105203400","ΑΣΠΡΟΠΥΡΓΟΥ / ΔΥΤΙΚΗΣ ΑΤΤΙΚΗΣ","ΑΤΤΙΚΗΣ","Υποκατάστημα Αλλοδαπής","2022","","","ΥΠΗΡΕΣΙΕΣ ΕΝΟΙΚΙΑΣΗΣ ΕΠΑΓΓΕΛΜΑΤΙΚΟΥ ΤΟΥΡΙΣΤΙΚΟΥ ΣΚΑΦΟΥΣ ΜΕ ΠΛΗΡΩΜΑ","163612507001","996652783","chiotispartners.com"
"POETICUS YACHTS LIMITED","A","verified-no-site","info@exantas.com.gr","2109484120","ΑΓΙΑΣ ΠΑΡΑΣΚΕΥΗΣ / ΒΟΡΕΙΟΥ ΤΟΜΕΑ ΑΘΗΝΩΝ","ΑΤΤΙΚΗΣ","Υποκατάστημα Αλλοδαπής","2022","","","ΥΠΗΡΕΣΙΕΣ ΕΝΟΙΚΙΑΣΗΣ ΕΠΑΓΓΕΛΜΑΤΙΚΟΥ ΤΟΥΡΙΣΤΙΚΟΥ ΣΚΑΦΟΥΣ ΜΕ ΠΛΗΡΩΜΑ","163979401001","996647146","exantas.com.gr"
"POSEIDON TRIDENT LIMITED ΥΠΟΚΑΤΑΣΤΗΜΑ ΑΛΛΟΔΑΠΗΣ","A","verified-no-site","info@exantas.com.gr","2109484120","ΠΑΛΑΙΟΥ ΦΑΛΗΡΟΥ / ΝΟΤΙΟΥ ΤΟΜΕΑ ΑΘΗΝΩΝ","ΑΤΤΙΚΗΣ","Υποκατάστημα Αλλοδαπής","2020","","","ΥΠΗΡΕΣΙΕΣ ΕΝΟΙΚΙΑΣΗΣ ΠΛΟΙΩΝ ΨΥΧΑΓΩΓΙΑΣ (ΚΟΤΕΡΩΝ, ΘΑΛΑΜΗΓΩΝ, ΒΕΝΖΙΝΑΚΑΤΩΝ ΚΛΠ) ΜΕ ΠΛΗΡΩΜΑ","156442201001","996795315","exantas.com.gr"
"POSEIDON YACHT CHARTERS LTD (HELLAS)","A","verified-no-site","accounting@amangosike.com","2109850169","ΠΕΙΡΑΙΩΣ / ΠΕΙΡΑΙΩΣ","ΑΤΤΙΚΗΣ","Υποκατάστημα Αλλοδαπής","2018","","","ΥΠΗΡΕΣΙΕΣ ΕΝΟΙΚΙΑΣΗΣ ΕΠΑΓΓΕΛΜΑΤΙΚΟΥ ΤΟΥΡΙΣΤΙΚΟΥ ΣΚΑΦΟΥΣ ΜΕ ΠΛΗΡΩΜΑ","147534907001","996929727","amangosike.com"
"Prometheus Yachting Limited ΥΠΟΚΑΤΑΣΤΗΜΑ ΑΛΛΟΔΑΠΗΣ","A","verified-no-site","info@exantas.com.gr","2109484120","ΠΑΛΑΙΟΥ ΦΑΛΗΡΟΥ / ΝΟΤΙΟΥ ΤΟΜΕΑ ΑΘΗΝΩΝ","","Υποκατάστημα Αλλοδαπής","2024","","","ΥΠΗΡΕΣΙΕΣ ΕΝΟΙΚΙΑΣΗΣ ΠΛΟΙΩΝ ΨΥΧΑΓΩΓΙΑΣ (ΚΟΤΕΡΩΝ, ΘΑΛΑΜΗΓΩΝ, ΒΕΝΖΙΝΑΚΑΤΩΝ ΚΛΠ) ΜΕ ΠΛΗΡΩΜΑ","178150001001","996494703","exantas.com.gr"
"PURPLE RIVER PARTNERS LTD FOREIGN BRANCH","A","verified-no-site","info@exantas.com.gr","2109484120","ΒΑΡΗΣ - ΒΟΥΛΑΣ - ΒΟΥΛΙΑΓΜΕΝΗΣ / ΑΝΑΤΟΛΙΚΗΣ ΑΤΤΙΚΗΣ","ΑΤΤΙΚΗΣ","Υποκατάστημα Αλλοδαπής","2025","","","ΥΠΗΡΕΣΙΕΣ ΕΝΟΙΚΙΑΣΗΣ ΕΠΑΓΓΕΛΜΑΤΙΚΟΥ ΤΟΥΡΙΣΤΙΚΟΥ ΣΚΑΦΟΥΣ ΜΕ ΠΛΗΡΩΜΑ","182650901001","996416067","exantas.com.gr"
"QUEEN BLUE ΜΟΝΟΠΡΟΣΩΠΗ ΙΔΙΩΤΙΚΗ ΚΕΦΑΛΑΙΟΥΧΙΚΗ ΕΤΑΙΡΕΙΑ","A","verified-no-site","george@georgesimvonis.com","6932623548","ΝΕΑΣ ΙΩΝΙΑΣ / ΒΟΡΕΙΟΥ ΤΟΜΕΑ ΑΘΗΝΩΝ","ΑΤΤΙΚΗΣ","ΙΚΕ","2025","","","ΥΠΗΡΕΣΙΕΣ ΕΝΟΙΚΙΑΣΗΣ ΕΠΑΓΓΕΛΜΑΤΙΚΟΥ ΤΟΥΡΙΣΤΙΚΟΥ ΣΚΑΦΟΥΣ ΜΕ ΠΛΗΡΩΜΑ","189063201000","803086161","georgesimvonis.com"
"RARE FIND LTD ΥΠΟΚΑΤΑΣΤΗΜΑ ΑΛΛΟΔΑΠΗΣ","A","verified-no-site","istromatia@interconent.com","2107101574","ΑΘΗΝΑΙΩΝ / ΚΕΝΤΡΙΚΟΥ ΤΟΜΕΑ ΑΘΗΝΩΝ","ΑΤΤΙΚΗΣ","Υποκατάστημα Αλλοδαπής","2019","","","ΥΠΗΡΕΣΙΕΣ ΕΝΟΙΚΙΑΣΗΣ ΕΠΑΓΓΕΛΜΑΤΙΚΟΥ ΤΟΥΡΙΣΤΙΚΟΥ ΣΚΑΦΟΥΣ ΜΕ ΠΛΗΡΩΜΑ","150909901001","996863709","interconent.com"
"RENIERIS SAILING Ι.Κ.Ε.","A","verified-no-site","info@vdk.gr","2108080653","ΑΙΓΙΑΛΕΙΑΣ / ΑΧΑΙΑΣ","ΑΧΑΙΑΣ","ΙΚΕ","2021","","","ΥΠΗΡΕΣΙΕΣ ΕΝΟΙΚΙΑΣΗΣ ΤΟΥΡΙΣΤΙΚΟΥ ΣΚΑΦΟΥΣ, ΧΩΡΙΣ ΠΛΗΡΩΜΑ","161039216000","801661846","vdk.gr"
"RENIERIS SAILING Ι.Κ.Ε. (Υποκατάστημα)","A","verified-no-site","c.charitonidou@vdk.gr","2108080653","ΘΗΡΑΣ / ΘΗΡΑΣ","ΚΥΚΛΑΔΩΝ","ΙΚΕ","2025","","","ΥΠΗΡΕΣΙΕΣ ΕΝΟΙΚΙΑΣΗΣ ΤΟΥΡΙΣΤΙΚΟΥ ΣΚΑΦΟΥΣ, ΧΩΡΙΣ ΠΛΗΡΩΜΑ","161039238001","801661846","vdk.gr"
"RING OF THE SEA S.A. ΥΠΟΚΑΤΑΣΤΗΜΑ ΑΛΛΟΔΑΠΗΣ","A","verified-no-site","info@exantas.com.gr","2109484120","ΦΙΛΟΘΕΗΣ - ΨΥΧΙΚΟΥ / ΒΟΡΕΙΟΥ ΤΟΜΕΑ ΑΘΗΝΩΝ","ΑΤΤΙΚΗΣ","Υποκατάστημα Αλλοδαπής","2026","","","ΥΠΗΡΕΣΙΕΣ ΕΝΟΙΚΙΑΣΗΣ ΕΠΑΓΓΕΛΜΑΤΙΚΟΥ ΤΟΥΡΙΣΤΙΚΟΥ ΣΚΑΦΟΥΣ ΜΕ ΠΛΗΡΩΜΑ","190946501001","899965998","exantas.com.gr"
"RINI V LIMITED","A","verified-no-site","lzabetaki@goldenunion.gr","2104061000","ΠΕΙΡΑΙΩΣ / ΠΕΙΡΑΙΩΣ","ΑΤΤΙΚΗΣ","Υποκατάστημα Αλλοδαπής","2017","","","ΥΠΗΡΕΣΙΕΣ ΕΝΟΙΚΙΑΣΗΣ ΕΠΑΓΓΕΛΜΑΤΙΚΟΥ ΤΟΥΡΙΣΤΙΚΟΥ ΣΚΑΦΟΥΣ ΜΕ ΠΛΗΡΩΜΑ","141065507001","997061932","goldenunion.gr"
"RIVA YACHTING COMPANY LIMITED ΥΠΟΚΑΤΑΣΤΗΜΑ ΑΛΛΟΔΑΠΗΣ","A","verified-no-site","info@exantas.com.gr","2109484120","ΠΕΙΡΑΙΩΣ / ΠΕΙΡΑΙΩΣ","ΑΤΤΙΚΗΣ","Υποκατάστημα Αλλοδαπής","2019","","","ΥΠΗΡΕΣΙΕΣ ΕΝΟΙΚΙΑΣΗΣ ΕΠΑΓΓΕΛΜΑΤΙΚΟΥ ΤΟΥΡΙΣΤΙΚΟΥ ΣΚΑΦΟΥΣ ΜΕ ΠΛΗΡΩΜΑ","149617901001","996862290","exantas.com.gr"
"ROYAL ADVENTURE LIMITED ΥΠΟΚΑΤΑΣΤΗΜΑ ΑΛΛΟΔΑΠΗΣ","A","verified-no-site","accounting@tanestis.com","2107292338","ΧΑΛΑΝΔΡΙΟΥ / ΒΟΡΕΙΟΥ ΤΟΜΕΑ ΑΘΗΝΩΝ","ΑΤΤΙΚΗΣ","Υποκατάστημα Αλλοδαπής","2023","","","ΥΠΗΡΕΣΙΕΣ ΕΝΟΙΚΙΑΣΗΣ ΕΠΑΓΓΕΛΜΑΤΙΚΟΥ ΤΟΥΡΙΣΤΙΚΟΥ ΣΚΑΦΟΥΣ ΜΕ ΠΛΗΡΩΜΑ","172752601001","996570949","tanestis.com"
"SALAMINIA YACHTING LIMITED ΥΠΟΚΑΤΑΣΤΗΜΑ ΑΛΛΟΔΑΠΗΣ","A","verified-no-site","info@exantas.com.gr","2109484120","ΠΑΛΑΙΟΥ ΦΑΛΗΡΟΥ / ΝΟΤΙΟΥ ΤΟΜΕΑ ΑΘΗΝΩΝ","ΑΤΤΙΚΗΣ","Υποκατάστημα Αλλοδαπής","2021","","","ΥΠΗΡΕΣΙΕΣ ΕΝΟΙΚΙΑΣΗΣ ΕΠΑΓΓΕΛΜΑΤΙΚΟΥ ΤΟΥΡΙΣΤΙΚΟΥ ΣΚΑΦΟΥΣ ΜΕ ΠΛΗΡΩΜΑ","161928401001","996738787","exantas.com.gr"
"SAVAGE MARINE LIMITED","A","verified-no-site","harris.oikonomou@rivierayachting.gr","2109407050","ΚΑΛΛΙΘΕΑΣ / ΝΟΤΙΟΥ ΤΟΜΕΑ ΑΘΗΝΩΝ","ΑΤΤΙΚΗΣ","Υποκατάστημα Αλλοδαπής","2022","","","ΥΠΗΡΕΣΙΕΣ ΕΝΟΙΚΙΑΣΗΣ ΕΠΑΓΓΕΛΜΑΤΙΚΟΥ ΤΟΥΡΙΣΤΙΚΟΥ ΣΚΑΦΟΥΣ ΜΕ ΠΛΗΡΩΜΑ","164136301001","996653073","rivierayachting.gr"
"SCHOLFIELD BEN ΤΟΥ PAUL","A","verified-no-site","zk@pegasusfinance.gr","","","ΛΕΥΚΑΔΑΣ","ΑΤΟΜΙΚΗ","2015","","","ΥΠΗΡΕΣΙΕΣ ΕΝΟΙΚΙΑΣΗΣ ΤΟΥΡΙΣΤΙΚΟΥ ΣΚΑΦΟΥΣ, ΧΩΡΙΣ ΠΛΗΡΩΜΑ","137159443000","147873051","pegasusfinance.gr"
"SEA BLUE MARINE LIMITED","A","verified-no-site","lzabetaki@goldenunion.gr","2104061073","","ΑΤΤΙΚΗΣ","Υποκατάστημα Αλλοδαπής","2016","","","ΥΠΗΡΕΣΙΕΣ ΕΝΟΙΚΙΑΣΗΣ ΕΠΑΓΓΕΛΜΑΤΙΚΟΥ ΤΟΥΡΙΣΤΙΚΟΥ ΣΚΑΦΟΥΣ ΜΕ ΠΛΗΡΩΜΑ","139004607001","997060369","goldenunion.gr"
"SEAHORSE NAVIGATION LTD. ΥΠΟΚΑΤΑΣΤΗΜΑ ΑΛΛΟΔΑΠΗΣ","A","verified-no-site","info@exantas.com.gr","2109484120","ΠΑΛΑΙΟΥ ΦΑΛΗΡΟΥ / ΝΟΤΙΟΥ ΤΟΜΕΑ ΑΘΗΝΩΝ","ΑΤΤΙΚΗΣ","Υποκατάστημα Αλλοδαπής","2023","","","ΥΠΗΡΕΣΙΕΣ ΕΝΟΙΚΙΑΣΗΣ ΕΠΑΓΓΕΛΜΑΤΙΚΟΥ ΤΟΥΡΙΣΤΙΚΟΥ ΣΚΑΦΟΥΣ ΜΕ ΠΛΗΡΩΜΑ","167941201001","996568456","exantas.com.gr"
"SEALIA LIMITED ΥΠΟΚΑΤΑΣΤΗΜΑ ΑΛΛΟΔΑΠΗΣ","A","verified-no-site","welcome@amaltheia-consulting.gr","2108947049","ΑΜΑΡΟΥΣΙΟΥ / ΒΟΡΕΙΟΥ ΤΟΜΕΑ ΑΘΗΝΩΝ","ΑΤΤΙΚΗΣ","Υποκατάστημα Αλλοδαπής","2019","","","ΥΠΗΡΕΣΙΕΣ ΕΝΟΙΚΙΑΣΗΣ ΕΠΑΓΓΕΛΜΑΤΙΚΟΥ ΤΟΥΡΙΣΤΙΚΟΥ ΣΚΑΦΟΥΣ ΜΕ ΠΛΗΡΩΜΑ","149018101001","996930947","amaltheia-consulting.gr"
"SEAVACON LIMITED","A","verified-no-site","info@exantas.com.gr","2109484120","ΚΗΦΙΣΙΑΣ / ΒΟΡΕΙΟΥ ΤΟΜΕΑ ΑΘΗΝΩΝ","ΑΤΤΙΚΗΣ","Υποκατάστημα Αλλοδαπής","2018","","","ΥΠΗΡΕΣΙΕΣ ΕΝΟΙΚΙΑΣΗΣ ΕΠΑΓΓΕΛΜΑΤΙΚΟΥ ΤΟΥΡΙΣΤΙΚΟΥ ΣΚΑΦΟΥΣ ΜΕ ΠΛΗΡΩΜΑ","146438907001","996928884","exantas.com.gr"
"Seaway Holding Limited ΥΠΟΚΑΤΑΣΤΗΜΑ ΑΛΛΟΔΑΠΗΣ","A","verified-no-site","info@exantas.com.gr","2109484120","ΑΘΗΝΑΙΩΝ / ΚΕΝΤΡΙΚΟΥ ΤΟΜΕΑ ΑΘΗΝΩΝ","","Υποκατάστημα Αλλοδαπής","2024","","","ΥΠΗΡΕΣΙΕΣ ΕΝΟΙΚΙΑΣΗΣ ΕΠΑΓΓΕΛΜΑΤΙΚΟΥ ΤΟΥΡΙΣΤΙΚΟΥ ΣΚΑΦΟΥΣ ΜΕ ΠΛΗΡΩΜΑ","181142801001","802697804","exantas.com.gr"
"SEPIA ΜΟΝΟΠΡΟΣΩΠΗ ΙΔΙΩΤΙΚΗ ΚΕΦΑΛΑΙΟΥΧΙΚΗ ΕΤΑΙΡΕΙΑ","A","verified-no-site","info@exantas.com.gr","2109484120","ΝΕΑΣ ΙΩΝΙΑΣ / ΒΟΡΕΙΟΥ ΤΟΜΕΑ ΑΘΗΝΩΝ","ΑΤΤΙΚΗΣ","ΙΚΕ","2022","","","ΥΠΗΡΕΣΙΕΣ ΕΝΟΙΚΙΑΣΗΣ ΕΠΑΓΓΕΛΜΑΤΙΚΟΥ ΤΟΥΡΙΣΤΙΚΟΥ ΣΚΑΦΟΥΣ ΜΕ ΠΛΗΡΩΜΑ","165626201000","801910580","exantas.com.gr"
"SHERRY PAUL ROBERT","A","verified-no-site","zk@pegasusfinance.gr","2645024482","ΛΕΥΚΑΔΑΣ / ΛΕΥΚΑΔΑΣ","ΛΕΥΚΑΔΑΣ","ΑΤΟΜΙΚΗ","2019","","","ΥΠΗΡΕΣΙΕΣ ΕΝΟΙΚΙΑΣΗΣ ΠΛΟΙΩΝ ΨΥΧΑΓΩΓΙΑΣ (ΚΟΤΕΡΩΝ, ΘΑΛΑΜΗΓΩΝ, ΒΕΝΖΙΝΑΚΑΤΩΝ ΚΛΠ), ΧΩΡΙΣ ΠΛΗΡΩΜΑ","149356943000","170864879","pegasusfinance.gr"
"SINSPIRE LIMITED BRANCH OFFICE OF FOREIGN COMPANY","A","verified-no-site","info@exantas.com.gr","2109484120","ΓΛΥΦΑΔΑΣ / ΝΟΤΙΟΥ ΤΟΜΕΑ ΑΘΗΝΩΝ","ΑΤΤΙΚΗΣ","Υποκατάστημα Αλλοδαπής","2024","","","ΥΠΗΡΕΣΙΕΣ ΕΝΟΙΚΙΑΣΗΣ ΕΠΑΓΓΕΛΜΑΤΙΚΟΥ ΤΟΥΡΙΣΤΙΚΟΥ ΣΚΑΦΟΥΣ ΜΕ ΠΛΗΡΩΜΑ","178988401001","996455462","exantas.com.gr"
"SJ Management Ltd. ΥΠΟΚΑΤΑΣΤΗΜΑ ΑΛΛΟΔΑΠΗΣ","A","verified-no-site","info@exantas.com.gr","+35620107755","ΑΘΗΝΑΙΩΝ / ΚΕΝΤΡΙΚΟΥ ΤΟΜΕΑ ΑΘΗΝΩΝ","ΑΤΤΙΚΗΣ","Υποκατάστημα Αλλοδαπής","2026","","","ΥΠΗΡΕΣΙΕΣ ΕΝΟΙΚΙΑΣΗΣ ΕΠΑΓΓΕΛΜΑΤΙΚΟΥ ΤΟΥΡΙΣΤΙΚΟΥ ΣΚΑΦΟΥΣ ΜΕ ΠΛΗΡΩΜΑ","191718701001","803192130","exantas.com.gr"
"SLC (MED) PTY LTD ΥΠΟΚΑΤΑΣΤΗΜΑ ΑΛΛΟΔΑΠΗΣ","A","verified-no-site","info@exantas.com.gr","2109484120","ΠΕΙΡΑΙΩΣ / ΠΕΙΡΑΙΩΣ","ΑΤΤΙΚΗΣ","Υποκατάστημα Αλλοδαπής","2025","","","ΥΠΗΡΕΣΙΕΣ ΕΝΟΙΚΙΑΣΗΣ ΕΠΑΓΓΕΛΜΑΤΙΚΟΥ ΤΟΥΡΙΣΤΙΚΟΥ ΣΚΑΦΟΥΣ ΜΕ ΠΛΗΡΩΜΑ","187163107001","996379307","exantas.com.gr"
"SNOWDIVE LLC BRANCH OFFICE OF FOREIGN COMPANY","A","verified-no-site","info@exantas.com.gr","2109484120","ΠΑΠΑΓΟΥ - ΧΟΛΑΡΓΟΥ / ΒΟΡΕΙΟΥ ΤΟΜΕΑ ΑΘΗΝΩΝ","ΑΤΤΙΚΗΣ","Υποκατάστημα Αλλοδαπής","2024","","","ΥΠΗΡΕΣΙΕΣ ΕΝΟΙΚΙΑΣΗΣ ΕΠΑΓΓΕΛΜΑΤΙΚΟΥ ΤΟΥΡΙΣΤΙΚΟΥ ΣΚΑΦΟΥΣ ΜΕ ΠΛΗΡΩΜΑ","175987801001","996518730","exantas.com.gr"
"SOLANNA BLUE Ι.Κ.Ε.","A","verified-no-site","sigmains@asolakian.gr","6974006262","ΑΛΙΜΟΥ / ΝΟΤΙΟΥ ΤΟΜΕΑ ΑΘΗΝΩΝ","ΑΤΤΙΚΗΣ","ΙΚΕ","2025","","","ΥΠΗΡΕΣΙΕΣ ΕΝΟΙΚΙΑΣΗΣ ΤΟΥΡΙΣΤΙΚΟΥ ΣΚΑΦΟΥΣ, ΧΩΡΙΣ ΠΛΗΡΩΜΑ","188149103000","803046925","asolakian.gr"
"SOLMARE YACHTING CAPITAL LTD. ΥΠΟΚΑΤΑΣΤΗΜΑ ΑΛΛΟΔΑΠΗΣ","A","verified-no-site","info@exantas.com.gr","2109484120","ΠΑΛΑΙΟΥ ΦΑΛΗΡΟΥ / ΝΟΤΙΟΥ ΤΟΜΕΑ ΑΘΗΝΩΝ","ΑΤΤΙΚΗΣ","Υποκατάστημα Αλλοδαπής","2026","","","ΥΠΗΡΕΣΙΕΣ ΕΝΟΙΚΙΑΣΗΣ ΠΛΟΙΩΝ ΨΥΧΑΓΩΓΙΑΣ (ΚΟΤΕΡΩΝ, ΘΑΛΑΜΗΓΩΝ, ΒΕΝΖΙΝΑΚΑΤΩΝ ΚΛΠ) ΜΕ ΠΛΗΡΩΜΑ","192176201001","803209210","exantas.com.gr"
"SOPHIA YACHTING LIMITED","A","verified-no-site","info@exantas.com.gr","2109484120","ΠΑΛΑΙΟΥ ΦΑΛΗΡΟΥ / ΝΟΤΙΟΥ ΤΟΜΕΑ ΑΘΗΝΩΝ","ΑΤΤΙΚΗΣ","Υποκατάστημα Αλλοδαπής","2018","","","ΥΠΗΡΕΣΙΕΣ ΕΝΟΙΚΙΑΣΗΣ ΕΠΑΓΓΕΛΜΑΤΙΚΟΥ ΤΟΥΡΙΣΤΙΚΟΥ ΣΚΑΦΟΥΣ ΜΕ ΠΛΗΡΩΜΑ","145748401001","996999999","exantas.com.gr"
"SPATAFORA GREEK BRANCH","A","verified-no-site","welcome@amaltheia-consulting.gr","2108641072","ΠΕΙΡΑΙΩΣ / ΠΕΙΡΑΙΩΣ","ΑΤΤΙΚΗΣ","Υποκατάστημα Αλλοδαπής","2022","","","ΥΠΗΡΕΣΙΕΣ ΕΝΟΙΚΙΑΣΗΣ ΕΠΑΓΓΕΛΜΑΤΙΚΟΥ ΤΟΥΡΙΣΤΙΚΟΥ ΣΚΑΦΟΥΣ ΜΕ ΠΛΗΡΩΜΑ","163796607001","996652980","amaltheia-consulting.gr"
"STAR HOLDINGS YACHTING INC. ΥΠΟΚΑΤΑΣΤΗΜΑ ΑΛΛΟΔΑΠΗΣ","A","verified-no-site","info@exantas.com.gr","2109484120","ΓΛΥΦΑΔΑΣ / ΝΟΤΙΟΥ ΤΟΜΕΑ ΑΘΗΝΩΝ","ΑΤΤΙΚΗΣ","Υποκατάστημα Αλλοδαπής","2020","","","ΥΠΗΡΕΣΙΕΣ ΕΝΟΙΚΙΑΣΗΣ ΕΠΑΓΓΕΛΜΑΤΙΚΟΥ ΤΟΥΡΙΣΤΙΚΟΥ ΣΚΑΦΟΥΣ ΜΕ ΠΛΗΡΩΜΑ","155179801001","996794804","exantas.com.gr"
"SUNNY NAVIGATION  ΜΟΝΟΠΡΟΣΩΠΗ Ι.Κ.Ε.","A","verified-no-site","welcome@amaltheia-consulting.gr","2108947049","ΠΑΛΑΙΟΥ ΦΑΛΗΡΟΥ / ΝΟΤΙΟΥ ΤΟΜΕΑ ΑΘΗΝΩΝ","ΑΤΤΙΚΗΣ","ΙΚΕ","2024","","","ΥΠΗΡΕΣΙΕΣ ΕΝΟΙΚΙΑΣΗΣ ΤΟΥΡΙΣΤΙΚΟΥ ΣΚΑΦΟΥΣ, ΧΩΡΙΣ ΠΛΗΡΩΜΑ","180358001000","802657253","amaltheia-consulting.gr"
"SUPERIOR COMPANY GROUP GREEK BRANCH","A","verified-no-site","info@exantas.com.gr","2109484120","ΠΕΙΡΑΙΩΣ / ΠΕΙΡΑΙΩΣ","ΑΤΤΙΚΗΣ","Υποκατάστημα Αλλοδαπής","2023","","","ΥΠΗΡΕΣΙΕΣ ΕΝΟΙΚΙΑΣΗΣ ΕΠΑΓΓΕΛΜΑΤΙΚΟΥ ΤΟΥΡΙΣΤΙΚΟΥ ΣΚΑΦΟΥΣ ΜΕ ΠΛΗΡΩΜΑ","169190307001","996569103","exantas.com.gr"
"SURICO FRANCESCO ANTONIO","A","verified-no-site","tm@pegasusfinance.gr","2645024482","ΛΕΥΚΑΔΑΣ / ΛΕΥΚΑΔΑΣ","ΛΕΥΚΑΔΑΣ","ΑΤΟΜΙΚΗ","2020","","","ΥΠΗΡΕΣΙΕΣ ΕΝΟΙΚΙΑΣΗΣ ΠΛΟΙΩΝ ΨΥΧΑΓΩΓΙΑΣ (ΚΟΤΕΡΩΝ, ΘΑΛΑΜΗΓΩΝ, ΒΕΝΖΙΝΑΚΑΤΩΝ ΚΛΠ), ΧΩΡΙΣ ΠΛΗΡΩΜΑ","154524043000","170873981","pegasusfinance.gr"
"SWISSNEST SA GREEK BRANCH","A","verified-no-site","meropi@seagreece.co","2113332610","ΠΑΛΑΙΟΥ ΦΑΛΗΡΟΥ / ΝΟΤΙΟΥ ΤΟΜΕΑ ΑΘΗΝΩΝ","ΑΤΤΙΚΗΣ","Υποκατάστημα Αλλοδαπής","2024","","","ΥΠΗΡΕΣΙΕΣ ΕΝΟΙΚΙΑΣΗΣ ΕΠΑΓΓΕΛΜΑΤΙΚΟΥ ΤΟΥΡΙΣΤΙΚΟΥ ΣΚΑΦΟΥΣ ΜΕ ΠΛΗΡΩΜΑ","176944001001","996519161","seagreece.co"
"SYDNEY LIFESTYLE CHARTERS PTY LTD","A","verified-no-site","info@exantas.com.gr","2109484120","ΠΕΙΡΑΙΩΣ / ΠΕΙΡΑΙΩΣ","ΑΤΤΙΚΗΣ","Υποκατάστημα Αλλοδαπής","2019","","","ΥΠΗΡΕΣΙΕΣ ΕΝΟΙΚΙΑΣΗΣ ΕΠΑΓΓΕΛΜΑΤΙΚΟΥ ΤΟΥΡΙΣΤΙΚΟΥ ΣΚΑΦΟΥΣ ΜΕ ΠΛΗΡΩΜΑ","150226007001","996863261","exantas.com.gr"
"TACOS OF THE SEAS LIMITED","A","verified-no-site","info@exantas.com.gr","2109484120","ΑΘΗΝΑΙΩΝ / ΚΕΝΤΡΙΚΟΥ ΤΟΜΕΑ ΑΘΗΝΩΝ","ΑΤΤΙΚΗΣ","Υποκατάστημα Αλλοδαπής","2018","","","ΥΠΗΡΕΣΙΕΣ ΕΝΟΙΚΙΑΣΗΣ ΕΠΑΓΓΕΛΜΑΤΙΚΟΥ ΤΟΥΡΙΣΤΙΚΟΥ ΣΚΑΦΟΥΣ ΜΕ ΠΛΗΡΩΜΑ","145708107001","997000000","exantas.com.gr"
"THE BASTIAT COMPANY LIMITED ΥΠΟΚΑΤΑΣΤΗΜΑ ΑΛΛΟΔΑΠΗΣ","A","verified-no-site","info@exantas.com.gr","2109484120","ΑΘΗΝΑΙΩΝ / ΚΕΝΤΡΙΚΟΥ ΤΟΜΕΑ ΑΘΗΝΩΝ","ΑΤΤΙΚΗΣ","Υποκατάστημα Αλλοδαπής","2022","","","ΥΠΗΡΕΣΙΕΣ ΕΝΟΙΚΙΑΣΗΣ ΠΛΟΙΩΝ ΨΥΧΑΓΩΓΙΑΣ (ΚΟΤΕΡΩΝ, ΘΑΛΑΜΗΓΩΝ, ΒΕΝΖΙΝΑΚΑΤΩΝ ΚΛΠ) ΜΕ ΠΛΗΡΩΜΑ","164409601001","996653325","exantas.com.gr"
"THE JUST ENOUGH COMPANY LIMITED ΥΠΟΚΑΤΑΣΤΗΜΑ ΑΛΛΟΔΑΠΗΣ","A","verified-no-site","info@exantas.com.gr","2109484120","ΠΑΛΑΙΟΥ ΦΑΛΗΡΟΥ / ΝΟΤΙΟΥ ΤΟΜΕΑ ΑΘΗΝΩΝ","ΑΤΤΙΚΗΣ","Υποκατάστημα Αλλοδαπής","2020","","","ΥΠΗΡΕΣΙΕΣ ΕΝΟΙΚΙΑΣΗΣ ΕΠΑΓΓΕΛΜΑΤΙΚΟΥ ΤΟΥΡΙΣΤΙΚΟΥ ΣΚΑΦΟΥΣ ΜΕ ΠΛΗΡΩΜΑ","154555701001","996794017","exantas.com.gr"
"THE VENTURE Ι.Κ.Ε.","A","verified-no-site","info@bookkeeper.gr","2102617454","ΑΜΑΡΟΥΣΙΟΥ / ΒΟΡΕΙΟΥ ΤΟΜΕΑ ΑΘΗΝΩΝ","ΑΤΤΙΚΗΣ","ΙΚΕ","2021","","","ΥΠΗΡΕΣΙΕΣ ΕΝΟΙΚΙΑΣΗΣ ΤΟΥΡΙΣΤΙΚΟΥ ΣΚΑΦΟΥΣ, ΧΩΡΙΣ ΠΛΗΡΩΜΑ","160815601000","801649520","bookkeeper.gr"
"THIS IS IT YACHTING LIMITED ΥΠΟΚΑΤΑΣΤΗΜΑ ΑΛΛΟΔΑΠΗΣ","A","verified-no-site","info@exantas.com.gr","2109484120","ΑΓΙΑΣ ΠΑΡΑΣΚΕΥΗΣ / ΒΟΡΕΙΟΥ ΤΟΜΕΑ ΑΘΗΝΩΝ","ΑΤΤΙΚΗΣ","Υποκατάστημα Αλλοδαπής","2025","","","ΥΠΗΡΕΣΙΕΣ ΕΝΟΙΚΙΑΣΗΣ ΕΠΑΓΓΕΛΜΑΤΙΚΟΥ ΤΟΥΡΙΣΤΙΚΟΥ ΣΚΑΦΟΥΣ ΜΕ ΠΛΗΡΩΜΑ","184660601001","802887650","exantas.com.gr"
"TIGRA YACHTING ΜΟΝΟΠΡΟΣΩΠΗ Ι.Κ.Ε.","A","verified-no-site","info@exantas.com.gr","2109484120","ΧΙΟΥ / ΧΙΟΥ","ΧΙΟΥ","ΙΚΕ","2022","","","ΥΠΗΡΕΣΙΕΣ ΕΝΟΙΚΙΑΣΗΣ ΕΠΑΓΓΕΛΜΑΤΙΚΟΥ ΤΟΥΡΙΣΤΙΚΟΥ ΣΚΑΦΟΥΣ ΜΕ ΠΛΗΡΩΜΑ","167472007000","801978339","exantas.com.gr"
"TRANS EXPO MARKET EOOD ΥΠΟΚΑΤΑΣΤΗΜΑ ΑΛΛΟΔΑΠΗΣ","A","verified-no-site","info@exantas.com.gr","2109484120","ΠΑΛΑΙΟΥ ΦΑΛΗΡΟΥ / ΝΟΤΙΟΥ ΤΟΜΕΑ ΑΘΗΝΩΝ","ΑΤΤΙΚΗΣ","Υποκατάστημα Αλλοδαπής","2019","","","ΥΠΗΡΕΣΙΕΣ ΕΝΟΙΚΙΑΣΗΣ ΕΠΑΓΓΕΛΜΑΤΙΚΟΥ ΤΟΥΡΙΣΤΙΚΟΥ ΣΚΑΦΟΥΣ ΜΕ ΠΛΗΡΩΜΑ","149883801001","996863015","exantas.com.gr"
"TRECHANTIRI OWNING COMPANY LTD","A","verified-no-site","info@exantas.com.gr","2109484120","ΑΜΑΡΟΥΣΙΟΥ / ΒΟΡΕΙΟΥ ΤΟΜΕΑ ΑΘΗΝΩΝ","ΑΤΤΙΚΗΣ","Υποκατάστημα Αλλοδαπής","2018","","","ΥΠΗΡΕΣΙΕΣ ΕΝΟΙΚΙΑΣΗΣ ΕΠΑΓΓΕΛΜΑΤΙΚΟΥ ΤΟΥΡΙΣΤΙΚΟΥ ΣΚΑΦΟΥΣ ΜΕ ΠΛΗΡΩΜΑ","145361301001","996999729","exantas.com.gr"
"TRERORTON LTD ΥΠΟΚΑΤΑΣΤΗΜΑ ΑΛΛΟΔΑΠΗΣ","A","verified-no-site","accounting@tanestis.com","2107292338","ΑΘΗΝΑΙΩΝ / ΚΕΝΤΡΙΚΟΥ ΤΟΜΕΑ ΑΘΗΝΩΝ","ΑΤΤΙΚΗΣ","Υποκατάστημα Αλλοδαπής","2024","","","ΥΠΗΡΕΣΙΕΣ ΕΝΟΙΚΙΑΣΗΣ ΕΠΑΓΓΕΛΜΑΤΙΚΟΥ ΤΟΥΡΙΣΤΙΚΟΥ ΣΚΑΦΟΥΣ ΜΕ ΠΛΗΡΩΜΑ","174505101001","996517942","tanestis.com"
"TROPICANA YACHTS LIMITED ΥΠΟΚΑΤΑΣΤΗΜΑ ΑΛΛΟΔΑΠΗΣ","A","verified-no-site","info@exantas.com.gr","2109484120","ΕΛΛΗΝΙΚΟΥ - ΑΡΓΥΡΟΥΠΟΛΗΣ / ΝΟΤΙΟΥ ΤΟΜΕΑ ΑΘΗΝΩΝ","ΑΤΤΙΚΗΣ","Υποκατάστημα Αλλοδαπής","2021","","","ΥΠΗΡΕΣΙΕΣ ΕΝΟΙΚΙΑΣΗΣ ΕΠΑΓΓΕΛΜΑΤΙΚΟΥ ΤΟΥΡΙΣΤΙΚΟΥ ΣΚΑΦΟΥΣ ΜΕ ΠΛΗΡΩΜΑ","159604501001","996737428","exantas.com.gr"
"TRUE NORTH YACHTING Ι.Κ.Ε.","A","verified-no-site","info@actionseaze.com","2102617511","ΝΑΞΟΥ & ΜΙΚΡΩΝ ΚΥΚΛΑΔΩΝ / ΝΑΞΟΥ","ΚΥΚΛΑΔΩΝ","ΙΚΕ","2026","","","ΥΠΗΡΕΣΙΕΣ ΣΚΑΦΩΝ ΕΚΔΡΟΜΩΝ ΚΑΙ ΠΕΡΙΗΓΗΣΕΩΝ ΘΑΛΑΣΣΑΣ","191215638000","803169636","actionseaze.com"
"UKON LTD ΥΠΟΚΑΤΑΣΤΗΜΑ ΑΛΛΟΔΑΠΗΣ","A","verified-no-site","info@exantas.com.gr","2109484120","ΑΘΗΝΑΙΩΝ / ΚΕΝΤΡΙΚΟΥ ΤΟΜΕΑ ΑΘΗΝΩΝ","ΑΤΤΙΚΗΣ","Υποκατάστημα Αλλοδαπής","2023","","","ΥΠΗΡΕΣΙΕΣ ΕΝΟΙΚΙΑΣΗΣ ΕΠΑΓΓΕΛΜΑΤΙΚΟΥ ΤΟΥΡΙΣΤΙΚΟΥ ΣΚΑΦΟΥΣ ΜΕ ΠΛΗΡΩΜΑ","168363601001","996568690","exantas.com.gr"
"VAN DUTCH 55 ΜΟΝΟΠΡΟΣΩΠΗ ΙΔΙΩΤΙΚΗ ΚΕΦΑΛΑΙΟΥΧΙΚΗ ΕΤΑΙΡΕΙΑ","A","verified-no-site","accounting@aroundtown-holdings.gr","2103316678","ΑΘΗΝΑΙΩΝ / ΚΕΝΤΡΙΚΟΥ ΤΟΜΕΑ ΑΘΗΝΩΝ","ΑΤΤΙΚΗΣ","ΙΚΕ","2022","","","ΥΠΗΡΕΣΙΕΣ ΕΝΟΙΚΙΑΣΗΣ ΕΠΑΓΓΕΛΜΑΤΙΚΟΥ ΤΟΥΡΙΣΤΙΚΟΥ ΣΚΑΦΟΥΣ ΜΕ ΠΛΗΡΩΜΑ","165810601000","801919340","aroundtown-holdings.gr"
"Varidi Charters Hellas Limited","A","verified-no-site","welcome@amaltheia-consulting.gr","2108947049","ΠΑΛΑΙΟΥ ΦΑΛΗΡΟΥ / ΝΟΤΙΟΥ ΤΟΜΕΑ ΑΘΗΝΩΝ","ΑΘΗΝΩΝ","Υποκατάστημα Αλλοδαπής","2023","","","ΥΠΗΡΕΣΙΕΣ ΕΝΟΙΚΙΑΣΗΣ ΕΠΑΓΓΕΛΜΑΤΙΚΟΥ ΤΟΥΡΙΣΤΙΚΟΥ ΣΚΑΦΟΥΣ ΜΕ ΠΛΗΡΩΜΑ","170164014001","996762136","amaltheia-consulting.gr"
"VELVET SKY MARINE LIMITED","A","verified-no-site","lzabetaki@goldenunion.gr","2104061000","","ΠΕΙΡΑΙΑ","Υποκατάστημα Αλλοδαπής","2016","","","ΥΠΗΡΕΣΙΕΣ ΕΝΟΙΚΙΑΣΗΣ ΕΠΑΓΓΕΛΜΑΤΙΚΟΥ ΤΟΥΡΙΣΤΙΚΟΥ ΣΚΑΦΟΥΣ ΜΕ ΠΛΗΡΩΜΑ","139005007001","997060357","goldenunion.gr"
"VENTUS 21 ΜΟΝΟΠΡΟΣΩΠΗ Ι.Κ.Ε.","A","verified-no-site","acc@uplink.com.gr","2109838760","ΑΘΗΝΑΙΩΝ / ΚΕΝΤΡΙΚΟΥ ΤΟΜΕΑ ΑΘΗΝΩΝ","ΑΤΤΙΚΗΣ","ΙΚΕ","2021","","","ΥΠΗΡΕΣΙΕΣ ΕΝΟΙΚΙΑΣΗΣ ΤΟΥΡΙΣΤΙΚΟΥ ΣΚΑΦΟΥΣ, ΧΩΡΙΣ ΠΛΗΡΩΜΑ","161280001000","801674934","uplink.com.gr"
"VERMISOGLOU JENNIFER ΤΟΥ HARALD","A","verified-no-site","vermijenny@kavalanet.com","2510620442","ΚΑΒΑΛΑΣ / ΚΑΒΑΛΑΣ","ΚΑΒΑΛΑΣ","ΑΤΟΜΙΚΗ","2023","","","ΥΠΗΡΕΣΙΕΣ ΕΝΟΙΚΙΑΣΗΣ ΤΟΥΡΙΣΤΙΚΟΥ ΣΚΑΦΟΥΣ, ΧΩΡΙΣ ΠΛΗΡΩΜΑ","190131130000","145534739","kavalanet.com"
"VIA MARINA ΝΑΥΤΙΛΙΑΚΗ ΜΟΝΟΠΡΟΣΩΠΗ Α.Ε.","A","verified-no-site","panagiotis.barkonikos@sternerstenhus.gr","6947003145","ΑΘΗΝΑΙΩΝ / ΚΕΝΤΡΙΚΟΥ ΤΟΜΕΑ ΑΘΗΝΩΝ","ΑΤΤΙΚΗΣ","ΑΕ","2020","","","ΥΠΗΡΕΣΙΕΣ ΕΝΟΙΚΙΑΣΗΣ ΕΠΑΓΓΕΛΜΑΤΙΚΟΥ ΤΟΥΡΙΣΤΙΚΟΥ ΣΚΑΦΟΥΣ ΜΕ ΠΛΗΡΩΜΑ","155045401000","801357210","sternerstenhus.gr"
"VΕRA OVERSEAS LIMITED GREEK BRANCH","A","verified-no-site","meropi@seagreece.co","2113332610","ΜΟΣΧΑΤΟΥ - ΤΑΥΡΟΥ / ΝΟΤΙΟΥ ΤΟΜΕΑ ΑΘΗΝΩΝ","ΑΤΤΙΚΗΣ","Υποκατάστημα Αλλοδαπής","2024","","","ΥΠΗΡΕΣΙΕΣ ΕΝΟΙΚΙΑΣΗΣ ΠΛΟΙΩΝ ΨΥΧΑΓΩΓΙΑΣ (ΚΟΤΕΡΩΝ, ΘΑΛΑΜΗΓΩΝ, ΒΕΝΖΙΝΑΚΑΤΩΝ ΚΛΠ) ΜΕ ΠΛΗΡΩΜΑ","178142701001","996433709","seagreece.co"
"WHITE LIGHTNING CHARTERS Ι.Κ.Ε.","A","verified-no-site","info@exantas.com.gr","2109484120","ΒΥΡΩΝΟΣ / ΚΕΝΤΡΙΚΟΥ ΤΟΜΕΑ ΑΘΗΝΩΝ","ΑΤΤΙΚΗΣ","ΙΚΕ","2023","","","ΥΠΗΡΕΣΙΕΣ ΕΝΟΙΚΙΑΣΗΣ ΕΠΑΓΓΕΛΜΑΤΙΚΟΥ ΤΟΥΡΙΣΤΙΚΟΥ ΣΚΑΦΟΥΣ ΜΕ ΠΛΗΡΩΜΑ","171342701000","802168273","exantas.com.gr"
"WHY YACHTING ΙΔΙΩΤΙΚΗ ΚΕΦΑΛΑΙΟΥΧΙΚΗ ΕΤΑΙΡΕΙΑ","A","verified-no-site","info@exantas.com.gr","2109484120","ΑΘΗΝΑΙΩΝ / ΚΕΝΤΡΙΚΟΥ ΤΟΜΕΑ ΑΘΗΝΩΝ","ΑΤΤΙΚΗΣ","ΙΚΕ","2023","","","ΥΠΗΡΕΣΙΕΣ ΕΝΟΙΚΙΑΣΗΣ ΕΠΑΓΓΕΛΜΑΤΙΚΟΥ ΤΟΥΡΙΣΤΙΚΟΥ ΣΚΑΦΟΥΣ ΜΕ ΠΛΗΡΩΜΑ","170372601000","802121089","exantas.com.gr"
"WINBLOCK LIMITED BRANCH OFFICE OF FOREIGN COMPANY","A","verified-no-site","info@exantas.com.gr","2109484120","ΠΕΙΡΑΙΩΣ / ΠΕΙΡΑΙΩΣ","ΑΤΤΙΚΗΣ","Υποκατάστημα Αλλοδαπής","2024","","","ΥΠΗΡΕΣΙΕΣ ΕΝΟΙΚΙΑΣΗΣ ΕΠΑΓΓΕΛΜΑΤΙΚΟΥ ΤΟΥΡΙΣΤΙΚΟΥ ΣΚΑΦΟΥΣ ΜΕ ΠΛΗΡΩΜΑ","175630607001","996518430","exantas.com.gr"
"WINKERBELL LTD. ΥΠΟΚΑΤΑΣΤΗΜΑ ΑΛΛΟΔΑΠΗΣ","A","verified-no-site","info@exantas.com.gr","2109484120","ΠΕΙΡΑΙΩΣ / ΠΕΙΡΑΙΩΣ","","Υποκατάστημα Αλλοδαπής","2025","","","ΥΠΗΡΕΣΙΕΣ ΕΝΟΙΚΙΑΣΗΣ ΕΠΑΓΓΕΛΜΑΤΙΚΟΥ ΤΟΥΡΙΣΤΙΚΟΥ ΣΚΑΦΟΥΣ ΜΕ ΠΛΗΡΩΜΑ","184991407001","802904103","exantas.com.gr"
"YES L ΙΔΙΩΤΙΚΗ ΚΕΦΑΛΑΙΟΥΧΙΚΗ ΕΤΑΙΡΕΙΑ","A","verified-no-site","yesl@lworldyachting.com","2104180074","ΠΕΙΡΑΙΩΣ / ΠΕΙΡΑΙΩΣ","ΑΤΤΙΚΗΣ","ΙΚΕ","2021","","","ΥΠΗΡΕΣΙΕΣ ΕΝΟΙΚΙΑΣΗΣ ΕΠΑΓΓΕΛΜΑΤΙΚΟΥ ΤΟΥΡΙΣΤΙΚΟΥ ΣΚΑΦΟΥΣ ΜΕ ΠΛΗΡΩΜΑ","161695307000","801697161","lworldyachting.com"
"YOUR VALUE  Ε.Ε.","A","verified-no-site","a.athanasiou@athanlaw.gr","2103617150","ΚΑΒΑΛΑΣ / ΚΑΒΑΛΑΣ","ΚΑΒΑΛΑΣ","ΕΕ","2023","","","ΥΠΗΡΕΣΙΕΣ ΕΝΟΙΚΙΑΣΗΣ ΤΟΥΡΙΣΤΙΚΟΥ ΣΚΑΦΟΥΣ, ΧΩΡΙΣ ΠΛΗΡΩΜΑ","171346530000","802168537","athanlaw.gr"
"ZARO SHIPPING LIMITED","A","verified-no-site","info@exantas.com.gr","2109484120","ΠΑΛΑΙΟΥ ΦΑΛΗΡΟΥ / ΝΟΤΙΟΥ ΤΟΜΕΑ ΑΘΗΝΩΝ","ΑΤΤΙΚΗΣ","Υποκατάστημα Αλλοδαπής","2016","","","ΥΠΗΡΕΣΙΕΣ ΕΝΟΙΚΙΑΣΗΣ ΠΛΟΙΩΝ ΨΥΧΑΓΩΓΙΑΣ (ΚΟΤΕΡΩΝ, ΘΑΛΑΜΗΓΩΝ, ΒΕΝΖΙΝΑΚΑΤΩΝ ΚΛΠ), ΧΩΡΙΣ ΠΛΗΡΩΜΑ","139174607001","997060591","exantas.com.gr"
"ZOE MARITIME LTD","A","verified-no-site","accounting@tanestis.com","2107292338","ΚΑΛΛΙΘΕΑΣ / ΝΟΤΙΟΥ ΤΟΜΕΑ ΑΘΗΝΩΝ","ΑΤΤΙΚΗΣ","Υποκατάστημα Αλλοδαπής","2024","","","ΥΠΗΡΕΣΙΕΣ ΕΝΟΙΚΙΑΣΗΣ ΕΠΑΓΓΕΛΜΑΤΙΚΟΥ ΤΟΥΡΙΣΤΙΚΟΥ ΣΚΑΦΟΥΣ ΜΕ ΠΛΗΡΩΜΑ","177437101001","996519622","tanestis.com"
"ΑΓΓΕΛΟΠΟΥΛΟΣ ΙΩΑΝΝΗΣ ΚΑΙ ΣΙΑ Ο.Ε.","A","verified-no-site","info@mgmbookkeeping.gr","2104522457","ΠΕΙΡΑΙΩΣ / ΠΕΙΡΑΙΩΣ","ΑΤΤΙΚΗΣ","ΟΕ","2022","","","ΥΠΗΡΕΣΙΕΣ ΕΝΟΙΚΙΑΣΗΣ ΠΛΟΙΩΝ ΨΥΧΑΓΩΓΙΑΣ (ΚΟΤΕΡΩΝ, ΘΑΛΑΜΗΓΩΝ, ΒΕΝΖΙΝΑΚΑΤΩΝ ΚΛΠ), ΧΩΡΙΣ ΠΛΗΡΩΜΑ","166689807000","801941125","mgmbookkeeping.gr"
"ΑΛΕΞΑΝΔΡΟΣ - ΚΩΝΣΤΑΝΤΙΝΟΣ ΝΑΥΤΙΛΙΑΚΗ ΜΟΝΟΠΡΟΣΩΠΗ ΕΤΑΙΡΙΑ ΠΕΡΙΩΡΙΣΜΕΝΗΣ ΕΥΘΥΝΗΣ","A","verified-no-site","info@exantas.com.gr","2109484120","ΠΕΙΡΑΙΩΣ / ΠΕΙΡΑΙΩΣ","ΑΤΤΙΚΗΣ","ΕΠΕ","2003","","","ΥΠΗΡΕΣΙΕΣ ΕΝΟΙΚΙΑΣΗΣ ΤΟΥΡΙΣΤΙΚΟΥ ΣΚΑΦΟΥΣ, ΧΩΡΙΣ ΠΛΗΡΩΜΑ","126255307000","999415168","exantas.com.gr"
"ΑΛΙΜΟΣ ΓΙΩΤΙΝΓΚ ΝΑΥΤΙΛΙΑΚΗ ΑΝΩΝΥΜΗ ΕΤΑΙΡΕΙΑ","A","verified-no-site","gkorres@vgc.gr","2106264323","ΚΗΦΙΣΙΑΣ / ΒΟΡΕΙΟΥ ΤΟΜΕΑ ΑΘΗΝΩΝ","ΑΘΗΝΩΝ","ΑΕ","2003","","","ΥΠΗΡΕΣΙΕΣ ΕΝΟΙΚΙΑΣΗΣ ΕΠΑΓΓΕΛΜΑΤΙΚΟΥ ΤΟΥΡΙΣΤΙΚΟΥ ΣΚΑΦΟΥΣ ΜΕ ΠΛΗΡΩΜΑ","121836501000","095546749","vgc.gr"
"ΑΜΕΡΟΣ LIMITED ΚΑΙ ΣΙΑ ΕΕ","A","verified-no-site","info@tax-care.eu","2104635030","ΑΘΗΝΑΙΩΝ / ΚΕΝΤΡΙΚΟΥ ΤΟΜΕΑ ΑΘΗΝΩΝ","ΑΤΤΙΚΗΣ","ΕΕ","2005","","","ΥΠΗΡΕΣΙΕΣ ΘΑΛΑΣΣΙΩΝ ΚΑΙ ΠΑΡΑΚΤΙΩΝ ΜΕΤΑΦΟΡΩΝ ΕΠΙΒΑΤΩΝ ΜΕ ΘΑΛΑΜΗΓΟΥΣ - ΤΟΥΡΙΣΤΙΚΑ ΠΛΟΙΑ ΜΕ ΕΛΛΗΝΙΚΗ ΣΗΜΑΙΑ","6326001000","999374514","tax-care.eu"
"ΑΦΟΙ ΤΟΥΛΙΑΤΟΙ ΝΑΥΤΙΛΙΑΚΗ ΕΤΑΙΡΕΙΑ ΠΕΡΙΟΡΙΣΜΕΝΗΣ ΕΥΘΥΝΗΣ","A","verified-no-site","ptoul@tee.gr","2107249697","ΑΘΗΝΑΙΩΝ / ΚΕΝΤΡΙΚΟΥ ΤΟΜΕΑ ΑΘΗΝΩΝ","ΑΤΤΙΚΗΣ","ΕΠΕ","1992","","","ΥΠΗΡΕΣΙΕΣ ΕΝΟΙΚΙΑΣΗΣ ΕΠΑΓΓΕΛΜΑΤΙΚΟΥ ΤΟΥΡΙΣΤΙΚΟΥ ΣΚΑΦΟΥΣ ΜΕ ΠΛΗΡΩΜΑ","131186701000","095543551","tee.gr"
"ΒΑΛΙΑ ΓΙΩΤ ΜΟΝΟΠΡΟΣΩΠΗ ΙΔΙΩΤΙΚΗ ΚΕΦΑΛΑΙΟΥΧΙΚΗ ΕΤΑΙΡΕΙΑ","A","verified-no-site","info@delphiacc.gr","2104127010","ΠΡΕΒΕΖΑΣ / ΠΡΕΒΕΖΑΣ","ΠΡΕΒΕΖΑΣ","ΙΚΕ","2020","","","ΥΠΗΡΕΣΙΕΣ ΕΝΟΙΚΙΑΣΗΣ ΤΟΥΡΙΣΤΙΚΟΥ ΣΚΑΦΟΥΣ, ΧΩΡΙΣ ΠΛΗΡΩΜΑ","156796549000","801436575","delphiacc.gr"
"ΒΕΡ- ΣΑΝ ΚΟΤΕΡΑ ΜΟΝΟΠΡΟΣΩΠΗ ΑΝΩΝΥΜΗ ΝΑΥΤΙΛΙΑΚΗ ETAIPEIA","A","verified-no-site","haral@sunsail.gr","2109836465","ΠΕΙΡΑΙΩΣ / ΠΕΙΡΑΙΩΣ","ΑΤΤΙΚΗΣ","ΑΕ","1988","","","ΥΠΗΡΕΣΙΕΣ ΕΝΟΙΚΙΑΣΗΣ ΤΟΥΡΙΣΤΙΚΟΥ ΣΚΑΦΟΥΣ, ΧΩΡΙΣ ΠΛΗΡΩΜΑ","44335407000","094108660","sunsail.gr"
"ΒΙΟ ΓΙΩΤΙΝΓΚ ΝΑΥΤΙΚΗ ΙΔΙΩΤΙΚΗ ΚΕΦΑΛΑΙΟΥΧΙΚΗ ΕΤΑΙΡΕΙΑ","A","verified-no-site","info@bookkeeper.gr","2102617454","ΑΘΗΝΑΙΩΝ / ΚΕΝΤΡΙΚΟΥ ΤΟΜΕΑ ΑΘΗΝΩΝ","ΑΤΤΙΚΗΣ","ΙΚΕ","2022","","","ΥΠΗΡΕΣΙΕΣ ΕΝΟΙΚΙΑΣΗΣ ΤΟΥΡΙΣΤΙΚΟΥ ΣΚΑΦΟΥΣ, ΧΩΡΙΣ ΠΛΗΡΩΜΑ","163479501000","801795615","bookkeeper.gr"
"ΒΡΑΚΟΤΑΣ ΜΠΙΓΚ ΜΠΛΟΥ ΤΣΑΡΤΕΡΣ ΜΟΝΟΠΡΟΣΩΠΗ ΕΤΑΙΡΕΙΑ ΠΕΡΙΟΡΙΣΜΕΝΗΣ ΕΥΘΥΝΗΣ","A","verified-no-site","anna@vrakotasyachting.com","2661099235","ΚΕΝΤΡΙΚΗΣ ΚΕΡΚΥΡΑΣ ΚΑΙ ΔΙΑΠΟΝΤΙΩΝ ΝΗΣΩΝ / ΚΕΡΚΥΡΑΣ","ΚΕΡΚΥΡΑΣ","ΕΠΕ","2012","","","ΥΠΗΡΕΣΙΕΣ ΕΝΟΙΚΙΑΣΗΣ ΤΟΥΡΙΣΤΙΚΟΥ ΣΚΑΦΟΥΣ, ΧΩΡΙΣ ΠΛΗΡΩΜΑ","119899033000","800393850","vrakotasyachting.com"
"ΓΚΟΓΚΟΣΗ ΜΑΡΙΑ ΤΟΥ ΙΩΑΝΝΗ","A","verified-no-site","services@uplink.com.gr","","ΑΛΙΜΟΥ / ΝΟΤΙΟΥ ΤΟΜΕΑ ΑΘΗΝΩΝ","ΑΤΤΙΚΗΣ","ΑΤΟΜΙΚΗ","1995","","","ΥΠΗΡΕΣΙΕΣ ΕΝΟΙΚΙΑΣΗΣ ΤΟΥΡΙΣΤΙΚΟΥ ΣΚΑΦΟΥΣ, ΧΩΡΙΣ ΠΛΗΡΩΜΑ","167306503000","044067321","uplink.com.gr"
"ΕΛΕΝΗ ΚΑΤΣΕΛΗ ΜΟΝΟΠΡΟΣΩΠΗ ΙΔΙΩΤΙΚΗ ΚΕΦΑΛΑΙΟΥΧΙΚΗ ΕΤΑΙΡΕΙΑ","A","verified-no-site","info@sidel.gr","6945465820","ΚΗΦΙΣΙΑΣ / ΒΟΡΕΙΟΥ ΤΟΜΕΑ ΑΘΗΝΩΝ","ΑΤΤΙΚΗΣ","ΙΚΕ","2022","","","ΥΠΗΡΕΣΙΕΣ ΣΚΑΦΩΝ ΕΚΔΡΟΜΩΝ ΚΑΙ ΠΕΡΙΗΓΗΣΕΩΝ ΘΑΛΑΣΣΑΣ","163899701000","801816928","sidel.gr"
"ΘΑΛΑΣΣΙΑ ΣΠΟΡ Ν.ΚΑΣΙΔΟΚΩΣΤΑΣ ΚΑΙ ΣΙΑ Ε.Ε.","A","verified-no-site","dven@lfo.gr","6932750586","ΒΑΡΗΣ - ΒΟΥΛΑΣ - ΒΟΥΛΙΑΓΜΕΝΗΣ / ΑΝΑΤΟΛΙΚΗΣ ΑΤΤΙΚΗΣ","ΑΤΤΙΚΗΣ","ΕΕ","1987","","","ΥΠΗΡΕΣΙΕΣ ΕΝΟΙΚΙΑΣΗΣ ΤΟΥΡΙΣΤΙΚΟΥ ΣΚΑΦΟΥΣ, ΧΩΡΙΣ ΠΛΗΡΩΜΑ","2152601000","093535985","lfo.gr"
"ΘΕΟΔΩΡΙΔΗΣ ΕΥΓΕΝΙΟΣ ΤΟΥ ΝΙΚΟΛΑΟΥ","A","verified-no-site","services@uplink.com.gr","","ΠΑΠΑΓΟΥ - ΧΟΛΑΡΓΟΥ / ΒΟΡΕΙΟΥ ΤΟΜΕΑ ΑΘΗΝΩΝ","ΑΤΤΙΚΗΣ","ΑΤΟΜΙΚΗ","2011","","","ΥΠΗΡΕΣΙΕΣ ΕΝΟΙΚΙΑΣΗΣ ΠΛΟΙΩΝ ΨΥΧΑΓΩΓΙΑΣ (ΚΟΤΕΡΩΝ, ΘΑΛΑΜΗΓΩΝ, ΒΕΝΖΙΝΑΚΑΤΩΝ ΚΛΠ), ΧΩΡΙΣ ΠΛΗΡΩΜΑ","167289303000","107988892","uplink.com.gr"
"Ι ΜΙΧΟΠΟΥΛΟΣ  ΜΟΝΟΠΡΟΣΩΠΗ ΙΔΙΩΤΙΚΗ ΚΕΦΑΛΑΙΟΥΧΙΚΗ ΕΤΑΙΡΕΙΑ","A","verified-no-site","info@koukovinos.com","2100000000","ΧΑΛΑΝΔΡΙΟΥ / ΒΟΡΕΙΟΥ ΤΟΜΕΑ ΑΘΗΝΩΝ","ΑΤΤΙΚΗΣ","ΙΚΕ","2019","","","ΥΠΗΡΕΣΙΕΣ ΕΝΟΙΚΙΑΣΗΣ ΠΛΟΙΩΝ ΨΥΧΑΓΩΓΙΑΣ (ΚΟΤΕΡΩΝ, ΘΑΛΑΜΗΓΩΝ, ΒΕΝΖΙΝΑΚΑΤΩΝ ΚΛΠ) ΜΕ ΠΛΗΡΩΜΑ","150843301000","801175254","koukovinos.com"
"ΙΛΜΑΡ ΝΑΥΤΙΛΙΑΚΗ ΜΟΝΟΠΡΟΣΩΠΗ Ε.Π.Ε","A","verified-no-site","accounting@tanestis.com","2109910722","ΑΜΑΡΟΥΣΙΟΥ / ΒΟΡΕΙΟΥ ΤΟΜΕΑ ΑΘΗΝΩΝ","ΑΤΤΙΚΗΣ","ΕΠΕ","1999","","","ΥΠΗΡΕΣΙΕΣ ΕΝΟΙΚΙΑΣΗΣ ΕΠΑΓΓΕΛΜΑΤΙΚΟΥ ΤΟΥΡΙΣΤΙΚΟΥ ΣΚΑΦΟΥΣ ΜΕ ΠΛΗΡΩΜΑ","122958101000","095544479","tanestis.com"
"ΙΧΘΥΣ Ι.Κ.Ε.","A","verified-no-site","acc@uplink.com.gr","2109838760","ΑΓΙΑΣ ΠΑΡΑΣΚΕΥΗΣ / ΒΟΡΕΙΟΥ ΤΟΜΕΑ ΑΘΗΝΩΝ","ΑΤΤΙΚΗΣ","ΙΚΕ","2020","","","ΥΠΗΡΕΣΙΕΣ ΕΝΟΙΚΙΑΣΗΣ ΤΟΥΡΙΣΤΙΚΟΥ ΣΚΑΦΟΥΣ, ΧΩΡΙΣ ΠΛΗΡΩΜΑ","154597903000","801333156","uplink.com.gr"
"ΚΑΡΥΔΗΣ ΧΡΙΣΤΟΦΟΡΟΣ ΣΠΥΡΙΔΩΝΑ","A","verified-no-site","chris@karides.gr","2310488990","ΚΑΛΑΜΑΡΙΑΣ / ΘΕΣΣΑΛΟΝΙΚΗΣ","ΘΕΣΣΑΛΟΝΙΚΗΣ","ΑΤΟΜΙΚΗ","1999","","","ΥΠΗΡΕΣΙΕΣ ΕΝΟΙΚΙΑΣΗΣ ΤΟΥΡΙΣΤΙΚΟΥ ΣΚΑΦΟΥΣ, ΧΩΡΙΣ ΠΛΗΡΩΜΑ","58243304000","055322993","karides.gr"
"ΚΙΤΑΜΡΤΖΙΑΝ ΦΩΤΕΙΝΗ ΤΟΥ ΙΩΣΗΦ","A","verified-no-site","services@uplink.com.gr","","ΑΛΙΜΟΥ / ΝΟΤΙΟΥ ΤΟΜΕΑ ΑΘΗΝΩΝ","ΑΤΤΙΚΗΣ","ΑΤΟΜΙΚΗ","2017","","","ΥΠΗΡΕΣΙΕΣ ΕΝΟΙΚΙΑΣΗΣ ΤΟΥΡΙΣΤΙΚΟΥ ΣΚΑΦΟΥΣ, ΧΩΡΙΣ ΠΛΗΡΩΜΑ","167311603000","146968030","uplink.com.gr"
"ΚΟΙΝΟΠΡΑΞΙΑ ΠΛΟΙΩΝ ΠΟΡΤΟ ΒΡΩΜΗ","A","verified-no-site","info@zivas.net","2695026070","","ΖΑΚΥΝΘΟΥ","Κοινοπραξία","2019","","","ΥΠΗΡΕΣΙΕΣ ΣΚΑΦΩΝ ΕΚΔΡΟΜΩΝ ΚΑΙ ΠΕΡΙΗΓΗΣΕΩΝ ΘΑΛΑΣΣΑΣ","158587924000","997466394","zivas.net"
"ΚΥΠΡΑΙΟΣ ΠΑΝΤΕΛΗΣ","A","verified-no-site","info@barcotours.com","2242026505","ΚΩ / ΚΩ","ΔΩΔΕΚΑΝΗΣΟΥ","ΑΤΟΜΙΚΗ","2024","","","ΥΠΗΡΕΣΙΕΣ ΣΚΑΦΩΝ ΕΚΔΡΟΜΩΝ ΚΑΙ ΠΕΡΙΗΓΗΣΕΩΝ ΘΑΛΑΣΣΑΣ","174578320000","148230528","barcotours.com"
"ΛΑΜΠΡΟΥ ΔΕΣΠΟΙΝΑ ΤΟΥ ΓΡΗΓΟΡΙΟΥ","A","verified-no-site","nonas@nonashouse.gr","","ΑΘΗΝΑΙΩΝ / ΚΕΝΤΡΙΚΟΥ ΤΟΜΕΑ ΑΘΗΝΩΝ","ΑΤΤΙΚΗΣ","ΑΤΟΜΙΚΗ","2013","","","ΥΠΗΡΕΣΙΕΣ ΕΝΟΙΚΙΑΣΗΣ ΠΛΟΙΩΝ ΨΥΧΑΓΩΓΙΑΣ (ΚΟΤΕΡΩΝ, ΘΑΛΑΜΗΓΩΝ, ΒΕΝΖΙΝΑΚΑΤΩΝ ΚΛΠ) ΜΕ ΠΛΗΡΩΜΑ","125962902000","300953331","nonashouse.gr"
"ΜΗΛΙΩΤΗΣ ΒΑΣΙΛΕΙΟΣ ΤΟΥ ΗΛΙΑ","A","verified-no-site","v.miliotis@aegean.gr","6977075074","ΑΘΗΝΑΙΩΝ / ΚΕΝΤΡΙΚΟΥ ΤΟΜΕΑ ΑΘΗΝΩΝ","ΑΤΤΙΚΗΣ","ΑΤΟΜΙΚΗ","1999","","","ΥΠΗΡΕΣΙΕΣ ΕΝΟΙΚΙΑΣΗΣ ΤΟΥΡΙΣΤΙΚΟΥ ΣΚΑΦΟΥΣ, ΧΩΡΙΣ ΠΛΗΡΩΜΑ","85038102000","029994833","aegean.gr"
"ΜΠΑΛΓΚΕΡΙΑΝ ΡΕΖΙΝΤΑΝΣ ΚΑΜΠΑΝΙ  SSC Υποκατάστημα Ελλάδας","A","verified-no-site","giota@mythos-sailling.gr","2221020657","ΑΘΗΝΑΙΩΝ / ΚΕΝΤΡΙΚΟΥ ΤΟΜΕΑ ΑΘΗΝΩΝ","ΑΤΤΙΚΗΣ","Υποκατάστημα Αλλοδαπής","2023","","","ΥΠΗΡΕΣΙΕΣ ΕΝΟΙΚΙΑΣΗΣ ΤΟΥΡΙΣΤΙΚΟΥ ΣΚΑΦΟΥΣ, ΧΩΡΙΣ ΠΛΗΡΩΜΑ","171963701001","996570507","mythos-sailling.gr"
"ΜΠΛΟΥ ΟΡΑΝΤΖ MARE Ι.Κ.Ε.","A","verified-no-site","info@karakostas.gr","6972507589","ΒΕΡΟΙΑΣ / ΗΜΑΘΙΑΣ","ΗΜΑΘΙΑΣ","ΙΚΕ","2020","","","ΥΠΗΡΕΣΙΕΣ ΘΑΛΑΣΣΙΩΝ ΚΑΙ ΠΑΡΑΚΤΙΩΝ ΜΕΤΑΦΟΡΩΝ ΕΠΙΒΑΤΩΝ ΜΕ ΘΑΛΑΜΗΓΟΥΣ - ΤΟΥΡΙΣΤΙΚΑ ΠΛΟΙΑ ΜΕ ΕΛΛΗΝΙΚΗ ΣΗΜΑΙΑ","156604826000","801428250","karakostas.gr"
"ΜΠΛΟΥ ΟΡΑΝΤΖ ΣΕΙΛΙΝΓΚ Ι.Κ.Ε.","A","verified-no-site","INFO@KARAKOSTAS.GR","6972507589","ΘΕΣΣΑΛΟΝΙΚΗΣ / ΘΕΣΣΑΛΟΝΙΚΗΣ","ΘΕΣΣΑΛΟΝΙΚΗΣ","ΙΚΕ","2020","","","ΥΠΗΡΕΣΙΕΣ ΘΑΛΑΣΣΙΩΝ ΚΑΙ ΠΑΡΑΚΤΙΩΝ ΜΕΤΑΦΟΡΩΝ ΕΠΙΒΑΤΩΝ ΜΕ ΘΑΛΑΜΗΓΟΥΣ - ΤΟΥΡΙΣΤΙΚΑ ΠΛΟΙΑ ΜΕ ΕΛΛΗΝΙΚΗ ΣΗΜΑΙΑ","156325006000","801414847","karakostas.gr"
"ΝΤΑΪΑΜΟΝΤ ΑΝΩΝΥΜΗ ΝΑΥΤΙΛΙΑΚΗ ΕΤΑΙΡΙΑ","A","verified-no-site","assa@ath.forthnet.gr","210571800","ΑΙΓΑΛΕΩ / ΔΥΤΙΚΟΥ ΤΟΜΕΑ ΑΘΗΝΩΝ","ΑΘΗΝΩΝ","ΑΕ","1998","","","ΥΠΗΡΕΣΙΕΣ ΕΝΟΙΚΙΑΣΗΣ ΤΟΥΡΙΣΤΙΚΟΥ ΣΚΑΦΟΥΣ, ΧΩΡΙΣ ΠΛΗΡΩΜΑ","122986701000","094148043","ath.forthnet.gr"
"ΝΤΑΣΚΑ ΝΑΥΤΙΛΙΑΚΗ ΕΤΑΙΡΙΑ ΠΕΡΙΟΡΙΣΜΕΝΗΣ ΕΥΘΥΝΗΣ","A","verified-no-site","jomalianakis@daska.gr","2108093126","ΝΕΑΣ ΙΩΝΙΑΣ / ΒΟΡΕΙΟΥ ΤΟΜΕΑ ΑΘΗΝΩΝ","ΑΤΤΙΚΗΣ","ΕΠΕ","1999","","","ΥΠΗΡΕΣΙΕΣ ΕΝΟΙΚΙΑΣΗΣ ΕΠΑΓΓΕΛΜΑΤΙΚΟΥ ΤΟΥΡΙΣΤΙΚΟΥ ΣΚΑΦΟΥΣ ΜΕ ΠΛΗΡΩΜΑ","121646901000","095544770","daska.gr"
"Ο.Α ΝΑΥΛΩΣΕΙΣ ΚΟΤΕΡΩΝ ΑΝΩΝΥΜΗ ΕΤΑΙΡΕΙΑ","A","verified-no-site","info@e-logistiki.gr","2106845523","ΧΑΛΑΝΔΡΙΟΥ / ΒΟΡΕΙΟΥ ΤΟΜΕΑ ΑΘΗΝΩΝ","ΑΤΤΙΚΗΣ","ΑΕ","1994","","","ΥΠΗΡΕΣΙΕΣ ΕΝΟΙΚΙΑΣΗΣ ΠΛΟΙΩΝ ΨΥΧΑΓΩΓΙΑΣ (ΚΟΤΕΡΩΝ, ΘΑΛΑΜΗΓΩΝ, ΒΕΝΖΙΝΑΚΑΤΩΝ ΚΛΠ), ΧΩΡΙΣ ΠΛΗΡΩΜΑ","125732201000","094333710","e-logistiki.gr"
"Π.Γ.Α. ΑΝΩΝΥΜΗ ΝΑΥΤΙΛΙΑΚΗ ΕΤΑΙΡΕΙΑ","A","verified-no-site","paris@pga-shipping.gr","2109859400","ΠΑΛΑΙΟΥ ΦΑΛΗΡΟΥ / ΝΟΤΙΟΥ ΤΟΜΕΑ ΑΘΗΝΩΝ","ΑΤΤΙΚΗΣ","ΑΕ","2001","","","ΥΠΗΡΕΣΙΕΣ ΕΝΟΙΚΙΑΣΗΣ ΕΠΑΓΓΕΛΜΑΤΙΚΟΥ ΤΟΥΡΙΣΤΙΚΟΥ ΣΚΑΦΟΥΣ ΜΕ ΠΛΗΡΩΜΑ","122035001000","999901590","pga-shipping.gr"
"ΠΑΝΑΓΙΩΤΗΣ ΤΣΑΚΟΣ ΜΟΝΟΠΡΟΣΩΠΗ ΙΚΕ","A","verified-no-site","accounting@tanestis.com","2109802690","ΠΑΛΑΙΟΥ ΦΑΛΗΡΟΥ / ΝΟΤΙΟΥ ΤΟΜΕΑ ΑΘΗΝΩΝ","ΑΤΤΙΚΗΣ","ΙΚΕ","2019","","","ΥΠΗΡΕΣΙΕΣ ΕΝΟΙΚΙΑΣΗΣ ΠΛΟΙΩΝ ΨΥΧΑΓΩΓΙΑΣ (ΚΟΤΕΡΩΝ, ΘΑΛΑΜΗΓΩΝ, ΒΕΝΖΙΝΑΚΑΤΩΝ ΚΛΠ) ΜΕ ΠΛΗΡΩΜΑ","149286501000","801108137","tanestis.com"
"ΠΑΠΑΔΗΜΗΤΡΙΟΥ ΔΗΜΗΤΡΙΟΣ ΤΟΥ ΠΟΛΥΧΡΟΝΟΥ","A","verified-no-site","aris-gikas@ath.forthnet.gr","","ΚΑΙΣΑΡΙΑΝΗΣ / ΚΕΝΤΡΙΚΟΥ ΤΟΜΕΑ ΑΘΗΝΩΝ","ΑΤΤΙΚΗΣ","ΑΤΟΜΙΚΗ","2023","","","ΥΠΗΡΕΣΙΕΣ ΣΚΑΦΩΝ ΕΚΔΡΟΜΩΝ ΚΑΙ ΠΕΡΙΗΓΗΣΕΩΝ ΘΑΛΑΣΣΑΣ","168059203000","115913697","ath.forthnet.gr"
"ΠΑΠΟΥΛΑΚΗΣ ΛΕΩΝΙΔΑΣ ΚΑΙ ΣΙΑ Ο.Ε.","A","verified-no-site","info@autoleaders.gr","2310236115","ΘΕΣΣΑΛΟΝΙΚΗΣ / ΘΕΣΣΑΛΟΝΙΚΗΣ","ΘΕΣΣΑΛΟΝΙΚΗΣ","ΟΕ","2019","","","ΥΠΗΡΕΣΙΕΣ ΕΝΟΙΚΙΑΣΗΣ ΤΟΥΡΙΣΤΙΚΟΥ ΣΚΑΦΟΥΣ, ΧΩΡΙΣ ΠΛΗΡΩΜΑ","150504806000","801161410","autoleaders.gr"
"ΠΑΠΟΥΛΑΚΗΣ ΛΕΩΝΙΔΑΣ ΤΟΥ ΜΙΧΑΗΛ","A","verified-no-site","info@papoulakis.gr","2311470490","ΘΕΣΣΑΛΟΝΙΚΗΣ / ΘΕΣΣΑΛΟΝΙΚΗΣ","ΘΕΣΣΑΛΟΝΙΚΗΣ","ΑΤΟΜΙΚΗ","2015","","","ΥΠΗΡΕΣΙΕΣ ΕΝΟΙΚΙΑΣΗΣ ΤΟΥΡΙΣΤΙΚΟΥ ΣΚΑΦΟΥΣ, ΧΩΡΙΣ ΠΛΗΡΩΜΑ","134256606000","121949176","papoulakis.gr"
"ΠΑΡΑΛΟΣ ΜΟΝΟΠΡΟΣΩΠΗ Ι.Κ.Ε.","A","verified-no-site","management@paralos-ike.gr","2130123172","ΓΛΥΦΑΔΑΣ / ΝΟΤΙΟΥ ΤΟΜΕΑ ΑΘΗΝΩΝ","ΧΑΛΚΙΔΙΚΗΣ","ΙΚΕ","2022","","","ΥΠΗΡΕΣΙΕΣ ΕΝΟΙΚΙΑΣΗΣ ΤΟΥΡΙΣΤΙΚΟΥ ΣΚΑΦΟΥΣ, ΧΩΡΙΣ ΠΛΗΡΩΜΑ","164650157000","801856730","paralos-ike.gr"
"ΠΟΛΥΚΡΕΤΗΣ ΓΕΩΡΓΙΟΣ ΤΟΥ ΙΩΑΝΝΗ","A","verified-no-site","info@koukovinos.com","2109473600","ΠΑΛΑΙΟΥ ΦΑΛΗΡΟΥ / ΝΟΤΙΟΥ ΤΟΜΕΑ ΑΘΗΝΩΝ","ΑΤΤΙΚΗΣ","ΑΤΟΜΙΚΗ","2011","","","ΥΠΗΡΕΣΙΕΣ ΕΝΟΙΚΙΑΣΗΣ ΤΟΥΡΙΣΤΙΚΟΥ ΣΚΑΦΟΥΣ, ΧΩΡΙΣ ΠΛΗΡΩΜΑ","184014409000","139114833","koukovinos.com"
"ΡΕΝΙΕΡΗΣ ΜΙΧΑΛΗΣ ΙΔΙΩΤΙΚΗ ΚΕΦΑΛΑΙΟΥΧΙΚΗ ΕΤΑΙΡΕΙΑ","A","verified-no-site","info@vdk.gr","2108080653","ΑΙΓΙΑΛΕΙΑΣ / ΑΧΑΙΑΣ","ΑΧΑΙΑΣ","ΙΚΕ","2019","","","ΥΠΗΡΕΣΙΕΣ ΘΑΛΑΣΣΙΩΝ ΚΑΙ ΠΑΡΑΚΤΙΩΝ ΜΕΤΑΦΟΡΩΝ ΕΠΙΒΑΤΩΝ ΜΕ ΘΑΛΑΜΗΓΟΥΣ - ΤΟΥΡΙΣΤΙΚΑ ΠΛΟΙΑ ΜΕ ΕΛΛΗΝΙΚΗ ΣΗΜΑΙΑ","149330416000","801109957","vdk.gr"
"ΡΕΝΙΕΡΗΣ ΜΙΧΑΛΗΣ ΙΔΙΩΤΙΚΗ ΚΕΦΑΛΑΙΟΥΧΙΚΗ ΕΤΑΙΡΕΙΑ (Υποκατάστημα)","A","verified-no-site","c.charitonidou@vdk.gr","2108080653","ΘΗΡΑΣ / ΘΗΡΑΣ","ΚΥΚΛΑΔΩΝ","ΙΚΕ","2025","","","ΥΠΗΡΕΣΙΕΣ ΘΑΛΑΣΣΙΩΝ ΚΑΙ ΠΑΡΑΚΤΙΩΝ ΜΕΤΑΦΟΡΩΝ ΕΠΙΒΑΤΩΝ ΜΕ ΘΑΛΑΜΗΓΟΥΣ - ΤΟΥΡΙΣΤΙΚΑ ΠΛΟΙΑ ΜΕ ΕΛΛΗΝΙΚΗ ΣΗΜΑΙΑ","149330438001","801109957","vdk.gr"
"ΡΟΚΑΣ ΓΙΩΤΙΝΓΚ ΜΟΝΟΠΡΟΣΩΠΗ  Ι.Κ.Ε.","A","verified-no-site","accounting@amangosike.com","2109850169","ΝΙΚΑΙΑΣ - ΑΓΙΟΥ ΙΩΑΝΝΗ ΡΕΝΤΗ / ΠΕΙΡΑΙΩΣ","ΑΤΤΙΚΗΣ","ΙΚΕ","2020","","","ΥΠΗΡΕΣΙΕΣ ΕΝΟΙΚΙΑΣΗΣ ΤΟΥΡΙΣΤΙΚΟΥ ΣΚΑΦΟΥΣ, ΧΩΡΙΣ ΠΛΗΡΩΜΑ","153781907000","801296285","amangosike.com"
"ΡΟΚΥ ΑΙΛΑΝΤ ΙΔΙΩΤΙΚΗ ΚΕΦΑΛΑΙΟΥΧΙΚΗ ΕΤΑΙΡΙΑ","A","verified-no-site","info@dkr.gr","2111212100","ΝΕΑΣ ΠΡΟΠΟΝΤΙΔΑΣ / ΧΑΛΚΙΔΙΚΗΣ","ΧΑΛΚΙΔΙΚΗΣ","ΙΚΕ","2021","","","ΥΠΗΡΕΣΙΕΣ ΕΝΟΙΚΙΑΣΗΣ ΤΟΥΡΙΣΤΙΚΟΥ ΣΚΑΦΟΥΣ, ΧΩΡΙΣ ΠΛΗΡΩΜΑ","158841057000","801543786","dkr.gr"
"ΣΑΜΑΛΤΑΝΗΣ ΓΕΩΡΓΙΟΣ ΤΟΥ ΘΕΟΛΟΓΟΥ","A","verified-no-site","info@xirofotos.gr","","ΒΟΛΟΥ / ΜΑΓΝΗΣΙΑΣ","ΜΑΓΝΗΣΙΑΣ","ΑΤΟΜΙΚΗ","2019","","","ΥΠΗΡΕΣΙΕΣ ΕΝΟΙΚΙΑΣΗΣ ΤΟΥΡΙΣΤΙΚΟΥ ΣΚΑΦΟΥΣ, ΧΩΡΙΣ ΠΛΗΡΩΜΑ","149350144000","026260487","xirofotos.gr"
"ΣΑΝΤΟΡΙΝΗ ΣΕΙΛΙΝΓΚ ΣΕΝΤΕΡ ΑΝΩΝΥΜΗ ΝΑΥΤΙΛΙΑΚΗ ΕΤΑΙΡΕΙΑ (Υποκατάστημα)","A","verified-no-site","c.charitonidou@vdk.gr","2108080653","ΧΑΛΚΙΔΕΩΝ / ΕΥΒΟΙΑΣ","ΕΥΒΟΙΑΣ","ΑΕ","2024","","","ΥΠΗΡΕΣΙΕΣ ΕΝΟΙΚΙΑΣΗΣ ΤΟΥΡΙΣΤΙΚΟΥ ΣΚΑΦΟΥΣ, ΧΩΡΙΣ ΠΛΗΡΩΜΑ","122117522001","999903428","vdk.gr"
"ΣΑΝΤΟΡΙΝΗ ΣΕΙΛΙΝΓΚ ΣΕΝΤΕΡ ΑΝΩΝΥΜΗ ΝΑΥΤΙΛΙΑΚΗ ΕΤΑΙΡΕΙΑ (Υποκατάστημα)","A","verified-no-site","c.charitonidou@vdk.gr","2108080653","ΘΗΡΑΣ / ΘΗΡΑΣ","ΚΥΚΛΑΔΩΝ","ΑΕ","2025","","","ΥΠΗΡΕΣΙΕΣ ΕΝΟΙΚΙΑΣΗΣ ΤΟΥΡΙΣΤΙΚΟΥ ΣΚΑΦΟΥΣ, ΧΩΡΙΣ ΠΛΗΡΩΜΑ","122117538001","999903428","vdk.gr"
"ΣΠΙΡΙΤ ΓΙΩΤ ΜΟΝΟΠΡΟΣΩΠΗ ΙΔΙΩΤΙΚΗ ΚΕΦΑΛΑΙΟΥΧΙΚΗ ΕΤΑΙΡΕΙΑ","A","verified-no-site","info@delphiacc.gr","2103647907","ΠΡΕΒΕΖΑΣ / ΠΡΕΒΕΖΑΣ","ΠΡΕΒΕΖΑΣ","ΙΚΕ","2020","","","ΥΠΗΡΕΣΙΕΣ ΕΝΟΙΚΙΑΣΗΣ ΤΟΥΡΙΣΤΙΚΟΥ ΣΚΑΦΟΥΣ, ΧΩΡΙΣ ΠΛΗΡΩΜΑ","156781349000","801435683","delphiacc.gr"
"ΤΙΜΠΟΥΚΤΟΥ ΜΟΝΟΠΡΟΣΩΠΗ Ι.Κ.Ε.","A","verified-no-site","info@exantas.com.gr","2109484120","ΠΕΙΡΑΙΩΣ / ΠΕΙΡΑΙΩΣ","ΑΤΤΙΚΗΣ","ΙΚΕ","2021","","","ΥΠΗΡΕΣΙΕΣ ΕΝΟΙΚΙΑΣΗΣ ΕΠΑΓΓΕΛΜΑΤΙΚΟΥ ΤΟΥΡΙΣΤΙΚΟΥ ΣΚΑΦΟΥΣ ΜΕ ΠΛΗΡΩΜΑ","161618307000","801693174","exantas.com.gr"
"ΤΟΥΡΙΣΤΙΚΕΣ ΕΠΙΧΕΙΡΗΣΕΙΣ 360 ΕΕ (Υποκατάστημα)","A","verified-no-site","INFO@VDK.GR","2108080653","ΘΗΡΑΣ / ΘΗΡΑΣ","ΚΥΚΛΑΔΩΝ","ΕΕ","2019","","","ΥΠΗΡΕΣΙΕΣ ΣΚΑΦΩΝ ΕΚΔΡΟΜΩΝ ΚΑΙ ΠΕΡΙΗΓΗΣΕΩΝ ΘΑΛΑΣΣΑΣ","149209038001","801105172","vdk.gr"
"ΤΣΟΜΠΑΝΟΓΛΟΥ ΠΑΝΤΕΛΗΣ ΤΟΥ ΣΩΤΗΡΙΟΥ","A","verified-no-site","services@uplink.com.gr","","ΓΛΥΦΑΔΑΣ / ΝΟΤΙΟΥ ΤΟΜΕΑ ΑΘΗΝΩΝ","ΑΤΤΙΚΗΣ","ΑΤΟΜΙΚΗ","2008","","","ΥΠΗΡΕΣΙΕΣ ΕΝΟΙΚΙΑΣΗΣ ΤΟΥΡΙΣΤΙΚΟΥ ΣΚΑΦΟΥΣ, ΧΩΡΙΣ ΠΛΗΡΩΜΑ","167313503000","023088794","uplink.com.gr"
"ΦΛΟΚΟΣ Α.Ε., Τουριστικαί Επιχειρήσεις, Μονοπρόσωπη Ανώνυμος Εταιρία","A","verified-no-site","info@flokos.vionet.gr","2106861310","ΑΘΗΝΑΙΩΝ / ΚΕΝΤΡΙΚΟΥ ΤΟΜΕΑ ΑΘΗΝΩΝ","ΑΘΗΝΩΝ","ΑΕ","1983","","","ΥΠΗΡΕΣΙΕΣ ΕΝΟΙΚΙΑΣΗΣ ΕΠΑΓΓΕΛΜΑΤΙΚΟΥ ΤΟΥΡΙΣΤΙΚΟΥ ΣΚΑΦΟΥΣ ΜΕ ΠΛΗΡΩΜΑ","121947201000","094125472","flokos.vionet.gr"
"(ΥΠΟΚΑΤΑΣΤΗΜΑ) ΔΕΛΛΑΠΟΡΤΑ ΜΑΡΙΑ ΤΟΥ ΙΩΑΝΝΗ","A","free-mail","e.tsontos@gmail.com","6939106915","ΛΕΥΚΑΔΑΣ / ΛΕΥΚΑΔΑΣ","ΛΕΥΚΑΔΑΣ","ΑΤΟΜΙΚΗ","2020","","","ΥΠΗΡΕΣΙΕΣ ΕΝΟΙΚΙΑΣΗΣ ΠΛΟΙΩΝ ΨΥΧΑΓΩΓΙΑΣ (ΚΟΤΕΡΩΝ, ΘΑΛΑΜΗΓΩΝ, ΒΕΝΖΙΝΑΚΑΤΩΝ ΚΛΠ), ΧΩΡΙΣ ΠΛΗΡΩΜΑ","142415343001","116170557","gmail.com"
"(ΥΠΟΚΑΤΑΣΤΗΜΑ)ΘΑΛΑΜΗΓΑ ΝΟΤΙΟΥ ΑΙΓΑΙΟΥ ΝΑΥΤΙΛΙΑΚΗ ΕΤΑΙΡΕΙΑ ΠΕΡΙΟΡΙΣΜΕΝΗΣ ΕΥΘΥΝΗΣ","A","free-mail","dryachting1@yahoo.gr","","ΛΕΥΚΑΔΑΣ / ΛΕΥΚΑΔΑΣ","ΛΕΥΚΑΔΑΣ","ΕΠΕ","2011","","","ΥΠΗΡΕΣΙΕΣ ΕΝΟΙΚΙΑΣΗΣ ΤΟΥΡΙΣΤΙΚΟΥ ΣΚΑΦΟΥΣ, ΧΩΡΙΣ ΠΛΗΡΩΜΑ","122115543001","095517188","yahoo.gr"
"4 SEAS YACHTING ΜΟΝΟΠΡΟΣΩΠΗ ΙΔΙΩΤΙΚΗ ΚΕΦΑΛΑΙΟΥΧΙΚΗ ΕΤΑΙΡΕΙΑ","A","free-mail","dkorfou@gmail.com","2661090868","ΚΕΝΤΡΙΚΗΣ ΚΕΡΚΥΡΑΣ ΚΑΙ ΔΙΑΠΟΝΤΙΩΝ ΝΗΣΩΝ / ΚΕΡΚΥΡΑΣ","ΚΕΡΚΥΡΑΣ","ΙΚΕ","2023","","","ΥΠΗΡΕΣΙΕΣ ΕΝΟΙΚΙΑΣΗΣ ΤΟΥΡΙΣΤΙΚΟΥ ΣΚΑΦΟΥΣ, ΧΩΡΙΣ ΠΛΗΡΩΜΑ","169136033000","802060159","gmail.com"
"7SEAS ΙΔΙΩΤΙΚΗ ΚΕΦΑΛΑΙΟΥΧΙΚΗ ΕΤΑΙΡΙΑ","A","free-mail","gimtatarakis@gmail.com","2108847751","ΟΙΧΑΛΙΑΣ / ΜΕΣΣΗΝΙΑΣ","ΜΕΣΣΗΝΙΑΣ","ΙΚΕ","2022","","","ΥΠΗΡΕΣΙΕΣ ΕΝΟΙΚΙΑΣΗΣ ΠΛΟΙΩΝ ΨΥΧΑΓΩΓΙΑΣ (ΚΟΤΕΡΩΝ, ΘΑΛΑΜΗΓΩΝ, ΒΕΝΖΙΝΑΚΑΤΩΝ ΚΛΠ), ΧΩΡΙΣ ΠΛΗΡΩΜΑ","162175245000","801722149","gmail.com"
"A & C YACHTING MILINA ΜΟΝΟΠΡΟΣΩΠΗ Ι.Κ.Ε.","A","free-mail","logistikotsitoglou@gmail.com","2428077866","ΒΟΛΟΥ / ΜΑΓΝΗΣΙΑΣ","ΜΑΓΝΗΣΙΑΣ","ΙΚΕ","2023","","","ΥΠΗΡΕΣΙΕΣ ΕΝΟΙΚΙΑΣΗΣ ΤΟΥΡΙΣΤΙΚΟΥ ΣΚΑΦΟΥΣ, ΧΩΡΙΣ ΠΛΗΡΩΜΑ","172900644000","802245990","gmail.com"
"AEGEAN BOATS ΜΟΝΟΠΡΟΣΩΠΗ Ι.Κ.Ε.","A","free-mail","x.kondilis@yahoo.gr","6970045054","ΠΑΡΟΥ / ΠΑΡΟΥ","ΚΥΚΛΑΔΩΝ","ΙΚΕ","2025","","","ΥΠΗΡΕΣΙΕΣ ΕΝΟΙΚΙΑΣΗΣ ΤΟΥΡΙΣΤΙΚΟΥ ΣΚΑΦΟΥΣ, ΧΩΡΙΣ ΠΛΗΡΩΜΑ","184581038000","802883557","yahoo.gr"
"AEGEON YACHTING Ι.Κ.Ε.","A","free-mail","moresailinggreece@gmail.com","6973406043","ΘΕΣΣΑΛΟΝΙΚΗΣ / ΘΕΣΣΑΛΟΝΙΚΗΣ","ΘΕΣΣΑΛΟΝΙΚΗΣ","ΙΚΕ","2025","","","ΥΠΗΡΕΣΙΕΣ ΕΝΟΙΚΙΑΣΗΣ ΤΟΥΡΙΣΤΙΚΟΥ ΣΚΑΦΟΥΣ, ΧΩΡΙΣ ΠΛΗΡΩΜΑ","184348104000","802871896","gmail.com"
"AETHER YACHTING ΙΔΙΩΤΙΚΗ ΚΕΦΑΛΑΙΟΥΧΙΚΗ ΕΤΑΙΡΙΑ","A","free-mail","vakakis.ds@gmail.com","6932130230","ΚΗΦΙΣΙΑΣ / ΒΟΡΕΙΟΥ ΤΟΜΕΑ ΑΘΗΝΩΝ","ΑΤΤΙΚΗΣ","ΙΚΕ","2025","","","ΥΠΗΡΕΣΙΕΣ ΕΝΟΙΚΙΑΣΗΣ ΕΠΑΓΓΕΛΜΑΤΙΚΟΥ ΤΟΥΡΙΣΤΙΚΟΥ ΣΚΑΦΟΥΣ ΜΕ ΠΛΗΡΩΜΑ","182937003000","802796413","gmail.com"
"AGI Ι.Κ.Ε.","A","free-mail","nickkirim@gmail.com","6948462482","ΠΑΙΟΝΙΑΣ / ΚΙΛΚΙΣ","ΚΙΛΚΙΣ","ΙΚΕ","2024","","","ΥΠΗΡΕΣΙΕΣ ΕΝΟΙΚΙΑΣΗΣ ΤΟΥΡΙΣΤΙΚΟΥ ΣΚΑΦΟΥΣ, ΧΩΡΙΣ ΠΛΗΡΩΜΑ","178241735000","802538774","gmail.com"
"AHAT YACHTING YΠΟΚΑΤΑΣΤΗΜΑ ΑΛΛΟΔΑΠΗΣ ΕΠΕ","A","free-mail","tsakanikag@yahoo.gr","2168081505","ΠΕΙΡΑΙΩΣ / ΠΕΙΡΑΙΩΣ","ΑΤΤΙΚΗΣ","Υποκατάστημα Αλλοδαπής","2022","","","ΥΠΗΡΕΣΙΕΣ ΕΝΟΙΚΙΑΣΗΣ ΤΟΥΡΙΣΤΙΚΟΥ ΣΚΑΦΟΥΣ, ΧΩΡΙΣ ΠΛΗΡΩΜΑ","166490707001","996654360","yahoo.gr"
"AK YACHTING LIMITED","A","free-mail","nkantoniou@yahoo.com","2104839512","ΑΘΗΝΑΙΩΝ / ΚΕΝΤΡΙΚΟΥ ΤΟΜΕΑ ΑΘΗΝΩΝ","ΑΤΤΙΚΗΣ","Υποκατάστημα Αλλοδαπής","2018","","","ΥΠΗΡΕΣΙΕΣ ΕΝΟΙΚΙΑΣΗΣ ΕΠΑΓΓΕΛΜΑΤΙΚΟΥ ΤΟΥΡΙΣΤΙΚΟΥ ΣΚΑΦΟΥΣ ΜΕ ΠΛΗΡΩΜΑ","145255701001","996999649","yahoo.com"
"AKTI BOAT RENTALS Ι.Κ.Ε.","A","free-mail","nikoschalkidis@hotmail.com","6949144345","ΑΘΗΝΑΙΩΝ / ΚΕΝΤΡΙΚΟΥ ΤΟΜΕΑ ΑΘΗΝΩΝ","ΑΤΤΙΚΗΣ","ΙΚΕ","2026","","","ΥΠΗΡΕΣΙΕΣ ΕΝΟΙΚΙΑΣΗΣ ΠΛΟΙΩΝ ΨΥΧΑΓΩΓΙΑΣ (ΚΟΤΕΡΩΝ, ΘΑΛΑΜΗΓΩΝ, ΒΕΝΖΙΝΑΚΑΤΩΝ ΚΛΠ) ΜΕ ΠΛΗΡΩΜΑ","190790703000","803152107","hotmail.com"
"ALEE YACHTING ΜΟΝΟΠΡΟΣΩΠΗ ΙΔΙΩΤΙΚΗ ΚΕΦΑΛΑΙΟΥΧΙΚΗ ΕΤΑΙΡΕΙΑ","A","free-mail","nik.katsarou@gmail.com","6973511067","ΠΡΕΒΕΖΑΣ / ΠΡΕΒΕΖΑΣ","ΠΡΕΒΕΖΑΣ","ΙΚΕ","2024","","","ΥΠΗΡΕΣΙΕΣ ΕΝΟΙΚΙΑΣΗΣ ΕΠΑΓΓΕΛΜΑΤΙΚΟΥ ΤΟΥΡΙΣΤΙΚΟΥ ΣΚΑΦΟΥΣ ΜΕ ΠΛΗΡΩΜΑ","177326749000","802489462","gmail.com"
"ALEX RENTALS ΜΟΝΟΠΡΟΣΩΠΗ Ι.Κ.Ε.","A","free-mail","alex.tacko@gmail.com","46735157990","ΘΕΣΣΑΛΟΝΙΚΗΣ / ΘΕΣΣΑΛΟΝΙΚΗΣ","ΘΕΣΣΑΛΟΝΙΚΗΣ","ΙΚΕ","2024","","","ΥΠΗΡΕΣΙΕΣ ΕΝΟΙΚΙΑΣΗΣ ΤΟΥΡΙΣΤΙΚΟΥ ΣΚΑΦΟΥΣ, ΧΩΡΙΣ ΠΛΗΡΩΜΑ","178119206000","802531670","gmail.com"
"ALMYRA YACHTS LIMITED","A","free-mail","jnliapis@gmail.com","2106990460","ΑΘΗΝΑΙΩΝ / ΚΕΝΤΡΙΚΟΥ ΤΟΜΕΑ ΑΘΗΝΩΝ","ΑΤΤΙΚΗΣ","Υποκατάστημα Αλλοδαπής","2015","","","ΥΠΗΡΕΣΙΕΣ ΕΝΟΙΚΙΑΣΗΣ ΕΠΑΓΓΕΛΜΑΤΙΚΟΥ ΤΟΥΡΙΣΤΙΚΟΥ ΣΚΑΦΟΥΣ ΜΕ ΠΛΗΡΩΜΑ","134954601001","997120137","gmail.com"
"ALPHA LUX ΜΟΝΟΠΡΟΣΩΠΗ Ι.Κ.Ε.","A","free-mail","alphalux23@yahoo.com","","ΜΕΓΑΡΕΩΝ / ΔΥΤΙΚΗΣ ΑΤΤΙΚΗΣ","ΑΤΤΙΚΗΣ","ΙΚΕ","2023","","","ΥΠΗΡΕΣΙΕΣ ΕΝΟΙΚΙΑΣΗΣ ΤΟΥΡΙΣΤΙΚΟΥ ΣΚΑΦΟΥΣ, ΧΩΡΙΣ ΠΛΗΡΩΜΑ","172498209000","802225677","yahoo.com"
"ALYPA BOATS RENTAL ΜΟΝΟΠΡΟΣΩΠΗ Ι.Κ.Ε.","A","free-mail","alerev91@hotmail.com","2661020032","ΚΕΝΤΡΙΚΗΣ ΚΕΡΚΥΡΑΣ ΚΑΙ ΔΙΑΠΟΝΤΙΩΝ ΝΗΣΩΝ / ΚΕΡΚΥΡΑΣ","ΚΕΡΚΥΡΑΣ","ΙΚΕ","2022","","","ΥΠΗΡΕΣΙΕΣ ΕΝΟΙΚΙΑΣΗΣ ΕΠΑΓΓΕΛΜΑΤΙΚΟΥ ΤΟΥΡΙΣΤΙΚΟΥ ΣΚΑΦΟΥΣ ΜΕ ΠΛΗΡΩΜΑ","162795233000","801758712","hotmail.com"
"AMADEUS YACHTING ΑΝΩΝΥΜΗ ΝΑΥΤΙΛΙΑΚΗ ΕΤΑΙΡΕΙΑ","A","free-mail","georgepappas18@gmail.com","2109850300","ΠΕΙΡΑΙΩΣ / ΠΕΙΡΑΙΩΣ","ΠΕΙΡΑΙΑ","ΑΕ","2004","","","ΥΠΗΡΕΣΙΕΣ ΕΝΟΙΚΙΑΣΗΣ ΕΠΑΓΓΕΛΜΑΤΙΚΟΥ ΤΟΥΡΙΣΤΙΚΟΥ ΣΚΑΦΟΥΣ ΜΕ ΠΛΗΡΩΜΑ","124119207000","999236850","gmail.com"
"AMORUSO ANGELO","A","free-mail","aravanistakis1@gmail.com","2645024072","ΛΕΥΚΑΔΑΣ / ΛΕΥΚΑΔΑΣ","ΛΕΥΚΑΔΑΣ","ΑΤΟΜΙΚΗ","2019","","","ΥΠΗΡΕΣΙΕΣ ΕΝΟΙΚΙΑΣΗΣ ΤΟΥΡΙΣΤΙΚΟΥ ΣΚΑΦΟΥΣ, ΧΩΡΙΣ ΠΛΗΡΩΜΑ","152322343000","170871650","gmail.com"
"ANASTASIA SHIPPING LIMITED ΥΠΟΚΑΤΑΣΤΗΜΑ ΑΛΛΟΔΑΠΗΣ","A","free-mail","c-gianak@otenet.gr","2106284238","ΚΗΦΙΣΙΑΣ / ΒΟΡΕΙΟΥ ΤΟΜΕΑ ΑΘΗΝΩΝ","","Υποκατάστημα Αλλοδαπής","2025","","","ΥΠΗΡΕΣΙΕΣ ΕΝΟΙΚΙΑΣΗΣ ΕΠΑΓΓΕΛΜΑΤΙΚΟΥ ΤΟΥΡΙΣΤΙΚΟΥ ΣΚΑΦΟΥΣ ΜΕ ΠΛΗΡΩΜΑ","188063101001","803042754","otenet.gr"
"ANDONOVA IVELINA ANDONOVA TOY ANDON","A","free-mail","andonovaivelina1@gmail.com","2695103066","","ΖΑΚΥΝΘΟΥ","ΑΤΟΜΙΚΗ","2014","","","ΥΠΗΡΕΣΙΕΣ ΣΚΑΦΩΝ ΕΚΔΡΟΜΩΝ ΚΑΙ ΠΕΡΙΗΓΗΣΕΩΝ ΘΑΛΑΣΣΑΣ","131006924000","163701321","gmail.com"
"ANEMA Ι.Κ.Ε.","A","free-mail","gbrillakis@gmail.com","2109858670","ΠΡΕΒΕΖΑΣ / ΠΡΕΒΕΖΑΣ","ΠΡΕΒΕΖΑΣ","ΙΚΕ","2020","","","ΥΠΗΡΕΣΙΕΣ ΕΝΟΙΚΙΑΣΗΣ ΠΛΟΙΩΝ ΨΥΧΑΓΩΓΙΑΣ (ΚΟΤΕΡΩΝ, ΘΑΛΑΜΗΓΩΝ, ΒΕΝΖΙΝΑΚΑΤΩΝ ΚΛΠ) ΜΕ ΠΛΗΡΩΜΑ","154507449000","801328318","gmail.com"
"ANIMA RIBS ΜΟΝΟΠΡΟΣΩΠΗ Ι.Κ.Ε.","A","free-mail","manolischlorokostas@gmail.com","6972074263","ΠΑΠΑΓΟΥ - ΧΟΛΑΡΓΟΥ / ΒΟΡΕΙΟΥ ΤΟΜΕΑ ΑΘΗΝΩΝ","ΑΤΤΙΚΗΣ","ΙΚΕ","2023","","","ΥΠΗΡΕΣΙΕΣ ΕΝΟΙΚΙΑΣΗΣ ΣΚΑΦΩΝ ΘΑΛΑΣΣΙΑΣ ΚΑΙ ΑΚΤΟΠΛΟΪΚΗΣ ΜΕΤΑΦΟΡΑΣ ΕΠΙΒΑΤΩΝ ΜΕ ΧΕΙΡΙΣΤΗ","169587103000","802082987","gmail.com"
"ANNESSI R. ΧΑΤΖΑΚΗΣ Ε. Ο.Ε.","A","free-mail","sm.acrethymno@gmail.com","2831051841","ΡΕΘΥΜΝΗΣ / ΡΕΘΥΜΝΟΥ","ΡΕΘΥΜΝΗΣ","ΟΕ","2026","","","ΥΠΗΡΕΣΙΕΣ ΕΝΟΙΚΙΑΣΗΣ ΕΠΑΓΓΕΛΜΑΤΙΚΟΥ ΤΟΥΡΙΣΤΙΚΟΥ ΣΚΑΦΟΥΣ ΜΕ ΠΛΗΡΩΜΑ","191334450000","803174867","gmail.com"
"APOLLO YACHTING Ι.Κ.Ε.","A","free-mail","moresailinggreece@gmail.com","6973406043","ΘΕΣΣΑΛΟΝΙΚΗΣ / ΘΕΣΣΑΛΟΝΙΚΗΣ","ΘΕΣΣΑΛΟΝΙΚΗΣ","ΙΚΕ","2025","","","ΥΠΗΡΕΣΙΕΣ ΕΝΟΙΚΙΑΣΗΣ ΤΟΥΡΙΣΤΙΚΟΥ ΣΚΑΦΟΥΣ, ΧΩΡΙΣ ΠΛΗΡΩΜΑ","183719304000","802839362","gmail.com"
"AQUA DREAM Ε.Ε.","A","free-mail","g-aslanidis@hotmail.com","6931572470","ΘΕΣΣΑΛΟΝΙΚΗΣ / ΘΕΣΣΑΛΟΝΙΚΗΣ","ΘΕΣΣΑΛΟΝΙΚΗΣ","ΕΕ","2023","","","ΥΠΗΡΕΣΙΕΣ ΕΝΟΙΚΙΑΣΗΣ ΤΟΥΡΙΣΤΙΚΟΥ ΣΚΑΦΟΥΣ, ΧΩΡΙΣ ΠΛΗΡΩΜΑ","168037506000","802007594","hotmail.com"
"AQUA NEPA YACHTING LTD","A","free-mail","piraeus.sp@gmail.com","2109407050","ΚΑΛΛΙΘΕΑΣ / ΝΟΤΙΟΥ ΤΟΜΕΑ ΑΘΗΝΩΝ","ΑΤΤΙΚΗΣ","Υποκατάστημα Αλλοδαπής","2023","","","ΥΠΗΡΕΣΙΕΣ ΕΝΟΙΚΙΑΣΗΣ ΕΠΑΓΓΕΛΜΑΤΙΚΟΥ ΤΟΥΡΙΣΤΙΚΟΥ ΣΚΑΦΟΥΣ ΜΕ ΠΛΗΡΩΜΑ","173065201001","996517038","gmail.com"
"AQUA VENTURES ΜΟΝΟΠΡΟΣΩΠΗ Ι.Κ.Ε.","A","free-mail","kaksou2010@yahoo.gr","2721110376","ΚΑΛΑΜΑΤΑΣ / ΜΕΣΣΗΝΙΑΣ","ΜΕΣΣΗΝΙΑΣ","ΙΚΕ","2023","","","ΥΠΗΡΕΣΙΕΣ ΕΝΟΙΚΙΑΣΗΣ ΣΚΑΦΩΝ ΘΑΛΑΣΣΙΑΣ ΚΑΙ ΑΚΤΟΠΛΟΪΚΗΣ ΜΕΤΑΦΟΡΑΣ ΕΠΙΒΑΤΩΝ ΜΕ ΧΕΙΡΙΣΤΗ","172069145000","802205107","yahoo.gr"
"AQUALYS ANEV Ι.Κ.Ε.","A","free-mail","kolioueleni40@gmail.com","6977476811","ΚΕΝΤΡΙΚΗΣ ΚΕΡΚΥΡΑΣ ΚΑΙ ΔΙΑΠΟΝΤΙΩΝ ΝΗΣΩΝ / ΚΕΡΚΥΡΑΣ","ΚΕΡΚΥΡΑΣ","ΙΚΕ","2025","","","ΥΠΗΡΕΣΙΕΣ ΣΚΑΦΩΝ ΕΚΔΡΟΜΩΝ ΚΑΙ ΠΕΡΙΗΓΗΣΕΩΝ","187485133000","803017259","gmail.com"
"ARBIT Ο.Ε.","A","free-mail","arbitgp@gmail.com","6944222072","ΓΛΥΦΑΔΑΣ / ΝΟΤΙΟΥ ΤΟΜΕΑ ΑΘΗΝΩΝ","ΑΤΤΙΚΗΣ","ΟΕ","2025","","","ΥΠΗΡΕΣΙΕΣ ΕΝΟΙΚΙΑΣΗΣ ΤΟΥΡΙΣΤΙΚΟΥ ΣΚΑΦΟΥΣ, ΧΩΡΙΣ ΠΛΗΡΩΜΑ","188683701000","803071031","gmail.com"
"ARI.EL Ι.Κ.Ε.","A","free-mail","taxeslab@gmail.com","6944842808","ΑΣΠΡΟΠΥΡΓΟΥ / ΔΥΤΙΚΗΣ ΑΤΤΙΚΗΣ","ΑΤΤΙΚΗΣ","ΙΚΕ","2025","","","ΥΠΗΡΕΣΙΕΣ ΕΝΟΙΚΙΑΣΗΣ ΤΟΥΡΙΣΤΙΚΟΥ ΣΚΑΦΟΥΣ, ΧΩΡΙΣ ΠΛΗΡΩΜΑ","188284503000","803053314","gmail.com"
"ARIEL SAILING Ε.Ε.","A","free-mail","arielsailinglp@gmail.com","2110136130","ΣΙΚΥΩΝΙΩΝ / ΚΟΡΙΝΘΙΑΣ","ΚΟΡΙΝΘΙΑΣ","ΕΕ","2023","","","ΥΠΗΡΕΣΙΕΣ ΕΝΟΙΚΙΑΣΗΣ ΤΟΥΡΙΣΤΙΚΟΥ ΣΚΑΦΟΥΣ, ΧΩΡΙΣ ΠΛΗΡΩΜΑ","171927737000","802198345","gmail.com"
"ARISTOSEA Ι.Κ.Ε.","A","free-mail","michalisbachtiaroglou@gmail.com","2108836422","ΑΘΗΝΑΙΩΝ / ΚΕΝΤΡΙΚΟΥ ΤΟΜΕΑ ΑΘΗΝΩΝ","ΑΤΤΙΚΗΣ","ΙΚΕ","2025","","","ΥΠΗΡΕΣΙΕΣ ΕΝΟΙΚΙΑΣΗΣ ΤΟΥΡΙΣΤΙΚΟΥ ΣΚΑΦΟΥΣ, ΧΩΡΙΣ ΠΛΗΡΩΜΑ","183940601000","802850692","gmail.com"
"ART BOAT YACHTING ΜΟΝΟΠΡΟΣΩΠΗ ΙΚΕ","A","free-mail","artboatyachting@yahoo.com","6977703167","ΑΓΙΟΥ ΝΙΚΟΛΑΟΥ / ΛΑΣΙΘΙΟΥ","ΛΑΣΙΘΙΟΥ","ΙΚΕ","2019","","","ΥΠΗΡΕΣΙΕΣ ΕΝΟΙΚΙΑΣΗΣ ΠΛΟΙΩΝ ΨΥΧΑΓΩΓΙΑΣ (ΚΟΤΕΡΩΝ, ΘΑΛΑΜΗΓΩΝ, ΒΕΝΖΙΝΑΚΑΤΩΝ ΚΛΠ), ΧΩΡΙΣ ΠΛΗΡΩΜΑ","149570541000","801120741","yahoo.com"
"ASSA CRUISES ΜΟΝΟΠΡΟΣΩΠΗ ΑΝΩΝΥΜΗ ΕΤΑΙΡΙΑ","A","free-mail","assaboats@gmail.com","2385045426","ΑΜΑΡΟΥΣΙΟΥ / ΒΟΡΕΙΟΥ ΤΟΜΕΑ ΑΘΗΝΩΝ","ΑΤΤΙΚΗΣ","ΑΕ","2019","","","ΥΠΗΡΕΣΙΕΣ ΕΝΟΙΚΙΑΣΗΣ ΣΚΑΦΩΝ ΘΑΛΑΣΣΙΑΣ ΚΑΙ ΑΚΤΟΠΛΟΪΚΗΣ ΜΕΤΑΦΟΡΑΣ ΕΠΙΒΑΤΩΝ ΜΕ ΧΕΙΡΙΣΤΗ","153168903000","801270534","gmail.com"
"ASSOS NAVIS (ΑΣΣΟΣ ΝΕΪΒΙΣ)  ΑΝΩΝΥΜΗ ΝΑΥΤΙΛΙΑΚΗ ΕΤΑΙΡΙΑ","A","free-mail","assos.navis@gmail.com","6973590743","ΛΗΞΟΥΡΙΟΥ / ΚΕΦΑΛΛΗΝΙΑΣ","ΚΕΦΑΛΛΗΝΙΑΣ","ΑΕ","2018","","","ΥΠΗΡΕΣΙΕΣ ΣΚΑΦΩΝ ΕΚΔΡΟΜΩΝ ΚΑΙ ΠΕΡΙΗΓΗΣΕΩΝ ΘΑΛΑΣΣΑΣ","144974434000","996937010","gmail.com"
"ASTIR YACHTING Ι.Κ.Ε.","A","free-mail","tstavrakis@gmail.com","6946421841","ΠΥΛΑΙΑΣ-ΧΟΡΤΙΑΤΗ / ΘΕΣΣΑΛΟΝΙΚΗΣ","ΘΕΣΣΑΛΟΝΙΚΗΣ","ΙΚΕ","2026","","","ΥΠΗΡΕΣΙΕΣ ΕΝΟΙΚΙΑΣΗΣ ΤΟΥΡΙΣΤΙΚΟΥ ΣΚΑΦΟΥΣ, ΧΩΡΙΣ ΠΛΗΡΩΜΑ","192142306000","803207530","gmail.com"
"ASTRA YACHTING ΜΟΝΟΠΡΟΣΩΠΗ Ι.Κ.Ε.","A","free-mail","astrayachting@gmail.com","2109595112","ΑΛΙΜΟΥ / ΝΟΤΙΟΥ ΤΟΜΕΑ ΑΘΗΝΩΝ","ΑΤΤΙΚΗΣ","ΙΚΕ","2023","","","ΥΠΗΡΕΣΙΕΣ ΣΚΑΦΩΝ ΕΚΔΡΟΜΩΝ ΚΑΙ ΠΕΡΙΗΓΗΣΕΩΝ ΘΑΛΑΣΣΑΣ","168830609000","802045992","gmail.com"
"ATHENS RIVIERA CHARTERS ΜΟΝΟΠΡΟΣΩΠΗ Ι.Κ.Ε.","A","free-mail","mamanitis@yahoo.com","6944653599","ΓΛΥΦΑΔΑΣ / ΝΟΤΙΟΥ ΤΟΜΕΑ ΑΘΗΝΩΝ","ΑΤΤΙΚΗΣ","ΙΚΕ","2024","","","ΥΠΗΡΕΣΙΕΣ ΕΝΟΙΚΙΑΣΗΣ ΠΛΟΙΩΝ ΨΥΧΑΓΩΓΙΑΣ (ΚΟΤΕΡΩΝ, ΘΑΛΑΜΗΓΩΝ, ΒΕΝΖΙΝΑΚΑΤΩΝ ΚΛΠ) ΜΕ ΠΛΗΡΩΜΑ","179837203000","802628104","yahoo.com"
"AURELIA – 5 BRANCH GREECE","A","free-mail","guliana.vasileva@gmail.com","2168081505","ΑΣΠΡΟΠΥΡΓΟΥ / ΔΥΤΙΚΗΣ ΑΤΤΙΚΗΣ","ΑΤΤΙΚΗΣ","Υποκατάστημα Αλλοδαπής","2024","","","ΥΠΗΡΕΣΙΕΣ ΕΝΟΙΚΙΑΣΗΣ ΤΟΥΡΙΣΤΙΚΟΥ ΣΚΑΦΟΥΣ, ΧΩΡΙΣ ΠΛΗΡΩΜΑ","174286407001","996518072","gmail.com"
"AVAMARE YACHTING Ι.Κ.Ε.","A","free-mail","moresailinggreece@gmail.com","6973406043","ΘΕΣΣΑΛΟΝΙΚΗΣ / ΘΕΣΣΑΛΟΝΙΚΗΣ","ΘΕΣΣΑΛΟΝΙΚΗΣ","ΙΚΕ","2025","","","ΥΠΗΡΕΣΙΕΣ ΕΝΟΙΚΙΑΣΗΣ ΤΟΥΡΙΣΤΙΚΟΥ ΣΚΑΦΟΥΣ, ΧΩΡΙΣ ΠΛΗΡΩΜΑ","185673206000","802934814","gmail.com"
"AXIOS YACHTING ΜΟΝΟΠΡΟΣΩΠΗ Ι.Κ.Ε.","A","free-mail","moresailinggreece@gmail.com","6973406043","ΘΕΣΣΑΛΟΝΙΚΗΣ / ΘΕΣΣΑΛΟΝΙΚΗΣ","ΘΕΣΣΑΛΟΝΙΚΗΣ","ΙΚΕ","2025","","","ΥΠΗΡΕΣΙΕΣ ΕΝΟΙΚΙΑΣΗΣ ΤΟΥΡΙΣΤΙΚΟΥ ΣΚΑΦΟΥΣ, ΧΩΡΙΣ ΠΛΗΡΩΜΑ","184339404000","802871429","gmail.com"
"AZURE MARINE Ο.Ε.","A","free-mail","gakisxr.ioan@gmail.com","2661049109","ΚΕΝΤΡΙΚΗΣ ΚΕΡΚΥΡΑΣ ΚΑΙ ΔΙΑΠΟΝΤΙΩΝ ΝΗΣΩΝ / ΚΕΡΚΥΡΑΣ","ΚΕΡΚΥΡΑΣ","ΟΕ","2025","","","ΥΠΗΡΕΣΙΕΣ ΕΝΟΙΚΙΑΣΗΣ ΤΟΥΡΙΣΤΙΚΟΥ ΣΚΑΦΟΥΣ, ΧΩΡΙΣ ΠΛΗΡΩΜΑ","189452233000","803101224","gmail.com"
"BALISTRERI FRANCESCO","A","free-mail","pournaraslogistiki@gmail.com","","ΛΕΥΚΑΔΑΣ / ΛΕΥΚΑΔΑΣ","ΛΕΥΚΑΔΑΣ","ΑΤΟΜΙΚΗ","2024","","","ΥΠΗΡΕΣΙΕΣ ΕΝΟΙΚΙΑΣΗΣ ΤΟΥΡΙΣΤΙΚΟΥ ΣΚΑΦΟΥΣ, ΧΩΡΙΣ ΠΛΗΡΩΜΑ","174796243000","183463540","gmail.com"
"BANDOL CHARTER Ι.Κ.Ε.","A","free-mail","asonitisoffice@yahoo.gr","2661032425","ΚΕΝΤΡΙΚΗΣ ΚΕΡΚΥΡΑΣ ΚΑΙ ΔΙΑΠΟΝΤΙΩΝ ΝΗΣΩΝ / ΚΕΡΚΥΡΑΣ","ΚΕΡΚΥΡΑΣ","ΙΚΕ","2023","","","ΥΠΗΡΕΣΙΕΣ ΕΝΟΙΚΙΑΣΗΣ ΤΟΥΡΙΣΤΙΚΟΥ ΣΚΑΦΟΥΣ, ΧΩΡΙΣ ΠΛΗΡΩΜΑ","170247633000","802115279","yahoo.gr"
"BE READY FOR BOAT Ι.Κ.Ε.","A","free-mail","airbuslia@gmail.com","6977854591","ΠΕΡΙΣΤΕΡΙΟΥ / ΔΥΤΙΚΟΥ ΤΟΜΕΑ ΑΘΗΝΩΝ","ΑΤΤΙΚΗΣ","ΙΚΕ","2026","","","ΥΠΗΡΕΣΙΕΣ ΕΝΟΙΚΙΑΣΗΣ ΠΛΟΙΩΝ ΨΥΧΑΓΩΓΙΑΣ (ΚΟΤΕΡΩΝ, ΘΑΛΑΜΗΓΩΝ, ΒΕΝΖΙΝΑΚΑΤΩΝ ΚΛΠ), ΧΩΡΙΣ ΠΛΗΡΩΜΑ","190442603000","803137571","gmail.com"
"BECKMANSGREKEN ΜΟΝΟΠΡΟΣΩΠΗ Ι.Κ.Ε.","A","free-mail","sachasnl@gmail.com","6972722425","ΓΛΥΦΑΔΑΣ / ΝΟΤΙΟΥ ΤΟΜΕΑ ΑΘΗΝΩΝ","ΑΤΤΙΚΗΣ","ΙΚΕ","2024","","","ΥΠΗΡΕΣΙΕΣ ΕΝΟΙΚΙΑΣΗΣ ΠΛΟΙΩΝ ΨΥΧΑΓΩΓΙΑΣ (ΚΟΤΕΡΩΝ, ΘΑΛΑΜΗΓΩΝ, ΒΕΝΖΙΝΑΚΑΤΩΝ ΚΛΠ), ΧΩΡΙΣ ΠΛΗΡΩΜΑ","181162101000","802699011","gmail.com"
"BEE MARINE ΙΔΙΩΤΙΚΗ ΚΕΦΑΛΑΙΟΥΧΙΚΗ ΕΤΑΙΡΕΙΑ","A","free-mail","th.kampoukos@gmail.com","2109641111","ΘΗΡΑΣ / ΘΗΡΑΣ","ΚΥΚΛΑΔΩΝ","ΙΚΕ","2022","","","ΥΠΗΡΕΣΙΕΣ ΣΚΑΦΩΝ ΕΚΔΡΟΜΩΝ ΚΑΙ ΠΕΡΙΗΓΗΣΕΩΝ ΘΑΛΑΣΣΑΣ","167152838000","801963770","gmail.com"
"BEST YAGHT ΜΟΝΟΠΡΟΣΩΠΗ Ι.Κ.Ε.","A","free-mail","bestyaght@gmail.com","6944538724","ΑΘΗΝΑΙΩΝ / ΚΕΝΤΡΙΚΟΥ ΤΟΜΕΑ ΑΘΗΝΩΝ","ΑΤΤΙΚΗΣ","ΙΚΕ","2023","","","ΥΠΗΡΕΣΙΕΣ ΕΝΟΙΚΙΑΣΗΣ ΠΛΟΙΩΝ ΨΥΧΑΓΩΓΙΑΣ (ΚΟΤΕΡΩΝ, ΘΑΛΑΜΗΓΩΝ, ΒΕΝΖΙΝΑΚΑΤΩΝ ΚΛΠ) ΜΕ ΠΛΗΡΩΜΑ","171778603000","802190790","gmail.com"
"Beyond Experience Ι.Κ.Ε.","A","free-mail","makonnos@gmail.com","2106899760","ΝΕΑΣ ΙΩΝΙΑΣ / ΒΟΡΕΙΟΥ ΤΟΜΕΑ ΑΘΗΝΩΝ","ΑΤΤΙΚΗΣ","ΙΚΕ","2024","","","ΥΠΗΡΕΣΙΕΣ ΕΝΟΙΚΙΑΣΗΣ ΤΟΥΡΙΣΤΙΚΟΥ ΣΚΑΦΟΥΣ, ΧΩΡΙΣ ΠΛΗΡΩΜΑ","176370301000","802439262","gmail.com"
"BIG BLUE CRUISING LIMITED. BRANCH","A","free-mail","manos_fe@yahoo.gr","2392023900","ΑΛΙΜΟΥ / ΝΟΤΙΟΥ ΤΟΜΕΑ ΑΘΗΝΩΝ","ΑΤΤΙΚΗΣ","Υποκατάστημα Αλλοδαπής","2018","","","ΥΠΗΡΕΣΙΕΣ ΕΝΟΙΚΙΑΣΗΣ ΠΛΟΙΩΝ ΨΥΧΑΓΩΓΙΑΣ (ΚΟΤΕΡΩΝ, ΘΑΛΑΜΗΓΩΝ, ΒΕΝΖΙΝΑΚΑΤΩΝ ΚΛΠ) ΜΕ ΠΛΗΡΩΜΑ","146668001001","996929057","yahoo.gr"
"Big G ΜΟΝΟΠΡΟΣΩΠΗ ΙΔΙΩΤΙΚΗ ΚΕΦΑΛΑΙΟΥΧΙΚΗ ΕΤΑΙΡΕΙΑ","A","free-mail","c.kitsakislaw@gmail.com","6978759412","ΓΛΥΦΑΔΑΣ / ΝΟΤΙΟΥ ΤΟΜΕΑ ΑΘΗΝΩΝ","ΑΤΤΙΚΗΣ","ΙΚΕ","2024","","","ΥΠΗΡΕΣΙΕΣ ΕΝΟΙΚΙΑΣΗΣ ΕΠΑΓΓΕΛΜΑΤΙΚΟΥ ΤΟΥΡΙΣΤΙΚΟΥ ΣΚΑΦΟΥΣ ΜΕ ΠΛΗΡΩΜΑ","180125401000","802644491","gmail.com"
"BLUE BIRD VENTURE ΜΟΝΟΠΡΟΣΩΠΗ ΙΔΙΩΤΙΚΗ ΚΕΦΑΛΑΙΟΥΧΙΚΗ ΕΤΑΙΡΕΙΑ","A","free-mail","Galanopoulos.nikos@yahoo.gr","","ΜΗΛΟΥ / ΜΗΛΟΥ","ΚΥΚΛΑΔΩΝ","ΙΚΕ","2023","","","ΥΠΗΡΕΣΙΕΣ ΕΝΟΙΚΙΑΣΗΣ ΤΟΥΡΙΣΤΙΚΟΥ ΣΚΑΦΟΥΣ, ΧΩΡΙΣ ΠΛΗΡΩΜΑ","171007138000","802152343","yahoo.gr"
"BLUE DREAM SAILING Ι.Κ.Ε.","A","free-mail","skokam@hotmail.com","6974025544","ΠΑΤΡΕΩΝ / ΑΧΑΙΑΣ","ΑΧΑΙΑΣ","ΙΚΕ","2020","","","ΥΠΗΡΕΣΙΕΣ ΕΝΟΙΚΙΑΣΗΣ ΕΠΑΓΓΕΛΜΑΤΙΚΟΥ ΤΟΥΡΙΣΤΙΚΟΥ ΣΚΑΦΟΥΣ ΜΕ ΠΛΗΡΩΜΑ","157593616000","801474727","hotmail.com"
"BLUE GALAXY ΜΟΝΟΠΡΟΣΩΠΗ Ι.Κ.Ε.","A","free-mail","sallyward966@gmail.com","6970467320","ΓΛΥΦΑΔΑΣ / ΝΟΤΙΟΥ ΤΟΜΕΑ ΑΘΗΝΩΝ","ΑΤΤΙΚΗΣ","ΙΚΕ","2025","","","ΥΠΗΡΕΣΙΕΣ ΕΝΟΙΚΙΑΣΗΣ ΕΠΑΓΓΕΛΜΑΤΙΚΟΥ ΤΟΥΡΙΣΤΙΚΟΥ ΣΚΑΦΟΥΣ ΜΕ ΠΛΗΡΩΜΑ","186486803000","802971361","gmail.com"
"Blue Horizon Private Charter & Boat Rentals in Greece  Ι.Κ.Ε.","A","free-mail","krikissa@otenet.gr","2310517073","ΣΚΙΑΘΟΥ / ΣΠΟΡΑΔΩΝ","ΜΑΓΝΗΣΙΑΣ","ΙΚΕ","2024","","","ΥΠΗΡΕΣΙΕΣ ΕΝΟΙΚΙΑΣΗΣ ΤΟΥΡΙΣΤΙΚΟΥ ΣΚΑΦΟΥΣ, ΧΩΡΙΣ ΠΛΗΡΩΜΑ","180277144000","802652282","otenet.gr"
"BLUE MED ΙΔΙΩΤΙΚΗ ΚΕΦΑΛΑΙΟΥΧΙΚΗ ΕΤΑΙΡΕΙΑ","A","free-mail","dimtatarakis@gmail.com","2108847751","ΑΘΗΝΑΙΩΝ / ΚΕΝΤΡΙΚΟΥ ΤΟΜΕΑ ΑΘΗΝΩΝ","ΑΤΤΙΚΗΣ","ΙΚΕ","2021","","","ΥΠΗΡΕΣΙΕΣ ΕΝΟΙΚΙΑΣΗΣ ΤΟΥΡΙΣΤΙΚΟΥ ΣΚΑΦΟΥΣ, ΧΩΡΙΣ ΠΛΗΡΩΜΑ","158873403000","801545614","gmail.com"
"BLUE NAUTICAL WAYS SHIPPING COMPANY ΥΠΟΚΑΤΑΣΤΗΜΑ ΑΛΛΟΔΑΠΗΣ","A","free-mail","asimianakis@yahoo.com","2104181818","ΗΡΑΚΛΕΙΟΥ / ΗΡΑΚΛΕΙΟΥ","","Υποκατάστημα Αλλοδαπής","2024","","","ΥΠΗΡΕΣΙΕΣ ΕΝΟΙΚΙΑΣΗΣ ΕΠΑΓΓΕΛΜΑΤΙΚΟΥ ΤΟΥΡΙΣΤΙΚΟΥ ΣΚΑΦΟΥΣ ΜΕ ΠΛΗΡΩΜΑ","180529927001","802666422","yahoo.com"
"Blue Point Sailing Ι.Κ.Ε.","A","free-mail","katsarosbasilhs@gmail.com","2107101440","ΚΗΦΙΣΙΑΣ / ΒΟΡΕΙΟΥ ΤΟΜΕΑ ΑΘΗΝΩΝ","ΑΤΤΙΚΗΣ","ΙΚΕ","2024","","","ΥΠΗΡΕΣΙΕΣ ΕΝΟΙΚΙΑΣΗΣ ΕΠΑΓΓΕΛΜΑΤΙΚΟΥ ΤΟΥΡΙΣΤΙΚΟΥ ΣΚΑΦΟΥΣ ΜΕ ΠΛΗΡΩΜΑ","175775409000","802405676","gmail.com"
"BLUE PULSE CRUISES Ε.Ε.","A","free-mail","ctzanakopoulos@gmail.com","2284041120","ΠΑΡΟΥ / ΠΑΡΟΥ","ΚΥΚΛΑΔΩΝ","ΕΕ","2025","","","ΥΠΗΡΕΣΙΕΣ ΣΚΑΦΩΝ ΕΚΔΡΟΜΩΝ ΚΑΙ ΠΕΡΙΗΓΗΣΕΩΝ ΘΑΛΑΣΣΑΣ","185703738000","802936149","gmail.com"
"BLUE SEA CRUISES Ε.Ε.","A","free-mail","panfokas@hotmail.com","6946504763","ΠΑΡΟΥ / ΠΑΡΟΥ","ΚΥΚΛΑΔΩΝ","ΕΕ","2025","","","ΥΠΗΡΕΣΙΕΣ ΕΝΟΙΚΙΑΣΗΣ ΣΚΑΦΩΝ ΘΑΛΑΣΣΙΑΣ ΚΑΙ ΑΚΤΟΠΛΟΪΚΗΣ ΜΕΤΑΦΟΡΑΣ ΕΠΙΒΑΤΩΝ ΜΕ ΧΕΙΡΙΣΤΗ","184103538000","802859569","hotmail.com"
"BLUE SEA ESCAPES ΙΔΙΩΤΙΚΗ ΚΕΦΑΛΑΙΟΥΧΙΚΗ ΕΤΑΙΡΕΙΑ","A","free-mail","dkorfou@gmail.com","2661090868","ΚΕΝΤΡΙΚΗΣ ΚΕΡΚΥΡΑΣ ΚΑΙ ΔΙΑΠΟΝΤΙΩΝ ΝΗΣΩΝ / ΚΕΡΚΥΡΑΣ","ΚΕΡΚΥΡΑΣ","ΙΚΕ","2023","","","ΥΠΗΡΕΣΙΕΣ ΕΝΟΙΚΙΑΣΗΣ ΤΟΥΡΙΣΤΙΚΟΥ ΣΚΑΦΟΥΣ, ΧΩΡΙΣ ΠΛΗΡΩΜΑ","168272333000","802020291","gmail.com"
"BOAT ESCAPE ΟΕ","A","free-mail","drandakischar@yahoo.gr","6974460748","ΧΑΝΙΩΝ / ΧΑΝΙΩΝ","ΧΑΝΙΩΝ","ΟΕ","2019","","","ΥΠΗΡΕΣΙΕΣ ΕΝΟΙΚΙΑΣΗΣ ΤΟΥΡΙΣΤΙΚΟΥ ΣΚΑΦΟΥΣ, ΧΩΡΙΣ ΠΛΗΡΩΜΑ","149246658000","801106617","yahoo.gr"
"BOAT TOURS Ι.Κ.Ε.","A","free-mail","panagiotis.makris21@gmail.com","6973585287","ΑΓΡΑΦΩΝ / ΕΥΡΥΤΑΝΙΑΣ","ΕΥΡΥΤΑΝΙΑΣ","ΙΚΕ","2023","","","ΥΠΗΡΕΣΙΕΣ ΕΝΟΙΚΙΑΣΗΣ ΠΛΟΙΩΝ ΨΥΧΑΓΩΓΙΑΣ (ΚΟΤΕΡΩΝ, ΘΑΛΑΜΗΓΩΝ, ΒΕΝΖΙΝΑΚΑΤΩΝ ΚΛΠ) ΜΕ ΠΛΗΡΩΜΑ","170755423000","802139879","gmail.com"
"BOHEMIAN SEA Ι.Κ.Ε.","A","free-mail","apluslogistiki@yahoo.gr","6983352930","ΚΕΑΣ / ΚΕΑΣ-ΚΥΘΝΟΥ","ΚΥΚΛΑΔΩΝ","ΙΚΕ","2022","","","ΥΠΗΡΕΣΙΕΣ ΘΑΛΑΣΣΙΩΝ ΚΑΙ ΠΑΡΑΚΤΙΩΝ ΜΕΤΑΦΟΡΩΝ ΕΠΙΒΑΤΩΝ ΜΕ ΘΑΛΑΜΗΓΟΥΣ - ΤΟΥΡΙΣΤΙΚΑ ΠΛΟΙΑ ΜΕ ΕΛΛΗΝΙΚΗ ΣΗΜΑΙΑ","162766938000","801756988","yahoo.gr"
"BORDI PAOLO ΤΟΥ SERGIO (ΥΠΟ ΙΔΡΥΣΗ)","A","free-mail","paoloeb@yahoo.com","","ΚΕΝΤΡΙΚΗΣ ΚΕΡΚΥΡΑΣ ΚΑΙ ΔΙΑΠΟΝΤΙΩΝ ΝΗΣΩΝ / ΚΕΡΚΥΡΑΣ","ΚΕΡΚΥΡΑΣ","ΑΤΟΜΙΚΗ","2025","","","ΥΠΗΡΕΣΙΕΣ ΕΝΟΙΚΙΑΣΗΣ ΠΛΟΙΩΝ ΨΥΧΑΓΩΓΙΑΣ (ΚΟΤΕΡΩΝ, ΘΑΛΑΜΗΓΩΝ, ΒΕΝΖΙΝΑΚΑΤΩΝ ΚΛΠ), ΧΩΡΙΣ ΠΛΗΡΩΜΑ","184059433000","181598529","yahoo.com"
"BOX FACILITY Ι.Κ.Ε.","A","free-mail","marinaurtayeva@gmail.com","2117357656","ΑΘΗΝΑΙΩΝ / ΚΕΝΤΡΙΚΟΥ ΤΟΜΕΑ ΑΘΗΝΩΝ","ΑΤΤΙΚΗΣ","ΙΚΕ","2023","","","ΥΠΗΡΕΣΙΕΣ ΕΝΟΙΚΙΑΣΗΣ ΠΛΟΙΩΝ ΨΥΧΑΓΩΓΙΑΣ (ΚΟΤΕΡΩΝ, ΘΑΛΑΜΗΓΩΝ, ΒΕΝΖΙΝΑΚΑΤΩΝ ΚΛΠ), ΧΩΡΙΣ ΠΛΗΡΩΜΑ","173333903000","802269348","gmail.com"
"BREEZO Ι.Κ.Ε.","A","free-mail","miljana.nimcevic@gmail.com","6949902149","ΒΟΛΟΥ / ΜΑΓΝΗΣΙΑΣ","ΜΑΓΝΗΣΙΑΣ","ΙΚΕ","2024","","","ΥΠΗΡΕΣΙΕΣ ΕΝΟΙΚΙΑΣΗΣ ΤΟΥΡΙΣΤΙΚΟΥ ΣΚΑΦΟΥΣ, ΧΩΡΙΣ ΠΛΗΡΩΜΑ","179668244000","802618450","gmail.com"
"BRILLIANT MARITIME LIMITED","A","free-mail","kotsge@hotmail.com","2103230279","ΑΘΗΝΑΙΩΝ / ΚΕΝΤΡΙΚΟΥ ΤΟΜΕΑ ΑΘΗΝΩΝ","ΑΤΤΙΚΗΣ","Υποκατάστημα Αλλοδαπής","2015","","","ΥΠΗΡΕΣΙΕΣ ΕΝΟΙΚΙΑΣΗΣ ΕΠΑΓΓΕΛΜΑΤΙΚΟΥ ΤΟΥΡΙΣΤΙΚΟΥ ΣΚΑΦΟΥΣ ΜΕ ΠΛΗΡΩΜΑ","135753201001","997121921","hotmail.com"
"BROMEN INVESTMENTS INC. GREEK BRANCH","A","free-mail","sy.euphoria@gmail.com","6983411325","ΠΕΙΡΑΙΩΣ / ΠΕΙΡΑΙΩΣ","ΑΤΤΙΚΗΣ","Υποκατάστημα Αλλοδαπής","2023","","","ΥΠΗΡΕΣΙΕΣ ΕΝΟΙΚΙΑΣΗΣ ΕΠΑΓΓΕΛΜΑΤΙΚΟΥ ΤΟΥΡΙΣΤΙΚΟΥ ΣΚΑΦΟΥΣ ΜΕ ΠΛΗΡΩΜΑ","171754207001","996570415","gmail.com"
"BROTHER'S YACHTING ΜΟΝΟΠΡΟΣΩΠΗ Ι.Κ.Ε.","A","free-mail","tonyswsports@gmail.com","2105156800","ΚΩ / ΚΩ","ΔΩΔΕΚΑΝΗΣΟΥ","ΙΚΕ","2025","","","ΥΠΗΡΕΣΙΕΣ ΕΝΟΙΚΙΑΣΗΣ ΕΠΑΓΓΕΛΜΑΤΙΚΟΥ ΤΟΥΡΙΣΤΙΚΟΥ ΣΚΑΦΟΥΣ ΜΕ ΠΛΗΡΩΜΑ","184840720000","802897027","gmail.com"
"B-SFV ΝΑΥΤΙΛΙΑΚΗ ΤΟΥΡΙΣΤΙΚΗ ΜΟΝΟΠΡΟΣΩΠΗ Ι.Κ.Ε.","A","free-mail","yabako@otenet.gr","2107250085","ΚΑΙΣΑΡΙΑΝΗΣ / ΚΕΝΤΡΙΚΟΥ ΤΟΜΕΑ ΑΘΗΝΩΝ","ΑΤΤΙΚΗΣ","ΙΚΕ","2020","","","ΥΠΗΡΕΣΙΕΣ ΕΝΟΙΚΙΑΣΗΣ ΕΠΑΓΓΕΛΜΑΤΙΚΟΥ ΤΟΥΡΙΣΤΙΚΟΥ ΣΚΑΦΟΥΣ ΜΕ ΠΛΗΡΩΜΑ","155205203000","801364110","otenet.gr"
"CALYPSO CHARTERS LTD GREEK BRANCH","A","free-mail","legal.sosyachtingr@gmail.com","2107210639","ΑΘΗΝΑΙΩΝ / ΚΕΝΤΡΙΚΟΥ ΤΟΜΕΑ ΑΘΗΝΩΝ","ΑΤΤΙΚΗΣ","Υποκατάστημα Αλλοδαπής","2023","","","ΥΠΗΡΕΣΙΕΣ ΕΝΟΙΚΙΑΣΗΣ ΠΛΟΙΩΝ ΨΥΧΑΓΩΓΙΑΣ (ΚΟΤΕΡΩΝ, ΘΑΛΑΜΗΓΩΝ, ΒΕΝΖΙΝΑΚΑΤΩΝ ΚΛΠ) ΜΕ ΠΛΗΡΩΜΑ","174071201001","996517628","gmail.com"
"CALYPSO YACHTING ΜΟΝΟΠΡΟΣΩΠΗ Ι.Κ.Ε.","A","free-mail","kt.nikol@gmail.com","6983267021","ΦΥΛΗΣ / ΔΥΤΙΚΗΣ ΑΤΤΙΚΗΣ","ΑΤΤΙΚΗΣ","ΙΚΕ","2023","","","ΥΠΗΡΕΣΙΕΣ ΕΝΟΙΚΙΑΣΗΣ ΕΠΑΓΓΕΛΜΑΤΙΚΟΥ ΤΟΥΡΙΣΤΙΚΟΥ ΣΚΑΦΟΥΣ ΜΕ ΠΛΗΡΩΜΑ","171904802000","802197127","gmail.com"
"CAP MARITIME ΜΟΝΟΠΡΟΣΩΠΗ Ι.Κ.Ε.","A","free-mail","yabako@otenet.gr","2107250085","ΚΟΡΙΝΘΙΩΝ / ΚΟΡΙΝΘΙΑΣ","ΚΟΡΙΝΘΙΑΣ","ΙΚΕ","2021","","","ΥΠΗΡΕΣΙΕΣ ΕΝΟΙΚΙΑΣΗΣ ΤΟΥΡΙΣΤΙΚΟΥ ΣΚΑΦΟΥΣ, ΧΩΡΙΣ ΠΛΗΡΩΜΑ","159423437000","801575587","otenet.gr"
"CARDINAL LIGHT Ι.Κ.Ε.","A","free-mail","sachasnl@gmail.com","6972722425","ΓΛΥΦΑΔΑΣ / ΝΟΤΙΟΥ ΤΟΜΕΑ ΑΘΗΝΩΝ","ΑΤΤΙΚΗΣ","ΙΚΕ","2025","","","ΥΠΗΡΕΣΙΕΣ ΕΝΟΙΚΙΑΣΗΣ ΠΛΟΙΩΝ ΨΥΧΑΓΩΓΙΑΣ (ΚΟΤΕΡΩΝ, ΘΑΛΑΜΗΓΩΝ, ΒΕΝΖΙΝΑΚΑΤΩΝ ΚΛΠ), ΧΩΡΙΣ ΠΛΗΡΩΜΑ","189479701000","803102073","gmail.com"
"CARETTA CROUIZER ΙΔΙΩΤΙΚΗ ΚΕΦΑΛΑΙΟΥΧΙΚΗ ΕΤΑΙΡΕΙΑ","A","free-mail","padragonas@yahoo.gr","6976000124","ΠΕΙΡΑΙΩΣ / ΠΕΙΡΑΙΩΣ","ΑΤΤΙΚΗΣ","ΙΚΕ","2025","","","ΥΠΗΡΕΣΙΕΣ ΕΝΟΙΚΙΑΣΗΣ ΕΠΑΓΓΕΛΜΑΤΙΚΟΥ ΤΟΥΡΙΣΤΙΚΟΥ ΣΚΑΦΟΥΣ ΜΕ ΠΛΗΡΩΜΑ","185448507000","802924636","yahoo.gr"
"CARPE DIEM YACHTS Ι.Κ.Ε.","A","free-mail","annyb@otenet.gr","2661039716","ΚΕΝΤΡΙΚΗΣ ΚΕΡΚΥΡΑΣ ΚΑΙ ΔΙΑΠΟΝΤΙΩΝ ΝΗΣΩΝ / ΚΕΡΚΥΡΑΣ","ΚΕΡΚΥΡΑΣ","ΙΚΕ","2021","","","ΥΠΗΡΕΣΙΕΣ ΕΝΟΙΚΙΑΣΗΣ ΠΛΟΙΩΝ ΨΥΧΑΓΩΓΙΑΣ (ΚΟΤΕΡΩΝ, ΘΑΛΑΜΗΓΩΝ, ΒΕΝΖΙΝΑΚΑΤΩΝ ΚΛΠ), ΧΩΡΙΣ ΠΛΗΡΩΜΑ","158525733000","801526581","otenet.gr"
"Cataleya Yacht Center ΜΟΝΟΠΡΟΣΩΠΗ Ε.Π.Ε.","A","free-mail","northsailing2015@gmail.com","","ΝΕΣΤΟΥ / ΚΑΒΑΛΑΣ","ΚΑΒΑΛΑΣ","Υποκατάστημα Αλλοδαπής","2019","","","ΥΠΗΡΕΣΙΕΣ ΕΝΟΙΚΙΑΣΗΣ ΠΛΟΙΩΝ ΨΥΧΑΓΩΓΙΑΣ (ΚΟΤΕΡΩΝ, ΘΑΛΑΜΗΓΩΝ, ΒΕΝΖΙΝΑΚΑΤΩΝ ΚΛΠ), ΧΩΡΙΣ ΠΛΗΡΩΜΑ","151186530001","996868477","gmail.com"
"CCC OLYMPIC ΜΟΝΟΠΡΟΣΩΠΗ Ι.Κ.Ε.","A","free-mail","sachasnl@gmail.com","6972722425","ΓΛΥΦΑΔΑΣ / ΝΟΤΙΟΥ ΤΟΜΕΑ ΑΘΗΝΩΝ","ΑΤΤΙΚΗΣ","ΙΚΕ","2024","","","ΥΠΗΡΕΣΙΕΣ ΕΝΟΙΚΙΑΣΗΣ ΠΛΟΙΩΝ ΨΥΧΑΓΩΓΙΑΣ (ΚΟΤΕΡΩΝ, ΘΑΛΑΜΗΓΩΝ, ΒΕΝΖΙΝΑΚΑΤΩΝ ΚΛΠ), ΧΩΡΙΣ ΠΛΗΡΩΜΑ","181151401000","802698390","gmail.com"
"CENTRALEASE LIMITED HELLAS","A","free-mail","legal.sosyachtingr@gmail.com","6942980619","ΠΕΙΡΑΙΩΣ / ΠΕΙΡΑΙΩΣ","ΑΤΤΙΚΗΣ","Υποκατάστημα Αλλοδαπής","2021","","","ΥΠΗΡΕΣΙΕΣ ΕΝΟΙΚΙΑΣΗΣ ΠΛΟΙΩΝ ΨΥΧΑΓΩΓΙΑΣ (ΚΟΤΕΡΩΝ, ΘΑΛΑΜΗΓΩΝ, ΒΕΝΖΙΝΑΚΑΤΩΝ ΚΛΠ) ΜΕ ΠΛΗΡΩΜΑ","159835407001","996737489","gmail.com"
"CF Invest Greek Branch","A","free-mail","marketg@otenet.gr","2104286267","ΜΑΝΔΡΑΣ - ΕΙΔΥΛΛΙΑΣ / ΔΥΤΙΚΗΣ ΑΤΤΙΚΗΣ","ΑΤΤΙΚΗΣ","Υποκατάστημα Αλλοδαπής","2020","","","ΥΠΗΡΕΣΙΕΣ ΕΝΟΙΚΙΑΣΗΣ ΕΠΑΓΓΕΛΜΑΤΙΚΟΥ ΤΟΥΡΙΣΤΙΚΟΥ ΣΚΑΦΟΥΣ ΜΕ ΠΛΗΡΩΜΑ","154477307001","996793912","otenet.gr"
"CHANIA BALOS CRUISES Ο.Ε.","A","free-mail","euaggelia.tziavara@gmail.com","2821059966","ΧΑΝΙΩΝ / ΧΑΝΙΩΝ","ΧΑΝΙΩΝ","ΟΕ","2024","","","ΥΠΗΡΕΣΙΕΣ ΕΝΟΙΚΙΑΣΗΣ ΣΚΑΦΩΝ ΘΑΛΑΣΣΙΑΣ ΚΑΙ ΑΚΤΟΠΛΟΪΚΗΣ ΜΕΤΑΦΟΡΑΣ ΕΠΙΒΑΤΩΝ ΜΕ ΧΕΙΡΙΣΤΗ","174771558000","802348167","gmail.com"
"CHATZIS I D Ε.Ε.","A","free-mail","hatzisjim92@gmail.com","6944682581","ΠΑΞΩΝ / ΚΕΡΚΥΡΑΣ","ΚΕΡΚΥΡΑΣ","ΕΕ","2023","","","ΥΠΗΡΕΣΙΕΣ ΕΝΟΙΚΙΑΣΗΣ ΤΟΥΡΙΣΤΙΚΟΥ ΣΚΑΦΟΥΣ, ΧΩΡΙΣ ΠΛΗΡΩΜΑ","168937533000","802051095","gmail.com"
"CHRIS.SG ΜΟΝΟΠΡΟΣΩΠΗ Ι.Κ.Ε.","A","free-mail","xristossgourdos@yahoo.gr","2610315408","ΑΙΓΙΑΛΕΙΑΣ / ΑΧΑΙΑΣ","ΑΧΑΙΑΣ","ΙΚΕ","2023","","","ΥΠΗΡΕΣΙΕΣ ΕΝΟΙΚΙΑΣΗΣ ΤΟΥΡΙΣΤΙΚΟΥ ΣΚΑΦΟΥΣ, ΧΩΡΙΣ ΠΛΗΡΩΜΑ","170022616000","802104321","yahoo.gr"
"CIOFFI LUCIANA","A","free-mail","aravanistakis1@gmail.com","2645024072","ΛΕΥΚΑΔΑΣ / ΛΕΥΚΑΔΑΣ","ΛΕΥΚΑΔΑΣ","ΑΤΟΜΙΚΗ","","","","ΥΠΗΡΕΣΙΕΣ ΕΝΟΙΚΙΑΣΗΣ ΤΟΥΡΙΣΤΙΚΟΥ ΣΚΑΦΟΥΣ, ΧΩΡΙΣ ΠΛΗΡΩΜΑ","149065043000","170864892","gmail.com"
"CITY SEA TRANSFER Ι.Κ.Ε.","A","free-mail","xrhstos99takos@gmail.com","6981721586","ΚΩ / ΚΩ","ΔΩΔΕΚΑΝΗΣΟΥ","ΙΚΕ","2026","","","ΥΠΗΡΕΣΙΕΣ ΕΝΟΙΚΙΑΣΗΣ ΣΚΑΦΩΝ ΘΑΛΑΣΣΙΑΣ ΚΑΙ ΑΚΤΟΠΛΟΪΚΗΣ ΜΕΤΑΦΟΡΑΣ ΕΠΙΒΑΤΩΝ ΜΕ ΧΕΙΡΙΣΤΗ","191592120000","803185925","gmail.com"
"ComiTravel ΜΟΝΟΠΡΟΣΩΠΗ Ι.Κ.Ε.","A","free-mail","smaniomichela@gmail.com","6946097617","ΒΟΛΟΥ / ΜΑΓΝΗΣΙΑΣ","ΜΑΓΝΗΣΙΑΣ","ΙΚΕ","2024","","","ΥΠΗΡΕΣΙΕΣ ΕΝΟΙΚΙΑΣΗΣ ΤΟΥΡΙΣΤΙΚΟΥ ΣΚΑΦΟΥΣ, ΧΩΡΙΣ ΠΛΗΡΩΜΑ","179152944000","802589203","gmail.com"
"CONA YACHTING ΜΟΝΟΠΡΟΣΩΠΗ Ι.Κ.Ε.","A","free-mail","kotsoym@gmail.com","6942888051","ΓΛΥΦΑΔΑΣ / ΝΟΤΙΟΥ ΤΟΜΕΑ ΑΘΗΝΩΝ","ΑΤΤΙΚΗΣ","ΙΚΕ","2025","","","ΥΠΗΡΕΣΙΕΣ ΕΝΟΙΚΙΑΣΗΣ ΠΛΟΙΩΝ ΨΥΧΑΓΩΓΙΑΣ (ΚΟΤΕΡΩΝ, ΘΑΛΑΜΗΓΩΝ, ΒΕΝΖΙΝΑΚΑΤΩΝ ΚΛΠ) ΜΕ ΠΛΗΡΩΜΑ","183608403000","802833425","gmail.com"
"COOL BLUE PROPERTIES LIMITED","A","free-mail","e.tsouvelekaki@gmail.com","2102703513","","ΑΤΤΙΚΗΣ","Υποκατάστημα Αλλοδαπής","2016","","","ΥΠΗΡΕΣΙΕΣ ΕΝΟΙΚΙΑΣΗΣ ΕΠΑΓΓΕΛΜΑΤΙΚΟΥ ΤΟΥΡΙΣΤΙΚΟΥ ΣΚΑΦΟΥΣ ΜΕ ΠΛΗΡΩΜΑ","138299701001","997122512","gmail.com"
"CORFU SEA & BOAT SERVICES ΜΟΝΟΠΡΟΣΩΠΗ ΙΚΕ","A","free-mail","giorgakis.print@gmail.com","6944521632","ΚΕΝΤΡΙΚΗΣ ΚΕΡΚΥΡΑΣ ΚΑΙ ΔΙΑΠΟΝΤΙΩΝ ΝΗΣΩΝ / ΚΕΡΚΥΡΑΣ","ΚΕΡΚΥΡΑΣ","ΙΚΕ","2018","","","ΥΠΗΡΕΣΙΕΣ ΣΚΑΦΩΝ ΕΚΔΡΟΜΩΝ ΚΑΙ ΠΕΡΙΗΓΗΣΕΩΝ ΘΑΛΑΣΣΑΣ","145281533000","800934923","gmail.com"
"CORFU SEA TRIPS Ο.Ε.","A","free-mail","chalikiasdimitris@gmail.com","6944382785","ΚΕΝΤΡΙΚΗΣ ΚΕΡΚΥΡΑΣ ΚΑΙ ΔΙΑΠΟΝΤΙΩΝ ΝΗΣΩΝ / ΚΕΡΚΥΡΑΣ","ΚΕΡΚΥΡΑΣ","ΟΕ","2024","","","ΥΠΗΡΕΣΙΕΣ ΣΚΑΦΩΝ ΕΚΔΡΟΜΩΝ ΚΑΙ ΠΕΡΙΗΓΗΣΕΩΝ ΘΑΛΑΣΣΑΣ","174992033000","802360341","gmail.com"
"CORSARO INTERNATIONAL YACHTING ΜΟΝΟΠΡΟΣΩΠΗ Ι.Κ.Ε.","A","free-mail","yachtscorsaro@gmail.com","6982166567","ΝΕΑΣ ΦΙΛΑΔΕΛΦΕΙΑΣ - ΝΕΑΣ ΧΑΛΚΗΔΟΝΑΣ / ΚΕΝΤΡΙΚΟΥ ΤΟΜΕΑ ΑΘΗΝΩΝ","ΑΤΤΙΚΗΣ","ΙΚΕ","2021","","","ΥΠΗΡΕΣΙΕΣ ΕΝΟΙΚΙΑΣΗΣ ΠΛΟΙΩΝ ΨΥΧΑΓΩΓΙΑΣ (ΚΟΤΕΡΩΝ, ΘΑΛΑΜΗΓΩΝ, ΒΕΝΖΙΝΑΚΑΤΩΝ ΚΛΠ) ΜΕ ΠΛΗΡΩΜΑ","160980103000","801658276","gmail.com"
"CORSETTI MASSIMO","A","free-mail","kalathenos@otenet.gr","6944988282","ΡΟΔΟΥ / ΡΟΔΟΥ","ΔΩΔΕΚΑΝΗΣΟΥ","ΑΤΟΜΙΚΗ","2026","","","ΥΠΗΡΕΣΙΕΣ ΣΚΑΦΩΝ ΕΚΔΡΟΜΩΝ ΚΑΙ ΠΕΡΙΗΓΗΣΕΩΝ ΘΑΛΑΣΣΑΣ","192374220000","202184820","otenet.gr"
"CORVUS MARITIME Ανώνυμη Ναυτιλιακή Εταιρία","A","free-mail","tkaralis@otenet.gr","2105319843","ΑΘΗΝΑΙΩΝ / ΚΕΝΤΡΙΚΟΥ ΤΟΜΕΑ ΑΘΗΝΩΝ","ΑΤΤΙΚΗΣ","ΑΕ","2002","","","ΥΠΗΡΕΣΙΕΣ ΕΝΟΙΚΙΑΣΗΣ ΕΠΑΓΓΕΛΜΑΤΙΚΟΥ ΤΟΥΡΙΣΤΙΚΟΥ ΣΚΑΦΟΥΣ ΜΕ ΠΛΗΡΩΜΑ","130672201000","999903256","otenet.gr"
"CRAZY SPEED BOATS Ο.Ε.","A","free-mail","kalliopiko@yahoo.gr","6974806879","ΚΕΝΤΡΙΚΗΣ ΚΕΡΚΥΡΑΣ ΚΑΙ ΔΙΑΠΟΝΤΙΩΝ ΝΗΣΩΝ / ΚΕΡΚΥΡΑΣ","ΚΕΡΚΥΡΑΣ","ΟΕ","2023","","","ΥΠΗΡΕΣΙΕΣ ΣΚΑΦΩΝ ΕΚΔΡΟΜΩΝ ΚΑΙ ΠΕΡΙΗΓΗΣΕΩΝ ΘΑΛΑΣΣΑΣ","167983933000","802004229","yahoo.gr"
"CRETAN TRAVEL YACHTS Ι.Κ.Ε.","A","free-mail","pmarmaras@outlook.com","2109641111","ΗΡΑΚΛΕΙΟΥ / ΗΡΑΚΛΕΙΟΥ","ΗΡΑΚΛΕΙΟΥ","ΙΚΕ","2025","","","ΥΠΗΡΕΣΙΕΣ ΕΝΟΙΚΙΑΣΗΣ ΕΠΑΓΓΕΛΜΑΤΙΚΟΥ ΤΟΥΡΙΣΤΙΚΟΥ ΣΚΑΦΟΥΣ ΜΕ ΠΛΗΡΩΜΑ","184496827000","802879280","outlook.com"
"CRISNA CRUISES Ι.Κ.Ε.","A","free-mail","dryachting1@yahoo.gr","2104286267","ΑΛΕΞΑΝΔΡΟΥΠΟΛΗΣ / ΕΒΡΟΥ","ΕΒΡΟΥ","ΙΚΕ","2020","","","ΥΠΗΡΕΣΙΕΣ ΕΝΟΙΚΙΑΣΗΣ ΤΟΥΡΙΣΤΙΚΟΥ ΣΚΑΦΟΥΣ, ΧΩΡΙΣ ΠΛΗΡΩΜΑ","157619121000","801475908","yahoo.gr"
"CRYSTAL AEGEAN ΜΟΝΟΠΡΟΣΩΠΗ Ι.Κ.Ε.","A","free-mail","johnmarkac@hotmail.com","2168081505","ΠΑΠΑΓΟΥ - ΧΟΛΑΡΓΟΥ / ΒΟΡΕΙΟΥ ΤΟΜΕΑ ΑΘΗΝΩΝ","ΑΤΤΙΚΗΣ","ΙΚΕ","2026","","","ΥΠΗΡΕΣΙΕΣ ΕΝΟΙΚΙΑΣΗΣ ΠΛΟΙΩΝ ΨΥΧΑΓΩΓΙΑΣ (ΚΟΤΕΡΩΝ, ΘΑΛΑΜΗΓΩΝ, ΒΕΝΖΙΝΑΚΑΤΩΝ ΚΛΠ), ΧΩΡΙΣ ΠΛΗΡΩΜΑ","190846901000","803154358","hotmail.com"
"CYCLADES CHARTERS Ε.Ε.","A","free-mail","pamarketoss@gmail.com","6980664927","ΠΑΡΟΥ / ΠΑΡΟΥ","ΚΥΚΛΑΔΩΝ","ΕΕ","2023","","","ΥΠΗΡΕΣΙΕΣ ΕΝΟΙΚΙΑΣΗΣ ΠΛΟΙΩΝ ΨΥΧΑΓΩΓΙΑΣ (ΚΟΤΕΡΩΝ, ΘΑΛΑΜΗΓΩΝ, ΒΕΝΖΙΝΑΚΑΤΩΝ ΚΛΠ), ΧΩΡΙΣ ΠΛΗΡΩΜΑ","173739138000","802290672","gmail.com"
"CYMA SAILS Ε.Ε.","A","free-mail","madalenios@gmail.com","6957591628","ΗΡΑΚΛΕΙΟΥ / ΗΡΑΚΛΕΙΟΥ","ΗΡΑΚΛΕΙΟΥ","ΕΕ","2024","","","ΥΠΗΡΕΣΙΕΣ ΣΚΑΦΩΝ ΕΚΔΡΟΜΩΝ ΚΑΙ ΠΕΡΙΗΓΗΣΕΩΝ ΘΑΛΑΣΣΑΣ","180808927000","802680441","gmail.com"
"CYPRAIOS MARITIME ΚΟΙΝΟΠΡΑΞΙΑ","A","free-mail","e.cypreou@gmail.com","2242026505","ΚΩ / ΚΩ","ΔΩΔΕΚΑΝΗΣΟΥ","Κοινοπραξία","2025","","","ΥΠΗΡΕΣΙΕΣ ΣΚΑΦΩΝ ΕΚΔΡΟΜΩΝ ΚΑΙ ΠΕΡΙΗΓΗΣΕΩΝ ΘΑΛΑΣΣΑΣ","184628120000","802885944","gmail.com"
"D PICHLER & ΣΙΑ Ο.Ε.","A","free-mail","asonitisoffice@yahoo.gr","2661032425","ΚΕΝΤΡΙΚΗΣ ΚΕΡΚΥΡΑΣ ΚΑΙ ΔΙΑΠΟΝΤΙΩΝ ΝΗΣΩΝ / ΚΕΡΚΥΡΑΣ","ΚΕΡΚΥΡΑΣ","ΟΕ","2021","","","ΥΠΗΡΕΣΙΕΣ ΕΝΟΙΚΙΑΣΗΣ ΠΛΟΙΩΝ ΨΥΧΑΓΩΓΙΑΣ (ΚΟΤΕΡΩΝ, ΘΑΛΑΜΗΓΩΝ, ΒΕΝΖΙΝΑΚΑΤΩΝ ΚΛΠ), ΧΩΡΙΣ ΠΛΗΡΩΜΑ","160975433000","801658092","yahoo.gr"
"D.KECHAGIAS COMPANY ΜΟΝΟΠΡΟΣΩΠΗ Α.Ε.","A","free-mail","dkvehiclecompany@gmail.com","6978084528","ΑΓΙΟΥ ΔΗΜΗΤΡΙΟΥ / ΝΟΤΙΟΥ ΤΟΜΕΑ ΑΘΗΝΩΝ","ΑΤΤΙΚΗΣ","ΑΕ","2022","","","ΥΠΗΡΕΣΙΕΣ ΕΝΟΙΚΙΑΣΗΣ ΤΟΥΡΙΣΤΙΚΟΥ ΣΚΑΦΟΥΣ, ΧΩΡΙΣ ΠΛΗΡΩΜΑ","165435501000","801900223","gmail.com"
"DARE DEVIL Ι.Κ.Ε.","A","free-mail","glufadawatersports@gmail.com","6947880908","ΚΕΝΤΡΙΚΗΣ ΚΕΡΚΥΡΑΣ ΚΑΙ ΔΙΑΠΟΝΤΙΩΝ ΝΗΣΩΝ / ΚΕΡΚΥΡΑΣ","ΚΕΡΚΥΡΑΣ","ΙΚΕ","2024","","","ΥΠΗΡΕΣΙΕΣ ΣΚΑΦΩΝ ΕΚΔΡΟΜΩΝ ΚΑΙ ΠΕΡΙΗΓΗΣΕΩΝ ΘΑΛΑΣΣΑΣ","175976433000","802417313","gmail.com"
"DATOS SEZC  ΥΠΟΚΑΤΑΣΤΗΜΑ ΑΛΛΟΔΑΠΗΣ","A","free-mail","fnmarineconsultants@gmail.com","2104297430","ΚΑΛΛΙΘΕΑΣ / ΝΟΤΙΟΥ ΤΟΜΕΑ ΑΘΗΝΩΝ","ΑΤΤΙΚΗΣ","Υποκατάστημα Αλλοδαπής","2025","","","ΥΠΗΡΕΣΙΕΣ ΕΝΟΙΚΙΑΣΗΣ ΤΟΥΡΙΣΤΙΚΟΥ ΣΚΑΦΟΥΣ, ΧΩΡΙΣ ΠΛΗΡΩΜΑ","189633901001","899962136","gmail.com"
"DaVinci Boat Charters ΜΟΝΟΠΡΟΣΩΠΗ Ι.Κ.Ε.","A","free-mail","cpagalidis@gmail.com","6948200499","ΦΙΛΟΘΕΗΣ - ΨΥΧΙΚΟΥ / ΒΟΡΕΙΟΥ ΤΟΜΕΑ ΑΘΗΝΩΝ","ΑΤΤΙΚΗΣ","ΙΚΕ","2024","","","ΥΠΗΡΕΣΙΕΣ ΕΝΟΙΚΙΑΣΗΣ ΤΟΥΡΙΣΤΙΚΟΥ ΣΚΑΦΟΥΣ, ΧΩΡΙΣ ΠΛΗΡΩΜΑ","180306701000","802654134","gmail.com"
"DAY ONE ΙΔΙΩΤΙΚΗ ΚΕΦΑΛΑΙΟΥΧΙΚΗ ΕΤΑΙΡΙΑ","A","free-mail","tsakthomas@gmail.com","2111171542","ΛΕΥΚΑΔΑΣ / ΛΕΥΚΑΔΑΣ","ΛΕΥΚΑΔΑΣ","ΙΚΕ","2020","","","ΥΠΗΡΕΣΙΕΣ ΕΝΟΙΚΙΑΣΗΣ ΤΟΥΡΙΣΤΙΚΟΥ ΣΚΑΦΟΥΣ, ΧΩΡΙΣ ΠΛΗΡΩΜΑ","154048043000","801308159","gmail.com"
"DEEP BLUE HORIZON ΟΜΟΡΡΥΘΜΗ ΕΤΑΙΡΕΙΑ","A","free-mail","fantasiayachting@hotmail.com","2810214664","ΗΡΑΚΛΕΙΟΥ / ΗΡΑΚΛΕΙΟΥ","ΗΡΑΚΛΕΙΟΥ","ΟΕ","2019","","","ΥΠΗΡΕΣΙΕΣ ΕΝΟΙΚΙΑΣΗΣ ΕΠΑΓΓΕΛΜΑΤΙΚΟΥ ΤΟΥΡΙΣΤΙΚΟΥ ΣΚΑΦΟΥΣ ΜΕ ΠΛΗΡΩΜΑ","152992627000","801263082","hotmail.com"
"DELENDA CONSULTING ΜΟΝΟΠΡΟΣΩΠΗ Ι.Κ.Ε.","A","free-mail","tsarou84@gmail.com","6977706617","ΑΛΙΜΟΥ / ΝΟΤΙΟΥ ΤΟΜΕΑ ΑΘΗΝΩΝ","ΑΤΤΙΚΗΣ","ΙΚΕ","2021","","","ΥΠΗΡΕΣΙΕΣ ΕΝΟΙΚΙΑΣΗΣ ΤΟΥΡΙΣΤΙΚΟΥ ΣΚΑΦΟΥΣ, ΧΩΡΙΣ ΠΛΗΡΩΜΑ","159453601000","801576965","gmail.com"
"DIM & JORDAN'S COMPANY Ε.Ε.","A","free-mail","cg.info.cg@gmail.com","2310269379","ΘΕΣΣΑΛΟΝΙΚΗΣ / ΘΕΣΣΑΛΟΝΙΚΗΣ","ΘΕΣΣΑΛΟΝΙΚΗΣ","ΕΕ","2024","","","ΥΠΗΡΕΣΙΕΣ ΕΝΟΙΚΙΑΣΗΣ ΕΠΑΓΓΕΛΜΑΤΙΚΟΥ ΤΟΥΡΙΣΤΙΚΟΥ ΣΚΑΦΟΥΣ ΜΕ ΠΛΗΡΩΜΑ","177509506000","802498803","gmail.com"
"DISNEY CRUISES Ε.Ε.","A","free-mail","tsourtis@otenet.gr","2108251873","ΜΑΡΑΘΩΝΟΣ / ΑΝΑΤΟΛΙΚΗΣ ΑΤΤΙΚΗΣ","ΑΤΤΙΚΗΣ","ΕΕ","2026","","","ΥΠΗΡΕΣΙΕΣ ΣΚΑΦΩΝ ΕΚΔΡΟΜΩΝ ΚΑΙ ΠΕΡΙΗΓΗΣΕΩΝ ΘΑΛΑΣΣΑΣ","193765103000","803283709","otenet.gr"
"DIVERSO PLATAMON MARINE  Ι.Κ.Ε.","A","free-mail","diversomarine@gmail.com","2310510320","ΔΕΛΤΑ / ΘΕΣΣΑΛΟΝΙΚΗΣ","ΘΕΣΣΑΛΟΝΙΚΗΣ","ΙΚΕ","2022","","","ΥΠΗΡΕΣΙΕΣ ΕΝΟΙΚΙΑΣΗΣ ΕΠΑΓΓΕΛΜΑΤΙΚΟΥ ΤΟΥΡΙΣΤΙΚΟΥ ΣΚΑΦΟΥΣ ΜΕ ΠΛΗΡΩΜΑ","162752006000","801756048","gmail.com"
"DIVINE MARINE Ι.Κ.Ε.","A","free-mail","divinepelagos@gmail.com","2109484120","ΦΙΛΟΘΕΗΣ - ΨΥΧΙΚΟΥ / ΒΟΡΕΙΟΥ ΤΟΜΕΑ ΑΘΗΝΩΝ","ΑΤΤΙΚΗΣ","ΙΚΕ","2025","","","ΥΠΗΡΕΣΙΕΣ ΕΝΟΙΚΙΑΣΗΣ ΕΠΑΓΓΕΛΜΑΤΙΚΟΥ ΤΟΥΡΙΣΤΙΚΟΥ ΣΚΑΦΟΥΣ ΜΕ ΠΛΗΡΩΜΑ","182127703000","802752791","gmail.com"
"DP SAILING MEMORIES Ο.Ε.","A","free-mail","danaiag1988@gmail.com","","ΚΕΝΤΡΙΚΗΣ ΚΕΡΚΥΡΑΣ ΚΑΙ ΔΙΑΠΟΝΤΙΩΝ ΝΗΣΩΝ / ΚΕΡΚΥΡΑΣ","ΚΕΡΚΥΡΑΣ","ΟΕ","2022","","","ΥΠΗΡΕΣΙΕΣ ΕΝΟΙΚΙΑΣΗΣ ΤΟΥΡΙΣΤΙΚΟΥ ΣΚΑΦΟΥΣ, ΧΩΡΙΣ ΠΛΗΡΩΜΑ","167479733000","801978874","gmail.com"
"DREAM HOLIDAY YACHTS Ι.Κ.Ε.","A","free-mail","dreamholidayyachts@gmail.com","6948303321","ΑΘΗΝΑΙΩΝ / ΚΕΝΤΡΙΚΟΥ ΤΟΜΕΑ ΑΘΗΝΩΝ","ΑΤΤΙΚΗΣ","ΙΚΕ","2023","","","ΥΠΗΡΕΣΙΕΣ ΕΝΟΙΚΙΑΣΗΣ ΤΟΥΡΙΣΤΙΚΟΥ ΣΚΑΦΟΥΣ, ΧΩΡΙΣ ΠΛΗΡΩΜΑ","171010401000","802152552","gmail.com"
"DREAMING BLUE Ι.Κ.Ε.","A","free-mail","nikolask11@gmail.com","6973094568","ΚΕΝΤΡΙΚΗΣ ΚΕΡΚΥΡΑΣ ΚΑΙ ΔΙΑΠΟΝΤΙΩΝ ΝΗΣΩΝ / ΚΕΡΚΥΡΑΣ","ΚΕΡΚΥΡΑΣ","ΙΚΕ","2024","","","ΥΠΗΡΕΣΙΕΣ ΕΝΟΙΚΙΑΣΗΣ ΤΟΥΡΙΣΤΙΚΟΥ ΣΚΑΦΟΥΣ, ΧΩΡΙΣ ΠΛΗΡΩΜΑ","180158033000","802646029","gmail.com"
"DUFOUR 48 HAWAII 50 Ι.Κ.Ε.","A","free-mail","christos.georgopoulos@gmail.com","6944634286","ΧΑΛΑΝΔΡΙΟΥ / ΒΟΡΕΙΟΥ ΤΟΜΕΑ ΑΘΗΝΩΝ","ΑΤΤΙΚΗΣ","ΙΚΕ","2023","","","ΥΠΗΡΕΣΙΕΣ ΕΝΟΙΚΙΑΣΗΣ ΤΟΥΡΙΣΤΙΚΟΥ ΣΚΑΦΟΥΣ, ΧΩΡΙΣ ΠΛΗΡΩΜΑ","173727503000","802290094","gmail.com"
"EASY YACHTING & MANAGEMENT ΑΝΩΝΥΜΗ ΝΑΥΤΙΛΙΑΚΗ ΕΤΑΙΡΕΙΑ","A","free-mail","anaptyxi@otenet.gr","2109853088","ΠΑΛΑΙΟΥ ΦΑΛΗΡΟΥ / ΝΟΤΙΟΥ ΤΟΜΕΑ ΑΘΗΝΩΝ","ΑΤΤΙΚΗΣ","ΑΕ","1999","","","ΥΠΗΡΕΣΙΕΣ ΕΝΟΙΚΙΑΣΗΣ ΤΟΥΡΙΣΤΙΚΟΥ ΣΚΑΦΟΥΣ, ΧΩΡΙΣ ΠΛΗΡΩΜΑ","131057501000","094549730","otenet.gr"
"ED DESIGN STUDIO AZZURRO LTD ΥΠΟΚΑΤΑΣΤΗΜΑ ΑΛΛΟΔΑΠΗΣ","A","free-mail","forotechnicathalassinou@yahoo.gr","2109854462","ΛΑΥΡΕΩΤΙΚΗΣ / ΑΝΑΤΟΛΙΚΗΣ ΑΤΤΙΚΗΣ","ΑΤΤΙΚΗΣ","Υποκατάστημα Αλλοδαπής","2023","","","ΥΠΗΡΕΣΙΕΣ ΕΝΟΙΚΙΑΣΗΣ ΤΟΥΡΙΣΤΙΚΟΥ ΣΚΑΦΟΥΣ, ΧΩΡΙΣ ΠΛΗΡΩΜΑ","168670101001","996587667","yahoo.gr"
"EGNATIA SAILING Ι.Κ.Ε.","A","free-mail","egnatiasailing@gmail.com","6937544547","ΚΑΒΑΛΑΣ / ΚΑΒΑΛΑΣ","ΚΑΒΑΛΑΣ","ΙΚΕ","2025","","","ΥΠΗΡΕΣΙΕΣ ΕΝΟΙΚΙΑΣΗΣ ΤΟΥΡΙΣΤΙΚΟΥ ΣΚΑΦΟΥΣ, ΧΩΡΙΣ ΠΛΗΡΩΜΑ","183983730000","802852913","gmail.com"
"ElenAtha Ι.Κ.Ε.","A","free-mail","tstavrakis@gmail.com","2310332154","ΠΥΛΑΙΑΣ-ΧΟΡΤΙΑΤΗ / ΘΕΣΣΑΛΟΝΙΚΗΣ","ΘΕΣΣΑΛΟΝΙΚΗΣ","ΙΚΕ","2024","","","ΥΠΗΡΕΣΙΕΣ ΕΝΟΙΚΙΑΣΗΣ ΤΟΥΡΙΣΤΙΚΟΥ ΣΚΑΦΟΥΣ, ΧΩΡΙΣ ΠΛΗΡΩΜΑ","180850406000","802682711","gmail.com"
"ELMAR ΑΝΑΦΗ ΜΟΝΟΠΡΟΣΩΠΗ Ι.Κ.Ε.","A","free-mail","chalarian@gmail.com","2109950432","ΑΝΑΦΗΣ / ΘΗΡΑΣ","ΚΥΚΛΑΔΩΝ","ΙΚΕ","2023","","","ΥΠΗΡΕΣΙΕΣ ΕΝΟΙΚΙΑΣΗΣ ΤΟΥΡΙΣΤΙΚΟΥ ΣΚΑΦΟΥΣ, ΧΩΡΙΣ ΠΛΗΡΩΜΑ","172415538000","802221617","gmail.com"
"ELOUNDA MARE NOSTRUM BOAT RENTALS Ε.Ε.","A","free-mail","marenostrumelounda@gmail.com","6976903600","ΑΓΙΟΥ ΝΙΚΟΛΑΟΥ / ΛΑΣΙΘΙΟΥ","ΛΑΣΙΘΙΟΥ","ΕΕ","2025","","","ΥΠΗΡΕΣΙΕΣ ΣΚΑΦΩΝ ΕΚΔΡΟΜΩΝ ΚΑΙ ΠΕΡΙΗΓΗΣΕΩΝ ΘΑΛΑΣΣΑΣ","185461641000","802925239","gmail.com"
"ENJOY SUN TIME Ιδιωτική Κεφαλαιουχική Εταιρεία","A","free-mail","machri33@yahoo.com","2107212988","ΠΕΙΡΑΙΩΣ / ΠΕΙΡΑΙΩΣ","ΑΤΤΙΚΗΣ","ΙΚΕ","2016","","","ΥΠΗΡΕΣΙΕΣ ΕΝΟΙΚΙΑΣΗΣ ΤΟΥΡΙΣΤΙΚΟΥ ΣΚΑΦΟΥΣ, ΧΩΡΙΣ ΠΛΗΡΩΜΑ","140791109000","800783587","yahoo.com"
"EPICURE NAYTIKH ΜΟΝΟΠΡΟΣΩΠΗ Ι.Κ.Ε.","A","free-mail","evakontogeorgiou@gmail.com","6932228360","ΑΘΗΝΑΙΩΝ / ΚΕΝΤΡΙΚΟΥ ΤΟΜΕΑ ΑΘΗΝΩΝ","ΑΤΤΙΚΗΣ","ΙΚΕ","2026","","","ΥΠΗΡΕΣΙΕΣ ΕΝΟΙΚΙΑΣΗΣ ΤΟΥΡΙΣΤΙΚΟΥ ΣΚΑΦΟΥΣ, ΧΩΡΙΣ ΠΛΗΡΩΜΑ","195067001000","803347654","gmail.com"
"ETHOS PRIME CHARTERS Ε.Ε.","A","free-mail","georgekourkor02@gmail.com","6940564564","ΣΑΡΩΝΙΚΟΥ / ΑΝΑΤΟΛΙΚΗΣ ΑΤΤΙΚΗΣ","ΑΤΤΙΚΗΣ","ΕΕ","2026","","","ΥΠΗΡΕΣΙΕΣ ΕΝΟΙΚΙΑΣΗΣ ΤΟΥΡΙΣΤΙΚΟΥ ΣΚΑΦΟΥΣ, ΧΩΡΙΣ ΠΛΗΡΩΜΑ","191247401000","803171054","gmail.com"
"EVELMARE Ε.Ε.","A","free-mail","evelmare2023@gmail.com","6942221071","ΚΕΝΤΡΙΚΗΣ ΚΕΡΚΥΡΑΣ ΚΑΙ ΔΙΑΠΟΝΤΙΩΝ ΝΗΣΩΝ / ΚΕΡΚΥΡΑΣ","ΚΕΡΚΥΡΑΣ","ΕΕ","2023","","","ΥΠΗΡΕΣΙΕΣ ΕΝΟΙΚΙΑΣΗΣ ΤΟΥΡΙΣΤΙΚΟΥ ΣΚΑΦΟΥΣ, ΧΩΡΙΣ ΠΛΗΡΩΜΑ","169247633000","802065690","gmail.com"
"Exclusive Blue Ε.Ε.","A","free-mail","voikonomidis1@gmail.com","6947947496","ΓΛΥΦΑΔΑΣ / ΝΟΤΙΟΥ ΤΟΜΕΑ ΑΘΗΝΩΝ","ΑΤΤΙΚΗΣ","ΕΕ","2025","","","ΥΠΗΡΕΣΙΕΣ ΣΚΑΦΩΝ ΕΚΔΡΟΜΩΝ ΚΑΙ ΠΕΡΙΗΓΗΣΕΩΝ ΘΑΛΑΣΣΑΣ","181446201000","802715304","gmail.com"
"EXCLUSIVE EXPLORE CRETE Ι.Κ.Ε.","A","free-mail","thomasjeudy@gmail.com","003249190930","ΑΠΟΚΟΡΩΝΟΥ / ΧΑΝΙΩΝ","ΧΑΝΙΩΝ","ΙΚΕ","2025","","","ΥΠΗΡΕΣΙΕΣ ΕΝΟΙΚΙΑΣΗΣ ΤΟΥΡΙΣΤΙΚΟΥ ΣΚΑΦΟΥΣ, ΧΩΡΙΣ ΠΛΗΡΩΜΑ","189133558000","803088719","gmail.com"
"EXCLUSIVE HORIZON EXPERIENCES Ε.Ε.","A","free-mail","argiros_john@yahoo.gr","6949968472","ΑΧΑΡΝΩΝ / ΑΝΑΤΟΛΙΚΗΣ ΑΤΤΙΚΗΣ","ΑΤΤΙΚΗΣ","ΕΕ","2025","","","ΥΠΗΡΕΣΙΕΣ ΕΝΟΙΚΙΑΣΗΣ ΣΚΑΦΩΝ ΘΑΛΑΣΣΙΑΣ ΚΑΙ ΑΚΤΟΠΛΟΪΚΗΣ ΜΕΤΑΦΟΡΑΣ ΕΠΙΒΑΤΩΝ ΜΕ ΧΕΙΡΙΣΤΗ","189426701000","803100135","yahoo.gr"
"Explore Milos Ε.Ε.","A","free-mail","xploremilos@gmail.com","6981853288","ΜΗΛΟΥ / ΜΗΛΟΥ","ΚΥΚΛΑΔΩΝ","ΕΕ","2024","","","ΥΠΗΡΕΣΙΕΣ ΕΝΟΙΚΙΑΣΗΣ ΠΛΟΙΩΝ ΨΥΧΑΓΩΓΙΑΣ (ΚΟΤΕΡΩΝ, ΘΑΛΑΜΗΓΩΝ, ΒΕΝΖΙΝΑΚΑΤΩΝ ΚΛΠ) ΜΕ ΠΛΗΡΩΜΑ","180657038000","802673007","gmail.com"
"EXPRESS YACHTS 1 Ι.Κ.Ε.","A","free-mail","taxland@otenet.gr","2106253689","ΚΗΦΙΣΙΑΣ / ΒΟΡΕΙΟΥ ΤΟΜΕΑ ΑΘΗΝΩΝ","ΑΤΤΙΚΗΣ","ΙΚΕ","2024","","","ΥΠΗΡΕΣΙΕΣ ΕΝΟΙΚΙΑΣΗΣ ΤΟΥΡΙΣΤΙΚΟΥ ΣΚΑΦΟΥΣ, ΧΩΡΙΣ ΠΛΗΡΩΜΑ","177108501000","802478343","otenet.gr"
"EXQUISITE ADVENTURES ΜΟΝΟΠΡΟΣΩΠΗ ΙΚΕ","A","free-mail","entaxeilefkas@gmail.com","2645026713","ΛΕΥΚΑΔΑΣ / ΛΕΥΚΑΔΑΣ","ΛΕΥΚΑΔΑΣ","ΙΚΕ","2016","","","ΥΠΗΡΕΣΙΕΣ ΕΝΟΙΚΙΑΣΗΣ ΠΛΟΙΩΝ ΨΥΧΑΓΩΓΙΑΣ (ΚΟΤΕΡΩΝ, ΘΑΛΑΜΗΓΩΝ, ΒΕΝΖΙΝΑΚΑΤΩΝ ΚΛΠ), ΧΩΡΙΣ ΠΛΗΡΩΜΑ","139682143000","800754426","gmail.com"
"FA.SEA ΜΟΝΟΠΡΟΣΩΠΗ Ι.Κ.Ε.","A","free-mail","theostrouzas@gmail.com","6937106202","ΝΕΑΣ ΦΙΛΑΔΕΛΦΕΙΑΣ - ΝΕΑΣ ΧΑΛΚΗΔΟΝΑΣ / ΚΕΝΤΡΙΚΟΥ ΤΟΜΕΑ ΑΘΗΝΩΝ","ΑΤΤΙΚΗΣ","ΙΚΕ","2019","","","ΥΠΗΡΕΣΙΕΣ ΕΝΟΙΚΙΑΣΗΣ ΠΛΟΙΩΝ ΨΥΧΑΓΩΓΙΑΣ (ΚΟΤΕΡΩΝ, ΘΑΛΑΜΗΓΩΝ, ΒΕΝΖΙΝΑΚΑΤΩΝ ΚΛΠ) ΜΕ ΠΛΗΡΩΜΑ","151427901000","801191555","gmail.com"
"FABIO VITTORIO CINQUEBANI","A","free-mail","fabiocinquebani@gmail.com","2284033032","ΣΙΦΝΟΥ / ΜΗΛΟΥ","ΚΥΚΛΑΔΩΝ","ΑΤΟΜΙΚΗ","2015","","","ΥΠΗΡΕΣΙΕΣ ΕΝΟΙΚΙΑΣΗΣ ΤΟΥΡΙΣΤΙΚΟΥ ΣΚΑΦΟΥΣ, ΧΩΡΙΣ ΠΛΗΡΩΜΑ","189023338000","165861938","gmail.com"
"Face Crystal ΜΟΝΟΠΡΟΣΩΠΗ Ι.Κ.Ε.","A","free-mail","chefpanayot@gmail.com","6936919322","ΜΥΤΙΛΗΝΗΣ / ΛΕΣΒΟΥ","ΛΕΣΒΟΥ","ΙΚΕ","2024","","","ΥΠΗΡΕΣΙΕΣ ΕΝΟΙΚΙΑΣΗΣ ΤΟΥΡΙΣΤΙΚΟΥ ΣΚΑΦΟΥΣ, ΧΩΡΙΣ ΠΛΗΡΩΜΑ","177356842000","802490910","gmail.com"
"FACILITY TANCHEV ΜΟΝΟΠΡΟΣΩΠΗ Ι.Κ.Ε.","A","free-mail","filipovtsok7@gmail.com","2117357659","ΑΘΗΝΑΙΩΝ / ΚΕΝΤΡΙΚΟΥ ΤΟΜΕΑ ΑΘΗΝΩΝ","ΑΤΤΙΚΗΣ","ΙΚΕ","2023","","","ΥΠΗΡΕΣΙΕΣ ΕΝΟΙΚΙΑΣΗΣ ΠΛΟΙΩΝ ΨΥΧΑΓΩΓΙΑΣ (ΚΟΤΕΡΩΝ, ΘΑΛΑΜΗΓΩΝ, ΒΕΝΖΙΝΑΚΑΤΩΝ ΚΛΠ), ΧΩΡΙΣ ΠΛΗΡΩΜΑ","173074203000","802255541","gmail.com"
"FALM Yachting Greece ΥΠΟΚΑΤΑΣΤΗΜΑ ΑΛΛΟΔΑΠΗΣ","A","free-mail","dfkorf@otenet.gr","+31203468420","ΚΕΝΤΡΙΚΗΣ ΚΕΡΚΥΡΑΣ ΚΑΙ ΔΙΑΠΟΝΤΙΩΝ ΝΗΣΩΝ / ΚΕΡΚΥΡΑΣ","","Υποκατάστημα Αλλοδαπής","2025","","","ΥΠΗΡΕΣΙΕΣ ΕΝΟΙΚΙΑΣΗΣ ΤΟΥΡΙΣΤΙΚΟΥ ΣΚΑΦΟΥΣ, ΧΩΡΙΣ ΠΛΗΡΩΜΑ","184768233001","802893169","otenet.gr"
"FANARI BOATS Ε.Ε.","A","free-mail","eirini.diamantaki.1998@gmail.com","6940629225","ΚΟΜΟΤΗΝΗΣ / ΡΟΔΟΠΗΣ","ΡΟΔΟΠΗΣ","ΕΕ","2026","","","ΥΠΗΡΕΣΙΕΣ ΕΝΟΙΚΙΑΣΗΣ ΠΛΟΙΩΝ ΨΥΧΑΓΩΓΙΑΣ (ΚΟΤΕΡΩΝ, ΘΑΛΑΜΗΓΩΝ, ΒΕΝΖΙΝΑΚΑΤΩΝ ΚΛΠ), ΧΩΡΙΣ ΠΛΗΡΩΜΑ","193936111000","803291630","gmail.com"
"FANG SHIPPING LTD ΥΠΟΚΑΤΑΣΤΗΜΑ ΕΛΛΑΔΟΣ","A","free-mail","mastellosmarios@gmail.com","2104286267","ΠΑΛΑΙΟΥ ΦΑΛΗΡΟΥ / ΝΟΤΙΟΥ ΤΟΜΕΑ ΑΘΗΝΩΝ","ΑΤΤΙΚΗΣ","Υποκατάστημα Αλλοδαπής","2019","","","ΥΠΗΡΕΣΙΕΣ ΕΝΟΙΚΙΑΣΗΣ ΕΠΑΓΓΕΛΜΑΤΙΚΟΥ ΤΟΥΡΙΣΤΙΚΟΥ ΣΚΑΦΟΥΣ ΜΕ ΠΛΗΡΩΜΑ","150247301001","996863297","gmail.com"
"FARWOOD MARINE LIMITED (HELLAS)","A","free-mail","legal.sosyachtingr@gmail.com","2104587100","ΠΕΙΡΑΙΩΣ / ΠΕΙΡΑΙΩΣ","ΑΤΤΙΚΗΣ","Υποκατάστημα Αλλοδαπής","2019","","","ΥΠΗΡΕΣΙΕΣ ΕΝΟΙΚΙΑΣΗΣ ΠΛΟΙΩΝ ΨΥΧΑΓΩΓΙΑΣ (ΚΟΤΕΡΩΝ, ΘΑΛΑΜΗΓΩΝ, ΒΕΝΖΙΝΑΚΑΤΩΝ ΚΛΠ) ΜΕ ΠΛΗΡΩΜΑ","150148607001","996863040","gmail.com"
"FATA MORGANA GROUP ΜΟΝΟΠΡΟΣΩΠΗ Ε.Π.Ε.","A","free-mail","fatamorganagroupgr@gmail.com","6948266062","ΒΟΛΟΥ / ΜΑΓΝΗΣΙΑΣ","ΜΑΓΝΗΣΙΑΣ","ΕΠΕ","2023","","","ΥΠΗΡΕΣΙΕΣ ΕΝΟΙΚΙΑΣΗΣ ΤΟΥΡΙΣΤΙΚΟΥ ΣΚΑΦΟΥΣ, ΧΩΡΙΣ ΠΛΗΡΩΜΑ","171028044000","802153259","gmail.com"
"FIKI YACHTING Ο.Ε.","A","free-mail","nik.fratz@hotmail.com","","ΠΑΠΑΓΟΥ - ΧΟΛΑΡΓΟΥ / ΒΟΡΕΙΟΥ ΤΟΜΕΑ ΑΘΗΝΩΝ","ΑΤΤΙΚΗΣ","ΟΕ","2022","","","ΥΠΗΡΕΣΙΕΣ ΕΝΟΙΚΙΑΣΗΣ ΤΟΥΡΙΣΤΙΚΟΥ ΣΚΑΦΟΥΣ, ΧΩΡΙΣ ΠΛΗΡΩΜΑ","164385103000","801843090","hotmail.com"
"FISHING TOUR Ε.Ε.","A","free-mail","matinabale@gmail.com","6974308908","ΜΕΤΑΜΟΡΦΩΣΕΩΣ / ΒΟΡΕΙΟΥ ΤΟΜΕΑ ΑΘΗΝΩΝ","ΑΤΤΙΚΗΣ","ΕΕ","2024","","","ΥΠΗΡΕΣΙΕΣ ΕΝΟΙΚΙΑΣΗΣ ΤΟΥΡΙΣΤΙΚΟΥ ΣΚΑΦΟΥΣ, ΧΩΡΙΣ ΠΛΗΡΩΜΑ","181174703000","802699846","gmail.com"
"FLAGMAN SERVICE ΜΟΝΟΠΡΟΣΩΠΗ Ι.Κ.Ε.","A","free-mail","peresadamv@gmail.com","2273028013","ΑΝΑΤΟΛΙΚΗΣ ΣΑΜΟΥ / ΣΑΜΟΥ","ΘΕΣΣΑΛΟΝΙΚΗΣ","ΙΚΕ","2024","","","ΥΠΗΡΕΣΙΕΣ ΕΝΟΙΚΙΑΣΗΣ ΠΛΟΙΩΝ ΨΥΧΑΓΩΓΙΑΣ (ΚΟΤΕΡΩΝ, ΘΑΛΑΜΗΓΩΝ, ΒΕΝΖΙΝΑΚΑΤΩΝ ΚΛΠ), ΧΩΡΙΣ ΠΛΗΡΩΜΑ","176992006000","802472375","gmail.com"
"FLOW YACHTING Ι.Κ.Ε.","A","free-mail","avanwaarden@gmail.com","6947728983","ΛΑΥΡΕΩΤΙΚΗΣ / ΑΝΑΤΟΛΙΚΗΣ ΑΤΤΙΚΗΣ","ΑΤΤΙΚΗΣ","ΙΚΕ","2025","","","ΥΠΗΡΕΣΙΕΣ ΕΝΟΙΚΙΑΣΗΣ ΤΟΥΡΙΣΤΙΚΟΥ ΣΚΑΦΟΥΣ, ΧΩΡΙΣ ΠΛΗΡΩΜΑ","189356803000","803097650","gmail.com"
"FORTUNA NAVIGATION S.A. HELLAS BRANCH","A","free-mail","theamalta2020@gmail.com","2104904835","ΝΙΚΑΙΑΣ - ΑΓΙΟΥ ΙΩΑΝΝΗ ΡΕΝΤΗ / ΠΕΙΡΑΙΩΣ","ΑΤΤΙΚΗΣ","Υποκατάστημα Αλλοδαπής","2024","","","ΥΠΗΡΕΣΙΕΣ ΕΝΟΙΚΙΑΣΗΣ ΤΟΥΡΙΣΤΙΚΟΥ ΣΚΑΦΟΥΣ, ΧΩΡΙΣ ΠΛΗΡΩΜΑ","178025907001","800664003","gmail.com"
"FP51 AURA BREEZER Ι.Κ.Ε.","A","free-mail","christos.georgopoulos@gmail.com","6944634286","ΧΑΛΑΝΔΡΙΟΥ / ΒΟΡΕΙΟΥ ΤΟΜΕΑ ΑΘΗΝΩΝ","ΑΤΤΙΚΗΣ","ΙΚΕ","2024","","","ΥΠΗΡΕΣΙΕΣ ΕΝΟΙΚΙΑΣΗΣ ΤΟΥΡΙΣΤΙΚΟΥ ΣΚΑΦΟΥΣ, ΧΩΡΙΣ ΠΛΗΡΩΜΑ","174809303000","802350220","gmail.com"
"FP51 AURA PENNY LANE Ι.Κ.Ε.","A","free-mail","christos.georgopoulos@gmail.com","6944634286","ΧΑΛΑΝΔΡΙΟΥ / ΒΟΡΕΙΟΥ ΤΟΜΕΑ ΑΘΗΝΩΝ","ΑΤΤΙΚΗΣ","ΙΚΕ","2024","","","ΥΠΗΡΕΣΙΕΣ ΕΝΟΙΚΙΑΣΗΣ ΤΟΥΡΙΣΤΙΚΟΥ ΣΚΑΦΟΥΣ, ΧΩΡΙΣ ΠΛΗΡΩΜΑ","179348901000","802600433","gmail.com"
"F-SEA ΜΟΝΟΠΡΟΣΩΠΗ Ι.Κ.Ε.","A","free-mail","nvenierakis@gmail.com","6931820820","ΜΥΚΟΝΟΥ / ΜΥΚΟΝΟΥ","ΚΥΚΛΑΔΩΝ","ΙΚΕ","2022","","","ΥΠΗΡΕΣΙΕΣ ΕΝΟΙΚΙΑΣΗΣ ΤΟΥΡΙΣΤΙΚΟΥ ΣΚΑΦΟΥΣ, ΧΩΡΙΣ ΠΛΗΡΩΜΑ","167082038000","801960324","gmail.com"
"G DREAM PROJECTS ΜΟΝΟΠΡΟΣΩΠΗ ΙΔΙΩΤΙΚΗ ΚΕΦΑΛΑΙΟΥΧΙΚΗ ΕΤΑΙΡΕΙΑ","A","free-mail","leisou@otenet.gr","6977488745","ΚΕΝΤΡΙΚΗΣ ΚΕΡΚΥΡΑΣ ΚΑΙ ΔΙΑΠΟΝΤΙΩΝ ΝΗΣΩΝ / ΚΕΡΚΥΡΑΣ","ΚΕΡΚΥΡΑΣ","ΙΚΕ","2024","","","ΥΠΗΡΕΣΙΕΣ ΕΝΟΙΚΙΑΣΗΣ ΤΟΥΡΙΣΤΙΚΟΥ ΣΚΑΦΟΥΣ, ΧΩΡΙΣ ΠΛΗΡΩΜΑ","180914533000","802685817","otenet.gr"
"G.R.BOATS RENTAL SKIATHOS Ο.Ε.","A","free-mail","skiathosrkboats@hotmail.com","6972575795","","ΜΑΓΝΗΣΙΑΣ","ΟΕ","2025","","","ΥΠΗΡΕΣΙΕΣ ΕΝΟΙΚΙΑΣΗΣ ΠΛΟΙΩΝ ΨΥΧΑΓΩΓΙΑΣ (ΚΟΤΕΡΩΝ, ΘΑΛΑΜΗΓΩΝ, ΒΕΝΖΙΝΑΚΑΤΩΝ ΚΛΠ), ΧΩΡΙΣ ΠΛΗΡΩΜΑ","183440744000","802823886","hotmail.com"
"GALAXY CRUISES ΜΟΝΟΠΡΟΣΩΠΗ ΙΔΙΩΤΙΚΗ ΚΕΦΑΛΑΙΟΥΧΙΚΗ ΕΤΑΙΡΕΙΑ","A","free-mail","iosifidis.konstantinos@gmail.com","6945324699","ΠΑΛΑΙΟΥ ΦΑΛΗΡΟΥ / ΝΟΤΙΟΥ ΤΟΜΕΑ ΑΘΗΝΩΝ","ΑΤΤΙΚΗΣ","ΙΚΕ","2021","","","ΥΠΗΡΕΣΙΕΣ ΕΝΟΙΚΙΑΣΗΣ ΕΠΑΓΓΕΛΜΑΤΙΚΟΥ ΤΟΥΡΙΣΤΙΚΟΥ ΣΚΑΦΟΥΣ ΜΕ ΠΛΗΡΩΜΑ","161110701000","801665600","gmail.com"
"GALAXY YACHTS Ι.Κ.Ε.","A","free-mail","dimtatarakis@gmail.com","2106850104","ΒΡΙΛΗΣΣΙΩΝ / ΒΟΡΕΙΟΥ ΤΟΜΕΑ ΑΘΗΝΩΝ","ΑΤΤΙΚΗΣ","ΙΚΕ","2023","","","ΥΠΗΡΕΣΙΕΣ ΕΝΟΙΚΙΑΣΗΣ ΤΟΥΡΙΣΤΙΚΟΥ ΣΚΑΦΟΥΣ, ΧΩΡΙΣ ΠΛΗΡΩΜΑ","171333001000","802167922","gmail.com"
"GALYS CLAUDIA ΤΟΥ JURGAN","A","free-mail","NICKSOF@OUTLOOK.COM","2645026111","ΛΕΥΚΑΔΑΣ / ΛΕΥΚΑΔΑΣ","ΛΕΥΚΑΔΑΣ","ΑΤΟΜΙΚΗ","2014","","","ΥΠΗΡΕΣΙΕΣ ΕΝΟΙΚΙΑΣΗΣ ΤΟΥΡΙΣΤΙΚΟΥ ΣΚΑΦΟΥΣ, ΧΩΡΙΣ ΠΛΗΡΩΜΑ","128673143000","156382548","outlook.com"
"GAN TWO ΜΟΝΟΠΡΟΣΩΠΗ Ι.Κ.Ε.","A","free-mail","andreaskal.na@gmail.com","2109600160","ΜΟΣΧΑΤΟΥ - ΤΑΥΡΟΥ / ΝΟΤΙΟΥ ΤΟΜΕΑ ΑΘΗΝΩΝ","ΑΤΤΙΚΗΣ","ΙΚΕ","2024","","","ΥΠΗΡΕΣΙΕΣ ΕΝΟΙΚΙΑΣΗΣ ΤΟΥΡΙΣΤΙΚΟΥ ΣΚΑΦΟΥΣ, ΧΩΡΙΣ ΠΛΗΡΩΜΑ","179882703000","802630530","gmail.com"
"GAVDOS BOAT TRIPS Ε.Ε.","A","free-mail","gavdosboattrips@gmail.com","6982561812","ΓΑΥΔΟΥ / ΧΑΝΙΩΝ","ΧΑΝΙΩΝ","ΕΕ","2020","","","ΥΠΗΡΕΣΙΕΣ ΕΝΟΙΚΙΑΣΗΣ ΕΠΑΓΓΕΛΜΑΤΙΚΟΥ ΤΟΥΡΙΣΤΙΚΟΥ ΣΚΑΦΟΥΣ ΜΕ ΠΛΗΡΩΜΑ","154838358000","801346780","gmail.com"
"GCCHART HELLAS LIMITED","A","free-mail","tmevi@yahoo.com","2104286267","ΠΕΙΡΑΙΩΣ / ΠΕΙΡΑΙΩΣ","ΠΕΙΡΑΙΑ","Υποκατάστημα Αλλοδαπής","2016","","","ΥΠΗΡΕΣΙΕΣ ΕΝΟΙΚΙΑΣΗΣ ΕΠΑΓΓΕΛΜΑΤΙΚΟΥ ΤΟΥΡΙΣΤΙΚΟΥ ΣΚΑΦΟΥΣ ΜΕ ΠΛΗΡΩΜΑ","139642307001","997060775","yahoo.com"
"GENERIC MARINE 1 LIMITED BRANCH OFFICE OF FOREIGN COMPANY","A","free-mail","csfaelaw@otenet.gr","2104297430","ΑΘΗΝΑΙΩΝ / ΚΕΝΤΡΙΚΟΥ ΤΟΜΕΑ ΑΘΗΝΩΝ","ΑΤΤΙΚΗΣ","Υποκατάστημα Αλλοδαπής","2023","","","ΥΠΗΡΕΣΙΕΣ ΕΝΟΙΚΙΑΣΗΣ ΕΠΑΓΓΕΛΜΑΤΙΚΟΥ ΤΟΥΡΙΣΤΙΚΟΥ ΣΚΑΦΟΥΣ ΜΕ ΠΛΗΡΩΜΑ","170964801001","996570046","otenet.gr"
"GERMANIDIS GEB CHROSCH SYLVIA REGINA ΤΟΥ HANS","A","free-mail","gmfd34@gmail.com","2310674559","ΝΕΑΠΟΛΗΣ-ΣΥΚΕΩΝ / ΘΕΣΣΑΛΟΝΙΚΗΣ","ΘΕΣΣΑΛΟΝΙΚΗΣ","ΑΤΟΜΙΚΗ","2008","","","ΥΠΗΡΕΣΙΕΣ ΕΝΟΙΚΙΑΣΗΣ ΤΟΥΡΙΣΤΙΚΟΥ ΣΚΑΦΟΥΣ, ΧΩΡΙΣ ΠΛΗΡΩΜΑ","167841506000","048132581","gmail.com"
"GLOBESTAR CO. LIMITED LTD. (HELLAS)","A","free-mail","legal.sosyachtingr@gmail.com","6942980619","ΠΕΙΡΑΙΩΣ / ΠΕΙΡΑΙΩΣ","ΑΤΤΙΚΗΣ","Υποκατάστημα Αλλοδαπής","2020","","","ΥΠΗΡΕΣΙΕΣ ΕΝΟΙΚΙΑΣΗΣ ΠΛΟΙΩΝ ΨΥΧΑΓΩΓΙΑΣ (ΚΟΤΕΡΩΝ, ΘΑΛΑΜΗΓΩΝ, ΒΕΝΖΙΝΑΚΑΤΩΝ ΚΛΠ) ΜΕ ΠΛΗΡΩΜΑ","155608607001","996794830","gmail.com"
"GMDT SUNSET CRUISES ΜΟΝΟΠΡΟΣΩΠΗ Ι.Κ.Ε.","A","free-mail","tax.econ@gmail.com","2107711515","ΙΕΡΑΣ ΠΟΛΗΣ ΜΕΣΟΛΟΓΓΙΟΥ / ΑΙΤΩΛΟΑΚΑΡΝΑΝΙΑΣ","ΑΙΤΩΛΟΑΚΑΡΝΑΝΙΑΣ","ΙΚΕ","2019","","","ΥΠΗΡΕΣΙΕΣ ΕΝΟΙΚΙΑΣΗΣ ΠΛΟΙΩΝ ΨΥΧΑΓΩΓΙΑΣ (ΚΟΤΕΡΩΝ, ΘΑΛΑΜΗΓΩΝ, ΒΕΝΖΙΝΑΚΑΤΩΝ ΚΛΠ), ΧΩΡΙΣ ΠΛΗΡΩΜΑ","152260312000","801230192","gmail.com"
"GOLDEN BOAT ΜΟΝΟΠΡΟΣΩΠΗ Ι.Κ.Ε.","A","free-mail","panos.j.papaioannou@gmail.com","6947306033","ΒΕΛΟΥ-ΒΟΧΑΣ / ΚΟΡΙΝΘΙΑΣ","ΚΟΡΙΝΘΙΑΣ","ΙΚΕ","2024","","","ΥΠΗΡΕΣΙΕΣ ΕΝΟΙΚΙΑΣΗΣ ΣΚΑΦΩΝ ΘΑΛΑΣΣΙΑΣ ΚΑΙ ΑΚΤΟΠΛΟΪΚΗΣ ΜΕΤΑΦΟΡΑΣ ΕΠΙΒΑΤΩΝ ΜΕ ΧΕΙΡΙΣΤΗ","178661237000","802562960","gmail.com"
"GOLDEN YACHTING & SAILING ΜΟΝΟΠΡΟΣΩΠΗ ΙΔΙΩΤΙΚΗ ΚΕΦΑΛΑΙΟΥΧΙΚΗ ΕΤΑΙΡΙΑ","A","free-mail","araftop11@gmail.com","2106610242","ΧΑΛΑΝΔΡΙΟΥ / ΒΟΡΕΙΟΥ ΤΟΜΕΑ ΑΘΗΝΩΝ","ΑΤΤΙΚΗΣ","ΙΚΕ","2018","","","ΥΠΗΡΕΣΙΕΣ ΘΑΛΑΣΣΙΩΝ ΚΑΙ ΠΑΡΑΚΤΙΩΝ ΜΕΤΑΦΟΡΩΝ ΕΠΙΒΑΤΩΝ ΜΕ ΘΑΛΑΜΗΓΟΥΣ - ΤΟΥΡΙΣΤΙΚΑ ΠΛΟΙΑ ΜΕ ΕΛΛΗΝΙΚΗ ΣΗΜΑΙΑ","146776403000","801004938","gmail.com"
"GOSALTY ΜΟΝΟΠΡΟΣΩΠΗ Ι.Κ.Ε.","A","free-mail","ntinopara@gmail.com","6976245367","ΕΡΜΙΟΝΙΔΑΣ / ΑΡΓΟΛΙΔΑΣ","ΑΡΓΟΛΙΔΑΣ","ΙΚΕ","2022","","","ΥΠΗΡΕΣΙΕΣ ΕΝΟΙΚΙΑΣΗΣ ΠΛΟΙΩΝ ΨΥΧΑΓΩΓΙΑΣ (ΚΟΤΕΡΩΝ, ΘΑΛΑΜΗΓΩΝ, ΒΕΝΖΙΝΑΚΑΤΩΝ ΚΛΠ), ΧΩΡΙΣ ΠΛΗΡΩΜΑ","163835213000","801813510","gmail.com"
"GRECIAN ALTERNATIVE YACHTING - ΕΝΟΙΚΙΑΣΕΙΣ ΘΑΛΑΜΗΓΩΝ ΕΤΑΙΡΕΙΑ ΠΕΡΙΟΡΙΣΜΕΝΗΣ ΕΥΘΥΝΗΣ","A","free-mail","m_venetaki@yahoo.gr","2289028375","ΜΥΚΟΝΟΥ / ΜΥΚΟΝΟΥ","ΚΥΚΛΑΔΩΝ","ΕΠΕ","2009","","","ΥΠΗΡΕΣΙΕΣ ΕΝΟΙΚΙΑΣΗΣ ΠΛΟΙΩΝ ΨΥΧΑΓΩΓΙΑΣ (ΚΟΤΕΡΩΝ, ΘΑΛΑΜΗΓΩΝ, ΒΕΝΖΙΝΑΚΑΤΩΝ ΚΛΠ), ΧΩΡΙΣ ΠΛΗΡΩΜΑ","47931438000","997969028","yahoo.gr"
"GREECE YACHTING SERVICES ΤΣΑΚΑΛΙΔΗΣ - ΚΟΝΤΟΜΑΡΗΣ Δ. & ΣΙΑ Ε.Ε.","A","free-mail","d.tsakalidis@hotmail.com","6937019645","ΑΘΗΝΑΙΩΝ / ΚΕΝΤΡΙΚΟΥ ΤΟΜΕΑ ΑΘΗΝΩΝ","ΑΤΤΙΚΗΣ","ΕΕ","2020","","","ΥΠΗΡΕΣΙΕΣ ΕΝΟΙΚΙΑΣΗΣ ΤΟΥΡΙΣΤΙΚΟΥ ΣΚΑΦΟΥΣ, ΧΩΡΙΣ ΠΛΗΡΩΜΑ","156993101000","801445222","hotmail.com"
"GREEK TENDERS ΙΔΙΩΤΙΚΗ ΚΕΦΑΛΑΙΟΥΧΙΚΗ ΕΤΑΙΡΕΙΑ","A","free-mail","h.visaritis@gmail.com","2106201144","ΑΘΗΝΑΙΩΝ / ΚΕΝΤΡΙΚΟΥ ΤΟΜΕΑ ΑΘΗΝΩΝ","ΑΤΤΙΚΗΣ","ΙΚΕ","2020","","","ΥΠΗΡΕΣΙΕΣ ΕΝΟΙΚΙΑΣΗΣ ΤΟΥΡΙΣΤΙΚΟΥ ΣΚΑΦΟΥΣ, ΧΩΡΙΣ ΠΛΗΡΩΜΑ","154477525000","801326811","gmail.com"
"GREEK YACHTING EXPERIENCE CED Ι.Κ.Ε.","A","free-mail","N_MConsulting@outlook.com","2271093828","ΕΠΙΔΑΥΡΟΥ / ΑΡΓΟΛΙΔΑΣ","ΑΡΓΟΛΙΔΑΣ","ΙΚΕ","2020","","","ΥΠΗΡΕΣΙΕΣ ΕΝΟΙΚΙΑΣΗΣ ΕΠΑΓΓΕΛΜΑΤΙΚΟΥ ΤΟΥΡΙΣΤΙΚΟΥ ΣΚΑΦΟΥΣ ΜΕ ΠΛΗΡΩΜΑ","154780613000","801343684","outlook.com"
"GREEK YACHTING EXPERIENCE II Ι.Κ.Ε.","A","free-mail","n_mconsulting@outlook.com","6980791617","ΕΠΙΔΑΥΡΟΥ / ΑΡΓΟΛΙΔΑΣ","ΑΡΓΟΛΙΔΑΣ","ΙΚΕ","2021","","","ΥΠΗΡΕΣΙΕΣ ΕΝΟΙΚΙΑΣΗΣ ΕΠΑΓΓΕΛΜΑΤΙΚΟΥ ΤΟΥΡΙΣΤΙΚΟΥ ΣΚΑΦΟΥΣ ΜΕ ΠΛΗΡΩΜΑ","161426713000","801683410","outlook.com"
"GREEK YACHTING EXPERIENCE III Ι.Κ.Ε.","A","free-mail","bratianthi@gmail.com","6942456555","ΜΑΝΤΟΥΔΙΟΥ-ΛΙΜΝΗΣ-ΑΓΙΑΣ ΑΝΝΑΣ / ΕΥΒΟΙΑΣ","ΕΥΒΟΙΑΣ","ΙΚΕ","2021","","","ΥΠΗΡΕΣΙΕΣ ΕΝΟΙΚΙΑΣΗΣ ΕΠΑΓΓΕΛΜΑΤΙΚΟΥ ΤΟΥΡΙΣΤΙΚΟΥ ΣΚΑΦΟΥΣ ΜΕ ΠΛΗΡΩΜΑ","161427022000","801683445","gmail.com"
"GREGALE ΜΟΝΟΠΡΟΣΩΠΗ ΙΚΕ","A","free-mail","isolog@otenet.gr","2610623678","ΠΑΤΡΕΩΝ / ΑΧΑΙΑΣ","ΑΧΑΙΑΣ","ΙΚΕ","2019","","","ΥΠΗΡΕΣΙΕΣ ΕΝΟΙΚΙΑΣΗΣ ΤΟΥΡΙΣΤΙΚΟΥ ΣΚΑΦΟΥΣ, ΧΩΡΙΣ ΠΛΗΡΩΜΑ","149385216000","801112220","otenet.gr"
"GUENDARENT ΜΟΝΟΠΡΟΣΩΠΗ Ι.Κ.Ε.","A","free-mail","guendarent@hotmail.com","2682089488","ΠΡΕΒΕΖΑΣ / ΠΡΕΒΕΖΑΣ","ΠΡΕΒΕΖΑΣ","ΙΚΕ","2022","","","ΥΠΗΡΕΣΙΕΣ ΕΝΟΙΚΙΑΣΗΣ ΠΛΟΙΩΝ ΨΥΧΑΓΩΓΙΑΣ (ΚΟΤΕΡΩΝ, ΘΑΛΑΜΗΓΩΝ, ΒΕΝΖΙΝΑΚΑΤΩΝ ΚΛΠ), ΧΩΡΙΣ ΠΛΗΡΩΜΑ","164005949000","801823016","hotmail.com"
"HABEE GREECE ΜΟΝΟΠΡΟΣΩΠΗ ΙΔΙΩΤΙΚΗ ΚΕΦΑΛΑΙΟΥΧΙΚΗ ΕΤΑΙΡΕΙΑ","A","free-mail","dfkorf@otenet.gr","2661090868","ΚΕΝΤΡΙΚΗΣ ΚΕΡΚΥΡΑΣ ΚΑΙ ΔΙΑΠΟΝΤΙΩΝ ΝΗΣΩΝ / ΚΕΡΚΥΡΑΣ","ΚΕΡΚΥΡΑΣ","ΙΚΕ","2025","","","ΥΠΗΡΕΣΙΕΣ ΕΝΟΙΚΙΑΣΗΣ ΤΟΥΡΙΣΤΙΚΟΥ ΣΚΑΦΟΥΣ, ΧΩΡΙΣ ΠΛΗΡΩΜΑ","182087833000","802750830","otenet.gr"
"HANDGREECE ΙΔΙΩΤΙΚΗ ΚΕΦΑΛΑΙΟΥΧΙΚΗ ΕΤΑΙΡΕΙΑ","A","free-mail","Handeurope1@gmail.com","2103619870","ΓΛΥΦΑΔΑΣ / ΝΟΤΙΟΥ ΤΟΜΕΑ ΑΘΗΝΩΝ","ΑΤΤΙΚΗΣ","ΙΚΕ","2021","","","ΥΠΗΡΕΣΙΕΣ ΕΝΟΙΚΙΑΣΗΣ ΤΟΥΡΙΣΤΙΚΟΥ ΣΚΑΦΟΥΣ, ΧΩΡΙΣ ΠΛΗΡΩΜΑ","159058309000","801555656","gmail.com"
"HAPPY DOLPHIN ΜΟΝΟΠΡΟΣΩΠΗ Ι.Κ.Ε.","A","free-mail","jakob_filter@gmail.com","6937109060","ΝΟΤΙΟΥ ΠΗΛΙΟΥ / ΜΑΓΝΗΣΙΑΣ","ΜΑΓΝΗΣΙΑΣ","ΙΚΕ","2025","","","ΥΠΗΡΕΣΙΕΣ ΕΝΟΙΚΙΑΣΗΣ ΤΟΥΡΙΣΤΙΚΟΥ ΣΚΑΦΟΥΣ, ΧΩΡΙΣ ΠΛΗΡΩΜΑ","182647444000","802781111","gmail.com"
"HELIOS YACHTING Ι.Κ.Ε.","A","free-mail","moresailinggreece@gmail.com","6973406043","ΘΕΣΣΑΛΟΝΙΚΗΣ / ΘΕΣΣΑΛΟΝΙΚΗΣ","ΘΕΣΣΑΛΟΝΙΚΗΣ","ΙΚΕ","2025","","","ΥΠΗΡΕΣΙΕΣ ΕΝΟΙΚΙΑΣΗΣ ΤΟΥΡΙΣΤΙΚΟΥ ΣΚΑΦΟΥΣ, ΧΩΡΙΣ ΠΛΗΡΩΜΑ","186245804000","802960752","gmail.com"
"HELLAS ELIT SHIPPING OU","A","free-mail","kasatlaw@gmail.com","2110124473","ΑΛΙΜΟΥ / ΝΟΤΙΟΥ ΤΟΜΕΑ ΑΘΗΝΩΝ","ΑΤΤΙΚΗΣ","Υποκατάστημα Αλλοδαπής","2023","","","ΥΠΗΡΕΣΙΕΣ ΕΝΟΙΚΙΑΣΗΣ ΕΠΑΓΓΕΛΜΑΤΙΚΟΥ ΤΟΥΡΙΣΤΙΚΟΥ ΣΚΑΦΟΥΣ ΜΕ ΠΛΗΡΩΜΑ","170931301001","996570126","gmail.com"
"HELLAS MARINE PROJECT Α.Ε.","A","free-mail","ta_kritikos@yahoo.com","2109833265","ΑΘΗΝΑΙΩΝ / ΚΕΝΤΡΙΚΟΥ ΤΟΜΕΑ ΑΘΗΝΩΝ","ΑΤΤΙΚΗΣ","ΑΕ","2024","","","ΥΠΗΡΕΣΙΕΣ ΕΝΟΙΚΙΑΣΗΣ ΤΟΥΡΙΣΤΙΚΟΥ ΣΚΑΦΟΥΣ, ΧΩΡΙΣ ΠΛΗΡΩΜΑ","177516801000","802499283","yahoo.com"
"HOWLIN JAMES DOMINIC ΤΟΥ JAMES","A","free-mail","jameshowlin18@gmail.com","2661039716","ΚΕΝΤΡΙΚΗΣ ΚΕΡΚΥΡΑΣ ΚΑΙ ΔΙΑΠΟΝΤΙΩΝ ΝΗΣΩΝ / ΚΕΡΚΥΡΑΣ","ΚΕΡΚΥΡΑΣ","ΑΤΟΜΙΚΗ","2021","","","ΥΠΗΡΕΣΙΕΣ ΕΝΟΙΚΙΑΣΗΣ ΠΛΟΙΩΝ ΨΥΧΑΓΩΓΙΑΣ (ΚΟΤΕΡΩΝ, ΘΑΛΑΜΗΓΩΝ, ΒΕΝΖΙΝΑΚΑΤΩΝ ΚΛΠ), ΧΩΡΙΣ ΠΛΗΡΩΜΑ","187607233000","177069647","gmail.com"
"HYDRA BLUE VENTURES ΜΟΝΟΠΡΟΣΩΠΗ Ι.Κ.Ε.","A","free-mail","sachasnl@gmail.com","2292024181","ΓΛΥΦΑΔΑΣ / ΝΟΤΙΟΥ ΤΟΜΕΑ ΑΘΗΝΩΝ","ΑΤΤΙΚΗΣ","ΙΚΕ","2026","","","ΥΠΗΡΕΣΙΕΣ ΕΝΟΙΚΙΑΣΗΣ ΠΛΟΙΩΝ ΨΥΧΑΓΩΓΙΑΣ (ΚΟΤΕΡΩΝ, ΘΑΛΑΜΗΓΩΝ, ΒΕΝΖΙΝΑΚΑΤΩΝ ΚΛΠ), ΧΩΡΙΣ ΠΛΗΡΩΜΑ","191939601000","803203289","gmail.com"
"HYDRO JET MARINE Ι.Κ.Ε.","A","free-mail","sakellaristsamp@gmail.com","6949934211","ΡΟΔΟΥ / ΡΟΔΟΥ","ΔΩΔΕΚΑΝΗΣΟΥ","ΙΚΕ","2026","","","ΥΠΗΡΕΣΙΕΣ ΕΝΟΙΚΙΑΣΗΣ ΠΛΟΙΩΝ ΨΥΧΑΓΩΓΙΑΣ (ΚΟΤΕΡΩΝ, ΘΑΛΑΜΗΓΩΝ, ΒΕΝΖΙΝΑΚΑΤΩΝ ΚΛΠ), ΧΩΡΙΣ ΠΛΗΡΩΜΑ","192684320000","803234278","gmail.com"
"I. NIKOLAOU CAPTAIN G ΜΟΝΟΠΡΟΣΩΠΗ ΕΤΑΙΡΕΙΑ ΠΕΡΙΟΡΙΣΜΕΝΗΣ ΕΥΘΥΝΗΣ","A","free-mail","dimpapafisk@yahoo.gr","2107481504","ΑΘΗΝΑΙΩΝ / ΚΕΝΤΡΙΚΟΥ ΤΟΜΕΑ ΑΘΗΝΩΝ","ΑΤΤΙΚΗΣ","ΕΠΕ","2003","","","ΥΠΗΡΕΣΙΕΣ ΕΝΟΙΚΙΑΣΗΣ ΕΠΑΓΓΕΛΜΑΤΙΚΟΥ ΤΟΥΡΙΣΤΙΚΟΥ ΣΚΑΦΟΥΣ ΜΕ ΠΛΗΡΩΜΑ","128720201000","999707940","yahoo.gr"
"ICE MARITIME ΜΟΝΟΠΡΟΣΩΠΗ Ι.Κ.Ε.","A","free-mail","s.psomopoulos@gmail.com","6943715648","ΚΕΡΑΤΣΙΝΙΟΥ - ΔΡΑΠΕΤΣΩΝΑΣ / ΠΕΙΡΑΙΩΣ","ΑΤΤΙΚΗΣ","ΙΚΕ","2020","","","ΥΠΗΡΕΣΙΕΣ ΕΝΟΙΚΙΑΣΗΣ ΤΟΥΡΙΣΤΙΚΟΥ ΣΚΑΦΟΥΣ, ΧΩΡΙΣ ΠΛΗΡΩΜΑ","154947507000","801352459","gmail.com"
"ICE SHIPPING ΙΔΙΩΤΙΚΗ ΚΕΦΑΛΑΙΟΥΧΙΚΗ ΕΤΑΙΡΕΙΑ","A","free-mail","s.psomopoulos@gmail.com","6943715648","ΩΡΩΠΟΥ / ΑΝΑΤΟΛΙΚΗΣ ΑΤΤΙΚΗΣ","ΑΤΤΙΚΗΣ","ΙΚΕ","2018","","","ΥΠΗΡΕΣΙΕΣ ΕΝΟΙΚΙΑΣΗΣ ΤΟΥΡΙΣΤΙΚΟΥ ΣΚΑΦΟΥΣ, ΧΩΡΙΣ ΠΛΗΡΩΜΑ","145347001000","800938448","gmail.com"
"IKARIA BOATS Ο.Ε.","A","free-mail","georgepilaras@gmail.com","2104008035","ΣΠΑΤΩΝ - ΑΡΤΕΜΙΔΟΣ / ΑΝΑΤΟΛΙΚΗΣ ΑΤΤΙΚΗΣ","ΣΑΜΟΥ","ΟΕ","2021","","","ΥΠΗΡΕΣΙΕΣ ΕΝΟΙΚΙΑΣΗΣ ΤΟΥΡΙΣΤΙΚΟΥ ΣΚΑΦΟΥΣ, ΧΩΡΙΣ ΠΛΗΡΩΜΑ","158921651000","801548364","gmail.com"
"IKARIAN CRUISES ΙΚΕ","A","free-mail","ikariancruises@yahoo.gr","2109404770","ΜΟΣΧΑΤΟΥ - ΤΑΥΡΟΥ / ΝΟΤΙΟΥ ΤΟΜΕΑ ΑΘΗΝΩΝ","ΑΤΤΙΚΗΣ","ΙΚΕ","2018","","","ΥΠΗΡΕΣΙΕΣ ΕΝΟΙΚΙΑΣΗΣ ΕΠΑΓΓΕΛΜΑΤΙΚΟΥ ΤΟΥΡΙΣΤΙΚΟΥ ΣΚΑΦΟΥΣ ΜΕ ΠΛΗΡΩΜΑ","148310707000","801066977","yahoo.gr"
"ILAV ΙΔΙΩΤΙΚΗ ΚΕΦΑΛΑΙΟΥΧΙΚΗ ΕΤΑΙΡΕΙΑ","A","free-mail","galanlog@otenet.gr","2273088331","ΑΝΑΤΟΛΙΚΗΣ ΣΑΜΟΥ / ΣΑΜΟΥ","ΣΑΜΟΥ","ΙΚΕ","2024","","","ΥΠΗΡΕΣΙΕΣ ΕΝΟΙΚΙΑΣΗΣ ΕΠΑΓΓΕΛΜΑΤΙΚΟΥ ΤΟΥΡΙΣΤΙΚΟΥ ΣΚΑΦΟΥΣ ΜΕ ΠΛΗΡΩΜΑ","175329851000","802379760","otenet.gr"
"Imagination Yachting Ι.Κ.Ε.","A","free-mail","barbasernestos@gmail.com","2661041990","ΚΕΝΤΡΙΚΗΣ ΚΕΡΚΥΡΑΣ ΚΑΙ ΔΙΑΠΟΝΤΙΩΝ ΝΗΣΩΝ / ΚΕΡΚΥΡΑΣ","ΚΕΡΚΥΡΑΣ","ΙΚΕ","2025","","","ΥΠΗΡΕΣΙΕΣ ΣΚΑΦΩΝ ΕΚΔΡΟΜΩΝ ΚΑΙ ΠΕΡΙΗΓΗΣΕΩΝ ΘΑΛΑΣΣΑΣ","185544433000","802929484","gmail.com"
"INSPIRE INTERNATIONAL ΜΟΝΟΠΡΟΣΩΠΗ Ι.Κ.Ε.","A","free-mail","a.sfaellos@gmail.com","2612619178","ΑΛΙΜΟΥ / ΝΟΤΙΟΥ ΤΟΜΕΑ ΑΘΗΝΩΝ","ΑΤΤΙΚΗΣ","ΙΚΕ","2025","","","ΥΠΗΡΕΣΙΕΣ ΕΝΟΙΚΙΑΣΗΣ ΤΟΥΡΙΣΤΙΚΟΥ ΣΚΑΦΟΥΣ, ΧΩΡΙΣ ΠΛΗΡΩΜΑ","182920103000","802795613","gmail.com"
"Ionian Horizons Tours Foukis Ε.Ε.","A","free-mail","georgefoukisarch@gmail.com","2651079475","ΙΩΑΝΝΙΤΩΝ / ΙΩΑΝΝΙΝΩΝ","ΙΩΑΝΝΙΝΩΝ","ΕΕ","2024","","","ΥΠΗΡΕΣΙΕΣ ΣΚΑΦΩΝ ΕΚΔΡΟΜΩΝ ΚΑΙ ΠΕΡΙΗΓΗΣΕΩΝ ΘΑΛΑΣΣΑΣ","176985629000","802471981","gmail.com"
"IONIAN HUNTER ΕΤΕΡΟΡΡΥΘΜΗ ΕΤΑΙΡΕΙΑ","A","free-mail","spirosarg7@yahoo.gr","2661048477","ΚΕΝΤΡΙΚΗΣ ΚΕΡΚΥΡΑΣ ΚΑΙ ΔΙΑΠΟΝΤΙΩΝ ΝΗΣΩΝ / ΚΕΡΚΥΡΑΣ","ΚΕΡΚΥΡΑΣ","ΕΕ","2025","","","ΥΠΗΡΕΣΙΕΣ ΕΝΟΙΚΙΑΣΗΣ ΤΟΥΡΙΣΤΙΚΟΥ ΣΚΑΦΟΥΣ, ΧΩΡΙΣ ΠΛΗΡΩΜΑ","182576733000","802777306","yahoo.gr"
"IONIAN LUXURY BOAT Ι.Κ.Ε.","A","free-mail","fitness@otenet.gr","6945211268","ΠΑΤΡΕΩΝ / ΑΧΑΙΑΣ","ΑΧΑΙΑΣ","ΙΚΕ","2025","","","ΥΠΗΡΕΣΙΕΣ ΕΝΟΙΚΙΑΣΗΣ ΤΟΥΡΙΣΤΙΚΟΥ ΣΚΑΦΟΥΣ, ΧΩΡΙΣ ΠΛΗΡΩΜΑ","183999916000","802853958","otenet.gr"
"IONIAN SEA PRIVATE TOURS ΜΟΝΟΠΡΟΣΩΠΗ Ι.Κ.Ε.","A","free-mail","hercules-nash24@hotmail.com","6973451928","ΑΡΓΟΣΤΟΛΙΟΥ / ΚΕΦΑΛΛΗΝΙΑΣ","ΚΕΦΑΛΛΗΝΙΑΣ","ΙΚΕ","2024","","","ΥΠΗΡΕΣΙΕΣ ΕΝΟΙΚΙΑΣΗΣ ΤΟΥΡΙΣΤΙΚΟΥ ΣΚΑΦΟΥΣ, ΧΩΡΙΣ ΠΛΗΡΩΜΑ","176505934000","802446357","hotmail.com"
"IONIAN SUNRISE ΜΟΝΟΠΡΟΣΩΠΗ Ι.Κ.Ε.","A","free-mail","kaloudig@yahoo.gr","6979975337","ΠΕΝΤΕΛΗΣ / ΒΟΡΕΙΟΥ ΤΟΜΕΑ ΑΘΗΝΩΝ","ΑΤΤΙΚΗΣ","ΙΚΕ","2022","","","ΥΠΗΡΕΣΙΕΣ ΕΝΟΙΚΙΑΣΗΣ ΤΟΥΡΙΣΤΙΚΟΥ ΣΚΑΦΟΥΣ, ΧΩΡΙΣ ΠΛΗΡΩΜΑ","167578601000","801984057","yahoo.gr"
"IRIS SAILING ΜΟΝΟΠΡΟΣΩΠΗ Ι.Κ.Ε.","A","free-mail","epantelaiou@gmail.com","6936953792","ΑΧΑΡΝΩΝ / ΑΝΑΤΟΛΙΚΗΣ ΑΤΤΙΚΗΣ","ΑΤΤΙΚΗΣ","ΙΚΕ","2026","","","ΥΠΗΡΕΣΙΕΣ ΕΝΟΙΚΙΑΣΗΣ ΤΟΥΡΙΣΤΙΚΟΥ ΣΚΑΦΟΥΣ, ΧΩΡΙΣ ΠΛΗΡΩΜΑ","195163401000","803352732","gmail.com"
"IRIS YACHTING ΜΟΝΟΠΡΟΣΩΠΗ Ι.Κ.Ε.","A","free-mail","a.goutidis@gmail.com","2106435085","ΓΛΥΦΑΔΑΣ / ΝΟΤΙΟΥ ΤΟΜΕΑ ΑΘΗΝΩΝ","ΑΤΤΙΚΗΣ","ΙΚΕ","2023","","","ΥΠΗΡΕΣΙΕΣ ΕΝΟΙΚΙΑΣΗΣ ΕΠΑΓΓΕΛΜΑΤΙΚΟΥ ΤΟΥΡΙΣΤΙΚΟΥ ΣΚΑΦΟΥΣ ΜΕ ΠΛΗΡΩΜΑ","172859401000","802243820","gmail.com"
"ISENBERG YACHTING ΜΟΝΟΠΡΟΣΩΠΗ ΙΔΙΩΤΙΚΗ ΚΕΦΑΛΑΙΟΥΧΙΚΗ ΕΤΑΙΡΕΙΑ","A","free-mail","a.g.tsilikis@gmail.com","6947151186","ΑΚΤΙΟΥ-ΒΟΝΙΤΣΑΣ / ΑΙΤΩΛΟΑΚΑΡΝΑΝΙΑΣ","ΑΙΤΩΛΟΑΚΑΡΝΑΝΙΑΣ","ΙΚΕ","2022","","","ΥΠΗΡΕΣΙΕΣ ΕΝΟΙΚΙΑΣΗΣ ΤΟΥΡΙΣΤΙΚΟΥ ΣΚΑΦΟΥΣ, ΧΩΡΙΣ ΠΛΗΡΩΜΑ","164786612000","801864164","gmail.com"
"ISIDORO MARIO ANGELO GIOVANNI EVANGELISTA","A","free-mail","isidiver@yahoo.com","","ΝΑΞΟΥ & ΜΙΚΡΩΝ ΚΥΚΛΑΔΩΝ / ΝΑΞΟΥ","ΚΥΚΛΑΔΩΝ","ΑΤΟΜΙΚΗ","2019","","","ΥΠΗΡΕΣΙΕΣ ΘΑΛΑΣΣΙΩΝ ΚΑΙ ΠΑΡΑΚΤΙΩΝ ΜΕΤΑΦΟΡΩΝ ΕΠΙΒΑΤΩΝ ΜΕ ΘΑΛΑΜΗΓΟΥΣ - ΤΟΥΡΙΣΤΙΚΑ ΠΛΟΙΑ ΜΕ ΕΛΛΗΝΙΚΗ ΣΗΜΑΙΑ","48743438000","038147920","yahoo.com"
"ISLAND TOUR ΜΟΝΟΠΡΟΣΩΠΗ Ι.Κ.Ε.","A","free-mail","gardenline@yahoo.gr","2109838760","ΑΡΓΟΥΣ-ΜΥΚΗΝΩΝ / ΑΡΓΟΛΙΔΑΣ","ΑΡΓΟΛΙΔΑΣ","ΙΚΕ","2024","","","ΥΠΗΡΕΣΙΕΣ ΕΝΟΙΚΙΑΣΗΣ ΤΟΥΡΙΣΤΙΚΟΥ ΣΚΑΦΟΥΣ, ΧΩΡΙΣ ΠΛΗΡΩΜΑ","176610813000","802452040","yahoo.gr"
"IVA IVANOVIC","A","free-mail","vmessini@gmail.com","2645023388","ΛΕΥΚΑΔΑΣ / ΛΕΥΚΑΔΑΣ","ΛΕΥΚΑΔΑΣ","ΑΤΟΜΙΚΗ","2019","","","ΥΠΗΡΕΣΙΕΣ ΕΝΟΙΚΙΑΣΗΣ ΤΟΥΡΙΣΤΙΚΟΥ ΣΚΑΦΟΥΣ, ΧΩΡΙΣ ΠΛΗΡΩΜΑ","153200343000","170873016","gmail.com"
"J.M.SM. HOLDINGS LTD","A","free-mail","kokkinisaggelos@hotmail.com","2107719839","ΚΑΜΕΝΩΝ ΒΟΥΡΛΩΝ / ΦΘΙΩΤΙΔΑΣ","ΦΘΙΩΤΙΔΑΣ","Υποκατάστημα Αλλοδαπής","2016","","","ΥΠΗΡΕΣΙΕΣ ΕΝΟΙΚΙΑΣΗΣ ΤΟΥΡΙΣΤΙΚΟΥ ΣΚΑΦΟΥΣ, ΧΩΡΙΣ ΠΛΗΡΩΜΑ","139425054001","997151126","hotmail.com"
"JLR SERVICES ΜΟΝΟΠΡΟΣΩΠΗ Ι.Κ.Ε.","A","free-mail","christos.pavlopoulos@gmail.com","2108003190","ΚΗΦΙΣΙΑΣ / ΒΟΡΕΙΟΥ ΤΟΜΕΑ ΑΘΗΝΩΝ","ΑΤΤΙΚΗΣ","ΙΚΕ","2024","","","ΥΠΗΡΕΣΙΕΣ ΕΝΟΙΚΙΑΣΗΣ ΣΚΑΦΩΝ ΘΑΛΑΣΣΙΑΣ ΚΑΙ ΑΚΤΟΠΛΟΪΚΗΣ ΜΕΤΑΦΟΡΑΣ ΕΠΙΒΑΤΩΝ ΜΕ ΧΕΙΡΙΣΤΗ","179321803000","802598826","gmail.com"
"JOHANNES HENDRICUS SEIJERLIN - GERARDUS JOHANNES VAN DER LINDEN OE","A","free-mail","dkorfou@gmail.com","2661090868","ΚΕΝΤΡΙΚΗΣ ΚΕΡΚΥΡΑΣ ΚΑΙ ΔΙΑΠΟΝΤΙΩΝ ΝΗΣΩΝ / ΚΕΡΚΥΡΑΣ","ΚΕΡΚΥΡΑΣ","ΟΕ","2018","","","ΥΠΗΡΕΣΙΕΣ ΕΝΟΙΚΙΑΣΗΣ ΤΟΥΡΙΣΤΙΚΟΥ ΣΚΑΦΟΥΣ, ΧΩΡΙΣ ΠΛΗΡΩΜΑ","145525633000","800947316","gmail.com"
"JOKER YACHTING CLUB Ι.Κ.Ε.","A","free-mail","giorgos94pap@gmail.com","6978264705","ΠΕΡΙΣΤΕΡΙΟΥ / ΔΥΤΙΚΟΥ ΤΟΜΕΑ ΑΘΗΝΩΝ","ΑΤΤΙΚΗΣ","ΙΚΕ","2020","","","ΥΠΗΡΕΣΙΕΣ ΕΝΟΙΚΙΑΣΗΣ ΕΠΑΓΓΕΛΜΑΤΙΚΟΥ ΤΟΥΡΙΣΤΙΚΟΥ ΣΚΑΦΟΥΣ ΜΕ ΠΛΗΡΩΜΑ","154434201000","801324830","gmail.com"
"JOMEL YACHTING LIMITED ΥΠΟΚΑΤΑΣΤΗΜΑ ΑΛΛΟΔΑΠΗΣ","A","free-mail","sathan1@yahoo.com","+35621236206","ΑΜΑΡΟΥΣΙΟΥ / ΒΟΡΕΙΟΥ ΤΟΜΕΑ ΑΘΗΝΩΝ","ΑΤΤΙΚΗΣ","Υποκατάστημα Αλλοδαπής","2026","","","ΥΠΗΡΕΣΙΕΣ ΕΝΟΙΚΙΑΣΗΣ ΕΠΑΓΓΕΛΜΑΤΙΚΟΥ ΤΟΥΡΙΣΤΙΚΟΥ ΣΚΑΦΟΥΣ ΜΕ ΠΛΗΡΩΜΑ","192859101001","803241509","yahoo.com"
"JOY MARINE CO. LTD ΥΠΟΚΑΤΑΣΤΗΜΑ ΑΛΛΟΔΑΠΗΣ","A","free-mail","stel_alexan@yahoo.com","2104112397","ΓΛΥΦΑΔΑΣ / ΝΟΤΙΟΥ ΤΟΜΕΑ ΑΘΗΝΩΝ","ΑΤΤΙΚΗΣ","Υποκατάστημα Αλλοδαπής","2021","","","ΥΠΗΡΕΣΙΕΣ ΕΝΟΙΚΙΑΣΗΣ ΕΠΑΓΓΕΛΜΑΤΙΚΟΥ ΤΟΥΡΙΣΤΙΚΟΥ ΣΚΑΦΟΥΣ ΜΕ ΠΛΗΡΩΜΑ","159299501001","996737188","yahoo.com"
"JP Hellenic Yachting Ι.Κ.Ε.","A","free-mail","proivag@yahoo.gr","6973532568","ΑΜΦΙΠΟΛΗΣ / ΣΕΡΡΩΝ","ΣΕΡΡΩΝ","ΙΚΕ","2023","","","ΥΠΗΡΕΣΙΕΣ ΕΝΟΙΚΙΑΣΗΣ ΤΟΥΡΙΣΤΙΚΟΥ ΣΚΑΦΟΥΣ, ΧΩΡΙΣ ΠΛΗΡΩΜΑ","172116152000","802207266","yahoo.gr"
"K & K YACHTING Ι.Κ.Ε.","A","free-mail","koulkoudinassp@gmail.com","6945776775","ΚΑΤΕΡΙΝΗΣ / ΠΙΕΡΙΑΣ","ΠΙΕΡΙΑΣ","ΙΚΕ","2021","","","ΥΠΗΡΕΣΙΕΣ ΕΝΟΙΚΙΑΣΗΣ ΤΟΥΡΙΣΤΙΚΟΥ ΣΚΑΦΟΥΣ, ΧΩΡΙΣ ΠΛΗΡΩΜΑ","158744648000","801538520","gmail.com"
"KAJA NIKOLIN Ο.Ε.","A","free-mail","eldorisboatreantals@gmail.com","6942927399","ΜΗΛΟΥ / ΜΗΛΟΥ","ΚΥΚΛΑΔΩΝ","ΟΕ","2024","","","ΥΠΗΡΕΣΙΕΣ ΕΝΟΙΚΙΑΣΗΣ ΠΛΟΙΩΝ ΨΥΧΑΓΩΓΙΑΣ (ΚΟΤΕΡΩΝ, ΘΑΛΑΜΗΓΩΝ, ΒΕΝΖΙΝΑΚΑΤΩΝ ΚΛΠ), ΧΩΡΙΣ ΠΛΗΡΩΜΑ","175341038000","802380493","gmail.com"
"KALYMNA YACHTING CLUB Ε.Ε.","A","free-mail","kycgreece@gmail.com","2241033246","ΚΑΛΥΜΝΙΩΝ / ΚΑΛΥΜΝΟΥ","ΔΩΔΕΚΑΝΗΣΟΥ","ΕΕ","2024","","","ΥΠΗΡΕΣΙΕΣ ΕΝΟΙΚΙΑΣΗΣ ΠΛΟΙΩΝ ΨΥΧΑΓΩΓΙΑΣ (ΚΟΤΕΡΩΝ, ΘΑΛΑΜΗΓΩΝ, ΒΕΝΖΙΝΑΚΑΤΩΝ ΚΛΠ), ΧΩΡΙΣ ΠΛΗΡΩΜΑ","176285620000","802434291","gmail.com"
"KALYPSO BOAT TOUR Ο.Ε.","A","free-mail","memetisgiannhs@gmail.com","6971838124","ΛΗΞΟΥΡΙΟΥ / ΚΕΦΑΛΛΗΝΙΑΣ","ΚΕΦΑΛΛΗΝΙΑΣ","ΟΕ","2024","","","ΥΠΗΡΕΣΙΕΣ ΘΑΛΑΣΣΙΩΝ ΚΑΙ ΠΑΡΑΚΤΙΩΝ ΜΕΤΑΦΟΡΩΝ ΕΠΙΒΑΤΩΝ ΜΕ ΘΑΛΑΜΗΓΟΥΣ - ΤΟΥΡΙΣΤΙΚΑ ΠΛΟΙΑ ΜΕ ΕΛΛΗΝΙΚΗ ΣΗΜΑΙΑ","179051734000","802584047","gmail.com"
"KALYVES RENT A BOAT Ο.Ε.","A","free-mail","sentoukas@yahoo.gr","6987033279","ΑΠΟΚΟΡΩΝΟΥ / ΧΑΝΙΩΝ","ΧΑΝΙΩΝ","ΟΕ","2026","","","ΥΠΗΡΕΣΙΕΣ ΕΝΟΙΚΙΑΣΗΣ ΤΟΥΡΙΣΤΙΚΟΥ ΣΚΑΦΟΥΣ, ΧΩΡΙΣ ΠΛΗΡΩΜΑ","191838058000","803197101","yahoo.gr"
"KARTSIMADAKIS BERBECEL Ε.Ε.","A","free-mail","kartsimadakesspyros@gmail.com","6934859349","ΛΗΜΝΟΥ / ΛΗΜΝΟΥ","ΛΕΣΒΟΥ","ΕΕ","2026","","","ΥΠΗΡΕΣΙΕΣ ΕΝΟΙΚΙΑΣΗΣ ΤΟΥΡΙΣΤΙΚΟΥ ΣΚΑΦΟΥΣ, ΧΩΡΙΣ ΠΛΗΡΩΜΑ","191263442000","803171656","gmail.com"
"KAVALA YACHTING Ε.Ε.","A","free-mail","danaignkd@gmail.com","2510226517","ΚΑΒΑΛΑΣ / ΚΑΒΑΛΑΣ","ΚΑΒΑΛΑΣ","ΕΕ","2022","","","ΥΠΗΡΕΣΙΕΣ ΕΝΟΙΚΙΑΣΗΣ ΤΟΥΡΙΣΤΙΚΟΥ ΣΚΑΦΟΥΣ, ΧΩΡΙΣ ΠΛΗΡΩΜΑ","163077730000","801774042","gmail.com"
"KAVAS EA Ι.Κ.Ε.","A","free-mail","logistirio.kavas@gmail.com","2109849961","ΚΟΜΟΤΗΝΗΣ / ΡΟΔΟΠΗΣ","ΡΟΔΟΠΗΣ","ΙΚΕ","2023","","","ΥΠΗΡΕΣΙΕΣ ΕΝΟΙΚΙΑΣΗΣ ΤΟΥΡΙΣΤΙΚΟΥ ΣΚΑΦΟΥΣ, ΧΩΡΙΣ ΠΛΗΡΩΜΑ","167914110000","802000058","gmail.com"
"KAVASNORTHSAILING Ι.Κ.Ε.","A","free-mail","grsgritzelakis@gmail.com","2591051180","ΝΕΣΤΟΥ / ΚΑΒΑΛΑΣ","ΚΑΒΑΛΑΣ","ΙΚΕ","2022","","","ΥΠΗΡΕΣΙΕΣ ΕΝΟΙΚΙΑΣΗΣ ΤΟΥΡΙΣΤΙΚΟΥ ΣΚΑΦΟΥΣ, ΧΩΡΙΣ ΠΛΗΡΩΜΑ","162439230000","801738079","gmail.com"
"KEA NAUTICAL VENTURES LTD ΥΠΟΚΑΤΑΣΤΗΜΑ ΑΛΛΟΔΑΠΗΣ","A","free-mail","eliannahalida@gmail.com","2107296000","ΑΘΗΝΑΙΩΝ / ΚΕΝΤΡΙΚΟΥ ΤΟΜΕΑ ΑΘΗΝΩΝ","ΑΤΤΙΚΗΣ","Υποκατάστημα Αλλοδαπής","2023","","","ΥΠΗΡΕΣΙΕΣ ΕΝΟΙΚΙΑΣΗΣ ΕΠΑΓΓΕΛΜΑΤΙΚΟΥ ΤΟΥΡΙΣΤΙΚΟΥ ΣΚΑΦΟΥΣ ΜΕ ΠΛΗΡΩΜΑ","170846501001","996570071","gmail.com"
"KKS GROUP OF COMPANIES ΙΔΙΩΤΙΚΗ ΚΕΦΑΛΑΙΟΥΧΙΚΗ ΕΤΑΙΡΕΙΑ","A","free-mail","kksgroup.ike@gmail.com","6944520068","ΒΑΡΗΣ - ΒΟΥΛΑΣ - ΒΟΥΛΙΑΓΜΕΝΗΣ / ΑΝΑΤΟΛΙΚΗΣ ΑΤΤΙΚΗΣ","ΑΤΤΙΚΗΣ","ΙΚΕ","2020","","","ΥΠΗΡΕΣΙΕΣ ΕΝΟΙΚΙΑΣΗΣ ΕΠΑΓΓΕΛΜΑΤΙΚΟΥ ΤΟΥΡΙΣΤΙΚΟΥ ΣΚΑΦΟΥΣ ΜΕ ΠΛΗΡΩΜΑ","155372803000","801371290","gmail.com"
"KORFU-SEGELN ΜΟΝΟΠΡΟΣΩΠΗ Ι.Κ.Ε.","A","free-mail","asonitisoffice@yahoo.gr","2661032425","ΚΕΝΤΡΙΚΗΣ ΚΕΡΚΥΡΑΣ ΚΑΙ ΔΙΑΠΟΝΤΙΩΝ ΝΗΣΩΝ / ΚΕΡΚΥΡΑΣ","ΚΕΡΚΥΡΑΣ","ΙΚΕ","2025","","","ΥΠΗΡΕΣΙΕΣ ΕΝΟΙΚΙΑΣΗΣ ΠΛΟΙΩΝ ΨΥΧΑΓΩΓΙΑΣ (ΚΟΤΕΡΩΝ, ΘΑΛΑΜΗΓΩΝ, ΒΕΝΖΙΝΑΚΑΤΩΝ ΚΛΠ) ΜΕ ΠΛΗΡΩΜΑ","187666733000","803024865","yahoo.gr"
"KOSNIK IKE","A","free-mail","manolasnikiforos@gmail.com","6977676429","ΝΑΞΟΥ & ΜΙΚΡΩΝ ΚΥΚΛΑΔΩΝ / ΝΑΞΟΥ","ΚΥΚΛΑΔΩΝ","ΙΚΕ","2018","","","ΥΠΗΡΕΣΙΕΣ ΕΝΟΙΚΙΑΣΗΣ ΣΚΑΦΩΝ ΘΑΛΑΣΣΙΑΣ ΚΑΙ ΑΚΤΟΠΛΟΪΚΗΣ ΜΕΤΑΦΟΡΑΣ ΕΠΙΒΑΤΩΝ ΜΕ ΧΕΙΡΙΣΤΗ","144941438000","800920224","gmail.com"
"KOSRENTABOAT Ι.Κ.Ε. (Υποκατάστημα)","A","free-mail","koscateringservices@gmail.com","6945387333","ΚΩ / ΚΩ","ΔΩΔΕΚΑΝΗΣΟΥ","ΙΚΕ","2024","","","ΥΠΗΡΕΣΙΕΣ ΕΝΟΙΚΙΑΣΗΣ ΤΟΥΡΙΣΤΙΚΟΥ ΣΚΑΦΟΥΣ, ΧΩΡΙΣ ΠΛΗΡΩΜΑ","157559520001","801472758","gmail.com"
"LAGOON 51 ONE FEELING Ι.Κ.Ε.","A","free-mail","christos.georgopoulos@gmail.com","6944634286","ΧΑΛΑΝΔΡΙΟΥ / ΒΟΡΕΙΟΥ ΤΟΜΕΑ ΑΘΗΝΩΝ","ΑΤΤΙΚΗΣ","ΙΚΕ","2025","","","ΥΠΗΡΕΣΙΕΣ ΕΝΟΙΚΙΑΣΗΣ ΤΟΥΡΙΣΤΙΚΟΥ ΣΚΑΦΟΥΣ, ΧΩΡΙΣ ΠΛΗΡΩΜΑ","183773501000","802841892","gmail.com"
"LAMELA CHARTER Ι.Κ.Ε.","A","free-mail","tsimpoukidis.logistiko.grafeio@gmail.com","2310676055","ΘΕΣΣΑΛΟΝΙΚΗΣ / ΘΕΣΣΑΛΟΝΙΚΗΣ","ΘΕΣΣΑΛΟΝΙΚΗΣ","ΙΚΕ","2026","","","ΥΠΗΡΕΣΙΕΣ ΕΝΟΙΚΙΑΣΗΣ ΤΟΥΡΙΣΤΙΚΟΥ ΣΚΑΦΟΥΣ, ΧΩΡΙΣ ΠΛΗΡΩΜΑ","191856906000","803197997","gmail.com"
"LANDMARK ΟΜΟΡΡΥΘΜΗ ΕΤΑΙΡΕΙΑ","A","free-mail","landmarkoe@gmail.com","2841021170","ΑΓΙΟΥ ΝΙΚΟΛΑΟΥ / ΛΑΣΙΘΙΟΥ","ΛΑΣΙΘΙΟΥ","ΟΕ","2021","","","ΥΠΗΡΕΣΙΕΣ ΣΚΑΦΩΝ ΕΚΔΡΟΜΩΝ ΚΑΙ ΠΕΡΙΗΓΗΣΕΩΝ ΘΑΛΑΣΣΑΣ","157843441000","801488455","gmail.com"
"LATIΝ VIBES LIMITED GREEK BRANCH ΥΠΟΚΑΤΑΣΤΗΜΑ ΑΛΛΟΔΑΠΗΣ","A","free-mail","antaxadvisos@gmail.com","0035622582300","ΑΛΙΜΟΥ / ΝΟΤΙΟΥ ΤΟΜΕΑ ΑΘΗΝΩΝ","ΑΤΤΙΚΗΣ","Υποκατάστημα Αλλοδαπής","2026","","","ΥΠΗΡΕΣΙΕΣ ΕΝΟΙΚΙΑΣΗΣ ΕΠΑΓΓΕΛΜΑΤΙΚΟΥ ΤΟΥΡΙΣΤΙΚΟΥ ΣΚΑΦΟΥΣ ΜΕ ΠΛΗΡΩΜΑ","192427801001","803222151","gmail.com"
"LE BER ANDREW NORMAN & LE BER CAROLE Ε.Ε.","A","free-mail","andynleber@hotmail.com","6934229483","ΚΩ / ΚΩ","ΔΩΔΕΚΑΝΗΣΟΥ","ΕΕ","2023","","","ΥΠΗΡΕΣΙΕΣ ΕΝΟΙΚΙΑΣΗΣ ΠΛΟΙΩΝ ΨΥΧΑΓΩΓΙΑΣ (ΚΟΤΕΡΩΝ, ΘΑΛΑΜΗΓΩΝ, ΒΕΝΖΙΝΑΚΑΤΩΝ ΚΛΠ), ΧΩΡΙΣ ΠΛΗΡΩΜΑ","171953220000","802199631","hotmail.com"
"Leeway Αγγελική Πολυζώη Ιδιωτική Κεφαλαιουχική Εταιρεία","A","free-mail","angelapolyzoi@gmail.com","2106257500","ΗΓΟΥΜΕΝΙΤΣΑΣ / ΘΕΣΠΡΩΤΙΑΣ","ΘΕΣΠΡΩΤΙΑΣ","ΙΚΕ","2018","","","ΥΠΗΡΕΣΙΕΣ ΕΝΟΙΚΙΑΣΗΣ ΤΟΥΡΙΣΤΙΚΟΥ ΣΚΑΦΟΥΣ, ΧΩΡΙΣ ΠΛΗΡΩΜΑ","145581728000","800949973","gmail.com"
"LEFKAS YACHTING Ο.Ε.","A","free-mail","hrasiaravas@gmail.com","6945871770","ΙΩΑΝΝΙΤΩΝ / ΙΩΑΝΝΙΝΩΝ","ΙΩΑΝΝΙΝΩΝ","ΟΕ","2024","","","ΥΠΗΡΕΣΙΕΣ ΕΝΟΙΚΙΑΣΗΣ ΤΟΥΡΙΣΤΙΚΟΥ ΣΚΑΦΟΥΣ, ΧΩΡΙΣ ΠΛΗΡΩΜΑ","175950029000","802415412","gmail.com"
"LEGEND CLASSIC SAILING ΙΚΕ","A","free-mail","tridentagencyoffice@yahoo.gr","6936401900","ΠΑΞΩΝ / ΚΕΡΚΥΡΑΣ","ΚΕΡΚΥΡΑΣ","ΙΚΕ","2018","","","ΥΠΗΡΕΣΙΕΣ ΕΝΟΙΚΙΑΣΗΣ ΤΟΥΡΙΣΤΙΚΟΥ ΣΚΑΦΟΥΣ, ΧΩΡΙΣ ΠΛΗΡΩΜΑ","147040133000","801017344","yahoo.gr"
"LEGENT CHARTER ΜΟΝΟΠΡΟΣΩΠΗ Ι.Κ.Ε.","A","free-mail","giannoskuriakou@gmail.com","6947676804","ΧΑΛΑΝΔΡΙΟΥ / ΒΟΡΕΙΟΥ ΤΟΜΕΑ ΑΘΗΝΩΝ","ΑΤΤΙΚΗΣ","ΙΚΕ","2023","","","ΥΠΗΡΕΣΙΕΣ ΕΝΟΙΚΙΑΣΗΣ ΤΟΥΡΙΣΤΙΚΟΥ ΣΚΑΦΟΥΣ, ΧΩΡΙΣ ΠΛΗΡΩΜΑ","169790501000","802092890","gmail.com"
"LEONELLO LORENZO","A","free-mail","aravanistakis1@gmail.com","2645024072","ΛΕΥΚΑΔΑΣ / ΛΕΥΚΑΔΑΣ","ΛΕΥΚΑΔΑΣ","ΑΤΟΜΙΚΗ","2019","","","ΥΠΗΡΕΣΙΕΣ ΕΝΟΙΚΙΑΣΗΣ ΤΟΥΡΙΣΤΙΚΟΥ ΣΚΑΦΟΥΣ, ΧΩΡΙΣ ΠΛΗΡΩΜΑ","151274643000","170864580","gmail.com"
"LGS YACHTING Ε.Ε.","A","free-mail","dgogos@hotmail.com","2104294247","ΠΕΙΡΑΙΩΣ / ΠΕΙΡΑΙΩΣ","ΑΤΤΙΚΗΣ","ΕΕ","2024","","","ΥΠΗΡΕΣΙΕΣ ΕΝΟΙΚΙΑΣΗΣ ΣΚΑΦΩΝ ΘΑΛΑΣΣΙΑΣ ΚΑΙ ΑΚΤΟΠΛΟΪΚΗΣ ΜΕΤΑΦΟΡΑΣ ΕΠΙΒΑΤΩΝ ΜΕ ΧΕΙΡΙΣΤΗ","177643308000","802505663","hotmail.com"
"LINDA ΙΔΙΩΤΙΚΗ ΚΕΦΑΛΑΙΟΥΧΙΚΗ ΕΤΑΙΡΕΙΑ","A","free-mail","andreaskal.na@gmail.com","2109600160","ΚΡΩΠΙΑΣ / ΑΝΑΤΟΛΙΚΗΣ ΑΤΤΙΚΗΣ","ΑΤΤΙΚΗΣ","ΙΚΕ","2022","","","ΥΠΗΡΕΣΙΕΣ ΕΝΟΙΚΙΑΣΗΣ ΤΟΥΡΙΣΤΙΚΟΥ ΣΚΑΦΟΥΣ, ΧΩΡΙΣ ΠΛΗΡΩΜΑ","163676803000","801805430","gmail.com"
"LOCO YACHTING ΜΟΝΟΠΡΟΣΩΠΗ Ι.Κ.Ε.","A","free-mail","thanosarag@hotmail.com","6986997613","ΚΟΡΥΔΑΛΛΟΥ / ΠΕΙΡΑΙΩΣ","ΑΤΤΙΚΗΣ","ΙΚΕ","2024","","","ΥΠΗΡΕΣΙΕΣ ΕΝΟΙΚΙΑΣΗΣ ΤΟΥΡΙΣΤΙΚΟΥ ΣΚΑΦΟΥΣ, ΧΩΡΙΣ ΠΛΗΡΩΜΑ","175069307000","802364708","hotmail.com"
"LOKA ANDON Ο.Ε.","A","free-mail","NIKQ30@YAHOO.GR","6981882915","ΖΑΚΥΝΘΟΥ / ΖΑΚΥΝΘΟΥ","ΖΑΚΥΝΘΟΥ","ΟΕ","2025","","","ΥΠΗΡΕΣΙΕΣ ΕΝΟΙΚΙΑΣΗΣ ΕΠΑΓΓΕΛΜΑΤΙΚΟΥ ΤΟΥΡΙΣΤΙΚΟΥ ΣΚΑΦΟΥΣ ΜΕ ΠΛΗΡΩΜΑ","181525924000","802720025","yahoo.gr"
"LUCHIANCENCO MARINA","A","free-mail","mefrenoglou@gmail.com","2310677599","ΣΙΘΩΝΙΑΣ / ΧΑΛΚΙΔΙΚΗΣ","ΧΑΛΚΙΔΙΚΗΣ","ΑΤΟΜΙΚΗ","2024","","","ΥΠΗΡΕΣΙΕΣ ΕΝΟΙΚΙΑΣΗΣ ΤΟΥΡΙΣΤΙΚΟΥ ΣΚΑΦΟΥΣ, ΧΩΡΙΣ ΠΛΗΡΩΜΑ","177238057000","145118049","gmail.com"
"LUNA MARIS Ι.Κ.Ε.","A","free-mail","tsolisacc@gmail.com","6947561751","ΖΙΤΣΑΣ / ΙΩΑΝΝΙΝΩΝ","ΙΩΑΝΝΙΝΩΝ","ΙΚΕ","2025","","","ΥΠΗΡΕΣΙΕΣ ΕΝΟΙΚΙΑΣΗΣ ΤΟΥΡΙΣΤΙΚΟΥ ΣΚΑΦΟΥΣ, ΧΩΡΙΣ ΠΛΗΡΩΜΑ","184072429000","802857865","gmail.com"
"Luna Yacht and Charter Ι.Κ.Ε.","A","free-mail","sachasnl@gmail.com","6972722425","ΓΛΥΦΑΔΑΣ / ΝΟΤΙΟΥ ΤΟΜΕΑ ΑΘΗΝΩΝ","ΑΤΤΙΚΗΣ","ΙΚΕ","2025","","","ΥΠΗΡΕΣΙΕΣ ΕΝΟΙΚΙΑΣΗΣ ΠΛΟΙΩΝ ΨΥΧΑΓΩΓΙΑΣ (ΚΟΤΕΡΩΝ, ΘΑΛΑΜΗΓΩΝ, ΒΕΝΖΙΝΑΚΑΤΩΝ ΚΛΠ), ΧΩΡΙΣ ΠΛΗΡΩΜΑ","185710301000","802936543","gmail.com"
"LUXURY YACHTING GREECE Ο.Ε.","A","free-mail","katerinampara@hotmail.com","6940874758","ΧΙΟΥ / ΧΙΟΥ","ΧΙΟΥ","ΟΕ","2025","","","ΥΠΗΡΕΣΙΕΣ ΕΝΟΙΚΙΑΣΗΣ ΤΟΥΡΙΣΤΙΚΟΥ ΣΚΑΦΟΥΣ, ΧΩΡΙΣ ΠΛΗΡΩΜΑ","181744659000","802732190","hotmail.com"
"M.G.A. YACHTING ΙΔΙΩΤΙΚΗ ΚΕΦΑΛΑΙΟΥΧΙΚΗ ΕΤΑΙΡΕΙΑ","A","free-mail","chrtig@otenet.gr","2421034015","ΒΟΛΟΥ / ΜΑΓΝΗΣΙΑΣ","ΜΑΓΝΗΣΙΑΣ","ΙΚΕ","2023","","","ΥΠΗΡΕΣΙΕΣ ΕΝΟΙΚΙΑΣΗΣ ΣΚΑΦΩΝ ΘΑΛΑΣΣΙΑΣ ΚΑΙ ΑΚΤΟΠΛΟΪΚΗΣ ΜΕΤΑΦΟΡΑΣ ΕΠΙΒΑΤΩΝ ΜΕ ΧΕΙΡΙΣΤΗ","168812744000","802045261","otenet.gr"
"MAJESTICS R&B CORFU Ο.Ε.","A","free-mail","lpcorfu@gmail.com","2661036484","ΒΟΡΕΙΑΣ ΚΕΡΚΥΡΑΣ / ΚΕΡΚΥΡΑΣ","ΚΕΡΚΥΡΑΣ","ΟΕ","2024","","","ΥΠΗΡΕΣΙΕΣ ΕΝΟΙΚΙΑΣΗΣ ΣΚΑΦΩΝ ΘΑΛΑΣΣΙΑΣ ΚΑΙ ΑΚΤΟΠΛΟΪΚΗΣ ΜΕΤΑΦΟΡΑΣ ΕΠΙΒΑΤΩΝ ΜΕ ΧΕΙΡΙΣΤΗ","181071733000","802694119","gmail.com"
"MALU YACHTING ΜΟΝΟΠΡΟΣΩΠΗ Ι.Κ.Ε.","A","free-mail","korovesisgior@yahoo.gr","6908853151","ΑΘΗΝΑΙΩΝ / ΚΕΝΤΡΙΚΟΥ ΤΟΜΕΑ ΑΘΗΝΩΝ","ΑΤΤΙΚΗΣ","ΙΚΕ","2023","","","ΥΠΗΡΕΣΙΕΣ ΕΝΟΙΚΙΑΣΗΣ ΤΟΥΡΙΣΤΙΚΟΥ ΣΚΑΦΟΥΣ, ΧΩΡΙΣ ΠΛΗΡΩΜΑ","170118201000","802108910","yahoo.gr"
"MANI BOATS Ε.Ε.","A","free-mail","andromala@hotmail.com","2103412009","ΔΥΤΙΚΗΣ ΜΑΝΗΣ / ΜΕΣΣΗΝΙΑΣ","ΜΕΣΣΗΝΙΑΣ","ΕΕ","2024","","","ΥΠΗΡΕΣΙΕΣ ΕΝΟΙΚΙΑΣΗΣ ΤΟΥΡΙΣΤΙΚΟΥ ΣΚΑΦΟΥΣ, ΧΩΡΙΣ ΠΛΗΡΩΜΑ","175046245000","802363423","hotmail.com"
"MANI YACHTING ΜΟΝΟΠΡΟΣΩΠΗ Ι.Κ.Ε.","A","free-mail","kapouleaskosmima@gmail.com","6945984618","ΚΑΛΑΜΑΤΑΣ / ΜΕΣΣΗΝΙΑΣ","ΜΕΣΣΗΝΙΑΣ","ΙΚΕ","2023","","","ΥΠΗΡΕΣΙΕΣ ΕΝΟΙΚΙΑΣΗΣ ΤΟΥΡΙΣΤΙΚΟΥ ΣΚΑΦΟΥΣ, ΧΩΡΙΣ ΠΛΗΡΩΜΑ","170208145000","802113378","gmail.com"
"MANTALO SAS ΥΠΟΚΑΤΑΣΤΗΜΑ ΑΛΛΟΔΑΠΗΣ","A","free-mail","legal.sosyachtingr@gmail.com","6942980619","ΑΘΗΝΑΙΩΝ / ΚΕΝΤΡΙΚΟΥ ΤΟΜΕΑ ΑΘΗΝΩΝ","ΑΤΤΙΚΗΣ","Υποκατάστημα Αλλοδαπής","2023","","","ΥΠΗΡΕΣΙΕΣ ΕΝΟΙΚΙΑΣΗΣ ΠΛΟΙΩΝ ΨΥΧΑΓΩΓΙΑΣ (ΚΟΤΕΡΩΝ, ΘΑΛΑΜΗΓΩΝ, ΒΕΝΖΙΝΑΚΑΤΩΝ ΚΛΠ) ΜΕ ΠΛΗΡΩΜΑ","170819701001","996569940","gmail.com"
"MAREA CRUISES ΙΔΙΩΤΙΚΗ ΚΕΦΑΛΑΙΟΥΧΙΚΗ ΕΤΑΙΡΕΙΑ","A","free-mail","cruisesmarea@gmail.com","6972123272","ΘΕΡΜΗΣ / ΘΕΣΣΑΛΟΝΙΚΗΣ","ΘΕΣΣΑΛΟΝΙΚΗΣ","ΙΚΕ","2026","","","ΥΠΗΡΕΣΙΕΣ ΣΚΑΦΩΝ ΕΚΔΡΟΜΩΝ ΚΑΙ ΠΕΡΙΗΓΗΣΕΩΝ ΘΑΛΑΣΣΑΣ","192477706000","803224629","gmail.com"
"MARINE SERVICES Ι.Κ.Ε.","A","free-mail","aogike@hotmail.com","2109640000","ΓΛΥΦΑΔΑΣ / ΝΟΤΙΟΥ ΤΟΜΕΑ ΑΘΗΝΩΝ","ΑΤΤΙΚΗΣ","ΙΚΕ","2023","","","ΥΠΗΡΕΣΙΕΣ ΕΝΟΙΚΙΑΣΗΣ ΠΛΟΙΩΝ ΨΥΧΑΓΩΓΙΑΣ (ΚΟΤΕΡΩΝ, ΘΑΛΑΜΗΓΩΝ, ΒΕΝΖΙΝΑΚΑΤΩΝ ΚΛΠ), ΧΩΡΙΣ ΠΛΗΡΩΜΑ","169917303000","802098936","hotmail.com"
"MARINEPLUS LIMITED GREEK BRANCH ΥΠΟΚΑΤΑΣΤΗΜΑ ΑΛΛΟΔΑΠΗΣ","A","free-mail","leomarltd@hotmail.com","2104112397","ΠΕΙΡΑΙΩΣ / ΠΕΙΡΑΙΩΣ","ΑΤΤΙΚΗΣ","Υποκατάστημα Αλλοδαπής","2025","","","ΥΠΗΡΕΣΙΕΣ ΕΝΟΙΚΙΑΣΗΣ ΕΠΑΓΓΕΛΜΑΤΙΚΟΥ ΤΟΥΡΙΣΤΙΚΟΥ ΣΚΑΦΟΥΣ ΜΕ ΠΛΗΡΩΜΑ","184566707001","996405262","hotmail.com"
"MARINESPA LIMITED ΥΠΟΚΑΤΑΣΤΗΜΑ ΑΛΛΟΔΑΠΗΣ","A","free-mail","spiroskasselas@gmail.com","2106250105","ΚΗΦΙΣΙΑΣ / ΒΟΡΕΙΟΥ ΤΟΜΕΑ ΑΘΗΝΩΝ","ΑΤΤΙΚΗΣ","Υποκατάστημα Αλλοδαπής","2019","","","ΥΠΗΡΕΣΙΕΣ ΕΝΟΙΚΙΑΣΗΣ ΕΠΑΓΓΕΛΜΑΤΙΚΟΥ ΤΟΥΡΙΣΤΙΚΟΥ ΣΚΑΦΟΥΣ ΜΕ ΠΛΗΡΩΜΑ","150480201001","996863654","gmail.com"
"MATARME CHARTER ΜΟΝΟΠΡΟΣΩΠΗ Ι.Κ.Ε.","A","free-mail","sachasnl@gmail.com","6972722425","ΓΛΥΦΑΔΑΣ / ΝΟΤΙΟΥ ΤΟΜΕΑ ΑΘΗΝΩΝ","ΑΤΤΙΚΗΣ","ΙΚΕ","2025","","","ΥΠΗΡΕΣΙΕΣ ΕΝΟΙΚΙΑΣΗΣ ΠΛΟΙΩΝ ΨΥΧΑΓΩΓΙΑΣ (ΚΟΤΕΡΩΝ, ΘΑΛΑΜΗΓΩΝ, ΒΕΝΖΙΝΑΚΑΤΩΝ ΚΛΠ), ΧΩΡΙΣ ΠΛΗΡΩΜΑ","181675701000","802728637","gmail.com"
"MAXLOC LTD GREEK BRANCH","A","free-mail","maxlocltd@gmail.com","","ΠΕΙΡΑΙΩΣ / ΠΕΙΡΑΙΩΣ","ΑΤΤΙΚΗΣ","Υποκατάστημα Αλλοδαπής","2024","","","ΥΠΗΡΕΣΙΕΣ ΕΝΟΙΚΙΑΣΗΣ ΠΛΟΙΩΝ ΨΥΧΑΓΩΓΙΑΣ (ΚΟΤΕΡΩΝ, ΘΑΛΑΜΗΓΩΝ, ΒΕΝΖΙΝΑΚΑΤΩΝ ΚΛΠ), ΧΩΡΙΣ ΠΛΗΡΩΜΑ","177999807001","996590137","gmail.com"
"MBRICE SOKOL ΚΑΙ ΣΙΑ Ε.Ε.","A","free-mail","sokolmbrice@gmail.com","","ΡΟΔΟΥ / ΡΟΔΟΥ","ΔΩΔΕΚΑΝΗΣΟΥ","ΕΕ","2024","","","ΥΠΗΡΕΣΙΕΣ ΣΚΑΦΩΝ ΕΚΔΡΟΜΩΝ ΚΑΙ ΠΕΡΙΗΓΗΣΕΩΝ ΘΑΛΑΣΣΑΣ","175751820000","802404065","gmail.com"
"MEDITERAN YACHT HELLAS ΕΠΕ","A","free-mail","dikolovos@gmail.com","2661032552","ΚΕΝΤΡΙΚΗΣ ΚΕΡΚΥΡΑΣ ΚΑΙ ΔΙΑΠΟΝΤΙΩΝ ΝΗΣΩΝ / ΚΕΡΚΥΡΑΣ","ΚΕΡΚΥΡΑΣ","Υποκατάστημα Αλλοδαπής","2019","","","ΥΠΗΡΕΣΙΕΣ ΕΝΟΙΚΙΑΣΗΣ ΠΛΟΙΩΝ ΨΥΧΑΓΩΓΙΑΣ (ΚΟΤΕΡΩΝ, ΘΑΛΑΜΗΓΩΝ, ΒΕΝΖΙΝΑΚΑΤΩΝ ΚΛΠ) ΜΕ ΠΛΗΡΩΜΑ","149957633001","997047777","gmail.com"
"MEDITERRANEAN SEA EXCURSIONS  Ι.Κ.Ε.","A","free-mail","gxatzifountas94@gmail.com","2241095512","ΡΟΔΟΥ / ΡΟΔΟΥ","ΔΩΔΕΚΑΝΗΣΟΥ","ΙΚΕ","2025","","","ΥΠΗΡΕΣΙΕΣ ΘΑΛΑΣΣΙΩΝ ΚΑΙ ΠΑΡΑΚΤΙΩΝ ΜΕΤΑΦΟΡΩΝ ΕΠΙΒΑΤΩΝ ΜΕ ΘΑΛΑΜΗΓΟΥΣ - ΤΟΥΡΙΣΤΙΚΑ ΠΛΟΙΑ ΜΕ ΕΛΛΗΝΙΚΗ ΣΗΜΑΙΑ","181815520000","802735917","gmail.com"
"MEGA YACHTS Ι.Κ.Ε.","A","free-mail","dimokas.s@gmail.com","2102388657","ΑΓΙΩΝ ΑΝΑΡΓΥΡΩΝ - ΚΑΜΑΤΕΡΟΥ / ΔΥΤΙΚΟΥ ΤΟΜΕΑ ΑΘΗΝΩΝ","ΑΤΤΙΚΗΣ","ΙΚΕ","2023","","","ΥΠΗΡΕΣΙΕΣ ΕΝΟΙΚΙΑΣΗΣ ΤΟΥΡΙΣΤΙΚΟΥ ΣΚΑΦΟΥΣ, ΧΩΡΙΣ ΠΛΗΡΩΜΑ","169558907000","802081444","gmail.com"
"MegaΣκάφη Αναψυχής Sphere ΜΟΝΟΠΡΟΣΩΠΗ Ι.Κ.Ε.","A","free-mail","megaskapheanapsyches@gmail.com","","ΠΕΙΡΑΙΩΣ / ΠΕΙΡΑΙΩΣ","ΑΤΤΙΚΗΣ","ΙΚΕ","2026","","","ΥΠΗΡΕΣΙΕΣ ΕΝΟΙΚΙΑΣΗΣ ΕΠΑΓΓΕΛΜΑΤΙΚΟΥ ΤΟΥΡΙΣΤΙΚΟΥ ΣΚΑΦΟΥΣ ΜΕ ΠΛΗΡΩΜΑ","192384609000","803220182","gmail.com"
"MERSISTAR LTD","A","free-mail","ath.cheliotis@gmail.com","2164003413","ΠΕΙΡΑΙΩΣ / ΠΕΙΡΑΙΩΣ","ΑΤΤΙΚΗΣ","Υποκατάστημα Αλλοδαπής","2021","","","ΥΠΗΡΕΣΙΕΣ ΕΝΟΙΚΙΑΣΗΣ ΕΠΑΓΓΕΛΜΑΤΙΚΟΥ ΤΟΥΡΙΣΤΙΚΟΥ ΣΚΑΦΟΥΣ ΜΕ ΠΛΗΡΩΜΑ","157798107001","996736303","gmail.com"
"MESSINIA YACHTS MANAGEMENT & ΤRAVEL Ι.Κ.Ε.","A","free-mail","dimpet470@hotmail.com","6937405456","ΚΑΛΑΜΑΤΑΣ / ΜΕΣΣΗΝΙΑΣ","ΜΕΣΣΗΝΙΑΣ","ΙΚΕ","2025","","","ΥΠΗΡΕΣΙΕΣ ΣΚΑΦΩΝ ΕΚΔΡΟΜΩΝ ΚΑΙ ΠΕΡΙΗΓΗΣΕΩΝ ΘΑΛΑΣΣΑΣ","183921745000","802849620","hotmail.com"
"MICHAEL - PIERRE - JEAN JOANI MATSAKIS","A","free-mail","michaelmatsakis@hotmail.com","","ΣΥΡΟΥ-ΕΡΜΟΥΠΟΛΗΣ / ΣΥΡΟΥ","ΚΥΚΛΑΔΩΝ","ΑΤΟΜΙΚΗ","2014","","","ΥΠΗΡΕΣΙΕΣ ΕΝΟΙΚΙΑΣΗΣ ΤΟΥΡΙΣΤΙΚΟΥ ΣΚΑΦΟΥΣ, ΧΩΡΙΣ ΠΛΗΡΩΜΑ","129145538000","132524131","hotmail.com"
"MINACORD, NAJEM PLOVIL IN ORGANIZACIJA KONCERTOV, DOO BRANCH OF GREECE","A","free-mail","e.venetsanos6@gmail.com","6974961510","ΠΕΙΡΑΙΩΣ / ΠΕΙΡΑΙΩΣ","ΑΤΤΙΚΗΣ","Υποκατάστημα Αλλοδαπής","2023","","","ΥΠΗΡΕΣΙΕΣ ΕΝΟΙΚΙΑΣΗΣ ΕΠΑΓΓΕΛΜΑΤΙΚΟΥ ΤΟΥΡΙΣΤΙΚΟΥ ΣΚΑΦΟΥΣ ΜΕ ΠΛΗΡΩΜΑ","171503807001","996570279","gmail.com"
"MIRA MARE S/Y ΜΟΝΟΠΡΟΣΩΠΗ Ι.Κ.Ε.","A","free-mail","logistikotsitoglou@gmail.com","2421025460","ΒΟΛΟΥ / ΜΑΓΝΗΣΙΑΣ","ΜΑΓΝΗΣΙΑΣ","ΙΚΕ","2023","","","ΥΠΗΡΕΣΙΕΣ ΕΝΟΙΚΙΑΣΗΣ ΤΟΥΡΙΣΤΙΚΟΥ ΣΚΑΦΟΥΣ, ΧΩΡΙΣ ΠΛΗΡΩΜΑ","168036644000","802007508","gmail.com"
"MIRAGE SEAWAYS Ε.Ε.","A","free-mail","mirageseaways@gmail.com","6985066309","ΠΕΙΡΑΙΩΣ / ΠΕΙΡΑΙΩΣ","ΑΤΤΙΚΗΣ","ΕΕ","2025","","","ΥΠΗΡΕΣΙΕΣ ΕΝΟΙΚΙΑΣΗΣ ΕΠΑΓΓΕΛΜΑΤΙΚΟΥ ΤΟΥΡΙΣΤΙΚΟΥ ΣΚΑΦΟΥΣ ΜΕ ΠΛΗΡΩΜΑ","181610609000","802724731","gmail.com"
"MITEV MITKO ΤΟΥ BONCHEV","A","free-mail","mitkomitev26061970@gmail.com","","ΒΕΡΟΙΑΣ / ΗΜΑΘΙΑΣ","ΗΜΑΘΙΑΣ","ΑΤΟΜΙΚΗ","2019","","","ΥΠΗΡΕΣΙΕΣ ΕΝΟΙΚΙΑΣΗΣ ΠΛΟΙΩΝ ΨΥΧΑΓΩΓΙΑΣ (ΚΟΤΕΡΩΝ, ΘΑΛΑΜΗΓΩΝ, ΒΕΝΖΙΝΑΚΑΤΩΝ ΚΛΠ), ΧΩΡΙΣ ΠΛΗΡΩΜΑ","190525426000","171583545","gmail.com"
"ML CATAMARAN BV ΕΛΛΗΝΙΚΟ ΥΠΟΚΑΤΑΣΤΗΜΑ","A","free-mail","skypriot@otenet.gr","2104176948","ΑΘΗΝΑΙΩΝ / ΚΕΝΤΡΙΚΟΥ ΤΟΜΕΑ ΑΘΗΝΩΝ","ΑΤΤΙΚΗΣ","Υποκατάστημα Αλλοδαπής","2024","","","ΥΠΗΡΕΣΙΕΣ ΕΝΟΙΚΙΑΣΗΣ ΕΠΑΓΓΕΛΜΑΤΙΚΟΥ ΤΟΥΡΙΣΤΙΚΟΥ ΣΚΑΦΟΥΣ ΜΕ ΠΛΗΡΩΜΑ","176024901001","996518637","otenet.gr"
"MORCHIO SILVIO ΤΟΥ DOMENICO","A","free-mail","silvio.morchio@gmail.com","2661032425","ΚΕΝΤΡΙΚΗΣ ΚΕΡΚΥΡΑΣ ΚΑΙ ΔΙΑΠΟΝΤΙΩΝ ΝΗΣΩΝ / ΚΕΡΚΥΡΑΣ","ΚΕΡΚΥΡΑΣ","ΑΤΟΜΙΚΗ","2011","","","ΥΠΗΡΕΣΙΕΣ ΕΝΟΙΚΙΑΣΗΣ ΠΛΟΙΩΝ ΨΥΧΑΓΩΓΙΑΣ (ΚΟΤΕΡΩΝ, ΘΑΛΑΜΗΓΩΝ, ΒΕΝΖΙΝΑΚΑΤΩΝ ΚΛΠ), ΧΩΡΙΣ ΠΛΗΡΩΜΑ","190446233000","137354870","gmail.com"
"MORE SAILING ΜΟΝΟΠΡΟΣΩΠΗ Ι.Κ.Ε.","A","free-mail","moresailinggreece@gmail.com","6973406043","ΘΕΣΣΑΛΟΝΙΚΗΣ / ΘΕΣΣΑΛΟΝΙΚΗΣ","ΑΤΤΙΚΗΣ","ΙΚΕ","2024","","","ΥΠΗΡΕΣΙΕΣ ΕΝΟΙΚΙΑΣΗΣ ΤΟΥΡΙΣΤΙΚΟΥ ΣΚΑΦΟΥΣ, ΧΩΡΙΣ ΠΛΗΡΩΜΑ","178450407000","802550345","gmail.com"
"MOUNT ATHOS BOATS ΜΟΝΟΠΡΟΣΩΠΗ Ι.Κ.Ε.","A","free-mail","dgkiriakou@gmail.com","6956600165","ΠΑΓΓΑΙΟΥ / ΚΑΒΑΛΑΣ","ΚΑΒΑΛΑΣ","ΙΚΕ","2022","","","ΥΠΗΡΕΣΙΕΣ ΕΝΟΙΚΙΑΣΗΣ ΤΟΥΡΙΣΤΙΚΟΥ ΣΚΑΦΟΥΣ, ΧΩΡΙΣ ΠΛΗΡΩΜΑ","163017430000","801770817","gmail.com"
"MUNTEANU  CRISTINEL NICOLAI","A","free-mail","cristi.munteanu@yahoo.com","6946272999","ΑΓΙΟΥ ΝΙΚΟΛΑΟΥ / ΛΑΣΙΘΙΟΥ","ΛΑΣΙΘΙΟΥ","ΑΤΟΜΙΚΗ","2026","","","ΥΠΗΡΕΣΙΕΣ ΕΝΟΙΚΙΑΣΗΣ ΤΟΥΡΙΣΤΙΚΟΥ ΣΚΑΦΟΥΣ, ΧΩΡΙΣ ΠΛΗΡΩΜΑ","193405041000","172267141","yahoo.com"
"MV SERENITY PTY LTD GREECE","A","free-mail","c_konstantis@hotmail.com","2661039716","ΚΕΝΤΡΙΚΗΣ ΚΕΡΚΥΡΑΣ ΚΑΙ ΔΙΑΠΟΝΤΙΩΝ ΝΗΣΩΝ / ΚΕΡΚΥΡΑΣ","ΚΕΡΚΥΡΑΣ","Υποκατάστημα Αλλοδαπής","","","","ΥΠΗΡΕΣΙΕΣ ΕΝΟΙΚΙΑΣΗΣ ΠΛΟΙΩΝ ΨΥΧΑΓΩΓΙΑΣ (ΚΟΤΕΡΩΝ, ΘΑΛΑΜΗΓΩΝ, ΒΕΝΖΙΝΑΚΑΤΩΝ ΚΛΠ) ΜΕ ΠΛΗΡΩΜΑ","168241033001","996577103","hotmail.com"
"MV YACHTS Ι.Κ.Ε.","A","free-mail","mvyachts25@gmail.com","6945779986","ΖΑΚΥΝΘΟΥ / ΖΑΚΥΝΘΟΥ","ΖΑΚΥΝΘΟΥ","ΙΚΕ","2026","","","ΥΠΗΡΕΣΙΕΣ ΕΝΟΙΚΙΑΣΗΣ ΤΟΥΡΙΣΤΙΚΟΥ ΣΚΑΦΟΥΣ, ΧΩΡΙΣ ΠΛΗΡΩΜΑ","190850724000","803154567","gmail.com"
"MY MARIA GREECE ΜΟΝΟΠΡΟΣΩΠΗ Ι.Κ.Ε.","A","free-mail","fytman@hotmail.com","2661039716","ΚΕΝΤΡΙΚΗΣ ΚΕΡΚΥΡΑΣ ΚΑΙ ΔΙΑΠΟΝΤΙΩΝ ΝΗΣΩΝ / ΚΕΡΚΥΡΑΣ","ΚΕΡΚΥΡΑΣ","ΙΚΕ","2025","","","ΥΠΗΡΕΣΙΕΣ ΕΝΟΙΚΙΑΣΗΣ ΠΛΟΙΩΝ ΨΥΧΑΓΩΓΙΑΣ (ΚΟΤΕΡΩΝ, ΘΑΛΑΜΗΓΩΝ, ΒΕΝΖΙΝΑΚΑΤΩΝ ΚΛΠ) ΜΕ ΠΛΗΡΩΜΑ","186119333000","802954641","hotmail.com"
"MYKONOS CATAMARAN ΜΟΝΟΠΡΟΣΩΠΗ ΙΔΙΩΤΙΚΗ ΚΕΦΑΛΑΙΟΥΧΙΚΗ ΕΤΑΙΡΕΙΑ ","A","free-mail","michaelmatsakis@hotmail.com","2281087445","ΝΙΚΑΙΑΣ - ΑΓΙΟΥ ΙΩΑΝΝΗ ΡΕΝΤΗ / ΠΕΙΡΑΙΩΣ","ΑΤΤΙΚΗΣ","ΙΚΕ","2019","","","ΥΠΗΡΕΣΙΕΣ ΕΝΟΙΚΙΑΣΗΣ ΤΟΥΡΙΣΤΙΚΟΥ ΣΚΑΦΟΥΣ, ΧΩΡΙΣ ΠΛΗΡΩΜΑ","149052807000","801098489","hotmail.com"
"MYKONOS YACHTING CLUB Ι.Κ.Ε.","A","free-mail","athanasiadis.log@gmail.com","2428077866","ΒΟΛΟΥ / ΜΑΓΝΗΣΙΑΣ","ΜΑΓΝΗΣΙΑΣ","ΙΚΕ","2022","","","ΥΠΗΡΕΣΙΕΣ ΕΝΟΙΚΙΑΣΗΣ ΠΛΟΙΩΝ ΨΥΧΑΓΩΓΙΑΣ (ΚΟΤΕΡΩΝ, ΘΑΛΑΜΗΓΩΝ, ΒΕΝΖΙΝΑΚΑΤΩΝ ΚΛΠ), ΧΩΡΙΣ ΠΛΗΡΩΜΑ","164422644000","801844626","gmail.com"
"MYTHIC YACHTING Ι.Κ.Ε.","A","free-mail","mythicyachting@gmail.com","2314023900","ΝΕΣΤΟΥ / ΚΑΒΑΛΑΣ","ΚΑΒΑΛΑΣ","ΙΚΕ","2022","","","ΥΠΗΡΕΣΙΕΣ ΣΚΑΦΩΝ ΕΚΔΡΟΜΩΝ ΚΑΙ ΠΕΡΙΗΓΗΣΕΩΝ ΘΑΛΑΣΣΑΣ","166937330000","801953425","gmail.com"
"MYTHOS SAILING EXPERIENCE Ο.Ε.","A","free-mail","dkorfou@gmail.com","2661090868","ΚΕΝΤΡΙΚΗΣ ΚΕΡΚΥΡΑΣ ΚΑΙ ΔΙΑΠΟΝΤΙΩΝ ΝΗΣΩΝ / ΚΕΡΚΥΡΑΣ","ΚΕΡΚΥΡΑΣ","ΟΕ","2022","","","ΥΠΗΡΕΣΙΕΣ ΕΝΟΙΚΙΑΣΗΣ ΤΟΥΡΙΣΤΙΚΟΥ ΣΚΑΦΟΥΣ, ΧΩΡΙΣ ΠΛΗΡΩΜΑ","166786133000","801945450","gmail.com"
"MYWAY YACHTING Ι.Κ.Ε.","A","free-mail","katerina.goutou@gmail.com","2106712628","ΛΕΥΚΑΔΑΣ / ΛΕΥΚΑΔΑΣ","ΛΕΥΚΑΔΑΣ","ΙΚΕ","2019","","","ΥΠΗΡΕΣΙΕΣ ΕΝΟΙΚΙΑΣΗΣ ΠΛΟΙΩΝ ΨΥΧΑΓΩΓΙΑΣ (ΚΟΤΕΡΩΝ, ΘΑΛΑΜΗΓΩΝ, ΒΕΝΖΙΝΑΚΑΤΩΝ ΚΛΠ) ΜΕ ΠΛΗΡΩΜΑ","150401043000","801157156","gmail.com"
"NAFS BOAT Ε.Ε.","A","free-mail","tolis_athan@hotmail.com","6946089759","ΝΑΥΠΑΚΤΙΑΣ / ΑΙΤΩΛΟΑΚΑΡΝΑΝΙΑΣ","ΑΙΤΩΛΟΑΚΑΡΝΑΝΙΑΣ","ΕΕ","2023","","","ΥΠΗΡΕΣΙΕΣ ΕΝΟΙΚΙΑΣΗΣ ΤΟΥΡΙΣΤΙΚΟΥ ΣΚΑΦΟΥΣ, ΧΩΡΙΣ ΠΛΗΡΩΜΑ","173148912000","802259527","hotmail.com"
"NAUMANN AXEL GUNTER ΚΑΙ ΣΙΑ ΕΕ","A","free-mail","asonitisoffice@yahoo.gr","2661032425","ΚΕΝΤΡΙΚΗΣ ΚΕΡΚΥΡΑΣ ΚΑΙ ΔΙΑΠΟΝΤΙΩΝ ΝΗΣΩΝ / ΚΕΡΚΥΡΑΣ","ΚΕΡΚΥΡΑΣ","ΕΕ","2019","","","ΥΠΗΡΕΣΙΕΣ ΕΝΟΙΚΙΑΣΗΣ ΠΛΟΙΩΝ ΨΥΧΑΓΩΓΙΑΣ (ΚΟΤΕΡΩΝ, ΘΑΛΑΜΗΓΩΝ, ΒΕΝΖΙΝΑΚΑΤΩΝ ΚΛΠ), ΧΩΡΙΣ ΠΛΗΡΩΜΑ","148931433000","801093297","yahoo.gr"
"NAUTICA  ΜΟΝΟΠΡΟΣΩΠΗ ΙΔΙΩΤΙΚΗ ΚΕΦΑΛΑΙΟΥΧΙΚΗ ΕΤΑΙΡΕΙΑ","A","free-mail","perrosike1908@gmail.com","2661025542","ΚΕΝΤΡΙΚΗΣ ΚΕΡΚΥΡΑΣ ΚΑΙ ΔΙΑΠΟΝΤΙΩΝ ΝΗΣΩΝ / ΚΕΡΚΥΡΑΣ","ΚΕΡΚΥΡΑΣ","ΙΚΕ","2021","","","ΥΠΗΡΕΣΙΕΣ ΕΝΟΙΚΙΑΣΗΣ ΕΠΑΓΓΕΛΜΑΤΙΚΟΥ ΤΟΥΡΙΣΤΙΚΟΥ ΣΚΑΦΟΥΣ ΜΕ ΠΛΗΡΩΜΑ","160257033000","801619515","gmail.com"
"NAUTICA CHARTERS ΜΟΝΟΠΡΟΣΩΠΗ ΕΤΑΙΡΕΙΑ ΠΕΡΙΩΡΙΣΜΕΝΗΣ ΕΥΘΥΝΗΣ","A","free-mail","dryachting1@yahoo.gr","","ΑΛΙΜΟΥ / ΝΟΤΙΟΥ ΤΟΜΕΑ ΑΘΗΝΩΝ","ΑΘΗΝΩΝ","ΕΠΕ","2011","","","ΥΠΗΡΕΣΙΕΣ ΕΝΟΙΚΙΑΣΗΣ ΤΟΥΡΙΣΤΙΚΟΥ ΣΚΑΦΟΥΣ, ΧΩΡΙΣ ΠΛΗΡΩΜΑ","122037601000","997594841","yahoo.gr"
"NAVAL CREATION ΜΟΝΟΠΡΟΣΩΠΗ Ι.Κ.Ε.","A","free-mail","felonis.gio@icloud.com","6939822210","ΑΓΡΙΝΙΟΥ / ΑΙΤΩΛΟΑΚΑΡΝΑΝΙΑΣ","ΑΙΤΩΛΟΑΚΑΡΝΑΝΙΑΣ","ΙΚΕ","2023","","","ΥΠΗΡΕΣΙΕΣ ΕΝΟΙΚΙΑΣΗΣ ΕΠΑΓΓΕΛΜΑΤΙΚΟΥ ΤΟΥΡΙΣΤΙΚΟΥ ΣΚΑΦΟΥΣ ΜΕ ΠΛΗΡΩΜΑ","168259512000","802019570","icloud.com"
"NAXOS VIP CONCIERGE ΕΤΕΡΟΡΡΥΘΜΗ ΕΤΑΙΡΙΑ","A","free-mail","venierakis1980@gmail.com","2102617511","ΝΑΞΟΥ & ΜΙΚΡΩΝ ΚΥΚΛΑΔΩΝ / ΝΑΞΟΥ","ΚΥΚΛΑΔΩΝ","ΕΕ","2024","","","ΥΠΗΡΕΣΙΕΣ ΣΚΑΦΩΝ ΕΚΔΡΟΜΩΝ ΚΑΙ ΠΕΡΙΗΓΗΣΕΩΝ ΘΑΛΑΣΣΑΣ","176234338000","802431436","gmail.com"
"NEFELI SHIPPING ΙΔΙΩΤΙΚΗ ΚΕΦΑΛΑΙΟΥΧΙΚΗ ΕΤΑΙΡΕΙΑ","A","free-mail","oldportas@yahoo.gr","6932930022","ΣΥΡΟΥ-ΕΡΜΟΥΠΟΛΗΣ / ΣΥΡΟΥ","ΚΥΚΛΑΔΩΝ","ΙΚΕ","2014","","","ΥΠΗΡΕΣΙΕΣ ΕΝΟΙΚΙΑΣΗΣ ΠΛΟΙΩΝ ΨΥΧΑΓΩΓΙΑΣ (ΚΟΤΕΡΩΝ, ΘΑΛΑΜΗΓΩΝ, ΒΕΝΖΙΝΑΚΑΤΩΝ ΚΛΠ) ΜΕ ΠΛΗΡΩΜΑ","129615538000","998226777","yahoo.gr"
"NEMOONE ΜΟΝΟΠΡΟΣΩΠΗ ΙΔΙΩΤΙΚΗ ΚΕΦΑΛΑΙΟΥΧΙΚΗ ΕΤΑΙΡΕΙΑ","A","free-mail","michail.mantzkos@gmail.com","2108136802","ΒΟΛΟΥ / ΜΑΓΝΗΣΙΑΣ","ΜΑΓΝΗΣΙΑΣ","ΙΚΕ","2019","","","ΥΠΗΡΕΣΙΕΣ ΕΝΟΙΚΙΑΣΗΣ ΤΟΥΡΙΣΤΙΚΟΥ ΣΚΑΦΟΥΣ, ΧΩΡΙΣ ΠΛΗΡΩΜΑ","151282044000","801184620","gmail.com"
"NEREIDE Ε.Ε.","A","free-mail","asarogloustefanos983@gmail.com","6985716866","ΡΕΘΥΜΝΗΣ / ΡΕΘΥΜΝΟΥ","ΡΕΘΥΜΝΗΣ","ΕΕ","2025","","","ΥΠΗΡΕΣΙΕΣ ΕΝΟΙΚΙΑΣΗΣ ΤΟΥΡΙΣΤΙΚΟΥ ΣΚΑΦΟΥΣ, ΧΩΡΙΣ ΠΛΗΡΩΜΑ","186750950000","802983488","gmail.com"
"NEW HORIZON Ι.Κ.Ε.","A","free-mail","ipetrakoglou@gmail.com","6937050844","ΠΑΤΡΕΩΝ / ΑΧΑΙΑΣ","ΑΧΑΙΑΣ","ΙΚΕ","2021","","","ΥΠΗΡΕΣΙΕΣ ΕΝΟΙΚΙΑΣΗΣ ΤΟΥΡΙΣΤΙΚΟΥ ΣΚΑΦΟΥΣ, ΧΩΡΙΣ ΠΛΗΡΩΜΑ","158210116000","801509572","gmail.com"
"NORTH AEGEAN RIB CRUISES Ε.Ε.","A","free-mail","katerinampara@hotmail.com","6947403519","ΧΙΟΥ / ΧΙΟΥ","ΧΙΟΥ","ΕΕ","2024","","","ΥΠΗΡΕΣΙΕΣ ΕΝΟΙΚΙΑΣΗΣ ΣΚΑΦΩΝ ΘΑΛΑΣΣΙΑΣ ΚΑΙ ΑΚΤΟΠΛΟΪΚΗΣ ΜΕΤΑΦΟΡΑΣ ΕΠΙΒΑΤΩΝ ΜΕ ΧΕΙΡΙΣΤΗ","176589559000","802450961","hotmail.com"
"NORTH PEARL YACHTING TEAM ΜΟΝΟΠΡΟΣΩΠΗ Ι.Κ.Ε.","A","free-mail","george.georgiadis.1992@gmail.com","2521106569","ΠΑΓΓΑΙΟΥ / ΚΑΒΑΛΑΣ","ΚΑΒΑΛΑΣ","ΙΚΕ","2019","","","ΥΠΗΡΕΣΙΕΣ ΕΝΟΙΚΙΑΣΗΣ ΤΟΥΡΙΣΤΙΚΟΥ ΣΚΑΦΟΥΣ, ΧΩΡΙΣ ΠΛΗΡΩΜΑ","152694230000","801249733","gmail.com"
"NOSTOS VI CRUISES Ε.Ε.","A","free-mail","john_lapidakis@hotmail.com","2841022819","ΑΓΙΟΥ ΝΙΚΟΛΑΟΥ / ΛΑΣΙΘΙΟΥ","ΛΑΣΙΘΙΟΥ","ΕΕ","2023","","","ΥΠΗΡΕΣΙΕΣ ΕΝΟΙΚΙΑΣΗΣ ΕΠΑΓΓΕΛΜΑΤΙΚΟΥ ΤΟΥΡΙΣΤΙΚΟΥ ΣΚΑΦΟΥΣ ΜΕ ΠΛΗΡΩΜΑ","168164841000","802014710","hotmail.com"
"NYOTA YACHTING LIMITED GREEK BRANCH","A","free-mail","nyotayachting@gmail.com","2103496118","ΑΙΓΑΛΕΩ / ΔΥΤΙΚΟΥ ΤΟΜΕΑ ΑΘΗΝΩΝ","ΑΤΤΙΚΗΣ","Υποκατάστημα Αλλοδαπής","2022","","","ΥΠΗΡΕΣΙΕΣ ΕΝΟΙΚΙΑΣΗΣ ΕΠΑΓΓΕΛΜΑΤΙΚΟΥ ΤΟΥΡΙΣΤΙΚΟΥ ΣΚΑΦΟΥΣ ΜΕ ΠΛΗΡΩΜΑ","164353401001","996653270","gmail.com"
"OCEAN PURE ΜΟΝΟΠΡΟΣΩΠΗ Ι.Κ.Ε.","A","free-mail","vtsampodimou@gmail.com","2107225366","ΑΘΗΝΑΙΩΝ / ΚΕΝΤΡΙΚΟΥ ΤΟΜΕΑ ΑΘΗΝΩΝ","ΑΤΤΙΚΗΣ","ΙΚΕ","2024","","","ΥΠΗΡΕΣΙΕΣ ΕΝΟΙΚΙΑΣΗΣ ΕΠΑΓΓΕΛΜΑΤΙΚΟΥ ΤΟΥΡΙΣΤΙΚΟΥ ΣΚΑΦΟΥΣ ΜΕ ΠΛΗΡΩΜΑ","174376001000","802326280","gmail.com"
"OCEANIS DIVE ΜΟΝΟΠΡΟΣΩΠΗ ΙΔΙΩΤΙΚΗ ΚΕΦΑΛΑΙΟΥΧΙΚΗ ΕΤΑΙΡΕΙΑ","A","free-mail","nikolaos.silignakis1@gmail.com","6980405156","ΑΘΗΝΑΙΩΝ / ΚΕΝΤΡΙΚΟΥ ΤΟΜΕΑ ΑΘΗΝΩΝ","ΑΤΤΙΚΗΣ","ΙΚΕ","2021","","","ΥΠΗΡΕΣΙΕΣ ΕΝΟΙΚΙΑΣΗΣ ΣΚΑΦΩΝ ΘΑΛΑΣΣΙΑΣ ΚΑΙ ΑΚΤΟΠΛΟΪΚΗΣ ΜΕΤΑΦΟΡΑΣ ΕΠΙΒΑΤΩΝ ΜΕ ΧΕΙΡΙΣΤΗ","160105203000","801611308","gmail.com"
"ODYSSEUS YACHT CRUISES Ι.Κ.Ε.","A","free-mail","eveltonyachting@gmail.com","2241034915","ΡΟΔΟΥ / ΡΟΔΟΥ","ΔΩΔΕΚΑΝΗΣΟΥ","ΙΚΕ","2019","","","ΥΠΗΡΕΣΙΕΣ ΘΑΛΑΣΣΙΩΝ ΚΑΙ ΠΑΡΑΚΤΙΩΝ ΜΕΤΑΦΟΡΩΝ ΕΠΙΒΑΤΩΝ ΜΕ ΘΑΛΑΜΗΓΟΥΣ - ΤΟΥΡΙΣΤΙΚΑ ΠΛΟΙΑ ΜΕ ΕΛΛΗΝΙΚΗ ΣΗΜΑΙΑ","150407920000","801157421","gmail.com"
"OGUZ MARIN KOS Ι.Κ.Ε.","A","free-mail","chatzistergos.acc@gmail.com","6976339516","ΚΩ / ΚΩ","ΔΩΔΕΚΑΝΗΣΟΥ","ΙΚΕ","2026","","","ΥΠΗΡΕΣΙΕΣ ΕΝΟΙΚΙΑΣΗΣ ΕΠΑΓΓΕΛΜΑΤΙΚΟΥ ΤΟΥΡΙΣΤΙΚΟΥ ΣΚΑΦΟΥΣ ΜΕ ΠΛΗΡΩΜΑ","193927520000","803291273","gmail.com"
"OK SAILING ΟΜΟΡΡΥΘΜΗ ΕΤΑΙΡΕΙΑ","A","free-mail","oangelov@gmail.com","2541084973","ΑΒΔΗΡΩΝ / ΞΑΝΘΗΣ","ΞΑΝΘΗΣ","ΟΕ","2019","","","ΥΠΗΡΕΣΙΕΣ ΕΝΟΙΚΙΑΣΗΣ ΤΟΥΡΙΣΤΙΚΟΥ ΣΚΑΦΟΥΣ, ΧΩΡΙΣ ΠΛΗΡΩΜΑ","150245546000","801149838","gmail.com"
"OMEGA SOUTH COAST ΕΤΕΡΟΡΡΥΘΜΗ ΕΤΑΙΡΕΙΑ","A","free-mail","omegasouthcoast@gmail.com","","ΚΑΛΛΙΘΕΑΣ / ΝΟΤΙΟΥ ΤΟΜΕΑ ΑΘΗΝΩΝ","ΑΤΤΙΚΗΣ","ΕΕ","2022","","","ΥΠΗΡΕΣΙΕΣ ΕΝΟΙΚΙΑΣΗΣ ΕΠΑΓΓΕΛΜΑΤΙΚΟΥ ΤΟΥΡΙΣΤΙΚΟΥ ΣΚΑΦΟΥΣ ΜΕ ΠΛΗΡΩΜΑ","164289807000","801838380","gmail.com"
"ON ΔΕ ΓΟΥΟΤΕΡ Ι.Κ.Ε.","A","free-mail","mgiannakos@gmail.com","6984111943","ΜΑΡΚΟΠΟΥΛΟΥ ΜΕΣΟΓΑΙΑΣ / ΑΝΑΤΟΛΙΚΗΣ ΑΤΤΙΚΗΣ","ΑΤΤΙΚΗΣ","ΙΚΕ","2022","","","ΥΠΗΡΕΣΙΕΣ ΕΝΟΙΚΙΑΣΗΣ ΤΟΥΡΙΣΤΙΚΟΥ ΣΚΑΦΟΥΣ, ΧΩΡΙΣ ΠΛΗΡΩΜΑ","164093701000","801827654","gmail.com"
"OSYAN SARL","A","free-mail","mmav@otenet.gr","2281087445","ΣΥΡΟΥ-ΕΡΜΟΥΠΟΛΗΣ / ΣΥΡΟΥ","ΚΥΚΛΑΔΩΝ","Υποκατάστημα Αλλοδαπής","2014","","","ΥΠΗΡΕΣΙΕΣ ΕΝΟΙΚΙΑΣΗΣ ΤΟΥΡΙΣΤΙΚΟΥ ΣΚΑΦΟΥΣ, ΧΩΡΙΣ ΠΛΗΡΩΜΑ","130852038001","997192077","otenet.gr"
"OVERKNOT Ο.Ε.","A","free-mail","nzakakis@gmail.com","6978347753","ΚΟΡΔΕΛΙΟΥ-ΕΥΟΣΜΟΥ / ΘΕΣΣΑΛΟΝΙΚΗΣ","ΘΕΣΣΑΛΟΝΙΚΗΣ","ΟΕ","2024","","","ΥΠΗΡΕΣΙΕΣ ΕΝΟΙΚΙΑΣΗΣ ΤΟΥΡΙΣΤΙΚΟΥ ΣΚΑΦΟΥΣ, ΧΩΡΙΣ ΠΛΗΡΩΜΑ","177162704000","802481255","gmail.com"
"Owen Limited ΥΠΟΚΑΤΑΣΤΗΜΑ ΑΛΛΟΔΑΠΗΣ","A","free-mail","theoslainas@gmail.com","0035699004572","ΠΑΛΑΙΟΥ ΦΑΛΗΡΟΥ / ΝΟΤΙΟΥ ΤΟΜΕΑ ΑΘΗΝΩΝ","ΑΤΤΙΚΗΣ","Υποκατάστημα Αλλοδαπής","2025","","","ΥΠΗΡΕΣΙΕΣ ΕΝΟΙΚΙΑΣΗΣ ΕΠΑΓΓΕΛΜΑΤΙΚΟΥ ΤΟΥΡΙΣΤΙΚΟΥ ΣΚΑΦΟΥΣ ΜΕ ΠΛΗΡΩΜΑ","184167701001","802862678","gmail.com"
"PALEO SEA MASTERS PRIVATE COMPANY IKE","A","free-mail","logistiskoskinas@gmail.com","2661022015","ΚΕΝΤΡΙΚΗΣ ΚΕΡΚΥΡΑΣ ΚΑΙ ΔΙΑΠΟΝΤΙΩΝ ΝΗΣΩΝ / ΚΕΡΚΥΡΑΣ","ΚΕΡΚΥΡΑΣ","ΙΚΕ","2016","","","ΥΠΗΡΕΣΙΕΣ ΣΚΑΦΩΝ ΕΚΔΡΟΜΩΝ ΚΑΙ ΠΕΡΙΗΓΗΣΕΩΝ ΘΑΛΑΣΣΑΣ","137865133000","800712238","gmail.com"
"PALEOCHORA BOAT TRIP Ε.Ε.","A","free-mail","manolisgrigorakis77@gmail.com","6972232022","ΚΑΝΤΑΝΟΥ - ΣΕΛΙΝΟΥ / ΧΑΝΙΩΝ","ΧΑΝΙΩΝ","ΕΕ","2022","","","ΥΠΗΡΕΣΙΕΣ ΕΝΟΙΚΙΑΣΗΣ ΤΟΥΡΙΣΤΙΚΟΥ ΣΚΑΦΟΥΣ, ΧΩΡΙΣ ΠΛΗΡΩΜΑ","167839258000","801996726","gmail.com"
"PANAS ΕΝΟΙΚΙΑΣΕΙΣ ΣΚΑΦΩΝ ΜΟΝΟΠΡΟΣΩΠΗ Ι.Κ.Ε.","A","free-mail","z.athanasios@gmail.com","2310517694","ΝΑΞΟΥ & ΜΙΚΡΩΝ ΚΥΚΛΑΔΩΝ / ΝΑΞΟΥ","ΚΥΚΛΑΔΩΝ","ΙΚΕ","2022","","","ΥΠΗΡΕΣΙΕΣ ΣΚΑΦΩΝ ΕΚΔΡΟΜΩΝ ΚΑΙ ΠΕΡΙΗΓΗΣΕΩΝ ΘΑΛΑΣΣΑΣ","166758338000","801944244","gmail.com"
"PANOV ATANAS ΤΟΥ VLADIMIROV","A","free-mail","officesarlas@gmail.com","2109801995","ΑΛΙΜΟΥ / ΝΟΤΙΟΥ ΤΟΜΕΑ ΑΘΗΝΩΝ","ΑΤΤΙΚΗΣ","ΑΤΟΜΙΚΗ","2010","","","ΥΠΗΡΕΣΙΕΣ ΕΝΟΙΚΙΑΣΗΣ ΤΟΥΡΙΣΤΙΚΟΥ ΣΚΑΦΟΥΣ, ΧΩΡΙΣ ΠΛΗΡΩΜΑ","166661003000","111752046","gmail.com"
"PANTA RHEI SAILING Ι.Κ.Ε.","A","free-mail","asonitisoffice@yahoo.gr","2661032425","ΛΕΥΚΑΔΑΣ / ΛΕΥΚΑΔΑΣ","ΛΕΥΚΑΔΑΣ","ΙΚΕ","2024","","","ΥΠΗΡΕΣΙΕΣ ΕΝΟΙΚΙΑΣΗΣ ΠΛΟΙΩΝ ΨΥΧΑΓΩΓΙΑΣ (ΚΟΤΕΡΩΝ, ΘΑΛΑΜΗΓΩΝ, ΒΕΝΖΙΝΑΚΑΤΩΝ ΚΛΠ), ΧΩΡΙΣ ΠΛΗΡΩΜΑ","177600733000","802503530","yahoo.gr"
"PAROS PONTON Ε.Ε.","A","free-mail","vanzdav@gmail.com","2242026505","ΚΩ / ΚΩ","ΔΩΔΕΚΑΝΗΣΟΥ","ΕΕ","2025","","","ΥΠΗΡΕΣΙΕΣ ΕΝΟΙΚΙΑΣΗΣ ΤΟΥΡΙΣΤΙΚΟΥ ΣΚΑΦΟΥΣ, ΧΩΡΙΣ ΠΛΗΡΩΜΑ","189392120000","803098830","gmail.com"
"PELAGIC YACHTING ΝΑΥΤΙΛΙΑΚΗ Ι.Κ.Ε.","A","free-mail","PELAGIC.YACHTING@GMAIL.COM","+14084399409","ΚΑΒΑΛΑΣ / ΚΑΒΑΛΑΣ","ΚΑΒΑΛΑΣ","ΙΚΕ","2026","","","ΥΠΗΡΕΣΙΕΣ ΕΝΟΙΚΙΑΣΗΣ ΤΟΥΡΙΣΤΙΚΟΥ ΣΚΑΦΟΥΣ, ΧΩΡΙΣ ΠΛΗΡΩΜΑ","195147430000","803351864","gmail.com"
"PELAGOS ΜΟΝΟΠΡΟΣΩΠΗ Ι.Κ.Ε.","A","free-mail","pelagossailing@gmail.com","6983220824","ΠΑΤΡΕΩΝ / ΑΧΑΙΑΣ","ΑΧΑΙΑΣ","ΙΚΕ","2019","","","ΥΠΗΡΕΣΙΕΣ ΕΝΟΙΚΙΑΣΗΣ ΤΟΥΡΙΣΤΙΚΟΥ ΣΚΑΦΟΥΣ, ΧΩΡΙΣ ΠΛΗΡΩΜΑ","149631216000","801123165","gmail.com"
"PELION RENT A BOAT Ο.Ε.","A","free-mail","dimsiskos@yahoo.gr","6989868028","ΒΟΛΟΥ / ΜΑΓΝΗΣΙΑΣ","ΜΑΓΝΗΣΙΑΣ","ΟΕ","2020","","","ΥΠΗΡΕΣΙΕΣ ΕΝΟΙΚΙΑΣΗΣ ΠΛΟΙΩΝ ΨΥΧΑΓΩΓΙΑΣ (ΚΟΤΕΡΩΝ, ΘΑΛΑΜΗΓΩΝ, ΒΕΝΖΙΝΑΚΑΤΩΝ ΚΛΠ), ΧΩΡΙΣ ΠΛΗΡΩΜΑ","153667744000","801291566","yahoo.gr"
"Pentastra Ε.Ε.","A","free-mail","petros.spanos@gmail.com","6998778990","ΓΛΥΦΑΔΑΣ / ΝΟΤΙΟΥ ΤΟΜΕΑ ΑΘΗΝΩΝ","ΑΤΤΙΚΗΣ","ΕΕ","2025","","","ΥΠΗΡΕΣΙΕΣ ΕΝΟΙΚΙΑΣΗΣ ΤΟΥΡΙΣΤΙΚΟΥ ΣΚΑΦΟΥΣ, ΧΩΡΙΣ ΠΛΗΡΩΜΑ","184440403000","802876401","gmail.com"
"PHAENON YACHTING Ι.Κ.Ε.","A","free-mail","moresailinggreece@gmail.com","6973406043","ΘΕΣΣΑΛΟΝΙΚΗΣ / ΘΕΣΣΑΛΟΝΙΚΗΣ","ΘΕΣΣΑΛΟΝΙΚΗΣ","ΙΚΕ","2025","","","ΥΠΗΡΕΣΙΕΣ ΕΝΟΙΚΙΑΣΗΣ ΤΟΥΡΙΣΤΙΚΟΥ ΣΚΑΦΟΥΣ, ΧΩΡΙΣ ΠΛΗΡΩΜΑ","184837104000","802896909","gmail.com"
"PHAIAX LIMITED","A","free-mail","vlaxos00@yahoo.gr","2661034648","ΚΕΝΤΡΙΚΗΣ ΚΕΡΚΥΡΑΣ ΚΑΙ ΔΙΑΠΟΝΤΙΩΝ ΝΗΣΩΝ / ΚΕΡΚΥΡΑΣ","ΑΤΤΙΚΗΣ","Υποκατάστημα Αλλοδαπής","2014","","","ΥΠΗΡΕΣΙΕΣ ΕΝΟΙΚΙΑΣΗΣ ΠΛΟΙΩΝ ΨΥΧΑΓΩΓΙΑΣ (ΚΟΤΕΡΩΝ, ΘΑΛΑΜΗΓΩΝ, ΒΕΝΖΙΝΑΚΑΤΩΝ ΚΛΠ) ΜΕ ΠΛΗΡΩΜΑ","131071701001","997213760","yahoo.gr"
"PHOENIX YACHT CLUB SA GREECE","A","free-mail","stefvlastos@gmail.com","2661039716","ΚΕΝΤΡΙΚΗΣ ΚΕΡΚΥΡΑΣ ΚΑΙ ΔΙΑΠΟΝΤΙΩΝ ΝΗΣΩΝ / ΚΕΡΚΥΡΑΣ","ΚΕΡΚΥΡΑΣ","Υποκατάστημα Αλλοδαπής","2023","","","ΥΠΗΡΕΣΙΕΣ ΕΝΟΙΚΙΑΣΗΣ ΕΠΑΓΓΕΛΜΑΤΙΚΟΥ ΤΟΥΡΙΣΤΙΚΟΥ ΣΚΑΦΟΥΣ ΜΕ ΠΛΗΡΩΜΑ","168333233001","996577139","gmail.com"
"PIMPINELLA ΜΟΝΟΠΡΟΣΩΠΗ Ι.Κ.Ε.","A","free-mail","sachasnl@gmail.com","6972722425","ΓΛΥΦΑΔΑΣ / ΝΟΤΙΟΥ ΤΟΜΕΑ ΑΘΗΝΩΝ","ΑΤΤΙΚΗΣ","ΙΚΕ","2023","","","ΥΠΗΡΕΣΙΕΣ ΕΝΟΙΚΙΑΣΗΣ ΠΛΟΙΩΝ ΨΥΧΑΓΩΓΙΑΣ (ΚΟΤΕΡΩΝ, ΘΑΛΑΜΗΓΩΝ, ΒΕΝΖΙΝΑΚΑΤΩΝ ΚΛΠ), ΧΩΡΙΣ ΠΛΗΡΩΜΑ","173392101000","802272408","gmail.com"
"PLEASURE MARINE ΜΟΝΟΠΡΟΣΩΠΗ ΙΔΙΩΤΙΚΗ ΚΕΦΑΛΑΙΟΥΧΙΚΗ ΕΤΑΙΡΕΙΑ","A","free-mail","logistiko.sakellariou@gmail.com","6977987186","ΓΛΥΦΑΔΑΣ / ΝΟΤΙΟΥ ΤΟΜΕΑ ΑΘΗΝΩΝ","ΑΤΤΙΚΗΣ","ΙΚΕ","2025","","","ΥΠΗΡΕΣΙΕΣ ΕΝΟΙΚΙΑΣΗΣ ΣΚΑΦΩΝ ΘΑΛΑΣΣΙΑΣ ΚΑΙ ΑΚΤΟΠΛΟΪΚΗΣ ΜΕΤΑΦΟΡΑΣ ΕΠΙΒΑΤΩΝ ΜΕ ΧΕΙΡΙΣΤΗ","184927201000","802901069","gmail.com"
"Plutus Yachting Ι.Κ.Ε.","A","free-mail","dimitrispanou4@gmail.com","2109764077","ΔΑΦΝΗΣ - ΥΜΗΤΤΟΥ / ΚΕΝΤΡΙΚΟΥ ΤΟΜΕΑ ΑΘΗΝΩΝ","ΑΤΤΙΚΗΣ","ΙΚΕ","2025","","","ΥΠΗΡΕΣΙΕΣ ΕΝΟΙΚΙΑΣΗΣ ΤΟΥΡΙΣΤΙΚΟΥ ΣΚΑΦΟΥΣ, ΧΩΡΙΣ ΠΛΗΡΩΜΑ","185783303000","802939717","gmail.com"
"PORTO SCUBA Ι.Κ.Ε.","A","free-mail","logkask@gmail.com","2310533210","ΚΑΣΣΑΝΔΡΑΣ / ΧΑΛΚΙΔΙΚΗΣ","ΧΑΛΚΙΔΙΚΗΣ","ΙΚΕ","2022","","","ΥΠΗΡΕΣΙΕΣ ΣΚΑΦΩΝ ΕΚΔΡΟΜΩΝ ΚΑΙ ΠΕΡΙΗΓΗΣΕΩΝ ΘΑΛΑΣΣΑΣ","165518706000","801904707","gmail.com"
"PREMIUM BLUE ΙΔΙΩΤΙΚΗ ΚΕΦΑΛΑΙΟΥΧΙΚΗ ΕΤΑΙΡΕΙΑ","A","free-mail","kakkosa@otenet.gr","2467083745","ΚΑΣΤΟΡΙΑΣ / ΚΑΣΤΟΡΙΑΣ","ΚΑΣΤΟΡΙΑΣ","ΙΚΕ","2023","","","ΥΠΗΡΕΣΙΕΣ ΕΝΟΙΚΙΑΣΗΣ ΤΟΥΡΙΣΤΙΚΟΥ ΣΚΑΦΟΥΣ, ΧΩΡΙΣ ΠΛΗΡΩΜΑ","172816432000","802241690","otenet.gr"
"PRIVATE YACHTING CEPHALONIA Ι.Κ.Ε.","A","free-mail","miona.holidayhome@gmail.com","6943920388","ΠΑΤΡΕΩΝ / ΑΧΑΙΑΣ","ΑΧΑΙΑΣ","ΙΚΕ","2024","","","ΥΠΗΡΕΣΙΕΣ ΕΝΟΙΚΙΑΣΗΣ ΤΟΥΡΙΣΤΙΚΟΥ ΣΚΑΦΟΥΣ, ΧΩΡΙΣ ΠΛΗΡΩΜΑ","175163116000","802370278","gmail.com"
"PRIVATE YACHTING ΜΟΝΟΠΡΟΣΩΠΗ ΙΔΙΩΤΙΚΗ ΚΕΦΑΛΑΙΟΥΧΙΚΗ ΕΤΑΙΡΕΙΑ","A","free-mail","krommys84@gmail.com","6943252217","ΠΕΙΡΑΙΩΣ / ΠΕΙΡΑΙΩΣ","ΑΤΤΙΚΗΣ","ΙΚΕ","2023","","","ΥΠΗΡΕΣΙΕΣ ΕΝΟΙΚΙΑΣΗΣ ΠΛΟΙΩΝ ΨΥΧΑΓΩΓΙΑΣ (ΚΟΤΕΡΩΝ, ΘΑΛΑΜΗΓΩΝ, ΒΕΝΖΙΝΑΚΑΤΩΝ ΚΛΠ) ΜΕ ΠΛΗΡΩΜΑ","169491408000","802077953","gmail.com"
"PRIVE LUXURY CRUISES Ο.Ε.","A","free-mail","prive.trip.skiathos@gmail.com","6977699849","ΣΚΙΑΘΟΥ / ΣΠΟΡΑΔΩΝ","ΜΑΓΝΗΣΙΑΣ","ΟΕ","2025","","","ΥΠΗΡΕΣΙΕΣ ΕΝΟΙΚΙΑΣΗΣ ΠΛΟΙΩΝ ΨΥΧΑΓΩΓΙΑΣ (ΚΟΤΕΡΩΝ, ΘΑΛΑΜΗΓΩΝ, ΒΕΝΖΙΝΑΚΑΤΩΝ ΚΛΠ), ΧΩΡΙΣ ΠΛΗΡΩΜΑ","181827444000","802736625","gmail.com"
"PROTEUS CHARTER YACHTS ΜΟΝΟΠΡΟΣΩΠΗ Ι.Κ.Ε.","A","free-mail","CAPTAINSGP@GMAIL.COM","6932644419","ΓΛΥΦΑΔΑΣ / ΝΟΤΙΟΥ ΤΟΜΕΑ ΑΘΗΝΩΝ","ΑΤΤΙΚΗΣ","ΙΚΕ","2025","","","ΥΠΗΡΕΣΙΕΣ ΕΝΟΙΚΙΑΣΗΣ ΕΠΑΓΓΕΛΜΑΤΙΚΟΥ ΤΟΥΡΙΣΤΙΚΟΥ ΣΚΑΦΟΥΣ ΜΕ ΠΛΗΡΩΜΑ","182932903000","802796310","gmail.com"
"PROTONOS Ι.Κ.Ε.","A","free-mail","k.tzinis@gmail.com","2109888252","ΚΕΝΤΡΙΚΗΣ ΚΕΡΚΥΡΑΣ ΚΑΙ ΔΙΑΠΟΝΤΙΩΝ ΝΗΣΩΝ / ΚΕΡΚΥΡΑΣ","ΚΕΡΚΥΡΑΣ","ΙΚΕ","2020","","","ΥΠΗΡΕΣΙΕΣ ΕΝΟΙΚΙΑΣΗΣ ΤΟΥΡΙΣΤΙΚΟΥ ΣΚΑΦΟΥΣ, ΧΩΡΙΣ ΠΛΗΡΩΜΑ","154531533000","801329757","gmail.com"
"QED YACHTING Ι.Κ.Ε.","A","free-mail","michael.aivazis@gmail.com","6972602072","ΑΘΗΝΑΙΩΝ / ΚΕΝΤΡΙΚΟΥ ΤΟΜΕΑ ΑΘΗΝΩΝ","ΑΤΤΙΚΗΣ","ΙΚΕ","2024","","","ΥΠΗΡΕΣΙΕΣ ΕΝΟΙΚΙΑΣΗΣ ΤΟΥΡΙΣΤΙΚΟΥ ΣΚΑΦΟΥΣ, ΧΩΡΙΣ ΠΛΗΡΩΜΑ","178878203000","802575179","gmail.com"
"Queen KYANA cruises Ι.Κ.Ε.","A","free-mail","xrimatooikononomiki.e.p.e@gmail.com","6978999465","ΘΕΣΣΑΛΟΝΙΚΗΣ / ΘΕΣΣΑΛΟΝΙΚΗΣ","ΘΕΣΣΑΛΟΝΙΚΗΣ","ΙΚΕ","2024","","","ΥΠΗΡΕΣΙΕΣ ΕΝΟΙΚΙΑΣΗΣ ΤΟΥΡΙΣΤΙΚΟΥ ΣΚΑΦΟΥΣ, ΧΩΡΙΣ ΠΛΗΡΩΜΑ","175820406000","802407995","gmail.com"
"RAINBOW ΘΑΛΑΣΣΙΕΣ ΚΡΟΥΑΖΙΕΡΕΣ ΜΟΝΟΠΡΟΣΩΠΗ ΝΑΥΤΙΛΙΑΚΗ ΕΤΑΙΡΕΙΑ ΠΕΡΙΟΡΙΣΜΕΝΗΣ ΕΥΘΥΝΗΣ","A","free-mail","vaggelispatrikis@yahoo.gr","2105613353","ΑΙΓΑΛΕΩ / ΔΥΤΙΚΟΥ ΤΟΜΕΑ ΑΘΗΝΩΝ","ΑΤΤΙΚΗΣ","ΕΠΕ","1998","","","ΥΠΗΡΕΣΙΕΣ ΕΝΟΙΚΙΑΣΗΣ ΕΠΑΓΓΕΛΜΑΤΙΚΟΥ ΤΟΥΡΙΣΤΙΚΟΥ ΣΚΑΦΟΥΣ ΜΕ ΠΛΗΡΩΜΑ","122705301000","095544511","yahoo.gr"
"RATTEW IAN MARTIN ΤΟΥ DENNIS","A","free-mail","asonitisoffice@yahoo.gr","2661032425","ΚΕΝΤΡΙΚΗΣ ΚΕΡΚΥΡΑΣ ΚΑΙ ΔΙΑΠΟΝΤΙΩΝ ΝΗΣΩΝ / ΚΕΡΚΥΡΑΣ","ΚΕΡΚΥΡΑΣ","ΑΤΟΜΙΚΗ","2020","","","ΥΠΗΡΕΣΙΕΣ ΕΝΟΙΚΙΑΣΗΣ ΤΟΥΡΙΣΤΙΚΟΥ ΣΚΑΦΟΥΣ, ΧΩΡΙΣ ΠΛΗΡΩΜΑ","192912033000","177056025","yahoo.gr"
"RED SUBMARINE Ε.Ε.","A","free-mail","nzorzosd@gmail.com","2104410843","ΙΗΤΩΝ / ΘΗΡΑΣ","ΚΥΚΛΑΔΩΝ","ΕΕ","2026","","","ΥΠΗΡΕΣΙΕΣ ΣΚΑΦΩΝ ΕΚΔΡΟΜΩΝ ΚΑΙ ΠΕΡΙΗΓΗΣΕΩΝ ΘΑΛΑΣΣΑΣ","194670838000","803327981","gmail.com"
"REINAYAGHTS ΜΟΝΟΠΡΟΣΩΠΗ ΙΔΙΩΤΙΚΗ ΚΕΦΑΛΑΙΟΥΧΙΚΗ ΕΤΑΙΡΕΙΑ","A","free-mail","drywallgallery@yahoo.gr","2281089273","ΣΥΡΟΥ-ΕΡΜΟΥΠΟΛΗΣ / ΣΥΡΟΥ","ΚΥΚΛΑΔΩΝ","ΙΚΕ","2023","","","ΥΠΗΡΕΣΙΕΣ ΕΝΟΙΚΙΑΣΗΣ ΤΟΥΡΙΣΤΙΚΟΥ ΣΚΑΦΟΥΣ, ΧΩΡΙΣ ΠΛΗΡΩΜΑ","173073638000","802255485","yahoo.gr"
"RENTALLMANIA Ι.Κ.Ε. (Υποκατάστημα)","A","free-mail","gtsilfidou@yahoo.com","6988757575","ΝΟΤΙΑΣ ΚΥΝΟΥΡΙΑΣ / ΑΡΚΑΔΙΑΣ","ΑΡΚΑΔΙΑΣ","ΙΚΕ","2025","","","ΥΠΗΡΕΣΙΕΣ ΕΝΟΙΚΙΑΣΗΣ ΤΟΥΡΙΣΤΙΚΟΥ ΣΚΑΦΟΥΣ, ΧΩΡΙΣ ΠΛΗΡΩΜΑ","174826314002","802351381","yahoo.com"
"REPI ΘΑΛΑΣΣΙΕΣ ΕΚΔΡΟΜΕΣ Ι.Κ.Ε.","A","free-mail","theodorski@hotmail.com","2421034015","ΣΚΙΑΘΟΥ / ΣΠΟΡΑΔΩΝ","ΜΑΓΝΗΣΙΑΣ","ΙΚΕ","2024","","","ΥΠΗΡΕΣΙΕΣ ΕΝΟΙΚΙΑΣΗΣ ΤΟΥΡΙΣΤΙΚΟΥ ΣΚΑΦΟΥΣ, ΧΩΡΙΣ ΠΛΗΡΩΜΑ","176137444000","802426010","hotmail.com"
"REVEDOR LTD GREEK BRANCH","A","free-mail","giorgosafp@gmail.com","2106234005","ΚΗΦΙΣΙΑΣ / ΒΟΡΕΙΟΥ ΤΟΜΕΑ ΑΘΗΝΩΝ","ΑΤΤΙΚΗΣ","Υποκατάστημα Αλλοδαπής","2023","","","ΥΠΗΡΕΣΙΕΣ ΕΝΟΙΚΙΑΣΗΣ ΕΠΑΓΓΕΛΜΑΤΙΚΟΥ ΤΟΥΡΙΣΤΙΚΟΥ ΣΚΑΦΟΥΣ ΜΕ ΠΛΗΡΩΜΑ","170932501001","996570022","gmail.com"
"RHODES SAILING ADVENTURE SALIMAR Ο.Ε.","A","free-mail","perirho@yahoo.com","6949562746","ΡΟΔΟΥ / ΡΟΔΟΥ","ΔΩΔΕΚΑΝΗΣΟΥ","ΟΕ","2025","","","ΥΠΗΡΕΣΙΕΣ ΣΚΑΦΩΝ ΕΚΔΡΟΜΩΝ ΚΑΙ ΠΕΡΙΗΓΗΣΕΩΝ ΘΑΛΑΣΣΑΣ","185005120000","802904717","yahoo.com"
"RIB TRIPS ΕΤΕΡΟΡΡΥΘΜΗ ΕΤΑΙΡΕΙΑ","A","free-mail","anastasiama78@gmail.com","6932237447","ΧΕΡΣΟΝΗΣΟΥ / ΗΡΑΚΛΕΙΟΥ","ΗΡΑΚΛΕΙΟΥ","ΕΕ","2021","","","ΥΠΗΡΕΣΙΕΣ ΕΝΟΙΚΙΑΣΗΣ ΣΚΑΦΩΝ ΘΑΛΑΣΣΙΑΣ ΚΑΙ ΑΚΤΟΠΛΟΪΚΗΣ ΜΕΤΑΦΟΡΑΣ ΕΠΙΒΑΤΩΝ ΜΕ ΧΕΙΡΙΣΤΗ","158512027000","801525885","gmail.com"
"RIVIERA YACHT CHARTER & MANAGEMENT Ε.Ε.","A","free-mail","koulis87@yahoo.gr","2109641111","ΓΛΥΦΑΔΑΣ / ΝΟΤΙΟΥ ΤΟΜΕΑ ΑΘΗΝΩΝ","ΑΤΤΙΚΗΣ","ΕΕ","2022","","","ΥΠΗΡΕΣΙΕΣ ΕΝΟΙΚΙΑΣΗΣ ΣΚΑΦΩΝ ΘΑΛΑΣΣΙΑΣ ΚΑΙ ΑΚΤΟΠΛΟΪΚΗΣ ΜΕΤΑΦΟΡΑΣ ΕΠΙΒΑΤΩΝ ΜΕ ΧΕΙΡΙΣΤΗ","163681503000","801805778","yahoo.gr"
"RIVIERAS SUNSET CHARTER ΕΤΕΡΟΡΡΥΘΜΗ ΕΤΑΙΡΕΙΑ","A","free-mail","th.kampoukos@gmail.com","2109641111","ΓΛΥΦΑΔΑΣ / ΝΟΤΙΟΥ ΤΟΜΕΑ ΑΘΗΝΩΝ","ΑΤΤΙΚΗΣ","ΕΕ","2022","","","ΥΠΗΡΕΣΙΕΣ ΕΝΟΙΚΙΑΣΗΣ ΤΟΥΡΙΣΤΙΚΟΥ ΣΚΑΦΟΥΣ, ΧΩΡΙΣ ΠΛΗΡΩΜΑ","167482703000","801978980","gmail.com"
"RS RHODES CRUISES Ε.Ε.","A","free-mail","makisrodis@hotmail.com","6955878530","ΡΟΔΟΥ / ΡΟΔΟΥ","ΔΩΔΕΚΑΝΗΣΟΥ","ΕΕ","2026","","","ΥΠΗΡΕΣΙΕΣ ΣΚΑΦΩΝ ΕΚΔΡΟΜΩΝ ΚΑΙ ΠΕΡΙΗΓΗΣΕΩΝ ΘΑΛΑΣΣΑΣ","192418120000","803221732","hotmail.com"
"RUBEN NAUTIC ΜΟΝΟΠΡΟΣΩΠΗ Ι.Κ.Ε.","A","free-mail","gypas@otenet.gr","2661033387","ΚΕΝΤΡΙΚΗΣ ΚΕΡΚΥΡΑΣ ΚΑΙ ΔΙΑΠΟΝΤΙΩΝ ΝΗΣΩΝ / ΚΕΡΚΥΡΑΣ","ΚΕΡΚΥΡΑΣ","ΙΚΕ","2022","","","ΥΠΗΡΕΣΙΕΣ ΕΝΟΙΚΙΑΣΗΣ ΤΟΥΡΙΣΤΙΚΟΥ ΣΚΑΦΟΥΣ, ΧΩΡΙΣ ΠΛΗΡΩΜΑ","163919733000","801818067","otenet.gr"
"SAFE TOURS Ι.Κ.Ε.","A","free-mail","safetours2@gmail.com","6940968151","ΧΕΡΣΟΝΗΣΟΥ / ΗΡΑΚΛΕΙΟΥ","ΗΡΑΚΛΕΙΟΥ","ΙΚΕ","2024","","","ΥΠΗΡΕΣΙΕΣ ΣΚΑΦΩΝ ΕΚΔΡΟΜΩΝ ΚΑΙ ΠΕΡΙΗΓΗΣΕΩΝ ΘΑΛΑΣΣΑΣ","180742027000","802677111","gmail.com"
"SAIL AND EXPLORE Ι.Κ.Ε.","A","free-mail","mmav@otenet.gr","6980951201","ΣΥΡΟΥ-ΕΡΜΟΥΠΟΛΗΣ / ΣΥΡΟΥ","ΚΥΚΛΑΔΩΝ","ΙΚΕ","2019","","","ΥΠΗΡΕΣΙΕΣ ΕΝΟΙΚΙΑΣΗΣ ΠΛΟΙΩΝ ΨΥΧΑΓΩΓΙΑΣ (ΚΟΤΕΡΩΝ, ΘΑΛΑΜΗΓΩΝ, ΒΕΝΖΙΝΑΚΑΤΩΝ ΚΛΠ), ΧΩΡΙΣ ΠΛΗΡΩΜΑ","150241838000","801149586","otenet.gr"
"SAIL THE IONIAN SEA Ι.Κ.Ε.","A","free-mail","sailtheioniansea@gmail.com","6970497062","ΚΕΝΤΡΙΚΗΣ ΚΕΡΚΥΡΑΣ ΚΑΙ ΔΙΑΠΟΝΤΙΩΝ ΝΗΣΩΝ / ΚΕΡΚΥΡΑΣ","ΚΕΡΚΥΡΑΣ","ΙΚΕ","2020","","","ΥΠΗΡΕΣΙΕΣ ΕΝΟΙΚΙΑΣΗΣ ΤΟΥΡΙΣΤΙΚΟΥ ΣΚΑΦΟΥΣ, ΧΩΡΙΣ ΠΛΗΡΩΜΑ","157193233000","801453690","gmail.com"
"SAILAND Ε.Ε.","A","free-mail","gabrillialex@gmail.com","6955295544","ΛΕΥΚΑΔΑΣ / ΛΕΥΚΑΔΑΣ","ΛΕΥΚΑΔΑΣ","ΕΕ","2025","","","ΥΠΗΡΕΣΙΕΣ ΕΝΟΙΚΙΑΣΗΣ ΤΟΥΡΙΣΤΙΚΟΥ ΣΚΑΦΟΥΣ, ΧΩΡΙΣ ΠΛΗΡΩΜΑ","186032343000","802950642","gmail.com"
"Sailing in Paradise Greece Ι.Κ.Ε.","A","free-mail","edwinenmartje@gmail.com","003162200384","ΑΛΙΜΟΥ / ΝΟΤΙΟΥ ΤΟΜΕΑ ΑΘΗΝΩΝ","ΑΤΤΙΚΗΣ","ΙΚΕ","2025","","","ΥΠΗΡΕΣΙΕΣ ΕΝΟΙΚΙΑΣΗΣ ΤΟΥΡΙΣΤΙΚΟΥ ΣΚΑΦΟΥΣ, ΧΩΡΙΣ ΠΛΗΡΩΜΑ","189234903000","803093023","gmail.com"
"SAILING IONIAN SEA III Ι.Κ.Ε. ","A","free-mail","panosyachts@yahoo.gr","2610315408","ΠΑΤΡΕΩΝ / ΑΧΑΙΑΣ","ΑΧΑΙΑΣ","ΙΚΕ","2021","","","ΥΠΗΡΕΣΙΕΣ ΕΝΟΙΚΙΑΣΗΣ ΤΟΥΡΙΣΤΙΚΟΥ ΣΚΑΦΟΥΣ, ΧΩΡΙΣ ΠΛΗΡΩΜΑ","161929316000","801709754","yahoo.gr"
"SAILING PARTNERS Ι.Κ.Ε.","A","free-mail","kyriakou.logistirio@gmail.com","6976879535","ΒΟΛΟΥ / ΜΑΓΝΗΣΙΑΣ","ΜΑΓΝΗΣΙΑΣ","ΙΚΕ","2020","","","ΥΠΗΡΕΣΙΕΣ ΕΝΟΙΚΙΑΣΗΣ ΤΟΥΡΙΣΤΙΚΟΥ ΣΚΑΦΟΥΣ, ΧΩΡΙΣ ΠΛΗΡΩΜΑ","156676344000","801431310","gmail.com"
"SAILING TALES Ο.Ε.","A","free-mail","kounenisp@gmail.com","2109615455","ΑΛΙΜΟΥ / ΝΟΤΙΟΥ ΤΟΜΕΑ ΑΘΗΝΩΝ","ΑΤΤΙΚΗΣ","ΟΕ","2022","","","ΥΠΗΡΕΣΙΕΣ ΕΝΟΙΚΙΑΣΗΣ ΠΛΟΙΩΝ ΨΥΧΑΓΩΓΙΑΣ (ΚΟΤΕΡΩΝ, ΘΑΛΑΜΗΓΩΝ, ΒΕΝΖΙΝΑΚΑΤΩΝ ΚΛΠ), ΧΩΡΙΣ ΠΛΗΡΩΜΑ","164090403000","801827389","gmail.com"
"SAILINGTRIPS Ε.Ε.","A","free-mail","kovatzis@gmail.com","6977272525","ΗΡΑΚΛΕΙΟΥ / ΗΡΑΚΛΕΙΟΥ","ΗΡΑΚΛΕΙΟΥ","ΕΕ","2025","","","ΥΠΗΡΕΣΙΕΣ ΕΝΟΙΚΙΑΣΗΣ ΕΠΑΓΓΕΛΜΑΤΙΚΟΥ ΤΟΥΡΙΣΤΙΚΟΥ ΣΚΑΦΟΥΣ ΜΕ ΠΛΗΡΩΜΑ","183358227000","802819037","gmail.com"
"SAILME CHARTER SOCIEDAD LIMITADA GREEK BRANCH","A","free-mail","asousanidou@gmail.com","","ΠΕΙΡΑΙΩΣ / ΠΕΙΡΑΙΩΣ","ΑΤΤΙΚΗΣ","Υποκατάστημα Αλλοδαπής","2022","","","ΥΠΗΡΕΣΙΕΣ ΕΝΟΙΚΙΑΣΗΣ ΤΟΥΡΙΣΤΙΚΟΥ ΣΚΑΦΟΥΣ, ΧΩΡΙΣ ΠΛΗΡΩΜΑ","164166907001","996653141","gmail.com"
"SAILMYTH IKE","A","free-mail","gloukopoulos@yahoo.com","6972228256","ΘΗΡΑΣ / ΘΗΡΑΣ","ΚΥΚΛΑΔΩΝ","ΙΚΕ","2016","","","ΥΠΗΡΕΣΙΕΣ ΕΝΟΙΚΙΑΣΗΣ ΤΟΥΡΙΣΤΙΚΟΥ ΣΚΑΦΟΥΣ, ΧΩΡΙΣ ΠΛΗΡΩΜΑ","140781338000","800783089","yahoo.com"
"SAILSTAR ΜΟΝΟΠΡΟΣΩΠΗ Ι.Κ.Ε.","A","free-mail","sachasnl@gmail.com","6972722425","ΓΛΥΦΑΔΑΣ / ΝΟΤΙΟΥ ΤΟΜΕΑ ΑΘΗΝΩΝ","ΑΤΤΙΚΗΣ","ΙΚΕ","2026","","","ΥΠΗΡΕΣΙΕΣ ΕΝΟΙΚΙΑΣΗΣ ΠΛΟΙΩΝ ΨΥΧΑΓΩΓΙΑΣ (ΚΟΤΕΡΩΝ, ΘΑΛΑΜΗΓΩΝ, ΒΕΝΖΙΝΑΚΑΤΩΝ ΚΛΠ), ΧΩΡΙΣ ΠΛΗΡΩΜΑ","191205801000","803169126","gmail.com"
"SALE YACHTING ΙΔΙΩΤΙΚΗ ΚΕΦΑΛΑΙΟΥΧΙΚΗ ΕΤΑΙΡΕΙΑ","A","free-mail","vkomatseli@gmail.com","2130364364","ΒΑΡΗΣ - ΒΟΥΛΑΣ - ΒΟΥΛΙΑΓΜΕΝΗΣ / ΑΝΑΤΟΛΙΚΗΣ ΑΤΤΙΚΗΣ","ΑΤΤΙΚΗΣ","ΙΚΕ","2023","","","ΥΠΗΡΕΣΙΕΣ ΕΝΟΙΚΙΑΣΗΣ ΤΟΥΡΙΣΤΙΚΟΥ ΣΚΑΦΟΥΣ, ΧΩΡΙΣ ΠΛΗΡΩΜΑ","169475301000","802077130","gmail.com"
"SALTY BOAT TRIPS Ο.Ε.","A","free-mail","m_venetaki@yahoo.gr","2289077617","ΜΥΚΟΝΟΥ / ΜΥΚΟΝΟΥ","ΚΥΚΛΑΔΩΝ","ΟΕ","2021","","","ΥΠΗΡΕΣΙΕΣ ΣΚΑΦΩΝ ΕΚΔΡΟΜΩΝ ΚΑΙ ΠΕΡΙΗΓΗΣΕΩΝ ΘΑΛΑΣΣΑΣ","159924838000","801601954","yahoo.gr"
"SALUTE SHIPMANAGMENT ΜΟΝΟΠΡΟΣΩΠΗ Ι.Κ.Ε.","A","free-mail","691144@gmail.com","6940103044","ΑΘΗΝΑΙΩΝ / ΚΕΝΤΡΙΚΟΥ ΤΟΜΕΑ ΑΘΗΝΩΝ","ΑΤΤΙΚΗΣ","ΙΚΕ","2022","","","ΥΠΗΡΕΣΙΕΣ ΕΝΟΙΚΙΑΣΗΣ ΠΛΟΙΩΝ ΨΥΧΑΓΩΓΙΑΣ (ΚΟΤΕΡΩΝ, ΘΑΛΑΜΗΓΩΝ, ΒΕΝΖΙΝΑΚΑΤΩΝ ΚΛΠ), ΧΩΡΙΣ ΠΛΗΡΩΜΑ","164506801000","801849173","gmail.com"
"SANTA VICTORIA YACHTS ΜΟΝΟΠΡΟΣΩΠΗ Ι.Κ.Ε.","A","free-mail","viktoriafilippidi@gmail.com","6947744297","ΡΟΔΟΥ / ΡΟΔΟΥ","ΔΩΔΕΚΑΝΗΣΟΥ","ΙΚΕ","2024","","","ΥΠΗΡΕΣΙΕΣ ΕΝΟΙΚΙΑΣΗΣ ΣΚΑΦΩΝ ΘΑΛΑΣΣΙΑΣ ΚΑΙ ΑΚΤΟΠΛΟΪΚΗΣ ΜΕΤΑΦΟΡΑΣ ΕΠΙΒΑΤΩΝ ΜΕ ΧΕΙΡΙΣΤΗ","179710220000","802620874","gmail.com"
"SANTORINI BLUE WAVES CRUISES Ε.Ε.","A","free-mail","AZIZBLEDIS@YAHOO.COM","6977353256","ΘΗΡΑΣ / ΘΗΡΑΣ","ΚΥΚΛΑΔΩΝ","ΕΕ","2021","","","ΥΠΗΡΕΣΙΕΣ ΣΚΑΦΩΝ ΕΚΔΡΟΜΩΝ ΚΑΙ ΠΕΡΙΗΓΗΣΕΩΝ ΘΑΛΑΣΣΑΣ","157809438000","801486530","yahoo.com"
"Santorini24hr ΜΟΝΟΠΡΟΣΩΠΗ Ι.Κ.Ε.","A","free-mail","andrmarkela@gmail.com","2102724160","ΘΗΡΑΣ / ΘΗΡΑΣ","ΚΥΚΛΑΔΩΝ","ΙΚΕ","2024","","","ΥΠΗΡΕΣΙΕΣ ΕΝΟΙΚΙΑΣΗΣ ΤΟΥΡΙΣΤΙΚΟΥ ΣΚΑΦΟΥΣ, ΧΩΡΙΣ ΠΛΗΡΩΜΑ","175203938000","802372390","gmail.com"
"SARC & ECO  Ι.Κ.Ε.","A","free-mail","argyropoulos.sokratis@gmail.com","6988193381","ΘΕΣΣΑΛΟΝΙΚΗΣ / ΘΕΣΣΑΛΟΝΙΚΗΣ","ΘΕΣΣΑΛΟΝΙΚΗΣ","ΙΚΕ","2023","","","ΥΠΗΡΕΣΙΕΣ ΕΝΟΙΚΙΑΣΗΣ ΕΠΑΓΓΕΛΜΑΤΙΚΟΥ ΤΟΥΡΙΣΤΙΚΟΥ ΣΚΑΦΟΥΣ ΜΕ ΠΛΗΡΩΜΑ","170886806000","802146385","gmail.com"
"SARONIKOS SAILING ΙΔΙΩΤΙΚΗ ΚΕΦΑΛΑΙΟΥΧΙΚΗ ΕΤΑΙΡΕΙΑ","A","free-mail","saronikossailing@hotmail.com","2114115119","ΣΗΤΕΙΑΣ / ΛΑΣΙΘΙΟΥ","ΛΑΣΙΘΙΟΥ","ΙΚΕ","2022","","","ΥΠΗΡΕΣΙΕΣ ΕΝΟΙΚΙΑΣΗΣ ΤΟΥΡΙΣΤΙΚΟΥ ΣΚΑΦΟΥΣ, ΧΩΡΙΣ ΠΛΗΡΩΜΑ","167245741000","801968518","hotmail.com"
"SCARPA GIULIO","A","free-mail","aravanistakis1@gmail.com","2645024072","ΛΕΥΚΑΔΑΣ / ΛΕΥΚΑΔΑΣ","ΛΕΥΚΑΔΑΣ","ΑΤΟΜΙΚΗ","2019","","","ΥΠΗΡΕΣΙΕΣ ΕΝΟΙΚΙΑΣΗΣ ΤΟΥΡΙΣΤΙΚΟΥ ΣΚΑΦΟΥΣ, ΧΩΡΙΣ ΠΛΗΡΩΜΑ","150003843000","170865618","gmail.com"
"SCHAZBY YACHTING Ι.Κ.Ε.","A","free-mail","xiekefan@hotmail.com","6975800268","ΧΑΛΑΝΔΡΙΟΥ / ΒΟΡΕΙΟΥ ΤΟΜΕΑ ΑΘΗΝΩΝ","ΑΤΤΙΚΗΣ","ΙΚΕ","2026","","","ΥΠΗΡΕΣΙΕΣ ΕΝΟΙΚΙΑΣΗΣ ΤΟΥΡΙΣΤΙΚΟΥ ΣΚΑΦΟΥΣ, ΧΩΡΙΣ ΠΛΗΡΩΜΑ","193782403000","803284405","hotmail.com"
"SCHMIDT DIRK OTTO ΤΟΥ FELIX","A","free-mail","jamarias@otenet.gr","2674072555","ΑΡΓΟΣΤΟΛΙΟΥ / ΚΕΦΑΛΛΗΝΙΑΣ","ΚΕΦΑΛΛΗΝΙΑΣ","ΑΤΟΜΙΚΗ","2023","","","ΥΠΗΡΕΣΙΕΣ ΕΝΟΙΚΙΑΣΗΣ ΣΚΑΦΩΝ ΘΑΛΑΣΣΙΑΣ ΚΑΙ ΑΚΤΟΠΛΟΪΚΗΣ ΜΕΤΑΦΟΡΑΣ ΕΠΙΒΑΤΩΝ ΜΕ ΧΕΙΡΙΣΤΗ","168318534000","178609710","otenet.gr"
"SEA & SUN BOAT RENTAL Ο.Ε.","A","free-mail","alvallianos@gmail.com","6932459125","ΧΑΝΙΩΝ / ΧΑΝΙΩΝ","ΧΑΝΙΩΝ","ΟΕ","2026","","","ΥΠΗΡΕΣΙΕΣ ΕΝΟΙΚΙΑΣΗΣ ΤΟΥΡΙΣΤΙΚΟΥ ΣΚΑΦΟΥΣ, ΧΩΡΙΣ ΠΛΗΡΩΜΑ","190972858000","803158820","gmail.com"
"SEA & SUN BOATS Ε.Ε.","A","free-mail","alvallianos@gmail.com","6932459125","ΧΑΝΙΩΝ / ΧΑΝΙΩΝ","ΧΑΝΙΩΝ","ΕΕ","2025","","","ΥΠΗΡΕΣΙΕΣ ΕΝΟΙΚΙΑΣΗΣ ΤΟΥΡΙΣΤΙΚΟΥ ΣΚΑΦΟΥΣ, ΧΩΡΙΣ ΠΛΗΡΩΜΑ","188833658000","803077139","gmail.com"
"SEA ADVENTURES ΥΠΗΡΕΣΙΕΣ ΘΑΛΑΣΣΙΩΝ ΠΕΡΙΗΓΗΣΕΩΝ ΙΔΙΩΤΙΚΗ ΚΕΦΑΛΑΙΟΥΧΙΚΗ ΕΤΑΙΡΕΙΑ","A","free-mail","iliasbar1967@gmail.com","6945431503","ΧΑΝΙΩΝ / ΧΑΝΙΩΝ","ΧΑΝΙΩΝ","ΙΚΕ","2016","","","ΥΠΗΡΕΣΙΕΣ ΕΝΟΙΚΙΑΣΗΣ ΠΛΟΙΩΝ ΨΥΧΑΓΩΓΙΑΣ (ΚΟΤΕΡΩΝ, ΘΑΛΑΜΗΓΩΝ, ΒΕΝΖΙΝΑΚΑΤΩΝ ΚΛΠ) ΜΕ ΠΛΗΡΩΜΑ","140517358000","800774947","gmail.com"
"SEA AND AIR SERVICES Ι.Κ.Ε.","A","free-mail","andromaxi0@gmail.com","6932529145","ΕΛΛΗΝΙΚΟΥ - ΑΡΓΥΡΟΥΠΟΛΗΣ / ΝΟΤΙΟΥ ΤΟΜΕΑ ΑΘΗΝΩΝ","ΑΤΤΙΚΗΣ","ΙΚΕ","2024","","","ΥΠΗΡΕΣΙΕΣ ΕΝΟΙΚΙΑΣΗΣ ΤΟΥΡΙΣΤΙΚΟΥ ΣΚΑΦΟΥΣ, ΧΩΡΙΣ ΠΛΗΡΩΜΑ","174339701000","802324262","gmail.com"
"SEA BOND ΜΟΝΟΠΡΟΣΩΠΗ Ι.Κ.Ε.","A","free-mail","seabondike@gmail.com","2297501182","ΑΙΓΙΝΑΣ / ΝΗΣΩΝ","ΑΤΤΙΚΗΣ","ΙΚΕ","2015","","","ΥΠΗΡΕΣΙΕΣ ΘΑΛΑΣΣΙΩΝ ΚΑΙ ΠΑΡΑΚΤΙΩΝ ΜΕΤΑΦΟΡΩΝ ΕΠΙΒΑΤΩΝ ΜΕ ΘΑΛΑΜΗΓΟΥΣ - ΤΟΥΡΙΣΤΙΚΑ ΠΛΟΙΑ ΜΕ ΕΛΛΗΝΙΚΗ ΣΗΜΑΙΑ","135103207000","800671307","gmail.com"
"SEA BREEZE II Ι.Κ.Ε.","A","free-mail","xiotimar@hotmail.com","2106997321","ΡΑΦΗΝΑΣ - ΠΙΚΕΡΜΙΟΥ / ΑΝΑΤΟΛΙΚΗΣ ΑΤΤΙΚΗΣ","ΑΤΤΙΚΗΣ","ΙΚΕ","2023","","","ΥΠΗΡΕΣΙΕΣ ΕΝΟΙΚΙΑΣΗΣ ΤΟΥΡΙΣΤΙΚΟΥ ΣΚΑΦΟΥΣ, ΧΩΡΙΣ ΠΛΗΡΩΜΑ","168998801000","802053642","hotmail.com"
"SEA RUNNER Ε.Ε","A","free-mail","mihell@otenet.gr","6936999841","ΡΟΔΟΥ / ΡΟΔΟΥ","ΔΩΔΕΚΑΝΗΣΟΥ","ΕΕ","2015","","","ΥΠΗΡΕΣΙΕΣ ΣΚΑΦΩΝ ΕΚΔΡΟΜΩΝ ΚΑΙ ΠΕΡΙΗΓΗΣΕΩΝ ΘΑΛΑΣΣΑΣ","134197320000","800652495","otenet.gr"
"SEA U WATERSPORTS  Ο.Ε.","A","free-mail","rokoscars@yahoo.gr","6973405667","ΠΑΡΓΑΣ / ΠΡΕΒΕΖΑΣ","ΠΡΕΒΕΖΑΣ","ΟΕ","2025","","","ΥΠΗΡΕΣΙΕΣ ΕΝΟΙΚΙΑΣΗΣ ΠΛΟΙΩΝ ΨΥΧΑΓΩΓΙΑΣ (ΚΟΤΕΡΩΝ, ΘΑΛΑΜΗΓΩΝ, ΒΕΝΖΙΝΑΚΑΤΩΝ ΚΛΠ), ΧΩΡΙΣ ΠΛΗΡΩΜΑ","183448643000","802824361","yahoo.gr"
"SEA VENTURE ΜΟΝΟΠΡΟΣΩΠΗ Ι.Κ.Ε.","A","free-mail","kon.logistirio@yahoo.gr","2102323653","ΑΛΙΜΟΥ / ΝΟΤΙΟΥ ΤΟΜΕΑ ΑΘΗΝΩΝ","ΑΤΤΙΚΗΣ","ΙΚΕ","2024","","","ΥΠΗΡΕΣΙΕΣ ΕΝΟΙΚΙΑΣΗΣ ΤΟΥΡΙΣΤΙΚΟΥ ΣΚΑΦΟΥΣ, ΧΩΡΙΣ ΠΛΗΡΩΜΑ","180425009000","802660952","yahoo.gr"
"SEA YOU Ionian Rib Charter Ο.Ε.","A","free-mail","paragoncanopies@gmail.com","6978178135","ΛΕΥΚΑΔΑΣ / ΛΕΥΚΑΔΑΣ","ΛΕΥΚΑΔΑΣ","ΟΕ","2025","","","ΥΠΗΡΕΣΙΕΣ ΕΝΟΙΚΙΑΣΗΣ ΤΟΥΡΙΣΤΙΚΟΥ ΣΚΑΦΟΥΣ, ΧΩΡΙΣ ΠΛΗΡΩΜΑ","186612643000","802977144","gmail.com"
"SeaBreeze Charter ΜΟΝΟΠΡΟΣΩΠΗ Ι.Κ.Ε.","A","free-mail","pavlovahellas@gmail.com;compaprod@gmail.com","2114075135","ΠΕΙΡΑΙΩΣ / ΠΕΙΡΑΙΩΣ","ΑΤΤΙΚΗΣ","ΙΚΕ","2024","","","ΥΠΗΡΕΣΙΕΣ ΕΝΟΙΚΙΑΣΗΣ ΤΟΥΡΙΣΤΙΚΟΥ ΣΚΑΦΟΥΣ, ΧΩΡΙΣ ΠΛΗΡΩΜΑ","177676309000","802507331","gmail.com"
"SEACRETE Ε.Ε.","A","free-mail","manos.giam@hotmail.com","6972326800","ΧΕΡΣΟΝΗΣΟΥ / ΗΡΑΚΛΕΙΟΥ","ΗΡΑΚΛΕΙΟΥ","ΕΕ","2021","","","ΥΠΗΡΕΣΙΕΣ ΕΝΟΙΚΙΑΣΗΣ ΣΚΑΦΩΝ ΘΑΛΑΣΣΙΑΣ ΚΑΙ ΑΚΤΟΠΛΟΪΚΗΣ ΜΕΤΑΦΟΡΑΣ ΕΠΙΒΑΤΩΝ ΜΕ ΧΕΙΡΙΣΤΗ","160154427000","801613793","hotmail.com"
"SEADRIFT ΙΔΙΩΤΙΚΗ ΚΕΦΑΛΑΙΟΥΧΙΚΗ ΕΤΑΙΡΕΙΑ","A","free-mail","i.pap.hellas@gmail.com","2109603031","ΕΛΛΗΝΙΚΟΥ - ΑΡΓΥΡΟΥΠΟΛΗΣ / ΝΟΤΙΟΥ ΤΟΜΕΑ ΑΘΗΝΩΝ","ΑΤΤΙΚΗΣ","ΙΚΕ","2024","","","ΥΠΗΡΕΣΙΕΣ ΕΝΟΙΚΙΑΣΗΣ ΤΟΥΡΙΣΤΙΚΟΥ ΣΚΑΦΟΥΣ, ΧΩΡΙΣ ΠΛΗΡΩΜΑ","178932501000","802577880","gmail.com"
"SEAS THE BAY ΜΟΝΟΠΡΟΣΩΠΗ Ι.Κ.Ε.","A","free-mail","seasthebaygr@gmail.com","6947129310","ΠΕΙΡΑΙΩΣ / ΠΕΙΡΑΙΩΣ","ΑΤΤΙΚΗΣ","ΙΚΕ","2026","","","ΥΠΗΡΕΣΙΕΣ ΕΝΟΙΚΙΑΣΗΣ ΕΠΑΓΓΕΛΜΑΤΙΚΟΥ ΤΟΥΡΙΣΤΙΚΟΥ ΣΚΑΦΟΥΣ ΜΕ ΠΛΗΡΩΜΑ","194065207000","803298090","gmail.com"
"SeaSail Adventures ΜΟΝΟΠΡΟΣΩΠΗ Ι.Κ.Ε.","A","free-mail","rapanos1@otenet.gr","2421305198","ΒΟΛΟΥ / ΜΑΓΝΗΣΙΑΣ","ΜΑΓΝΗΣΙΑΣ","ΙΚΕ","2024","","","ΥΠΗΡΕΣΙΕΣ ΕΝΟΙΚΙΑΣΗΣ ΤΟΥΡΙΣΤΙΚΟΥ ΣΚΑΦΟΥΣ, ΧΩΡΙΣ ΠΛΗΡΩΜΑ","176387944000","802440236","otenet.gr"
"SEATRETA Ε.Ε.","A","free-mail","mihalistheo@gmail.com","6945226883","ΗΡΑΚΛΕΙΟΥ / ΗΡΑΚΛΕΙΟΥ","ΗΡΑΚΛΕΙΟΥ","ΕΕ","2025","","","ΥΠΗΡΕΣΙΕΣ ΕΝΟΙΚΙΑΣΗΣ ΕΠΑΓΓΕΛΜΑΤΙΚΟΥ ΤΟΥΡΙΣΤΙΚΟΥ ΣΚΑΦΟΥΣ ΜΕ ΠΛΗΡΩΜΑ","187285327000","803008226","gmail.com"
"SEFERI ZEF TOY MARK","A","free-mail","seadwellercruises@gmail.com","","ΖΑΚΥΝΘΟΥ / ΖΑΚΥΝΘΟΥ","ΖΑΚΥΝΘΟΥ","ΑΤΟΜΙΚΗ","2023","","","ΥΠΗΡΕΣΙΕΣ ΕΝΟΙΚΙΑΣΗΣ ΤΟΥΡΙΣΤΙΚΟΥ ΣΚΑΦΟΥΣ, ΧΩΡΙΣ ΠΛΗΡΩΜΑ","170798524000","117031217","gmail.com"
"SERENE VIBES ΜΟΝΟΠΡΟΣΩΠΗ Ι.Κ.Ε.","A","free-mail","sereneprivatecruises@gmail.com","6974339520","ΖΑΚΥΝΘΟΥ / ΖΑΚΥΝΘΟΥ","ΖΑΚΥΝΘΟΥ","ΙΚΕ","2026","","","ΥΠΗΡΕΣΙΕΣ ΕΝΟΙΚΙΑΣΗΣ ΤΟΥΡΙΣΤΙΚΟΥ ΣΚΑΦΟΥΣ, ΧΩΡΙΣ ΠΛΗΡΩΜΑ","192291524000","803215774","gmail.com"
"SERENITY CHARTERING LIMITED GREEK BRANCH ","A","free-mail","legal.sosyachtingr@gmail.com","6942980619","ΑΘΗΝΑΙΩΝ / ΚΕΝΤΡΙΚΟΥ ΤΟΜΕΑ ΑΘΗΝΩΝ","ΑΤΤΙΚΗΣ","Υποκατάστημα Αλλοδαπής","2023","","","ΥΠΗΡΕΣΙΕΣ ΕΝΟΙΚΙΑΣΗΣ ΠΛΟΙΩΝ ΨΥΧΑΓΩΓΙΑΣ (ΚΟΤΕΡΩΝ, ΘΑΛΑΜΗΓΩΝ, ΒΕΝΖΙΝΑΚΑΤΩΝ ΚΛΠ) ΜΕ ΠΛΗΡΩΜΑ","174069801001","996517616","gmail.com"
"SEYCHELLES CRUISE Ι.Κ.Ε.","A","free-mail","karnavasnik62@gmail.com","2121020563","ΙΚΑΡΙΑΣ / ΙΚΑΡΙΑΣ","ΣΑΜΟΥ","ΙΚΕ","2019","","","ΥΠΗΡΕΣΙΕΣ ΣΚΑΦΩΝ ΕΚΔΡΟΜΩΝ ΚΑΙ ΠΕΡΙΗΓΗΣΕΩΝ ΘΑΛΑΣΣΑΣ","152218351000","801228184","gmail.com"
"SOLARSKI DARIUSZ RYSZARD TOY JANUSZ","A","free-mail","orciard@gmail.com","2661039716","ΚΕΝΤΡΙΚΗΣ ΚΕΡΚΥΡΑΣ ΚΑΙ ΔΙΑΠΟΝΤΙΩΝ ΝΗΣΩΝ / ΚΕΡΚΥΡΑΣ","ΚΕΡΚΥΡΑΣ","ΑΤΟΜΙΚΗ","2023","","","ΥΠΗΡΕΣΙΕΣ ΕΝΟΙΚΙΑΣΗΣ ΠΛΟΙΩΝ ΨΥΧΑΓΩΓΙΑΣ (ΚΟΤΕΡΩΝ, ΘΑΛΑΜΗΓΩΝ, ΒΕΝΖΙΝΑΚΑΤΩΝ ΚΛΠ) ΜΕ ΠΛΗΡΩΜΑ","171594633000","181581234","gmail.com"
"SoMi Yachting ΜΟΝΟΠΡΟΣΩΠΗ Ι.Κ.Ε.","A","free-mail","sachasnl@gmail.com","2109886271","ΓΛΥΦΑΔΑΣ / ΝΟΤΙΟΥ ΤΟΜΕΑ ΑΘΗΝΩΝ","ΑΤΤΙΚΗΣ","ΙΚΕ","2022","","","ΥΠΗΡΕΣΙΕΣ ΕΝΟΙΚΙΑΣΗΣ ΠΛΟΙΩΝ ΨΥΧΑΓΩΓΙΑΣ (ΚΟΤΕΡΩΝ, ΘΑΛΑΜΗΓΩΝ, ΒΕΝΖΙΝΑΚΑΤΩΝ ΚΛΠ) ΜΕ ΠΛΗΡΩΜΑ","167266901000","801969539","gmail.com"
"SPHERA YACHTING Ι.Κ.Ε.","A","free-mail","taxis.protection@gmail.com","2108089905","ΓΛΥΦΑΔΑΣ / ΝΟΤΙΟΥ ΤΟΜΕΑ ΑΘΗΝΩΝ","ΑΤΤΙΚΗΣ","ΙΚΕ","2020","","","ΥΠΗΡΕΣΙΕΣ ΕΝΟΙΚΙΑΣΗΣ ΠΛΟΙΩΝ ΨΥΧΑΓΩΓΙΑΣ (ΚΟΤΕΡΩΝ, ΘΑΛΑΜΗΓΩΝ, ΒΕΝΖΙΝΑΚΑΤΩΝ ΚΛΠ), ΧΩΡΙΣ ΠΛΗΡΩΜΑ","154145403000","801312370","gmail.com"
"ST HILLS & ΣΙΑ Ο.Ε.","A","free-mail","asonitisoffice@yahoo.gr","2661032425","ΚΕΝΤΡΙΚΗΣ ΚΕΡΚΥΡΑΣ ΚΑΙ ΔΙΑΠΟΝΤΙΩΝ ΝΗΣΩΝ / ΚΕΡΚΥΡΑΣ","ΚΕΡΚΥΡΑΣ","ΟΕ","2022","","","ΥΠΗΡΕΣΙΕΣ ΕΝΟΙΚΙΑΣΗΣ ΠΛΟΙΩΝ ΨΥΧΑΓΩΓΙΑΣ (ΚΟΤΕΡΩΝ, ΘΑΛΑΜΗΓΩΝ, ΒΕΝΖΙΝΑΚΑΤΩΝ ΚΛΠ), ΧΩΡΙΣ ΠΛΗΡΩΜΑ","167564533000","801983294","yahoo.gr"
"STADIUM MARINE LIMITED ΥΠΟΚΑΤΑΣΤΗΜΑ ΑΛΛΟΔΑΠΗΣ","A","free-mail","dtsonos@otenet.gr","2109483300","ΧΑΛΑΝΔΡΙΟΥ / ΒΟΡΕΙΟΥ ΤΟΜΕΑ ΑΘΗΝΩΝ","ΑΤΤΙΚΗΣ","Υποκατάστημα Αλλοδαπής","2021","","","ΥΠΗΡΕΣΙΕΣ ΕΝΟΙΚΙΑΣΗΣ ΠΛΟΙΩΝ ΨΥΧΑΓΩΓΙΑΣ (ΚΟΤΕΡΩΝ, ΘΑΛΑΜΗΓΩΝ, ΒΕΝΖΙΝΑΚΑΤΩΝ ΚΛΠ) ΜΕ ΠΛΗΡΩΜΑ","158936401001","996737140","otenet.gr"
"STADRYNIAK GRZEGORZ TOMASZ ΤΟΥ MIROSLAW JANINA","A","free-mail","gstadryniak@gmail.com","6983025110","ΑΘΗΝΑΙΩΝ / ΚΕΝΤΡΙΚΟΥ ΤΟΜΕΑ ΑΘΗΝΩΝ","ΑΤΤΙΚΗΣ","ΑΤΟΜΙΚΗ","","","","ΥΠΗΡΕΣΙΕΣ ΕΝΟΙΚΙΑΣΗΣ ΤΟΥΡΙΣΤΙΚΟΥ ΣΚΑΦΟΥΣ, ΧΩΡΙΣ ΠΛΗΡΩΜΑ","167331903000","180699379","gmail.com"
"STALCA-CORFOU LTD","A","free-mail","sergemarrant@hotmail.com","2661080386","ΚΕΝΤΡΙΚΗΣ ΚΕΡΚΥΡΑΣ ΚΑΙ ΔΙΑΠΟΝΤΙΩΝ ΝΗΣΩΝ / ΚΕΡΚΥΡΑΣ","ΚΕΡΚΥΡΑΣ","Υποκατάστημα Αλλοδαπής","2023","","","ΥΠΗΡΕΣΙΕΣ ΕΝΟΙΚΙΑΣΗΣ ΠΛΟΙΩΝ ΨΥΧΑΓΩΓΙΑΣ (ΚΟΤΕΡΩΝ, ΘΑΛΑΜΗΓΩΝ, ΒΕΝΖΙΝΑΚΑΤΩΝ ΚΛΠ) ΜΕ ΠΛΗΡΩΜΑ","173673733001","996577940","hotmail.com"
"STARK YACHTING AND SERVICES ΜΟΝΟΠΡΟΣΩΠΗ Ι.Κ.Ε.","A","free-mail","stzedakis@gmail.com","2108900018","ΒΑΡΗΣ - ΒΟΥΛΑΣ - ΒΟΥΛΙΑΓΜΕΝΗΣ / ΑΝΑΤΟΛΙΚΗΣ ΑΤΤΙΚΗΣ","ΑΤΤΙΚΗΣ","ΙΚΕ","2023","","","ΥΠΗΡΕΣΙΕΣ ΕΝΟΙΚΙΑΣΗΣ ΤΟΥΡΙΣΤΙΚΟΥ ΣΚΑΦΟΥΣ, ΧΩΡΙΣ ΠΛΗΡΩΜΑ","172908301000","802246359","gmail.com"
"STAROSELTUR ΥΠΟΚΑΤΑΣΤΗΜΑ ΑΛΛΟΔΑΠΗΣ","A","free-mail","calmseas2023@gmail.com","+359897870908","ΠΕΙΡΑΙΩΣ / ΠΕΙΡΑΙΩΣ","ΑΤΤΙΚΗΣ","Υποκατάστημα Αλλοδαπής","2026","","","ΥΠΗΡΕΣΙΕΣ ΘΑΛΑΣΣΙΩΝ ΚΑΙ ΠΑΡΑΚΤΙΩΝ ΜΕΤΑΦΟΡΩΝ ΕΠΙΒΑΤΩΝ ΜΕ ΘΑΛΑΜΗΓΟΥΣ - ΤΟΥΡΙΣΤΙΚΑ ΠΛΟΙΑ ΜΕ ΣΗΜΑΙΑ ΑΛΛΗ ΑΠΟ ΕΛΛΗΝΙΚΗ","192599307001","803230360","gmail.com"
"START SAILS ΙΔΙΩΤΙΚΗ ΚΕΦΑΛΑΙΟΥΧΙΚΗ ΕΤΑΙΡΕΙΑ","A","free-mail","aias.greece@gmail.com","6944366363","ΠΑΛΑΙΟΥ ΦΑΛΗΡΟΥ / ΝΟΤΙΟΥ ΤΟΜΕΑ ΑΘΗΝΩΝ","ΑΤΤΙΚΗΣ","ΙΚΕ","2024","","","ΥΠΗΡΕΣΙΕΣ ΕΝΟΙΚΙΑΣΗΣ ΤΟΥΡΙΣΤΙΚΟΥ ΣΚΑΦΟΥΣ, ΧΩΡΙΣ ΠΛΗΡΩΜΑ","177060803000","802476024","gmail.com"
"STOIC BLUE SERVICES Ο.Ε.","A","free-mail","florents.tselai@gmail.com","2104677024","ΣΑΛΑΜΙΝΑΣ / ΝΗΣΩΝ","ΑΤΤΙΚΗΣ","ΟΕ","2023","","","ΥΠΗΡΕΣΙΕΣ ΣΚΑΦΩΝ ΕΚΔΡΟΜΩΝ ΚΑΙ ΠΕΡΙΗΓΗΣΕΩΝ ΘΑΛΑΣΣΑΣ","168702509000","802040124","gmail.com"
"SUGAR YACHT CHARTER ΜΟΝΟΠΡΟΣΩΠΗ Ι.Κ.Ε.","A","free-mail","korovinlaw@gmail.com","2109822910","ΝΕΑΣ ΣΜΥΡΝΗΣ / ΝΟΤΙΟΥ ΤΟΜΕΑ ΑΘΗΝΩΝ","ΑΤΤΙΚΗΣ","ΙΚΕ","2020","","","ΥΠΗΡΕΣΙΕΣ ΕΝΟΙΚΙΑΣΗΣ ΕΠΑΓΓΕΛΜΑΤΙΚΟΥ ΤΟΥΡΙΣΤΙΚΟΥ ΣΚΑΦΟΥΣ ΜΕ ΠΛΗΡΩΜΑ","153750701000","801294937","gmail.com"
"SUMMER BREEZE LINDOS CRUISES Ι.Κ.Ε.","A","free-mail","summerbreezecruise@gmail.com","2241085554","ΡΟΔΟΥ / ΡΟΔΟΥ","ΔΩΔΕΚΑΝΗΣΟΥ","ΙΚΕ","2024","","","ΥΠΗΡΕΣΙΕΣ ΣΚΑΦΩΝ ΕΚΔΡΟΜΩΝ ΚΑΙ ΠΕΡΙΗΓΗΣΕΩΝ ΘΑΛΑΣΣΑΣ","176809920000","802462401","gmail.com"
"SUMMER DREAM Ε.Ε.","A","free-mail","tsiaparae@yahoo.gr","2321054720","ΣΕΡΡΩΝ / ΣΕΡΡΩΝ","ΣΕΡΡΩΝ","ΕΕ","2019","","","ΥΠΗΡΕΣΙΕΣ ΕΝΟΙΚΙΑΣΗΣ ΤΟΥΡΙΣΤΙΚΟΥ ΣΚΑΦΟΥΣ, ΧΩΡΙΣ ΠΛΗΡΩΜΑ","150854952000","801175807","yahoo.gr"
"SUMMER STORIES ΜΟΝΟΠΡΟΣΩΠΗ Ι.Κ.Ε.","A","free-mail","gasfree2025@gmail.com","6906215753","ΧΑΛΚΙΔΕΩΝ / ΕΥΒΟΙΑΣ","ΕΥΒΟΙΑΣ","ΙΚΕ","2025","","","ΥΠΗΡΕΣΙΕΣ ΕΝΟΙΚΙΑΣΗΣ ΣΚΑΦΩΝ ΘΑΛΑΣΣΙΑΣ ΚΑΙ ΑΚΤΟΠΛΟΪΚΗΣ ΜΕΤΑΦΟΡΑΣ ΕΠΙΒΑΤΩΝ ΜΕ ΧΕΙΡΙΣΤΗ","187411622000","803013967","gmail.com"
"Summer Sun Sailing Ιδιωτική Κεφαλαιουχική Εταιρεία (Υποκατάστημα)","A","free-mail","g.paraskevas@yahoo.gr","6932911900","ΧΙΟΥ / ΧΙΟΥ","ΧΙΟΥ","ΙΚΕ","2023","","","ΥΠΗΡΕΣΙΕΣ ΕΝΟΙΚΙΑΣΗΣ ΕΠΑΓΓΕΛΜΑΤΙΚΟΥ ΤΟΥΡΙΣΤΙΚΟΥ ΣΚΑΦΟΥΣ ΜΕ ΠΛΗΡΩΜΑ","141663959001","800811462","yahoo.gr"
"SUMMER VIBES ΜΟΝΟΠΡΟΣΩΠΗ Ι.Κ.Ε.","A","free-mail","kaloudig@yahoo.gr","2104221209","ΚΕΡΑΤΣΙΝΙΟΥ - ΔΡΑΠΕΤΣΩΝΑΣ / ΠΕΙΡΑΙΩΣ","ΑΤΤΙΚΗΣ","ΙΚΕ","2020","","","ΥΠΗΡΕΣΙΕΣ ΕΝΟΙΚΙΑΣΗΣ ΠΛΟΙΩΝ ΨΥΧΑΓΩΓΙΑΣ (ΚΟΤΕΡΩΝ, ΘΑΛΑΜΗΓΩΝ, ΒΕΝΖΙΝΑΚΑΤΩΝ ΚΛΠ), ΧΩΡΙΣ ΠΛΗΡΩΜΑ","153767107000","801295694","yahoo.gr"
"Summerdreamboats Ι.Κ.Ε.","A","free-mail","chment@hotmail.com","6936208281","ΠΕΝΤΕΛΗΣ / ΒΟΡΕΙΟΥ ΤΟΜΕΑ ΑΘΗΝΩΝ","ΑΤΤΙΚΗΣ","ΙΚΕ","2023","","","ΥΠΗΡΕΣΙΕΣ ΕΝΟΙΚΙΑΣΗΣ ΠΛΟΙΩΝ ΨΥΧΑΓΩΓΙΑΣ (ΚΟΤΕΡΩΝ, ΘΑΛΑΜΗΓΩΝ, ΒΕΝΖΙΝΑΚΑΤΩΝ ΚΛΠ) ΜΕ ΠΛΗΡΩΜΑ","173181703000","802261234","hotmail.com"
"SUNNE Ι.Κ.Ε.","A","free-mail","kalantzopoulosaris@gmail.com","6975852613","ΞΥΛΟΚΑΣΤΡΟΥ-ΕΥΡΩΣΤΙΝΗΣ / ΚΟΡΙΝΘΙΑΣ","ΚΟΡΙΝΘΙΑΣ","ΙΚΕ","2026","","","ΥΠΗΡΕΣΙΕΣ ΣΚΑΦΩΝ ΕΚΔΡΟΜΩΝ ΚΑΙ ΠΕΡΙΗΓΗΣΕΩΝ ΘΑΛΑΣΣΑΣ","192778637000","803237938","gmail.com"
"SUNNY ODISIA STAYS & BOATS Ε.Ε.","A","free-mail","vasiliszigouris@yahoo.com","2684031910","ΠΑΡΓΑΣ / ΠΡΕΒΕΖΑΣ","ΠΡΕΒΕΖΑΣ","ΕΕ","2025","","","ΥΠΗΡΕΣΙΕΣ ΕΝΟΙΚΙΑΣΗΣ ΕΠΑΓΓΕΛΜΑΤΙΚΟΥ ΤΟΥΡΙΣΤΙΚΟΥ ΣΚΑΦΟΥΣ ΜΕ ΠΛΗΡΩΜΑ","189492349000","803102614","yahoo.com"
"Sunrise sailing Ο.Ε.","A","free-mail","kougioumle@yahoo.gr","6936647201","ΙΩΑΝΝΙΤΩΝ / ΙΩΑΝΝΙΝΩΝ","ΙΩΑΝΝΙΝΩΝ","ΟΕ","2025","","","ΥΠΗΡΕΣΙΕΣ ΕΝΟΙΚΙΑΣΗΣ ΤΟΥΡΙΣΤΙΚΟΥ ΣΚΑΦΟΥΣ, ΧΩΡΙΣ ΠΛΗΡΩΜΑ","182246529000","802759085","yahoo.gr"
"SUNRISE YACHTING ΜΟΝΟΠΡΟΣΩΠΗ Ι.Κ.Ε.","A","free-mail","jhawa@hotmail.com","2109822910","ΚΑΛΛΙΘΕΑΣ / ΝΟΤΙΟΥ ΤΟΜΕΑ ΑΘΗΝΩΝ","ΑΤΤΙΚΗΣ","ΙΚΕ","2024","","","ΥΠΗΡΕΣΙΕΣ ΕΝΟΙΚΙΑΣΗΣ ΤΟΥΡΙΣΤΙΚΟΥ ΣΚΑΦΟΥΣ, ΧΩΡΙΣ ΠΛΗΡΩΜΑ","178113101000","802531367","hotmail.com"
"SUNSET HORIZONS PLTD ΥΠΟΚΑΤΑΣΤΗΜΑ ΑΛΛΟΔΑΠΗΣ","A","free-mail","mar.aristotelis@gmail.com","+3598866600","ΝΙΚΑΙΑΣ - ΑΓΙΟΥ ΙΩΑΝΝΗ ΡΕΝΤΗ / ΠΕΙΡΑΙΩΣ","","Υποκατάστημα Αλλοδαπής","2025","","","ΥΠΗΡΕΣΙΕΣ ΕΝΟΙΚΙΑΣΗΣ ΕΠΑΓΓΕΛΜΑΤΙΚΟΥ ΤΟΥΡΙΣΤΙΚΟΥ ΣΚΑΦΟΥΣ ΜΕ ΠΛΗΡΩΜΑ","184854207001","802897710","gmail.com"
"SYROS CRUISES ΜΟΝΟΠΡΟΣΩΠΗ Ι.Κ.Ε.","A","free-mail","syroscruises@gmail.com","6972783565","ΑΛΙΜΟΥ / ΝΟΤΙΟΥ ΤΟΜΕΑ ΑΘΗΝΩΝ","ΑΤΤΙΚΗΣ","ΙΚΕ","2022","","","ΥΠΗΡΕΣΙΕΣ ΕΝΟΙΚΙΑΣΗΣ ΤΟΥΡΙΣΤΙΚΟΥ ΣΚΑΦΟΥΣ, ΧΩΡΙΣ ΠΛΗΡΩΜΑ","163866203000","801815225","gmail.com"
"THALASSA VENTURES Ο.Ε.","A","free-mail","jtr_jtr@hotmail.com","6956127866","ΚΩ / ΚΩ","ΔΩΔΕΚΑΝΗΣΟΥ","ΟΕ","2025","","","ΥΠΗΡΕΣΙΕΣ ΕΝΟΙΚΙΑΣΗΣ ΤΟΥΡΙΣΤΙΚΟΥ ΣΚΑΦΟΥΣ, ΧΩΡΙΣ ΠΛΗΡΩΜΑ","182100720000","802751364","hotmail.com"
"THALATTI YACHTING Ο.Ε.","A","free-mail","makiskallidis@gmail.com","6972239702","ΚΑΛΑΜΑΡΙΑΣ / ΘΕΣΣΑΛΟΝΙΚΗΣ","ΘΕΣΣΑΛΟΝΙΚΗΣ","ΟΕ","2025","","","ΥΠΗΡΕΣΙΕΣ ΕΝΟΙΚΙΑΣΗΣ ΤΟΥΡΙΣΤΙΚΟΥ ΣΚΑΦΟΥΣ, ΧΩΡΙΣ ΠΛΗΡΩΜΑ","182019106000","802747222","gmail.com"
"THALOS SAIL BEYOND ΜΟΝΟΠΡΟΣΩΠΗ Ι.Κ.Ε.","A","free-mail","dimitris_mitsiou@hotmail.com","6982390442","ΗΡΩΙΚΗΣ ΝΗΣΟΥ ΚΑΣΟΥ / ΚΑΡΠΑΘΟΥ","ΔΩΔΕΚΑΝΗΣΟΥ","ΙΚΕ","2026","","","ΥΠΗΡΕΣΙΕΣ ΣΚΑΦΩΝ ΕΚΔΡΟΜΩΝ ΚΑΙ ΠΕΡΙΗΓΗΣΕΩΝ ΘΑΛΑΣΣΑΣ","192472620000","803224377","hotmail.com"
"THASSIAN CRUISES ΜΟΝΟΠΡΟΣΩΠΗ ΕΤΑΙΡΙΑ ΠΕΡΙΟΡΙΣΜΑΝΗΣ ΕΥΘΥΝΗΣ","A","free-mail","madexos@otenet.gr","259052601","ΘΑΣΟΥ / ΘΑΣΟΥ","ΚΑΒΑΛΑΣ","ΕΠΕ","2004","","","ΥΠΗΡΕΣΙΕΣ ΕΝΟΙΚΙΑΣΗΣ ΠΛΟΙΩΝ ΨΥΧΑΓΩΓΙΑΣ (ΚΟΤΕΡΩΝ, ΘΑΛΑΜΗΓΩΝ, ΒΕΝΖΙΝΑΚΑΤΩΝ ΚΛΠ) ΜΕ ΠΛΗΡΩΜΑ","122868130000","800126305","otenet.gr"
"THE ENTERPRISE YACHTING Ι.Κ.Ε.","A","free-mail","iakovosnikolakopoulos@gmail.com","2107213744","ΑΘΗΝΑΙΩΝ / ΚΕΝΤΡΙΚΟΥ ΤΟΜΕΑ ΑΘΗΝΩΝ","ΑΤΤΙΚΗΣ","ΙΚΕ","2025","","","ΥΠΗΡΕΣΙΕΣ ΕΝΟΙΚΙΑΣΗΣ ΤΟΥΡΙΣΤΙΚΟΥ ΣΚΑΦΟΥΣ, ΧΩΡΙΣ ΠΛΗΡΩΜΑ","184123401000","802860581","gmail.com"
"THEODOSIS CRUISES Ε.Ε.","A","free-mail","elintheodosis@gmail.com","6947329835","ΖΑΚΥΝΘΟΥ / ΖΑΚΥΝΘΟΥ","ΖΑΚΥΝΘΟΥ","ΕΕ","2020","","","ΥΠΗΡΕΣΙΕΣ ΣΚΑΦΩΝ ΕΚΔΡΟΜΩΝ ΚΑΙ ΠΕΡΙΗΓΗΣΕΩΝ ΘΑΛΑΣΣΑΣ","154187224000","801313968","gmail.com"
"THINK HOLIDAYS POINT LTD ΥΠΟΚΑΤΑΣΤΗΜΑ ΑΛΛΟΔΑΠΗΣ","A","free-mail","proimakis.g1@gmail.com","2810381547","ΧΕΡΣΟΝΗΣΟΥ / ΗΡΑΚΛΕΙΟΥ","ΗΡΑΚΛΕΙΟΥ","Υποκατάστημα Αλλοδαπής","2018","","","ΥΠΗΡΕΣΙΕΣ ΕΝΟΙΚΙΑΣΗΣ ΤΟΥΡΙΣΤΙΚΟΥ ΣΚΑΦΟΥΣ, ΧΩΡΙΣ ΠΛΗΡΩΜΑ","148598227001","996978457","gmail.com"
"THREE B YACHTING ΜΟΝΟΠΡΟΣΩΠΗ Ι.Κ.Ε.","A","free-mail","stelasim@icloud.com","2109850169","ΠΕΙΡΑΙΩΣ / ΠΕΙΡΑΙΩΣ","ΑΤΤΙΚΗΣ","ΙΚΕ","2022","","","ΥΠΗΡΕΣΙΕΣ ΕΝΟΙΚΙΑΣΗΣ ΤΟΥΡΙΣΤΙΚΟΥ ΣΚΑΦΟΥΣ, ΧΩΡΙΣ ΠΛΗΡΩΜΑ","166118007000","801927120","icloud.com"
"THRONOS YACHTING ΜΟΝΟΠΡΟΣΩΠΗ Ι.Κ.Ε.","A","free-mail","thronosyachtinglogistirio@gmail.com","6985570509","ΣΕΡΙΦΟΥ / ΜΗΛΟΥ","ΚΥΚΛΑΔΩΝ","ΙΚΕ","2025","","","ΥΠΗΡΕΣΙΕΣ ΕΝΟΙΚΙΑΣΗΣ ΤΟΥΡΙΣΤΙΚΟΥ ΣΚΑΦΟΥΣ, ΧΩΡΙΣ ΠΛΗΡΩΜΑ","182182303000","802755572","gmail.com"
"THUNDER JET Ε.Ε.","A","free-mail","tommellas@gmail.com","","ΛΕΥΚΑΔΑΣ / ΛΕΥΚΑΔΑΣ","ΛΕΥΚΑΔΑΣ","ΕΕ","2025","","","ΥΠΗΡΕΣΙΕΣ ΕΝΟΙΚΙΑΣΗΣ ΕΠΑΓΓΕΛΜΑΤΙΚΟΥ ΤΟΥΡΙΣΤΙΚΟΥ ΣΚΑΦΟΥΣ ΜΕ ΠΛΗΡΩΜΑ","187024443000","802996054","gmail.com"
"TIAMAT YACHTING Ι.Κ.Ε.","A","free-mail","szompanakis@gmail.com","2109930111","ΑΘΗΝΑΙΩΝ / ΚΕΝΤΡΙΚΟΥ ΤΟΜΕΑ ΑΘΗΝΩΝ","ΑΤΤΙΚΗΣ","ΙΚΕ","2024","","","ΥΠΗΡΕΣΙΕΣ ΕΝΟΙΚΙΑΣΗΣ ΤΟΥΡΙΣΤΙΚΟΥ ΣΚΑΦΟΥΣ, ΧΩΡΙΣ ΠΛΗΡΩΜΑ","175687703000","802400392","gmail.com"
"TK YACHTING ΜΟΝΟΠΡΟΣΩΠΗ ΙΔΙΩΤΙΚΗ ΚΕΦΑΛΑΙΟΥΧΙΚΗ ΕΤΑΙΡΕΙΑ","A","free-mail","komatseliv@gmail.com","2130364364","ΓΛΥΦΑΔΑΣ / ΝΟΤΙΟΥ ΤΟΜΕΑ ΑΘΗΝΩΝ","ΑΤΤΙΚΗΣ","ΙΚΕ","2025","","","ΥΠΗΡΕΣΙΕΣ ΕΝΟΙΚΙΑΣΗΣ ΤΟΥΡΙΣΤΙΚΟΥ ΣΚΑΦΟΥΣ, ΧΩΡΙΣ ΠΛΗΡΩΜΑ","182330101000","802763793","gmail.com"
"TOUR GUIDE ΜΟΝΟΠΡΟΣΩΠΗ ΙΔΙΩΤΙΚΗ ΚΕΦΑΛΑΙΟΥΧΙΚΗ ΕΤΑΙΡΕΙΑ","A","free-mail","sxaris@yahoo.gr","6936517219","ΚΑΛΛΙΘΕΑΣ / ΝΟΤΙΟΥ ΤΟΜΕΑ ΑΘΗΝΩΝ","ΑΤΤΙΚΗΣ","ΙΚΕ","2025","","","ΥΠΗΡΕΣΙΕΣ ΣΚΑΦΩΝ ΕΚΔΡΟΜΩΝ ΚΑΙ ΠΕΡΙΗΓΗΣΕΩΝ ΘΑΛΑΣΣΑΣ","184170401000","802862838","yahoo.gr"
"TRADE UNION Ε.Ε.","A","free-mail","irene.georgioudaki@gmail.com","6949545609","ΠΑΛΑΙΟΥ ΦΑΛΗΡΟΥ / ΝΟΤΙΟΥ ΤΟΜΕΑ ΑΘΗΝΩΝ","ΑΤΤΙΚΗΣ","ΕΕ","2024","","","ΥΠΗΡΕΣΙΕΣ ΕΝΟΙΚΙΑΣΗΣ ΤΟΥΡΙΣΤΙΚΟΥ ΣΚΑΦΟΥΣ, ΧΩΡΙΣ ΠΛΗΡΩΜΑ","178914508000","802576914","gmail.com"
"TRIPOLODGIKA E.Ε.","A","free-mail","sm.acrethymno@gmail.com","2831051841","ΑΓΙΟΥ ΒΑΣΙΛΕΙΟΥ / ΡΕΘΥΜΝΟΥ","ΡΕΘΥΜΝΗΣ","ΕΕ","2023","","","ΥΠΗΡΕΣΙΕΣ ΕΝΟΙΚΙΑΣΗΣ ΤΟΥΡΙΣΤΙΚΟΥ ΣΚΑΦΟΥΣ, ΧΩΡΙΣ ΠΛΗΡΩΜΑ","169786738000","802092620","gmail.com"
"TRITON MARE ΜΟΝΟΠΡΟΣΩΠΗ Ι.Κ.Ε.","A","free-mail","logkask@gmail.com","6949513659","ΚΑΤΕΡΙΝΗΣ / ΠΙΕΡΙΑΣ","ΠΙΕΡΙΑΣ","ΙΚΕ","2023","","","ΥΠΗΡΕΣΙΕΣ ΣΚΑΦΩΝ ΕΚΔΡΟΜΩΝ ΚΑΙ ΠΕΡΙΗΓΗΣΕΩΝ ΘΑΛΑΣΣΑΣ","169021448000","802054755","gmail.com"
"TROMPKE OLIVER ΜΟΝΟΠΡΟΣΩΠΗ ΙΚΕ","A","free-mail","dryachting1@yahoo.gr","2645026713","ΛΕΥΚΑΔΑΣ / ΛΕΥΚΑΔΑΣ","ΛΕΥΚΑΔΑΣ","ΙΚΕ","2015","","","ΥΠΗΡΕΣΙΕΣ ΕΝΟΙΚΙΑΣΗΣ ΤΟΥΡΙΣΤΙΚΟΥ ΣΚΑΦΟΥΣ, ΧΩΡΙΣ ΠΛΗΡΩΜΑ","135032143000","800669686","yahoo.gr"
"TROPICANA TRAVEL YACHT ΜΟΝΟΠΡΟΣΩΠΗ Ι.Κ.Ε.","A","free-mail","steliosmarmaras@yahoo.gr","2109641111","ΑΘΗΝΑΙΩΝ / ΚΕΝΤΡΙΚΟΥ ΤΟΜΕΑ ΑΘΗΝΩΝ","ΑΤΤΙΚΗΣ","ΙΚΕ","2025","","","ΥΠΗΡΕΣΙΕΣ ΕΝΟΙΚΙΑΣΗΣ ΕΠΑΓΓΕΛΜΑΤΙΚΟΥ ΤΟΥΡΙΣΤΙΚΟΥ ΣΚΑΦΟΥΣ ΜΕ ΠΛΗΡΩΜΑ","184516503000","802880230","yahoo.gr"
"TROPICANA YACHTS Ι.Κ.Ε.","A","free-mail","tropicanatransfer@gmail.com","2810342113","ΗΡΑΚΛΕΙΟΥ / ΗΡΑΚΛΕΙΟΥ","ΗΡΑΚΛΕΙΟΥ","ΙΚΕ","2025","","","ΥΠΗΡΕΣΙΕΣ ΕΝΟΙΚΙΑΣΗΣ ΕΠΑΓΓΕΛΜΑΤΙΚΟΥ ΤΟΥΡΙΣΤΙΚΟΥ ΣΚΑΦΟΥΣ ΜΕ ΠΛΗΡΩΜΑ","184412803000","802875176","gmail.com"
"TUNGUR ΜΟΝΟΠΡΟΣΩΠΗ Ι.Κ.Ε.","A","free-mail","sachasnl@gmail.com","6972722425","ΓΛΥΦΑΔΑΣ / ΝΟΤΙΟΥ ΤΟΜΕΑ ΑΘΗΝΩΝ","ΑΤΤΙΚΗΣ","ΙΚΕ","2024","","","ΥΠΗΡΕΣΙΕΣ ΕΝΟΙΚΙΑΣΗΣ ΠΛΟΙΩΝ ΨΥΧΑΓΩΓΙΑΣ (ΚΟΤΕΡΩΝ, ΘΑΛΑΜΗΓΩΝ, ΒΕΝΖΙΝΑΚΑΤΩΝ ΚΛΠ), ΧΩΡΙΣ ΠΛΗΡΩΜΑ","181172801000","802699698","gmail.com"
"UTKIN ALEXANDER ΚΑΙ ΣΙΑ Ο.Ε.","A","free-mail","antonogms1066@gmail.com","2241043103","ΡΟΔΟΥ / ΡΟΔΟΥ","ΔΩΔΕΚΑΝΗΣΟΥ","ΟΕ","2023","","","ΥΠΗΡΕΣΙΕΣ ΕΝΟΙΚΙΑΣΗΣ ΠΛΟΙΩΝ ΨΥΧΑΓΩΓΙΑΣ (ΚΟΤΕΡΩΝ, ΘΑΛΑΜΗΓΩΝ, ΒΕΝΖΙΝΑΚΑΤΩΝ ΚΛΠ) ΜΕ ΠΛΗΡΩΜΑ","171213920000","802162219","gmail.com"
"VANYCE ΜΟΝΟΠΡΟΣΩΠΗ ΙΔΙΩΤΙΚΗ ΚΕΦΑΛΑΙΟΥΧΙΚΗ ΕΤΑΙΡΕΙΑ","A","free-mail","christina.eco@gmail.com","6974300381","ΙΣΤΙΑΙΑΣ-ΑΙΔΗΨΟΥ / ΕΥΒΟΙΑΣ","ΕΥΒΟΙΑΣ","ΙΚΕ","2022","","","ΥΠΗΡΕΣΙΕΣ ΕΝΟΙΚΙΑΣΗΣ ΕΠΑΓΓΕΛΜΑΤΙΚΟΥ ΤΟΥΡΙΣΤΙΚΟΥ ΣΚΑΦΟΥΣ ΜΕ ΠΛΗΡΩΜΑ","164919522000","801871616","gmail.com"
"VASA YACHTING ΙΔΙΩΤΙΚΗ ΚΕΦΑΛΑΙΟΥΧΙΚΗ ΕΤΑΙΡΕΙΑ","A","free-mail","rombopoulosharry@gmail.com","6971819835","ΒΑΡΗΣ - ΒΟΥΛΑΣ - ΒΟΥΛΙΑΓΜΕΝΗΣ / ΑΝΑΤΟΛΙΚΗΣ ΑΤΤΙΚΗΣ","ΑΤΤΙΚΗΣ","ΙΚΕ","2025","","","ΥΠΗΡΕΣΙΕΣ ΕΝΟΙΚΙΑΣΗΣ ΤΟΥΡΙΣΤΙΚΟΥ ΣΚΑΦΟΥΣ, ΧΩΡΙΣ ΠΛΗΡΩΜΑ","188639301000","803069072","gmail.com"
"VASLIN YACHT ΜΟΝΟΠΡΟΣΩΠΗ ΙΔΙΩΤΙΚΗ ΚΕΦΑΛΑΙΟΥΧΙΚΗ ΕΤΑΙΡΕΙΑ","A","free-mail","vaslin2009@hotmail.com","2106834201","ΚΑΛΛΙΘΕΑΣ / ΝΟΤΙΟΥ ΤΟΜΕΑ ΑΘΗΝΩΝ","ΑΤΤΙΚΗΣ","ΙΚΕ","2022","","","ΥΠΗΡΕΣΙΕΣ ΕΝΟΙΚΙΑΣΗΣ ΤΟΥΡΙΣΤΙΚΟΥ ΣΚΑΦΟΥΣ, ΧΩΡΙΣ ΠΛΗΡΩΜΑ","164755101000","801862681","hotmail.com"
"VERMEULEN RONALD FRANCOIS JAC","A","free-mail","vmessini@gmail.com","","ΛΕΥΚΑΔΑΣ / ΛΕΥΚΑΔΑΣ","ΛΕΥΚΑΔΑΣ","ΑΤΟΜΙΚΗ","2022","","","ΥΠΗΡΕΣΙΕΣ ΘΑΛΑΣΣΙΩΝ ΚΑΙ ΠΑΡΑΚΤΙΩΝ ΜΕΤΑΦΟΡΩΝ ΕΠΙΒΑΤΩΝ ΜΕ ΘΑΛΑΜΗΓΟΥΣ - ΤΟΥΡΙΣΤΙΚΑ ΠΛΟΙΑ ΜΕ ΕΛΛΗΝΙΚΗ ΣΗΜΑΙΑ","164620543000","170882930","gmail.com"
"VESSEL HOLDING LTD","A","free-mail","vesselholdingltd@gmail.com","2221029497","ΠΕΙΡΑΙΩΣ / ΠΕΙΡΑΙΩΣ","ΑΤΤΙΚΗΣ","Υποκατάστημα Αλλοδαπής","2018","","","ΥΠΗΡΕΣΙΕΣ ΕΝΟΙΚΙΑΣΗΣ ΕΠΑΓΓΕΛΜΑΤΙΚΟΥ ΤΟΥΡΙΣΤΙΚΟΥ ΣΚΑΦΟΥΣ ΜΕ ΠΛΗΡΩΜΑ","146597807001","996928903","gmail.com"
"VICTOR ECKER GMBH ΥΠΟΚΑΤΑΣΤΗΜΑ ΑΛΛΟΔΑΠΗΣ Ε.Π.Ε","A","free-mail","navalkosmarina@gmail.com","2242026505","ΚΩ / ΚΩ","ΔΩΔΕΚΑΝΗΣΟΥ","Υποκατάστημα Αλλοδαπής","2020","","","ΥΠΗΡΕΣΙΕΣ ΕΝΟΙΚΙΑΣΗΣ ΠΛΟΙΩΝ ΨΥΧΑΓΩΓΙΑΣ (ΚΟΤΕΡΩΝ, ΘΑΛΑΜΗΓΩΝ, ΒΕΝΖΙΝΑΚΑΤΩΝ ΚΛΠ), ΧΩΡΙΣ ΠΛΗΡΩΜΑ","155366320001","997137537","gmail.com"
"VICTORIOUS SAILING ΜΟΝΟΠΡΟΣΩΠΗ Ι.Κ.Ε.","A","free-mail","kaloudig@yahoo.gr","2104221209","ΑΜΑΡΟΥΣΙΟΥ / ΒΟΡΕΙΟΥ ΤΟΜΕΑ ΑΘΗΝΩΝ","ΑΤΤΙΚΗΣ","ΙΚΕ","2023","","","ΥΠΗΡΕΣΙΕΣ ΕΝΟΙΚΙΑΣΗΣ ΤΟΥΡΙΣΤΙΚΟΥ ΣΚΑΦΟΥΣ, ΧΩΡΙΣ ΠΛΗΡΩΜΑ","169953401000","802100776","yahoo.gr"
"VINCO WAVES ΜΟΝΟΠΡΟΣΩΠΗ Ι.Κ.Ε.","A","free-mail","g.boukis@gmail.com","2104599822","ΚΡΩΠΙΑΣ / ΑΝΑΤΟΛΙΚΗΣ ΑΤΤΙΚΗΣ","ΑΤΤΙΚΗΣ","ΙΚΕ","2024","","","ΥΠΗΡΕΣΙΕΣ ΕΝΟΙΚΙΑΣΗΣ ΕΠΑΓΓΕΛΜΑΤΙΚΟΥ ΤΟΥΡΙΣΤΙΚΟΥ ΣΚΑΦΟΥΣ ΜΕ ΠΛΗΡΩΜΑ","177919401000","802520168","gmail.com"
"VIP PARTNERS ΟΜΟΡΡΥΘΜΗ ΕΤΑΙΡΙΑ","A","free-mail","electronnafpliotis@gmail.com","2285401234","ΝΑΞΟΥ & ΜΙΚΡΩΝ ΚΥΚΛΑΔΩΝ / ΝΑΞΟΥ","ΚΥΚΛΑΔΩΝ","ΟΕ","2023","","","ΥΠΗΡΕΣΙΕΣ ΣΚΑΦΩΝ ΕΚΔΡΟΜΩΝ ΚΑΙ ΠΕΡΙΗΓΗΣΕΩΝ ΘΑΛΑΣΣΑΣ","168413538000","802026596","gmail.com"
"VLACHOS YACHTING ΜΟΝΟΠΡΟΣΩΠΗ Ι.Κ.Ε.","A","free-mail","vlachosnikolaos69@gmail.com","2663023005","ΚΕΝΤΡΙΚΗΣ ΚΕΡΚΥΡΑΣ ΚΑΙ ΔΙΑΠΟΝΤΙΩΝ ΝΗΣΩΝ / ΚΕΡΚΥΡΑΣ","ΚΕΡΚΥΡΑΣ","ΙΚΕ","2025","","","ΥΠΗΡΕΣΙΕΣ ΕΝΟΙΚΙΑΣΗΣ ΠΛΟΙΩΝ ΨΥΧΑΓΩΓΙΑΣ (ΚΟΤΕΡΩΝ, ΘΑΛΑΜΗΓΩΝ, ΒΕΝΖΙΝΑΚΑΤΩΝ ΚΛΠ), ΧΩΡΙΣ ΠΛΗΡΩΜΑ","181604633000","802724417","gmail.com"
"VXN ΜΟΝΟΠΡΟΣΩΠΗ Ι.Κ.Ε.","A","free-mail","kastanas.g@gmail.com","2284023625","ΠΑΡΟΥ / ΠΑΡΟΥ","ΚΥΚΛΑΔΩΝ","ΙΚΕ","2023","","","ΥΠΗΡΕΣΙΕΣ ΕΝΟΙΚΙΑΣΗΣ ΤΟΥΡΙΣΤΙΚΟΥ ΣΚΑΦΟΥΣ, ΧΩΡΙΣ ΠΛΗΡΩΜΑ","173225938000","802263565","gmail.com"
"WATERS ALLAN GEORGE TOY NORMAN","A","free-mail","allanwaters3@gmail.com","2661039716","ΚΕΝΤΡΙΚΗΣ ΚΕΡΚΥΡΑΣ ΚΑΙ ΔΙΑΠΟΝΤΙΩΝ ΝΗΣΩΝ / ΚΕΡΚΥΡΑΣ","ΚΕΡΚΥΡΑΣ","ΑΤΟΜΙΚΗ","2022","","","ΥΠΗΡΕΣΙΕΣ ΕΝΟΙΚΙΑΣΗΣ ΠΛΟΙΩΝ ΨΥΧΑΓΩΓΙΑΣ (ΚΟΤΕΡΩΝ, ΘΑΛΑΜΗΓΩΝ, ΒΕΝΖΙΝΑΚΑΤΩΝ ΚΛΠ), ΧΩΡΙΣ ΠΛΗΡΩΜΑ","164274433000","177079493","gmail.com"
"WAVES ΤΟΥΡΙΣΤΙΚΗ Ε.Ε.","A","free-mail","svolosaris@gmail.com","2107472631","ΑΘΗΝΑΙΩΝ / ΚΕΝΤΡΙΚΟΥ ΤΟΜΕΑ ΑΘΗΝΩΝ","ΑΤΤΙΚΗΣ","ΕΕ","2022","","","ΥΠΗΡΕΣΙΕΣ ΕΝΟΙΚΙΑΣΗΣ ΤΟΥΡΙΣΤΙΚΟΥ ΣΚΑΦΟΥΣ, ΧΩΡΙΣ ΠΛΗΡΩΜΑ","166579501000","801936569","gmail.com"
"Wavevia ΜΟΝΟΠΡΟΣΩΠΗ Ι.Κ.Ε.","A","free-mail","dtatsopoulos@gmail.com","6934905020","ΚΑΡΥΣΤΟΥ / ΕΥΒΟΙΑΣ","ΕΥΒΟΙΑΣ","ΙΚΕ","2023","","","ΥΠΗΡΕΣΙΕΣ ΕΝΟΙΚΙΑΣΗΣ ΤΟΥΡΙΣΤΙΚΟΥ ΣΚΑΦΟΥΣ, ΧΩΡΙΣ ΠΛΗΡΩΜΑ","172385722000","802220100","gmail.com"
"WEGRZYNOWSKI PIOTR TOMASZ ΤΟΥ WOJCIECH","A","free-mail","KMWEGRZYNOWSKI@GMAIL.COM","0000000000","ΠΡΕΒΕΖΑΣ / ΠΡΕΒΕΖΑΣ","ΠΡΕΒΕΖΑΣ","ΑΤΟΜΙΚΗ","2020","","","ΥΠΗΡΕΣΙΕΣ ΕΝΟΙΚΙΑΣΗΣ ΤΟΥΡΙΣΤΙΚΟΥ ΣΚΑΦΟΥΣ, ΧΩΡΙΣ ΠΛΗΡΩΜΑ","176275049000","170872529","gmail.com"
"WILD AT SEA Ι.Κ.Ε.","A","free-mail","sachasnl@gmail.com","6972722425","ΓΛΥΦΑΔΑΣ / ΝΟΤΙΟΥ ΤΟΜΕΑ ΑΘΗΝΩΝ","ΑΤΤΙΚΗΣ","ΙΚΕ","2025","","","ΥΠΗΡΕΣΙΕΣ ΕΝΟΙΚΙΑΣΗΣ ΠΛΟΙΩΝ ΨΥΧΑΓΩΓΙΑΣ (ΚΟΤΕΡΩΝ, ΘΑΛΑΜΗΓΩΝ, ΒΕΝΖΙΝΑΚΑΤΩΝ ΚΛΠ), ΧΩΡΙΣ ΠΛΗΡΩΜΑ","188187101000","803049000","gmail.com"
"WIND VENTURE Ι.Κ.Ε.","A","free-mail","AGC.LYK@GMAIL.COM","6936709040","ΑΛΙΜΟΥ / ΝΟΤΙΟΥ ΤΟΜΕΑ ΑΘΗΝΩΝ","ΑΤΤΙΚΗΣ","ΙΚΕ","2024","","","ΥΠΗΡΕΣΙΕΣ ΕΝΟΙΚΙΑΣΗΣ ΤΟΥΡΙΣΤΙΚΟΥ ΣΚΑΦΟΥΣ, ΧΩΡΙΣ ΠΛΗΡΩΜΑ","180234601000","802650436","gmail.com"
"WOELLENWEBER KLAUS HENRI ERNST TOY HENRI","A","free-mail","tzalasko@gmail.com","26456081261","ΛΕΥΚΑΔΑΣ / ΛΕΥΚΑΔΑΣ","ΛΕΥΚΑΔΑΣ","ΑΤΟΜΙΚΗ","2021","","","ΥΠΗΡΕΣΙΕΣ ΕΝΟΙΚΙΑΣΗΣ ΤΟΥΡΙΣΤΙΚΟΥ ΣΚΑΦΟΥΣ, ΧΩΡΙΣ ΠΛΗΡΩΜΑ","159774943000","176072390","gmail.com"
"WONDERYACHTING Ι.Κ.Ε.","A","free-mail","mvogiatzi156@gmail.com","2108910237","ΓΛΥΦΑΔΑΣ / ΝΟΤΙΟΥ ΤΟΜΕΑ ΑΘΗΝΩΝ","ΑΤΤΙΚΗΣ","ΙΚΕ","2024","","","ΥΠΗΡΕΣΙΕΣ ΕΝΟΙΚΙΑΣΗΣ ΤΟΥΡΙΣΤΙΚΟΥ ΣΚΑΦΟΥΣ, ΧΩΡΙΣ ΠΛΗΡΩΜΑ","179938303000","802633913","gmail.com"
"WORLD LINK VISION ΜΟΝΟΠΡΟΣΩΠΗ Ι.Κ.Ε.","A","free-mail","f.zariopis@gmail.com","2109930111","ΑΘΗΝΑΙΩΝ / ΚΕΝΤΡΙΚΟΥ ΤΟΜΕΑ ΑΘΗΝΩΝ","ΑΤΤΙΚΗΣ","ΙΚΕ","2023","","","ΥΠΗΡΕΣΙΕΣ ΕΝΟΙΚΙΑΣΗΣ ΤΟΥΡΙΣΤΙΚΟΥ ΣΚΑΦΟΥΣ, ΧΩΡΙΣ ΠΛΗΡΩΜΑ","168699409000","802039985","gmail.com"
"WPS Yachting GmbH","A","free-mail","dfkorf@otenet.gr","2661090868","ΚΕΝΤΡΙΚΗΣ ΚΕΡΚΥΡΑΣ ΚΑΙ ΔΙΑΠΟΝΤΙΩΝ ΝΗΣΩΝ / ΚΕΡΚΥΡΑΣ","ΚΕΡΚΥΡΑΣ","Υποκατάστημα Αλλοδαπής","2019","","","ΥΠΗΡΕΣΙΕΣ ΕΝΟΙΚΙΑΣΗΣ ΤΟΥΡΙΣΤΙΚΟΥ ΣΚΑΦΟΥΣ, ΧΩΡΙΣ ΠΛΗΡΩΜΑ","150496533001","996832180","otenet.gr"
"X.ΠΑΝΟΥ - Κ. ΑΘΑΝΑΣΙΟΥ Ο.Ε.","A","free-mail","panayiotispanou5@gmail.com","2297091644","ΑΓΚΙΣΤΡΙΟΥ / ΝΗΣΩΝ","ΑΤΤΙΚΗΣ","ΟΕ","2018","","","ΥΠΗΡΕΣΙΕΣ ΕΝΟΙΚΙΑΣΗΣ ΤΟΥΡΙΣΤΙΚΟΥ ΣΚΑΦΟΥΣ, ΧΩΡΙΣ ΠΛΗΡΩΜΑ","145374807000","800939906","gmail.com"
"XENAKIS IOANNIS NAXOS ΜΟΝΟΠΡΟΣΩΠΗ Ι.Κ.Ε.","A","free-mail","ioxena76@gmail.com","2285027564","ΝΑΞΟΥ & ΜΙΚΡΩΝ ΚΥΚΛΑΔΩΝ / ΝΑΞΟΥ","ΚΥΚΛΑΔΩΝ","ΙΚΕ","2026","","","ΥΠΗΡΕΣΙΕΣ ΕΝΟΙΚΙΑΣΗΣ ΤΟΥΡΙΣΤΙΚΟΥ ΣΚΑΦΟΥΣ, ΧΩΡΙΣ ΠΛΗΡΩΜΑ","190886938000","803155785","gmail.com"
"XENIAL YACHT CHARTER ΜΟΝΟΠΡΟΣΩΠΗ Ι.Κ.Ε.","A","free-mail","sachasnl@gmail.com","6972722425","ΓΛΥΦΑΔΑΣ / ΝΟΤΙΟΥ ΤΟΜΕΑ ΑΘΗΝΩΝ","ΑΤΤΙΚΗΣ","ΙΚΕ","2026","","","ΥΠΗΡΕΣΙΕΣ ΕΝΟΙΚΙΑΣΗΣ ΠΛΟΙΩΝ ΨΥΧΑΓΩΓΙΑΣ (ΚΟΤΕΡΩΝ, ΘΑΛΑΜΗΓΩΝ, ΒΕΝΖΙΝΑΚΑΤΩΝ ΚΛΠ), ΧΩΡΙΣ ΠΛΗΡΩΜΑ","192570301000","803229176","gmail.com"
"XPLORERS Ε.Ε.","A","free-mail","alvourn@hotmail.com","6984568487","ΠΑΡΓΑΣ / ΠΡΕΒΕΖΑΣ","ΠΡΕΒΕΖΑΣ","ΕΕ","2025","","","ΥΠΗΡΕΣΙΕΣ ΣΚΑΦΩΝ ΕΚΔΡΟΜΩΝ ΚΑΙ ΠΕΡΙΗΓΗΣΕΩΝ ΘΑΛΑΣΣΑΣ","182869949000","802793066","hotmail.com"
"XTASEA CRUISES Ο.Ε.","A","free-mail","eliasaivazides@yahoo.com","6938816721","ΑΒΔΗΡΩΝ / ΞΑΝΘΗΣ","ΞΑΝΘΗΣ","ΟΕ","2022","","","ΥΠΗΡΕΣΙΕΣ ΕΝΟΙΚΙΑΣΗΣ ΤΟΥΡΙΣΤΙΚΟΥ ΣΚΑΦΟΥΣ, ΧΩΡΙΣ ΠΛΗΡΩΜΑ","165522646000","801905010","yahoo.com"
"Y AND H MANAGEMENT Ο.Ε.","A","free-mail","jamarias@otenet.gr","2674072555","ΑΡΓΟΣΤΟΛΙΟΥ / ΚΕΦΑΛΛΗΝΙΑΣ","ΚΕΦΑΛΛΗΝΙΑΣ","ΟΕ","2026","","","ΥΠΗΡΕΣΙΕΣ ΣΚΑΦΩΝ ΕΚΔΡΟΜΩΝ ΚΑΙ ΠΕΡΙΗΓΗΣΕΩΝ ΘΑΛΑΣΣΑΣ","194914634000","803339906","otenet.gr"
"YACHT RENT ΥΠΟΚΑΤΑΣΤΗΜΑ ΑΛΛΟΔΑΠΗΣ","A","free-mail","tsakanikag@yahoo.gr","2104134762","ΠΕΙΡΑΙΩΣ / ΠΕΙΡΑΙΩΣ","ΠΕΙΡΑΙΑ","Υποκατάστημα Αλλοδαπής","2016","","","ΥΠΗΡΕΣΙΕΣ ΕΝΟΙΚΙΑΣΗΣ ΤΟΥΡΙΣΤΙΚΟΥ ΣΚΑΦΟΥΣ, ΧΩΡΙΣ ΠΛΗΡΩΜΑ","138666901001","997122769","yahoo.gr"
"Yachting TSU ΜΟΝΟΠΡΟΣΩΠΗ ΙΔΙΩΤΙΚΗ ΚΕΦΑΛΑΙΟΥΧΙΚΗ ΕΤΑΙΡΙΑ","A","free-mail","stelatr6@gmail.com","6955973984","ΘΕΣΣΑΛΟΝΙΚΗΣ / ΘΕΣΣΑΛΟΝΙΚΗΣ","ΘΕΣΣΑΛΟΝΙΚΗΣ","ΙΚΕ","2025","","","ΥΠΗΡΕΣΙΕΣ ΕΝΟΙΚΙΑΣΗΣ ΤΟΥΡΙΣΤΙΚΟΥ ΣΚΑΦΟΥΣ, ΧΩΡΙΣ ΠΛΗΡΩΜΑ","189184904000","803090820","gmail.com"
"YACHTS EXPERIENCE Ι.Κ.Ε.","A","free-mail","maroulakou.konstantia@gmail.com","2104971244","ΚΟΡΥΔΑΛΛΟΥ / ΠΕΙΡΑΙΩΣ","ΑΤΤΙΚΗΣ","ΙΚΕ","2025","","","ΥΠΗΡΕΣΙΕΣ ΕΝΟΙΚΙΑΣΗΣ ΤΟΥΡΙΣΤΙΚΟΥ ΣΚΑΦΟΥΣ, ΧΩΡΙΣ ΠΛΗΡΩΜΑ","182029209000","802747848","gmail.com"
"ZAKYNTHOS CRUISES ΙΚΕ","A","free-mail","kaloudig@yahoo.gr","2104221209","ΚΕΡΑΤΣΙΝΙΟΥ - ΔΡΑΠΕΤΣΩΝΑΣ / ΠΕΙΡΑΙΩΣ","ΑΤΤΙΚΗΣ","ΙΚΕ","2019","","","ΥΠΗΡΕΣΙΕΣ ΕΝΟΙΚΙΑΣΗΣ ΠΛΟΙΩΝ ΨΥΧΑΓΩΓΙΑΣ (ΚΟΤΕΡΩΝ, ΘΑΛΑΜΗΓΩΝ, ΒΕΝΖΙΝΑΚΑΤΩΝ ΚΛΠ) ΜΕ ΠΛΗΡΩΜΑ","149422207000","801113669","yahoo.gr"
"ZARQA YACHTS Ι.Κ.Ε.","A","free-mail","alexaklog@gmail.com","2831030500","ΡΕΘΥΜΝΗΣ / ΡΕΘΥΜΝΟΥ","ΡΕΘΥΜΝΗΣ","ΙΚΕ","2026","","","ΥΠΗΡΕΣΙΕΣ ΕΝΟΙΚΙΑΣΗΣ ΤΟΥΡΙΣΤΙΚΟΥ ΣΚΑΦΟΥΣ, ΧΩΡΙΣ ΠΛΗΡΩΜΑ","191352250000","803175599","gmail.com"
"ZUS Ι.Κ.Ε.","A","free-mail","forotechnicathalassinou@yahoo.gr","2109854462","ΑΓΙΟΥ ΔΗΜΗΤΡΙΟΥ / ΝΟΤΙΟΥ ΤΟΜΕΑ ΑΘΗΝΩΝ","ΑΤΤΙΚΗΣ","ΙΚΕ","2022","","","ΥΠΗΡΕΣΙΕΣ ΕΝΟΙΚΙΑΣΗΣ ΤΟΥΡΙΣΤΙΚΟΥ ΣΚΑΦΟΥΣ, ΧΩΡΙΣ ΠΛΗΡΩΜΑ","166582803000","801936883","yahoo.gr"
"Α ΛΑΒΡΑΝΟΣ ΚΑΙ Τ ΜΠΟΤΣΗΣ ΟΕ","A","free-mail","lavranosalex@gmail.com","6980056020","ΚΕΝΤΡΙΚΗΣ ΚΕΡΚΥΡΑΣ ΚΑΙ ΔΙΑΠΟΝΤΙΩΝ ΝΗΣΩΝ / ΚΕΡΚΥΡΑΣ","ΚΕΡΚΥΡΑΣ","ΟΕ","2018","","","ΥΠΗΡΕΣΙΕΣ ΕΝΟΙΚΙΑΣΗΣ ΤΟΥΡΙΣΤΙΚΟΥ ΣΚΑΦΟΥΣ, ΧΩΡΙΣ ΠΛΗΡΩΜΑ","145321033000","800937140","gmail.com"
"ΑΔΗΓΕΒ BLUEWAVE ΙΔΙΩΤΙΚΗ ΚΕΦΑΛΑΙΟΥΧΙΚΗ ΕΤΑΙΡΕΙΑ","A","free-mail","g.boukis@gmail.com","2104599822","ΑΘΗΝΑΙΩΝ / ΚΕΝΤΡΙΚΟΥ ΤΟΜΕΑ ΑΘΗΝΩΝ","ΑΤΤΙΚΗΣ","ΙΚΕ","2023","","","ΥΠΗΡΕΣΙΕΣ ΕΝΟΙΚΙΑΣΗΣ ΕΠΑΓΓΕΛΜΑΤΙΚΟΥ ΤΟΥΡΙΣΤΙΚΟΥ ΣΚΑΦΟΥΣ ΜΕ ΠΛΗΡΩΜΑ","173627503000","802284898","gmail.com"
"ΑΕΝΑΟΝ ΙΔΙΩΤΙΚΗ ΚΕΦΑΛΑΙΟΥΧΙΚΗ ΕΤΑΙΡΕΙΑ","A","free-mail","kareteos@gmail.com","2106548594","ΠΑΠΑΓΟΥ - ΧΟΛΑΡΓΟΥ / ΒΟΡΕΙΟΥ ΤΟΜΕΑ ΑΘΗΝΩΝ","ΑΤΤΙΚΗΣ","ΙΚΕ","2022","","","ΥΠΗΡΕΣΙΕΣ ΕΝΟΙΚΙΑΣΗΣ ΤΟΥΡΙΣΤΙΚΟΥ ΣΚΑΦΟΥΣ, ΧΩΡΙΣ ΠΛΗΡΩΜΑ","164955901000","801873369","gmail.com"
"ΑΕΟΛΙΑΝ ΓΙΩΤΙΝΓΚ ΙΔΙΩΤΙΚΗ ΚΕΦΑΛΑΙΟΥΧΙΚΗ ΕΤΑΙΡΙΑ","A","free-mail","nikosboulis56@gmail.com","2510837755","ΚΑΒΑΛΑΣ / ΚΑΒΑΛΑΣ","ΚΑΒΑΛΑΣ","ΙΚΕ","2019","","","ΥΠΗΡΕΣΙΕΣ ΕΝΟΙΚΙΑΣΗΣ ΤΟΥΡΙΣΤΙΚΟΥ ΣΚΑΦΟΥΣ, ΧΩΡΙΣ ΠΛΗΡΩΜΑ","152955430000","801261574","gmail.com"
"ΑΘΗΝΑ Ε.Ε.","A","free-mail","forotechnicathalassinou@yahoo.gr","2109854462","ΛΑΥΡΕΩΤΙΚΗΣ / ΑΝΑΤΟΛΙΚΗΣ ΑΤΤΙΚΗΣ","ΑΤΤΙΚΗΣ","ΕΕ","2020","","","ΥΠΗΡΕΣΙΕΣ ΕΝΟΙΚΙΑΣΗΣ ΤΟΥΡΙΣΤΙΚΟΥ ΣΚΑΦΟΥΣ, ΧΩΡΙΣ ΠΛΗΡΩΜΑ","154534807000","801330001","yahoo.gr"
"ΑΙΓΑΙΟΝ ΓΙΩΤΣ ΜΟΝΟΠΡΟΣΩΠΗ ΕΤΑΙΡΕΙΑ ΠΕΡΙΩΡΙΣΜΕΝΗΣ ΕΥΘΥΝΗΣ","A","free-mail","ayachts@otenet.gr","6972779191","ΕΛΛΗΝΙΚΟΥ - ΑΡΓΥΡΟΥΠΟΛΗΣ / ΝΟΤΙΟΥ ΤΟΜΕΑ ΑΘΗΝΩΝ","ΑΤΤΙΚΗΣ","ΕΠΕ","1981","","","ΥΠΗΡΕΣΙΕΣ ΕΝΟΙΚΙΑΣΗΣ ΤΟΥΡΙΣΤΙΚΟΥ ΣΚΑΦΟΥΣ, ΧΩΡΙΣ ΠΛΗΡΩΜΑ","468501000","095197397","otenet.gr"
"ΑΙΓΑΙΟΝ ΝΑΥΤΙΛΙΑΚΗ ΕΤΑΙΡΕΙΑ ΠΕΡΙΟΡΙΣΜΕΝΗΣ ΕΥΘΥΝΗΣ ","A","free-mail","ayachts@otenet.gr","2107210710","ΕΛΛΗΝΙΚΟΥ - ΑΡΓΥΡΟΥΠΟΛΗΣ / ΝΟΤΙΟΥ ΤΟΜΕΑ ΑΘΗΝΩΝ","ΑΤΤΙΚΗΣ","ΕΠΕ","1983","","","ΥΠΗΡΕΣΙΕΣ ΕΝΟΙΚΙΑΣΗΣ ΤΟΥΡΙΣΤΙΚΟΥ ΣΚΑΦΟΥΣ, ΧΩΡΙΣ ΠΛΗΡΩΜΑ","142347807000","095229850","otenet.gr"
"ΑΙΚΑΤΕΡΙΝΗ ΔΗΜΗΤΡΙΟΥ ΠΟΛΙΤΗ","A","free-mail","katerinapol2013@gmail.com","6980526106","ΜΥΚΟΝΟΥ / ΜΥΚΟΝΟΥ","ΚΥΚΛΑΔΩΝ","ΑΤΟΜΙΚΗ","2022","","","ΥΠΗΡΕΣΙΕΣ ΕΝΟΙΚΙΑΣΗΣ ΣΚΑΦΩΝ ΘΑΛΑΣΣΙΑΣ ΚΑΙ ΑΚΤΟΠΛΟΪΚΗΣ ΜΕΤΑΦΟΡΑΣ ΕΠΙΒΑΤΩΝ ΜΕ ΧΕΙΡΙΣΤΗ","164580838000","143440790","gmail.com"
"ΑΙΜΗΛΙΑ ΑΝΔΡΕΑ ΞΥΔΑΚΗ","A","free-mail","aimiliaxyd@gmail.com","2289071116","","ΚΥΚΛΑΔΩΝ","ΑΤΟΜΙΚΗ","2022","","","ΥΠΗΡΕΣΙΕΣ ΣΚΑΦΩΝ ΕΚΔΡΟΜΩΝ ΚΑΙ ΠΕΡΙΗΓΗΣΕΩΝ ΘΑΛΑΣΣΑΣ","168619138000","143415190","gmail.com"
"ΑΙΤΖΗΑΝ ΣΤΑΡ ΜΟΝΟΠΡΟΣΩΠΗ Ι.Κ.Ε.","A","free-mail","gianni.mavridis@gmail.com","6976770506","ΝΕΑΣ ΠΡΟΠΟΝΤΙΔΑΣ / ΧΑΛΚΙΔΙΚΗΣ","ΧΑΛΚΙΔΙΚΗΣ","ΙΚΕ","2019","","","ΥΠΗΡΕΣΙΕΣ ΕΝΟΙΚΙΑΣΗΣ ΠΛΟΙΩΝ ΨΥΧΑΓΩΓΙΑΣ (ΚΟΤΕΡΩΝ, ΘΑΛΑΜΗΓΩΝ, ΒΕΝΖΙΝΑΚΑΤΩΝ ΚΛΠ) ΜΕ ΠΛΗΡΩΜΑ","150655157000","801167948","gmail.com"
"ΑΛΑΣ ΓΙΩΤΙΝΓΚ Ι.Κ.Ε.","A","free-mail","alasgioting@gmail.com","2109636070","ΣΙΘΩΝΙΑΣ / ΧΑΛΚΙΔΙΚΗΣ","ΧΑΛΚΙΔΙΚΗΣ","ΙΚΕ","2022","","","ΥΠΗΡΕΣΙΕΣ ΕΝΟΙΚΙΑΣΗΣ ΤΟΥΡΙΣΤΙΚΟΥ ΣΚΑΦΟΥΣ, ΧΩΡΙΣ ΠΛΗΡΩΜΑ","167694057000","801989890","gmail.com"
"ΑΛΕΞΑΝΔΡΗΣ ΓΕΩΡΓΙΟΣ ΤΟΥ ΚΩΝΣΤΑΝΤΙΝΟΥ","A","free-mail","endlessbluecruises@gmail.com","2241093498","ΡΟΔΟΥ / ΡΟΔΟΥ","ΔΩΔΕΚΑΝΗΣΟΥ","ΑΤΟΜΙΚΗ","2022","","","ΥΠΗΡΕΣΙΕΣ ΕΝΟΙΚΙΑΣΗΣ ΤΟΥΡΙΣΤΙΚΟΥ ΣΚΑΦΟΥΣ, ΧΩΡΙΣ ΠΛΗΡΩΜΑ","127752505000","062968260","gmail.com"
"ΑΛΕΞΑΝΔΡΗΣ ΕΛΕΥΘΕΡΙΟΣ ΤΟΥ ΚΩΝΣΤΑΝΤΙΝΟΥ","A","free-mail","lefteris.alexandris@hotmail.com","","ΠΥΛΑΙΑΣ-ΧΟΡΤΙΑΤΗ / ΘΕΣΣΑΛΟΝΙΚΗΣ","ΘΕΣΣΑΛΟΝΙΚΗΣ","ΑΤΟΜΙΚΗ","2023","","","ΥΠΗΡΕΣΙΕΣ ΕΝΟΙΚΙΑΣΗΣ ΤΟΥΡΙΣΤΙΚΟΥ ΣΚΑΦΟΥΣ, ΧΩΡΙΣ ΠΛΗΡΩΜΑ","169627006000","052233837","hotmail.com"
"ΑΛΕΞΑΝΔΡΟΣ ΖΕΡΒΟΥΔΑΚΗΣ ΜΟΝΟΠΡΟΣΩΠΗ Ι.Κ.Ε.","A","free-mail","ktenarod@otenet.gr","2241085950","ΡΟΔΟΥ / ΡΟΔΟΥ","ΔΩΔΕΚΑΝΗΣΟΥ","ΙΚΕ","2024","","","ΥΠΗΡΕΣΙΕΣ ΣΚΑΦΩΝ ΕΚΔΡΟΜΩΝ ΚΑΙ ΠΕΡΙΗΓΗΣΕΩΝ ΘΑΛΑΣΣΑΣ","176351520000","802438161","otenet.gr"
"ΑΛΕΤΡΑΣ ΙΩΑΝΝΗΣ ΤΟΥ ΔΙΟΝΥΣΙΟΥ","A","free-mail","aletrasgiannis@gmail.com","","ΑΘΗΝΑΙΩΝ / ΚΕΝΤΡΙΚΟΥ ΤΟΜΕΑ ΑΘΗΝΩΝ","ΑΤΤΙΚΗΣ","ΑΤΟΜΙΚΗ","2022","","","ΥΠΗΡΕΣΙΕΣ ΣΚΑΦΩΝ ΕΚΔΡΟΜΩΝ ΚΑΙ ΠΕΡΙΗΓΗΣΕΩΝ ΘΑΛΑΣΣΑΣ","170112703000","141536729","gmail.com"
"ΑΛΛΑΧΟΥ ΝΑΥΤΙΛΙΑΚΗ ΕΤΑΙΡΕΙΑ ΠΕΡΙΩΡΙΣΜΕΝΗΣ ΕΥΘΥΝΗΣ","A","free-mail","eryx.limited@gmail.com","2104290440","ΑΘΗΝΑΙΩΝ / ΚΕΝΤΡΙΚΟΥ ΤΟΜΕΑ ΑΘΗΝΩΝ","ΑΤΤΙΚΗΣ","ΕΠΕ","2001","","","ΥΠΗΡΕΣΙΕΣ ΕΝΟΙΚΙΑΣΗΣ ΕΠΑΓΓΕΛΜΑΤΙΚΟΥ ΤΟΥΡΙΣΤΙΚΟΥ ΣΚΑΦΟΥΣ ΜΕ ΠΛΗΡΩΜΑ","125597001000","999902038","gmail.com"
"ΑΛΜΑ ΛΙΜΠΡΕ ΙΙ Ι.Κ.Ε.","A","free-mail","bratianthi@gmail.com","","ΤΥΡΝΑΒΟΥ / ΛΑΡΙΣΑΣ","ΛΑΡΙΣΑΣ","ΙΚΕ","2023","","","ΥΠΗΡΕΣΙΕΣ ΕΝΟΙΚΙΑΣΗΣ ΤΟΥΡΙΣΤΙΚΟΥ ΣΚΑΦΟΥΣ, ΧΩΡΙΣ ΠΛΗΡΩΜΑ","174111840000","802311291","gmail.com"
"ΑΛΥΣΑΝΔΡΑΤΟΣ ΜΕΝΕΛΑΟΣ ΤΟΥ ΣΠΥΡΙΔΩΝΑ","A","free-mail","meniosalis@gmail.com","2674061002","ΣΑΜΗΣ / ΚΕΦΑΛΛΗΝΙΑΣ","ΚΕΦΑΛΛΗΝΙΑΣ","ΑΤΟΜΙΚΗ","2023","","","ΥΠΗΡΕΣΙΕΣ ΕΝΟΙΚΙΑΣΗΣ ΠΛΟΙΩΝ ΨΥΧΑΓΩΓΙΑΣ (ΚΟΤΕΡΩΝ, ΘΑΛΑΜΗΓΩΝ, ΒΕΝΖΙΝΑΚΑΤΩΝ ΚΛΠ), ΧΩΡΙΣ ΠΛΗΡΩΜΑ","168321434000","132405652","gmail.com"
"ΑΜΑΖ ΙΚΕ","A","free-mail","nmanolitsis@hotmail.com","2645025272","ΛΕΥΚΑΔΑΣ / ΛΕΥΚΑΔΑΣ","ΛΕΥΚΑΔΑΣ","ΙΚΕ","2019","","","ΥΠΗΡΕΣΙΕΣ ΕΝΟΙΚΙΑΣΗΣ ΤΟΥΡΙΣΤΙΚΟΥ ΣΚΑΦΟΥΣ, ΧΩΡΙΣ ΠΛΗΡΩΜΑ","149672643000","801124985","hotmail.com"
"ΑΜΑΡΕ ΙΙΙ Ε.Ε.","A","free-mail","parvaniti@yahoo.gr","6937788465","ΕΛΛΗΝΙΚΟΥ - ΑΡΓΥΡΟΥΠΟΛΗΣ / ΝΟΤΙΟΥ ΤΟΜΕΑ ΑΘΗΝΩΝ","ΑΤΤΙΚΗΣ","ΕΕ","2024","","","ΥΠΗΡΕΣΙΕΣ ΕΝΟΙΚΙΑΣΗΣ ΤΟΥΡΙΣΤΙΚΟΥ ΣΚΑΦΟΥΣ, ΧΩΡΙΣ ΠΛΗΡΩΜΑ","177968122000","802523160","yahoo.gr"
"ΑΝΑΠΤΥΞΙΑΚΗ ΛΕΥΚΑΔΑΣ ΜΟΝΟΠΡΟΣΩΠΗ ΑΝΩΝΥΜΗ ΕΤΑΙΡΕΙΑ","A","free-mail","kostasd85@hotmail.com","2645026726","ΛΕΥΚΑΔΑΣ / ΛΕΥΚΑΔΑΣ","ΛΕΥΚΑΔΑΣ","ΑΕ","1995","","","ΥΠΗΡΕΣΙΕΣ ΕΝΟΙΚΙΑΣΗΣ ΠΛΟΙΩΝ ΨΥΧΑΓΩΓΙΑΣ (ΚΟΤΕΡΩΝ, ΘΑΛΑΜΗΓΩΝ, ΒΕΝΖΙΝΑΚΑΤΩΝ ΚΛΠ), ΧΩΡΙΣ ΠΛΗΡΩΜΑ","16258943000","094301994","hotmail.com"
"ΑΝΑΡΓΥΡΟΣ ΔΗΜΗΤΡΙΟΥ ΜΕΛΑΣ","A","free-mail","melasakis@hotmail.com","6945146232","ΠΑΡΟΥ / ΠΑΡΟΥ","ΚΥΚΛΑΔΩΝ","ΑΤΟΜΙΚΗ","1993","","","ΥΠΗΡΕΣΙΕΣ ΕΝΟΙΚΙΑΣΗΣ ΠΛΟΙΩΝ ΨΥΧΑΓΩΓΙΑΣ (ΚΟΤΕΡΩΝ, ΘΑΛΑΜΗΓΩΝ, ΒΕΝΖΙΝΑΚΑΤΩΝ ΚΛΠ), ΧΩΡΙΣ ΠΛΗΡΩΜΑ","138679638000","019273721","hotmail.com"
"ΑΝΑΣΤΑΣΙΟΣ ΔΗΜΗΤΡΙΟΥ ΠΑΟΥΛΑΣ","A","free-mail","anpaoulas@gmail.com","","ΜΥΚΟΝΟΥ / ΜΥΚΟΝΟΥ","ΚΥΚΛΑΔΩΝ","ΑΤΟΜΙΚΗ","2013","","","ΥΠΗΡΕΣΙΕΣ ΣΚΑΦΩΝ ΕΚΔΡΟΜΩΝ ΚΑΙ ΠΕΡΙΗΓΗΣΕΩΝ ΘΑΛΑΣΣΑΣ","186542238000","132504562","gmail.com"
"ΑΝΑΣΤΑΣΙΟΣ ΗΛΙΑ ΚΑΡΑΓΙΑΝΝΟΠΟΥΛΟΣ","A","free-mail","tasos56@yahoo.com","","","ΚΥΚΛΑΔΩΝ","ΑΤΟΜΙΚΗ","2024","","","ΥΠΗΡΕΣΙΕΣ ΣΚΑΦΩΝ ΕΚΔΡΟΜΩΝ ΚΑΙ ΠΕΡΙΗΓΗΣΕΩΝ ΘΑΛΑΣΣΑΣ","175877338000","160332425","yahoo.com"
"ΑΝΔΡΕΑΣ ΔΕΛΗΣ & ΣΙΑ Ε.Ε.","A","free-mail","christosdelis13@gmail.com","6945174608","ΑΡΓΟΥΣ-ΜΥΚΗΝΩΝ / ΑΡΓΟΛΙΔΑΣ","ΑΡΓΟΛΙΔΑΣ","ΕΕ","2022","","","ΥΠΗΡΕΣΙΕΣ ΣΚΑΦΩΝ ΕΚΔΡΟΜΩΝ ΚΑΙ ΠΕΡΙΗΓΗΣΕΩΝ ΘΑΛΑΣΣΑΣ","164916213000","801871315","gmail.com"
"ΑΝΔΡΕΑΣ Μ. ΜΟΝΟΠΡΟΣΩΠΗ ΙΚΕ - ΕΚΜΕΤΑΛΛΕΥΣΗ ΤΟΥΡΙΣΤΙΚΩΝ ΚΑΙ ΕΠΑΓΓΕΛΜΑΤΙΚΩΝ ΠΛΟΙΩΝ","A","free-mail","fivosba@icloud.com","6945870687","ΠΕΙΡΑΙΩΣ / ΠΕΙΡΑΙΩΣ","ΑΤΤΙΚΗΣ","ΙΚΕ","2018","","","ΥΠΗΡΕΣΙΕΣ ΣΚΑΦΩΝ ΕΚΔΡΟΜΩΝ ΚΑΙ ΠΕΡΙΗΓΗΣΕΩΝ ΘΑΛΑΣΣΑΣ","148586007000","801079033","icloud.com"
"ΑΝΔΡΕΑΣ ΦΩΤΙΟΥ ΜΑΡΓΑΡΙΤΗΣ","A","free-mail","naxosdeepblueribcruises@gmail.com","6983181714","ΝΑΞΟΥ & ΜΙΚΡΩΝ ΚΥΚΛΑΔΩΝ / ΝΑΞΟΥ","ΚΥΚΛΑΔΩΝ","ΑΤΟΜΙΚΗ","2020","","","ΥΠΗΡΕΣΙΕΣ ΕΝΟΙΚΙΑΣΗΣ ΤΟΥΡΙΣΤΙΚΟΥ ΣΚΑΦΟΥΣ, ΧΩΡΙΣ ΠΛΗΡΩΜΑ","153710738000","130694161","gmail.com"
"ΑΝΔΡΟΜΕΔΑ ΓΙΩΤ Ι.Κ.Ε.","A","free-mail","mariadimitriadou1982@gmail.com","2121056502","ΤΥΡΝΑΒΟΥ / ΛΑΡΙΣΑΣ","ΛΑΡΙΣΑΣ","ΙΚΕ","2023","","","ΥΠΗΡΕΣΙΕΣ ΕΝΟΙΚΙΑΣΗΣ ΤΟΥΡΙΣΤΙΚΟΥ ΣΚΑΦΟΥΣ, ΧΩΡΙΣ ΠΛΗΡΩΜΑ","174109040000","802311045","gmail.com"
"ΑΝΝΑ ΜΑΡΙΑ ΜΑΝΩΛΑΡΑΚΗ-ΝΙΚΟΛΑΟΣ ΒΑΡΔΑΚΗΣ Ε.Ε.","A","free-mail","annamariacruises@gmail.com","6974240391","ΙΕΡΑΠΕΤΡΑΣ / ΛΑΣΙΘΙΟΥ","ΛΑΣΙΘΙΟΥ","ΕΕ","2021","","","ΥΠΗΡΕΣΙΕΣ ΣΚΑΦΩΝ ΕΚΔΡΟΜΩΝ ΚΑΙ ΠΕΡΙΗΓΗΣΕΩΝ ΘΑΛΑΣΣΑΣ","159546341000","801581650","gmail.com"
"ΑΝΤΥΠΑΣ ΑΝΕΣΤΗΣ ΤΟΥ ΕΥΑΓΓΕΛΟΥ","A","free-mail","kathdim12@gmail.com","6976807570","ΣΑΛΑΜΙΝΑΣ / ΝΗΣΩΝ","ΑΤΤΙΚΗΣ","ΑΤΟΜΙΚΗ","2026","","","ΥΠΗΡΕΣΙΕΣ ΕΝΟΙΚΙΑΣΗΣ ΠΛΟΙΩΝ ΨΥΧΑΓΩΓΙΑΣ (ΚΟΤΕΡΩΝ, ΘΑΛΑΜΗΓΩΝ, ΒΕΝΖΙΝΑΚΑΤΩΝ ΚΛΠ) ΜΕ ΠΛΗΡΩΜΑ","193438907000","178451705","gmail.com"
"ΑΝΤΩΝΑΚΗ ΛΕΥΚΟΘΕΑ ΤΟΥ ΕΜΜΑΝΟΥΗΛ","A","free-mail","leukhanto@gmail.com","","ΒΙΑΝΝΟΥ / ΗΡΑΚΛΕΙΟΥ","ΗΡΑΚΛΕΙΟΥ","ΑΤΟΜΙΚΗ","2009","","","ΥΠΗΡΕΣΙΕΣ ΕΝΟΙΚΙΑΣΗΣ ΕΠΑΓΓΕΛΜΑΤΙΚΟΥ ΤΟΥΡΙΣΤΙΚΟΥ ΣΚΑΦΟΥΣ ΜΕ ΠΛΗΡΩΜΑ","193157027000","062328871","gmail.com"
"ΑΝΤΩΝΑΡΟΣ ΓΕΩΡΓΙΟΣ ΤΟΥ  ΑΝΤΩΝΙΟΥ","A","free-mail","giorgosantonaros2@gmail.com","","ΣΚΙΑΘΟΥ / ΣΠΟΡΑΔΩΝ","ΜΑΓΝΗΣΙΑΣ","ΑΤΟΜΙΚΗ","2019","","","ΥΠΗΡΕΣΙΕΣ ΕΝΟΙΚΙΑΣΗΣ ΠΛΟΙΩΝ ΨΥΧΑΓΩΓΙΑΣ (ΚΟΤΕΡΩΝ, ΘΑΛΑΜΗΓΩΝ, ΒΕΝΖΙΝΑΚΑΤΩΝ ΚΛΠ) ΜΕ ΠΛΗΡΩΜΑ","151463144000","078758982","gmail.com"
"ΑΝΤΩΝΗΣ ΛΕΜΟΝΑΚΗΣ ΚΑΙ ΣΙΑ Ε.Ε.","A","free-mail","antonislemonakis@otenet.gr","2281082501","ΣΥΡΟΥ-ΕΡΜΟΥΠΟΛΗΣ / ΣΥΡΟΥ","ΚΥΚΛΑΔΩΝ","ΕΕ","2017","","","ΥΠΗΡΕΣΙΕΣ ΕΝΟΙΚΙΑΣΗΣ ΤΟΥΡΙΣΤΙΚΟΥ ΣΚΑΦΟΥΣ, ΧΩΡΙΣ ΠΛΗΡΩΜΑ","144643938000","800906881","otenet.gr"
"ΑΝΤΩΝΙΑΔΗΣ ΓΡΗΓΟΡΙΟΣ ΤΟΥ ΙΩΑΝΝΗ","A","free-mail","GRIANTON@YAHOO.GR","6955040894","ΚΑΒΑΛΑΣ / ΚΑΒΑΛΑΣ","ΚΑΒΑΛΑΣ","ΑΤΟΜΙΚΗ","2015","","","ΥΠΗΡΕΣΙΕΣ ΕΝΟΙΚΙΑΣΗΣ ΤΟΥΡΙΣΤΙΚΟΥ ΣΚΑΦΟΥΣ, ΧΩΡΙΣ ΠΛΗΡΩΜΑ","137355130000","064184725","yahoo.gr"
"ΑΝΤΩΝΙΟΣ ΙΩΑΝΝΗ ΣΥΡΙΓΟΣ (Υποκατάστημα)","A","free-mail","antonisthirasia@hotmail.com","2286022840","ΘΗΡΑΣ / ΘΗΡΑΣ","ΚΥΚΛΑΔΩΝ","ΑΤΟΜΙΚΗ","2016","","","ΥΠΗΡΕΣΙΕΣ ΣΚΑΦΩΝ ΕΚΔΡΟΜΩΝ ΚΑΙ ΠΕΡΙΗΓΗΣΕΩΝ ΘΑΛΑΣΣΑΣ","186937538001","049619378","hotmail.com"
"ΑΝΤΩΝΙΟΣ ΜΙΧΑΗΛ ΚΥΡΙΤΣΗΣ","A","free-mail","antonis.kyritsis82@gmail.com","","ΜΗΛΟΥ / ΜΗΛΟΥ","ΚΥΚΛΑΔΩΝ","ΑΤΟΜΙΚΗ","2025","","","ΥΠΗΡΕΣΙΕΣ ΕΝΟΙΚΙΑΣΗΣ ΕΠΑΓΓΕΛΜΑΤΙΚΟΥ ΤΟΥΡΙΣΤΙΚΟΥ ΣΚΑΦΟΥΣ ΜΕ ΠΛΗΡΩΜΑ","187182238000","109305896","gmail.com"
"ΑΝΤΩΝΙΟΣ ΣΤΥΛΙΑΝΟΥ ΖΑΚΧΑΙΟΣ","A","free-mail","escapeios@yahoo.com","2286092606","ΙΗΤΩΝ / ΘΗΡΑΣ","ΚΥΚΛΑΔΩΝ","ΑΤΟΜΙΚΗ","1992","","","ΥΠΗΡΕΣΙΕΣ ΣΚΑΦΩΝ ΕΚΔΡΟΜΩΝ ΚΑΙ ΠΕΡΙΗΓΗΣΕΩΝ ΘΑΛΑΣΣΑΣ","48177138000","045446828","yahoo.com"
"ΑΝΤΩΝΙΟΥ ΑΙΚΑΤΕΡΙΝΗ ΑΓΓΕΛΙΚΗ","A","free-mail","erica.antoniou@yahoo.com","2310930830","ΘΕΣΣΑΛΟΝΙΚΗΣ / ΘΕΣΣΑΛΟΝΙΚΗΣ","ΘΕΣΣΑΛΟΝΙΚΗΣ","ΑΤΟΜΙΚΗ","2026","","","ΥΠΗΡΕΣΙΕΣ ΘΑΛΑΣΣΙΩΝ ΚΑΙ ΠΑΡΑΚΤΙΩΝ ΜΕΤΑΦΟΡΩΝ ΕΠΙΒΑΤΩΝ ΜΕ ΘΑΛΑΜΗΓΟΥΣ - ΤΟΥΡΙΣΤΙΚΑ ΠΛΟΙΑ ΜΕ ΕΛΛΗΝΙΚΗ ΣΗΜΑΙΑ","193468906000","066971765","yahoo.com"
"ΑΝΤΩΝΟΓΙΑΝΝΑΚΗΣ ΜΙΧΑΗΛ ΜΥΡΩΝ.","A","free-mail","amikeflg@gmail.com","2841021999","ΙΕΡΑΠΕΤΡΑΣ / ΛΑΣΙΘΙΟΥ","ΛΑΣΙΘΙΟΥ","ΑΤΟΜΙΚΗ","2017","","","ΥΠΗΡΕΣΙΕΣ ΕΝΟΙΚΙΑΣΗΣ ΤΟΥΡΙΣΤΙΚΟΥ ΣΚΑΦΟΥΣ, ΧΩΡΙΣ ΠΛΗΡΩΜΑ","141315641000","075377080","gmail.com"
"ΑΝΤΩΝΟΠΟΥΛΟΣ ΧΡΗΣΤΟΣ ΤΟΥ ΑΝΑΣΤΑΣΙΟΥ","A","free-mail","christan1@pathfinder.gr panepistimio.bg@gmail.com","6978202199","ΣΙΘΩΝΙΑΣ / ΧΑΛΚΙΔΙΚΗΣ","ΧΑΛΚΙΔΙΚΗΣ","ΑΤΟΜΙΚΗ","2013","","","ΥΠΗΡΕΣΙΕΣ ΕΝΟΙΚΙΑΣΗΣ ΤΟΥΡΙΣΤΙΚΟΥ ΣΚΑΦΟΥΣ, ΧΩΡΙΣ ΠΛΗΡΩΜΑ","126294257000","137153501","gmail.com"
"ΑΠΟΔΡΑΣΗ Ε.Ε.","A","free-mail","pvidoris@gmail.com","2510441002","ΘΑΣΟΥ / ΘΑΣΟΥ","ΚΑΒΑΛΑΣ","ΕΕ","2005","","","ΥΠΗΡΕΣΙΕΣ ΣΚΑΦΩΝ ΕΚΔΡΟΜΩΝ ΚΑΙ ΠΕΡΙΗΓΗΣΕΩΝ ΘΑΛΑΣΣΑΣ","20785030000","800126852","gmail.com"
"ΑΠΟΛΟΝΙΑ - 9 - Αλλοδαπό Υποκατάστημα","A","free-mail","TSAKANIKAG@YAHOO.GR","2168081505","ΠΕΙΡΑΙΩΣ / ΠΕΙΡΑΙΩΣ","ΑΤΤΙΚΗΣ","Υποκατάστημα Αλλοδαπής","2020","","","ΥΠΗΡΕΣΙΕΣ ΕΝΟΙΚΙΑΣΗΣ ΤΟΥΡΙΣΤΙΚΟΥ ΣΚΑΦΟΥΣ, ΧΩΡΙΣ ΠΛΗΡΩΜΑ","154600607001","996794158","yahoo.gr"
"ΑΠΟΣΤΟΛΟΠΟΥΛΟΣ ΒΑΣΙΛΕΙΟΣ","A","free-mail","aggeloskok2@hotmail.gr","2695041991","ΖΑΚΥΝΘΟΥ / ΖΑΚΥΝΘΟΥ","ΖΑΚΥΝΘΟΥ","ΑΤΟΜΙΚΗ","2025","","","ΥΠΗΡΕΣΙΕΣ ΕΝΟΙΚΙΑΣΗΣ ΤΟΥΡΙΣΤΙΚΟΥ ΣΚΑΦΟΥΣ, ΧΩΡΙΣ ΠΛΗΡΩΜΑ","184297724000","136383333","hotmail.gr"
"ΑΠΟΣΤΟΛΟΣ ΑΓΡΕΒΗΣ ΑΙΚΑΤΕΡΙΝΗ ΤΖΟΣΕΤ ΣΑΛΒΑΝΟΥ Ε.Ε.","A","free-mail","Paul-Agr@hotmail.com","6942207887","ΒΟΡΕΙΑΣ ΚΕΡΚΥΡΑΣ / ΚΕΡΚΥΡΑΣ","ΚΕΡΚΥΡΑΣ","ΕΕ","2026","","","ΥΠΗΡΕΣΙΕΣ ΕΝΟΙΚΙΑΣΗΣ ΠΛΟΙΩΝ ΨΥΧΑΓΩΓΙΑΣ (ΚΟΤΕΡΩΝ, ΘΑΛΑΜΗΓΩΝ, ΒΕΝΖΙΝΑΚΑΤΩΝ ΚΛΠ), ΧΩΡΙΣ ΠΛΗΡΩΜΑ","191543033000","803183772","hotmail.com"
"ΑΠΟΣΤΟΛΟΣ ΡΟΔΙΤΗΣ ΤΟΥ ΣΤΑΥΡΟΥ","A","free-mail","liveaboard.gr@gmail.com","2108991367","ΒΑΡΗΣ - ΒΟΥΛΑΣ - ΒΟΥΛΙΑΓΜΕΝΗΣ / ΑΝΑΤΟΛΙΚΗΣ ΑΤΤΙΚΗΣ","ΑΤΤΙΚΗΣ","ΑΤΟΜΙΚΗ","2007","","","ΥΠΗΡΕΣΙΕΣ ΕΝΟΙΚΙΑΣΗΣ ΤΟΥΡΙΣΤΙΚΟΥ ΣΚΑΦΟΥΣ, ΧΩΡΙΣ ΠΛΗΡΩΜΑ","7933601000","051134179","gmail.com"
"ΑΡΑΠΟΓΙΑΝΝΗΣ ΜΙΧΑΛΗΣ","A","free-mail","arapogiannismixalis123@gmail.com","2674032458","ΙΘΑΚΗΣ / ΙΘΑΚΗΣ","ΚΕΦΑΛΛΗΝΙΑΣ","ΑΤΟΜΙΚΗ","2026","","","ΥΠΗΡΕΣΙΕΣ ΣΚΑΦΩΝ ΕΚΔΡΟΜΩΝ ΚΑΙ ΠΕΡΙΗΓΗΣΕΩΝ ΘΑΛΑΣΣΑΣ","190804034000","169128302","gmail.com"
"ΑΡΒΑΝΙΤΗΣ ΣΠΥΡΙΔΩΝ & ΚΑΚΟΥΛΑΚΗΣ ΓΕΩΡΓΙΟΣ ΟΜΟΡΡΥΘΜΗ ΕΤΑΙΡΕΙΑ","A","free-mail","mpoikoueirini@gmail.com","2662032446","ΛΕΥΚΑΔΑΣ / ΛΕΥΚΑΔΑΣ","ΛΕΥΚΑΔΑΣ","ΟΕ","2024","","","ΥΠΗΡΕΣΙΕΣ ΕΝΟΙΚΙΑΣΗΣ ΕΠΑΓΓΕΛΜΑΤΙΚΟΥ ΤΟΥΡΙΣΤΙΚΟΥ ΣΚΑΦΟΥΣ ΜΕ ΠΛΗΡΩΜΑ","180562943000","802668163","gmail.com"
"ΑΡΓΟΛΙΚΟ ΦΥΣΙΚΟ ΤΟΠΙΟ Ε.Ε.","A","free-mail","monas@otenet.gr","2754021625","ΕΡΜΙΟΝΙΔΑΣ / ΑΡΓΟΛΙΔΑΣ","ΑΡΓΟΛΙΔΑΣ","ΕΕ","2022","","","ΥΠΗΡΕΣΙΕΣ ΕΝΟΙΚΙΑΣΗΣ ΠΛΟΙΩΝ ΨΥΧΑΓΩΓΙΑΣ (ΚΟΤΕΡΩΝ, ΘΑΛΑΜΗΓΩΝ, ΒΕΝΖΙΝΑΚΑΤΩΝ ΚΛΠ) ΜΕ ΠΛΗΡΩΜΑ","163865113000","801815194","otenet.gr"
"ΑΡΓΥΡΟΥ ΝΙΚΟΛΑΟΣ ΤΖΑΤΖΑΚΗΣ ΣΤΕΦΑΝΟΣ Ο.Ε.","A","free-mail","argirosnikos@hotmail.com","2241031332","ΡΟΔΟΥ / ΡΟΔΟΥ","ΔΩΔΕΚΑΝΗΣΟΥ","ΟΕ","2022","","","ΥΠΗΡΕΣΙΕΣ ΣΚΑΦΩΝ ΕΚΔΡΟΜΩΝ ΚΑΙ ΠΕΡΙΗΓΗΣΕΩΝ ΘΑΛΑΣΣΑΣ","162893820000","801764177","hotmail.com"
"ΑΡΕΤΙΝΗΣ ΚΩΝΣΤΑΝΤΙΝΟΣ ΤΟΥ ΙΩΑΝΝΗ","A","free-mail","vintagesailings@gmail.com","","ΗΡΑΚΛΕΙΟΥ / ΗΡΑΚΛΕΙΟΥ","ΗΡΑΚΛΕΙΟΥ","ΑΤΟΜΙΚΗ","2020","","","ΥΠΗΡΕΣΙΕΣ ΕΝΟΙΚΙΑΣΗΣ ΤΟΥΡΙΣΤΙΚΟΥ ΣΚΑΦΟΥΣ, ΧΩΡΙΣ ΠΛΗΡΩΜΑ","181029827000","125991530","gmail.com"
"ΑΡΙΑ ΙΔΙΩΤΙΚΗ ΚΕΦΑΛΑΙΟΥΧΙΚΗ ΕΤΑΙΡΕΙΑ","A","free-mail","logistikotsitoglou@gmail.com","2428077866","ΠΡΕΒΕΖΑΣ / ΠΡΕΒΕΖΑΣ","ΠΡΕΒΕΖΑΣ","ΙΚΕ","2019","","","ΥΠΗΡΕΣΙΕΣ ΕΝΟΙΚΙΑΣΗΣ ΤΟΥΡΙΣΤΙΚΟΥ ΣΚΑΦΟΥΣ, ΧΩΡΙΣ ΠΛΗΡΩΜΑ","151544749000","801197690","gmail.com"
"ΑΡΤΕΜΙΣ ΣΕΙΛΙΝΓΚ ΙΔΙΩΤΙΚΗ ΚΕΦΑΛΑΙΟΥΧΙΚΗ ΕΤΑΙΡΕΙΑ","A","free-mail","steplomaritis@gmail.com","2310676055","ΘΕΣΣΑΛΟΝΙΚΗΣ / ΘΕΣΣΑΛΟΝΙΚΗΣ","ΘΕΣΣΑΛΟΝΙΚΗΣ","ΙΚΕ","2020","","","ΥΠΗΡΕΣΙΕΣ ΕΝΟΙΚΙΑΣΗΣ ΤΟΥΡΙΣΤΙΚΟΥ ΣΚΑΦΟΥΣ, ΧΩΡΙΣ ΠΛΗΡΩΜΑ","156703506000","801432552","gmail.com"
"ΑΡΤΕΜΩΝ ΓΙΩΤΙΝΓΚ ΙΔΙΩΤΙΚΗ ΚΕΦΑΛΑΙΟΥΧΙΚΗ ΕΤΑΙΡΕΙΑ","A","free-mail","sykariv@gmail.com","6937372113","ΑΣΠΡΟΠΥΡΓΟΥ / ΔΥΤΙΚΗΣ ΑΤΤΙΚΗΣ","ΑΤΤΙΚΗΣ","ΙΚΕ","2020","","","ΥΠΗΡΕΣΙΕΣ ΕΝΟΙΚΙΑΣΗΣ ΤΟΥΡΙΣΤΙΚΟΥ ΣΚΑΦΟΥΣ, ΧΩΡΙΣ ΠΛΗΡΩΜΑ","156418501000","801419751","gmail.com"
"ΑΡΧΑΓΓΕΛΙΤΗΣ ΓΕΩΡΓΙΟΣ","A","free-mail","geoarxagelitis@gmail.com","2241052597","ΡΟΔΟΥ / ΡΟΔΟΥ","ΔΩΔΕΚΑΝΗΣΟΥ","ΑΤΟΜΙΚΗ","2018","","","ΥΠΗΡΕΣΙΕΣ ΕΝΟΙΚΙΑΣΗΣ ΤΟΥΡΙΣΤΙΚΟΥ ΣΚΑΦΟΥΣ, ΧΩΡΙΣ ΠΛΗΡΩΜΑ","157452720000","055523281","gmail.com"
"ΑΡΧΑΥΛΗΣ ΕΜΜΑΝΟΥΗΛ ΤΟΥ ΑΝΔΡΕΑ","A","free-mail","Archavlis17@gmail.com","6944965991","ΧΑΝΙΩΝ / ΧΑΝΙΩΝ","ΧΑΝΙΩΝ","ΑΤΟΜΙΚΗ","2019","","","ΥΠΗΡΕΣΙΕΣ ΣΚΑΦΩΝ ΕΚΔΡΟΜΩΝ ΚΑΙ ΠΕΡΙΗΓΗΣΕΩΝ ΘΑΛΑΣΣΑΣ","188617158000","143595368","gmail.com"
"ΑΣΟΥΡΚΟΒ ΡΟΜΑΝ - WATSON A. S. O.E","A","free-mail","LEISOU@OTENET.GR","2661030314","ΚΕΝΤΡΙΚΗΣ ΚΕΡΚΥΡΑΣ ΚΑΙ ΔΙΑΠΟΝΤΙΩΝ ΝΗΣΩΝ / ΚΕΡΚΥΡΑΣ","ΚΕΡΚΥΡΑΣ","ΟΕ","2017","","","ΥΠΗΡΕΣΙΕΣ ΕΝΟΙΚΙΑΣΗΣ ΠΛΟΙΩΝ ΨΥΧΑΓΩΓΙΑΣ (ΚΟΤΕΡΩΝ, ΘΑΛΑΜΗΓΩΝ, ΒΕΝΖΙΝΑΚΑΤΩΝ ΚΛΠ), ΧΩΡΙΣ ΠΛΗΡΩΜΑ","144596933000","800905128","otenet.gr"
"ΑΣΣΑΡΓΙΩΤΑΚΗΣ ΜΙΧΑΗΛ ΤΟΥ ΙΩΑΝΝΗ","A","free-mail","assargiotis@windowslive.com","2810743895","ΧΕΡΣΟΝΗΣΟΥ / ΗΡΑΚΛΕΙΟΥ","ΗΡΑΚΛΕΙΟΥ","ΑΤΟΜΙΚΗ","2014","","","ΥΠΗΡΕΣΙΕΣ ΣΚΑΦΩΝ ΕΚΔΡΟΜΩΝ ΚΑΙ ΠΕΡΙΗΓΗΣΕΩΝ ΘΑΛΑΣΣΑΣ","136373127000","125982846","windowslive.com"
"ΑΤΛΑΝΤΙΔΑ Ε.Ε.","A","free-mail","fundiveplatanias@gmail.com","6974903649","ΠΛΑΤΑΝΙΑ / ΧΑΝΙΩΝ","ΧΑΝΙΩΝ","ΕΕ","2021","","","ΥΠΗΡΕΣΙΕΣ ΕΝΟΙΚΙΑΣΗΣ ΤΟΥΡΙΣΤΙΚΟΥ ΣΚΑΦΟΥΣ, ΧΩΡΙΣ ΠΛΗΡΩΜΑ","158279558000","801513118","gmail.com"
"ΑΤΛΑΝΤΙΣ ΙΣΤΙΟΠΛΟΙΚΗ ΝΑΥΤΙΛΙΑΚΗ ΜΟΝΟΠΡΟΣΩΠΗ ΕΤΑΙΡΕΙΑ ΠΕΡΙΟΡΙΣΜΕΝΗΣ ΕΥΘΥΝΗΣ","A","free-mail","milon_29@hotmail.com","2109327717","ΝΕΑΣ ΣΜΥΡΝΗΣ / ΝΟΤΙΟΥ ΤΟΜΕΑ ΑΘΗΝΩΝ","ΑΤΤΙΚΗΣ","ΕΠΕ","2000","","","ΥΠΗΡΕΣΙΕΣ ΕΝΟΙΚΙΑΣΗΣ ΤΟΥΡΙΣΤΙΚΟΥ ΣΚΑΦΟΥΣ, ΧΩΡΙΣ ΠΛΗΡΩΜΑ","135318501000","099731737","hotmail.com"
"ΑΤΣΑΛΑΚΗΣ Κ ΠΕΤΡΗΣ Ε Ι.Κ.Ε.","A","free-mail","vagpet9@gmail.com","2755022622","ΘΗΡΑΣ / ΘΗΡΑΣ","ΚΥΚΛΑΔΩΝ","ΙΚΕ","2022","","","ΥΠΗΡΕΣΙΕΣ ΣΚΑΦΩΝ ΕΚΔΡΟΜΩΝ ΚΑΙ ΠΕΡΙΗΓΗΣΕΩΝ ΘΑΛΑΣΣΑΣ","163829838000","801813072","gmail.com"
"ΑΥΓΟΥΣΤΟΣ ΕΜΜΑΝΟΥΗΛ ΓΑΛΑΝΟΣ","A","free-mail","augoustosgalanos@gmail.com","","ΚΙΜΩΛΟΥ / ΜΗΛΟΥ","ΚΥΚΛΑΔΩΝ","ΑΤΟΜΙΚΗ","2021","","","ΥΠΗΡΕΣΙΕΣ ΕΝΟΙΚΙΑΣΗΣ ΤΟΥΡΙΣΤΙΚΟΥ ΣΚΑΦΟΥΣ, ΧΩΡΙΣ ΠΛΗΡΩΜΑ","159728338000","161401181","gmail.com"
"ΑΥΘΙΝΟΣ ΘΕΟΦΙΛΟΣ ΕΡΜΗΣ","A","free-mail","teoafth@yahoo.gr","2661082273","ΝΟΤΙΑΣ ΚΕΡΚΥΡΑΣ / ΚΕΡΚΥΡΑΣ","ΚΕΡΚΥΡΑΣ","ΑΤΟΜΙΚΗ","2026","","","ΥΠΗΡΕΣΙΕΣ ΕΝΟΙΚΙΑΣΗΣ ΤΟΥΡΙΣΤΙΚΟΥ ΣΚΑΦΟΥΣ, ΧΩΡΙΣ ΠΛΗΡΩΜΑ","192219733000","153539852","yahoo.gr"
"ΑΦΟΙ ΖΑΡΙΤΑ ΟΕ","A","free-mail","xbouka@gmail.com","2534022892","ΚΟΜΟΤΗΝΗΣ / ΡΟΔΟΠΗΣ","ΡΟΔΟΠΗΣ","ΟΕ","2009","","","ΥΠΗΡΕΣΙΕΣ ΕΝΟΙΚΙΑΣΗΣ ΠΛΟΙΩΝ ΨΥΧΑΓΩΓΙΑΣ (ΚΟΤΕΡΩΝ, ΘΑΛΑΜΗΓΩΝ, ΒΕΝΖΙΝΑΚΑΤΩΝ ΚΛΠ), ΧΩΡΙΣ ΠΛΗΡΩΜΑ","53837311000","998337508","gmail.com"
"ΑΦΟΙ ΠΑΥΛΟΠΟΥΛΟΥ ΚΑΙ ΣΙΑ ΙΔΙΩΤΙΚΗ ΚΕΦΑΛΑΙΟΥΧΙΚΗ ΕΤΑΙΡΕΙΑ","A","free-mail","kaikibeach@gmail.com","","ΣΠΕΤΣΩΝ / ΝΗΣΩΝ","ΑΤΤΙΚΗΣ","ΙΚΕ","2022","","","ΥΠΗΡΕΣΙΕΣ ΣΚΑΦΩΝ ΕΚΔΡΟΜΩΝ ΚΑΙ ΠΕΡΙΗΓΗΣΕΩΝ ΘΑΛΑΣΣΑΣ","162527209000","801743133","gmail.com"
"ΒΑΓΓΕΛΗΣ ΛΥΓΔΑΣ Ι.Κ.Ε.","A","free-mail","panagopoulos_panagiotis@hotmail.gr","2107499367","ΙΣΤΙΑΙΑΣ-ΑΙΔΗΨΟΥ / ΕΥΒΟΙΑΣ","ΕΥΒΟΙΑΣ","ΙΚΕ","2023","","","ΥΠΗΡΕΣΙΕΣ ΕΝΟΙΚΙΑΣΗΣ ΕΠΑΓΓΕΛΜΑΤΙΚΟΥ ΤΟΥΡΙΣΤΙΚΟΥ ΣΚΑΦΟΥΣ ΜΕ ΠΛΗΡΩΜΑ","168089922000","802010549","hotmail.gr"
"ΒΑΚΑΜΗΣ ΔΗΜΗΤΡΙΟΣ ΤΟΥ ΙΩΑΝΝΗ","A","free-mail","vakamisd@hotmail.com","2331074242","ΒΕΡΟΙΑΣ / ΗΜΑΘΙΑΣ","ΗΜΑΘΙΑΣ","ΑΤΟΜΙΚΗ","2026","","","ΥΠΗΡΕΣΙΕΣ ΕΝΟΙΚΙΑΣΗΣ ΤΟΥΡΙΣΤΙΚΟΥ ΣΚΑΦΟΥΣ, ΧΩΡΙΣ ΠΛΗΡΩΜΑ","190942026000","037398630","hotmail.com"
"ΒΑΛΕΝΤΙΝΟ ΓΙΩΤ ΕΤΑΙΡΕΙΑ ΠΕΡΙΩΡΙΣΜΕΝΗΣ ΕΥΘΥΝΗΣ","A","free-mail","uni-taxis@hotmail.com","2104190026","ΠΕΡΙΣΤΕΡΙΟΥ / ΔΥΤΙΚΟΥ ΤΟΜΕΑ ΑΘΗΝΩΝ","ΑΤΤΙΚΗΣ","ΕΠΕ","1995","","","ΥΠΗΡΕΣΙΕΣ ΕΝΟΙΚΙΑΣΗΣ ΤΟΥΡΙΣΤΙΚΟΥ ΣΚΑΦΟΥΣ, ΧΩΡΙΣ ΠΛΗΡΩΜΑ","127458201000","095545488","hotmail.com"
"ΒΑΛΕΝΤΙΝΟ ΝΑΥΤΙΛΙΑΚΗ Ι.Κ.Ε.","A","free-mail","apostolosdelikarisgr@gmail.com","2105721999","ΠΕΡΙΣΤΕΡΙΟΥ / ΔΥΤΙΚΟΥ ΤΟΜΕΑ ΑΘΗΝΩΝ","ΑΤΤΙΚΗΣ","ΙΚΕ","2021","","","ΥΠΗΡΕΣΙΕΣ ΕΝΟΙΚΙΑΣΗΣ ΤΟΥΡΙΣΤΙΚΟΥ ΣΚΑΦΟΥΣ, ΧΩΡΙΣ ΠΛΗΡΩΜΑ","158557103000","801528248","gmail.com"
"Βαλλιάνος Αλέξιος κ ΣΙΑ Ε.Ε.","A","free-mail","alvallianos@gmail.com","2821058166","ΧΑΝΙΩΝ / ΧΑΝΙΩΝ","ΧΑΝΙΩΝ","ΕΕ","2016","","","ΥΠΗΡΕΣΙΕΣ ΕΝΟΙΚΙΑΣΗΣ ΤΟΥΡΙΣΤΙΚΟΥ ΣΚΑΦΟΥΣ, ΧΩΡΙΣ ΠΛΗΡΩΜΑ","138451758000","800724030","gmail.com"
"ΒΑΝΔΩΛΑ ΕΥΑΓΓΕΛΙΑ ΤΟΥ ΓΕΩΡΓΙΟΥ","A","free-mail","ktimaraxoni@gmail.com","2593023215","ΘΑΣΟΥ / ΘΑΣΟΥ","ΚΑΒΑΛΑΣ","ΑΤΟΜΙΚΗ","2026","","","ΥΠΗΡΕΣΙΕΣ ΣΚΑΦΩΝ ΕΚΔΡΟΜΩΝ ΚΑΙ ΠΕΡΙΗΓΗΣΕΩΝ ΘΑΛΑΣΣΑΣ","190628330000","065945424","gmail.com"
"ΒΑΣΙΛΑΚΗΣ ΕΛΕΥΘΕΡΙΟΣ ΜΕΝΕΛΑΟΣ ΤΟΥ ΑΝΤΩΝΙΟΥ","A","free-mail","leftis.kj7@gmail.com","2661052484","ΚΕΝΤΡΙΚΗΣ ΚΕΡΚΥΡΑΣ ΚΑΙ ΔΙΑΠΟΝΤΙΩΝ ΝΗΣΩΝ / ΚΕΡΚΥΡΑΣ","ΚΕΡΚΥΡΑΣ","ΑΤΟΜΙΚΗ","2021","","","ΥΠΗΡΕΣΙΕΣ ΘΑΛΑΣΣΙΩΝ ΚΑΙ ΠΑΡΑΚΤΙΩΝ ΜΕΤΑΦΟΡΩΝ ΕΠΙΒΑΤΩΝ ΜΕ ΘΑΛΑΜΗΓΟΥΣ - ΤΟΥΡΙΣΤΙΚΑ ΠΛΟΙΑ ΜΕ ΕΛΛΗΝΙΚΗ ΣΗΜΑΙΑ","160025533000","078409167","gmail.com"
"ΒΑΣΙΛΕΙΑΔΗΣ ΒΑΣ. & ΣΙΑ Ε.Ε.","A","free-mail","vavasgroupofcom@gmail.com","6934971073","ΡΟΔΟΥ / ΡΟΔΟΥ","ΔΩΔΕΚΑΝΗΣΟΥ","ΕΕ","2021","","","ΥΠΗΡΕΣΙΕΣ ΕΝΟΙΚΙΑΣΗΣ ΕΠΑΓΓΕΛΜΑΤΙΚΟΥ ΤΟΥΡΙΣΤΙΚΟΥ ΣΚΑΦΟΥΣ ΜΕ ΠΛΗΡΩΜΑ","159029820000","801553976","gmail.com"
"ΒΑΣΙΛΕΙΑΔΗΣ ΕΜΜΑΝΟΥΗΛ ΤΟΥ ΔΡΟΣΟΥ","A","free-mail","VASILEIADISMANOLIS@GMAIL.COM","6936601611","","ΗΡΑΚΛΕΙΟΥ","ΑΤΟΜΙΚΗ","2009","","","ΥΠΗΡΕΣΙΕΣ ΕΝΟΙΚΙΑΣΗΣ ΤΟΥΡΙΣΤΙΚΟΥ ΣΚΑΦΟΥΣ, ΧΩΡΙΣ ΠΛΗΡΩΜΑ","76816227000","070954937","gmail.com"
"ΒΑΣΙΛΕΙΟΣ ΝΙΚΟΛΑΟΥ ΚΟΛΙΑΡΑΚΗΣ","A","free-mail","milosseatours@gmail.com","6909577645","ΜΗΛΟΥ / ΜΗΛΟΥ","ΚΥΚΛΑΔΩΝ","ΑΤΟΜΙΚΗ","2021","","","ΥΠΗΡΕΣΙΕΣ ΕΝΟΙΚΙΑΣΗΣ ΠΛΟΙΩΝ ΨΥΧΑΓΩΓΙΑΣ (ΚΟΤΕΡΩΝ, ΘΑΛΑΜΗΓΩΝ, ΒΕΝΖΙΝΑΚΑΤΩΝ ΚΛΠ), ΧΩΡΙΣ ΠΛΗΡΩΜΑ","162206738000","109331484","gmail.com"
"ΒΑΣΙΛΕΙΟΣ ΣΠΥΡΙΔΩΝΟΣ ΖΑΜΠΑΚΟΛΑΣ","A","free-mail","easyway.bzam@gmail.com","2104826379","ΜΗΛΟΥ / ΜΗΛΟΥ","ΚΥΚΛΑΔΩΝ","ΑΤΟΜΙΚΗ","2021","","","ΥΠΗΡΕΣΙΕΣ ΣΚΑΦΩΝ ΕΚΔΡΟΜΩΝ ΚΑΙ ΠΕΡΙΗΓΗΣΕΩΝ ΘΑΛΑΣΣΑΣ","55372309000","069077435","gmail.com"
"ΒΑΣΙΛΕΙΟΥ ΣΩΤΗΡΙΑ ΤΟΥ ΓΕΩΡΓΙΟΥ","A","free-mail","sotiria.vasileiou@outlook.com","2684032909","ΠΑΡΓΑΣ / ΠΡΕΒΕΖΑΣ","ΠΡΕΒΕΖΑΣ","ΑΤΟΜΙΚΗ","2025","","","ΥΠΗΡΕΣΙΕΣ ΕΝΟΙΚΙΑΣΗΣ ΕΠΑΓΓΕΛΜΑΤΙΚΟΥ ΤΟΥΡΙΣΤΙΚΟΥ ΣΚΑΦΟΥΣ ΜΕ ΠΛΗΡΩΜΑ","184839649000","302261868","outlook.com"
"ΒΑΦΕΙΑΔΟΥ ΝΑΥΤΙΛΙΑΚΗ - ΤΟΥΡΙΣΤΙΚΗ Ε.Ε.","A","free-mail","chrysoula.vafiadou@gmail.com","2109658206","ΒΑΡΗΣ - ΒΟΥΛΑΣ - ΒΟΥΛΙΑΓΜΕΝΗΣ / ΑΝΑΤΟΛΙΚΗΣ ΑΤΤΙΚΗΣ","ΑΤΤΙΚΗΣ","ΕΕ","2015","","","ΥΠΗΡΕΣΙΕΣ ΕΝΟΙΚΙΑΣΗΣ ΤΟΥΡΙΣΤΙΚΟΥ ΣΚΑΦΟΥΣ, ΧΩΡΙΣ ΠΛΗΡΩΜΑ","133838348000","800645861","gmail.com"
"ΒΑΧΑΡΟΓΛΟΥ ΝΙΚΟΛΑΟΣ ΤΟΥ ΙΩΑΝΝΗ","A","free-mail","nikosbaxas@gmail.com","","ΘΕΡΜΑΪΚΟΥ / ΘΕΣΣΑΛΟΝΙΚΗΣ","ΘΕΣΣΑΛΟΝΙΚΗΣ","ΑΤΟΜΙΚΗ","1999","","","ΥΠΗΡΕΣΙΕΣ ΣΚΑΦΩΝ ΕΚΔΡΟΜΩΝ ΚΑΙ ΠΕΡΙΗΓΗΣΕΩΝ ΘΑΛΑΣΣΑΣ","191818906000","051341992","gmail.com"
"ΒΕΝΟΥΣ ΑΝΩΝΥΜΗ ΝΑΥΤΙΛΙΑΚΗ ΕΤΑΙΡΕΙΑ","A","free-mail","emhnas70@gmail.com","2107292194","ΚΑΛΛΙΘΕΑΣ / ΝΟΤΙΟΥ ΤΟΜΕΑ ΑΘΗΝΩΝ","ΑΤΤΙΚΗΣ","ΑΕ","2000","","","ΥΠΗΡΕΣΙΕΣ ΕΝΟΙΚΙΑΣΗΣ ΕΠΑΓΓΕΛΜΑΤΙΚΟΥ ΤΟΥΡΙΣΤΙΚΟΥ ΣΚΑΦΟΥΣ ΜΕ ΠΛΗΡΩΜΑ","126169701000","099732193","gmail.com"
"ΒΕΝΤΟΥΡΑ ΚΡΟΥΙΖΙΣ Ι.Κ.Ε.","A","free-mail","mariakakoulogistiko@gmail.com","2661044359","ΚΕΝΤΡΙΚΗΣ ΚΕΡΚΥΡΑΣ ΚΑΙ ΔΙΑΠΟΝΤΙΩΝ ΝΗΣΩΝ / ΚΕΡΚΥΡΑΣ","ΚΕΡΚΥΡΑΣ","ΙΚΕ","2021","","","ΥΠΗΡΕΣΙΕΣ ΕΝΟΙΚΙΑΣΗΣ ΠΛΟΙΩΝ ΨΥΧΑΓΩΓΙΑΣ (ΚΟΤΕΡΩΝ, ΘΑΛΑΜΗΓΩΝ, ΒΕΝΖΙΝΑΚΑΤΩΝ ΚΛΠ) ΜΕ ΠΛΗΡΩΜΑ","159222933000","801564690","gmail.com"
"ΒΕΣΤΑΚΗ ΑΙΚΑΤΕΡΙΝΗ ΕΛΕΝΗ ΓΕΩΡΓ.","A","free-mail","kvestaki@gmail.com","2841042198","ΑΓΙΟΥ ΝΙΚΟΛΑΟΥ / ΛΑΣΙΘΙΟΥ","ΛΑΣΙΘΙΟΥ","ΑΤΟΜΙΚΗ","2018","","","ΥΠΗΡΕΣΙΕΣ ΕΝΟΙΚΙΑΣΗΣ ΠΛΟΙΩΝ ΨΥΧΑΓΩΓΙΑΣ (ΚΟΤΕΡΩΝ, ΘΑΛΑΜΗΓΩΝ, ΒΕΝΖΙΝΑΚΑΤΩΝ ΚΛΠ) ΜΕ ΠΛΗΡΩΜΑ","145155841000","110336249","gmail.com"
"ΒΙΛΛΙΩΤΗΣ Γ - HAGEMOSER T Ο.Ε.","A","free-mail","t.hagemoser@hotmail.com","6977334922","ΠΑΡΟΥ / ΠΑΡΟΥ","ΚΥΚΛΑΔΩΝ","ΟΕ","2025","","","ΥΠΗΡΕΣΙΕΣ ΣΚΑΦΩΝ ΕΚΔΡΟΜΩΝ ΚΑΙ ΠΕΡΙΗΓΗΣΕΩΝ ΘΑΛΑΣΣΑΣ","182972838000","802798142","hotmail.com"
"ΒΙΤΣΟΣ Π. - ΚΑΡΔΑΡΗΣ Π. Ο.Ε.","A","free-mail","petros_vitsos@hotmail.com","6972489452","ΖΑΚΥΝΘΟΥ / ΖΑΚΥΝΘΟΥ","ΖΑΚΥΝΘΟΥ","ΟΕ","2023","","","ΥΠΗΡΕΣΙΕΣ ΣΚΑΦΩΝ ΕΚΔΡΟΜΩΝ ΚΑΙ ΠΕΡΙΗΓΗΣΕΩΝ ΘΑΛΑΣΣΑΣ","174078124000","802308919","hotmail.com"
"ΒΛΑΧΑΚΗΣ ΒΑΣΙΛΕΙΟΣ","A","free-mail","vasilhs450@gmail.com","6949156661","ΒΟΛΟΥ / ΜΑΓΝΗΣΙΑΣ","ΜΑΓΝΗΣΙΑΣ","ΑΤΟΜΙΚΗ","2024","","","ΥΠΗΡΕΣΙΕΣ ΕΝΟΙΚΙΑΣΗΣ ΤΟΥΡΙΣΤΙΚΟΥ ΣΚΑΦΟΥΣ, ΧΩΡΙΣ ΠΛΗΡΩΜΑ","175279544000","136838436","gmail.com"
"ΒΛΑΧΑΚΗΣ ΓΕΩΡΓΙΟΣ","A","free-mail","argoiii@hotmail.com","6932325167","ΒΟΛΟΥ / ΜΑΓΝΗΣΙΑΣ","ΜΑΓΝΗΣΙΑΣ","ΑΤΟΜΙΚΗ","2024","","","ΥΠΗΡΕΣΙΕΣ ΕΝΟΙΚΙΑΣΗΣ ΤΟΥΡΙΣΤΙΚΟΥ ΣΚΑΦΟΥΣ, ΧΩΡΙΣ ΠΛΗΡΩΜΑ","175278844000","027916362","hotmail.com"
"ΒΛΑΧΑΚΗΣ ΛΑΜΠΡΟΣ ΤΟΥ  ΓΕΩΡΓΙΟΥ","A","free-mail","vlahakis2603@gmail.com","","ΒΟΛΟΥ / ΜΑΓΝΗΣΙΑΣ","ΜΑΓΝΗΣΙΑΣ","ΑΤΟΜΙΚΗ","2014","","","ΥΠΗΡΕΣΙΕΣ ΕΝΟΙΚΙΑΣΗΣ ΤΟΥΡΙΣΤΙΚΟΥ ΣΚΑΦΟΥΣ, ΧΩΡΙΣ ΠΛΗΡΩΜΑ","181566044000","120413300","gmail.com"
"ΒΛΑΧΟΠΟΥΛΟΣ ΧΡΙΣΤΟΔΟΥΛΟΣ ΤΟΥ ΒΑΣΙΛΕΙΟΥ","A","free-mail","vlachopoulos2@yahoo.gr","2662031039","ΠΑΞΩΝ / ΚΕΡΚΥΡΑΣ","ΚΕΡΚΥΡΑΣ","ΑΤΟΜΙΚΗ","2009","","","ΥΠΗΡΕΣΙΕΣ ΣΚΑΦΩΝ ΕΚΔΡΟΜΩΝ ΚΑΙ ΠΕΡΙΗΓΗΣΕΩΝ ΘΑΛΑΣΣΑΣ","33254333000","302206197","yahoo.gr"
"ΒΟΡΕΙΟΣ ΝΟΣΤΟΣ ΜΟΝΟΠΡΟΣΩΠΗ ΝΑΥΤΙΛΙΑΚΗ ΕΤΑΙΡΕΙΑ ΠΕΡΙΟΡΙΣΜΕΝΗΣ ΕΥΘΥΝΗΣ","A","free-mail","menhcrist@gmail.com","2108951615","ΒΑΡΗΣ - ΒΟΥΛΑΣ - ΒΟΥΛΙΑΓΜΕΝΗΣ / ΑΝΑΤΟΛΙΚΗΣ ΑΤΤΙΚΗΣ","ΑΤΤΙΚΗΣ","ΕΠΕ","2003","","","ΥΠΗΡΕΣΙΕΣ ΕΝΟΙΚΙΑΣΗΣ ΠΛΟΙΩΝ ΨΥΧΑΓΩΓΙΑΣ (ΚΟΤΕΡΩΝ, ΘΑΛΑΜΗΓΩΝ, ΒΕΝΖΙΝΑΚΑΤΩΝ ΚΛΠ), ΧΩΡΙΣ ΠΛΗΡΩΜΑ","122045001000","999416210","gmail.com"
"ΒΟΥΓΙΟΥΚΛΑΚΗΣ ΣΩΤ. - ΔΙΓΕΝΗΣ ΣΠ. Ο.Ε","A","free-mail","vougis@otenet.gr","2661036600","ΚΕΝΤΡΙΚΗΣ ΚΕΡΚΥΡΑΣ ΚΑΙ ΔΙΑΠΟΝΤΙΩΝ ΝΗΣΩΝ / ΚΕΡΚΥΡΑΣ","ΚΕΡΚΥΡΑΣ","ΟΕ","2018","","","ΥΠΗΡΕΣΙΕΣ ΕΝΟΙΚΙΑΣΗΣ ΕΠΑΓΓΕΛΜΑΤΙΚΟΥ ΤΟΥΡΙΣΤΙΚΟΥ ΣΚΑΦΟΥΣ ΜΕ ΠΛΗΡΩΜΑ","145826033000","800962055","otenet.gr"
"ΒΟΥΛΓΑΡΑΚΗΣ ΝΙΚΟΛΑΟΣ του ΕΜΜΑΝΟΥΗΛ","A","free-mail","nboulgarakes@gmail.com","","ΑΓΙΟΥ ΒΑΣΙΛΕΙΟΥ / ΡΕΘΥΜΝΟΥ","ΡΕΘΥΜΝΗΣ","ΑΤΟΜΙΚΗ","2001","","","ΥΠΗΡΕΣΙΕΣ ΕΝΟΙΚΙΑΣΗΣ ΤΟΥΡΙΣΤΙΚΟΥ ΣΚΑΦΟΥΣ, ΧΩΡΙΣ ΠΛΗΡΩΜΑ","157296750000","045176977","gmail.com"
"ΒΟΥΡΒΑΧΑΚΗΣ ΕΜΜΑΝΟΥΗΛ του ΣΤΥΛΙΑΝΟΥ","A","free-mail","forocom@yahoo.gr","2831050401","ΡΕΘΥΜΝΗΣ / ΡΕΘΥΜΝΟΥ","ΡΕΘΥΜΝΗΣ","ΑΤΟΜΙΚΗ","2021","","","ΥΠΗΡΕΣΙΕΣ ΕΝΟΙΚΙΑΣΗΣ ΤΟΥΡΙΣΤΙΚΟΥ ΣΚΑΦΟΥΣ, ΧΩΡΙΣ ΠΛΗΡΩΜΑ","158466250000","124457593","yahoo.gr"
"ΒΟΥΧΑΡΑ ΝΙΚΟΛΕΤΑ ΤΟΥ ΒΑΣΙΛΕΙΟΥ","A","free-mail","bouxnik@yahoo.gr","2310676055","ΚΑΛΑΜΑΡΙΑΣ / ΘΕΣΣΑΛΟΝΙΚΗΣ","ΘΕΣΣΑΛΟΝΙΚΗΣ","ΑΤΟΜΙΚΗ","2018","","","ΥΠΗΡΕΣΙΕΣ ΕΝΟΙΚΙΑΣΗΣ ΤΟΥΡΙΣΤΙΚΟΥ ΣΚΑΦΟΥΣ, ΧΩΡΙΣ ΠΛΗΡΩΜΑ","193595106000","152645811","yahoo.gr"
"ΒΡΕΤΤΟΣ ΦΩΤΙΟΣ ΤΟΥ ΓΕΩΡΓΙΟΥ","A","free-mail","kartanoskostas@gmail.com","","ΛΕΥΚΑΔΑΣ / ΛΕΥΚΑΔΑΣ","ΛΕΥΚΑΔΑΣ","ΑΤΟΜΙΚΗ","2023","","","ΥΠΗΡΕΣΙΕΣ ΕΝΟΙΚΙΑΣΗΣ ΕΠΑΓΓΕΛΜΑΤΙΚΟΥ ΤΟΥΡΙΣΤΙΚΟΥ ΣΚΑΦΟΥΣ ΜΕ ΠΛΗΡΩΜΑ","169934643000","128484678","gmail.com"
"ΒΡΥΩΝΗ ΕΛΕΝΗ ΤΟΥ ΠΑΝΤΕΛΗ","A","free-mail","officesarlas@gmail.com","2109646058","ΓΛΥΦΑΔΑΣ / ΝΟΤΙΟΥ ΤΟΜΕΑ ΑΘΗΝΩΝ","ΑΤΤΙΚΗΣ","ΑΤΟΜΙΚΗ","1992","","","ΥΠΗΡΕΣΙΕΣ ΕΝΟΙΚΙΑΣΗΣ ΤΟΥΡΙΣΤΙΚΟΥ ΣΚΑΦΟΥΣ, ΧΩΡΙΣ ΠΛΗΡΩΜΑ","166693303000","044074780","gmail.com"
"ΒΡΥΩΝΗΣ ΕΥΣΤΑΘΙΟΣ ΤΟΥ ΣΩΤΗΡΙΟΥ","A","free-mail","officesarlas@gmail.com","2109646058","ΓΛΥΦΑΔΑΣ / ΝΟΤΙΟΥ ΤΟΜΕΑ ΑΘΗΝΩΝ","ΑΤΤΙΚΗΣ","ΑΤΟΜΙΚΗ","2010","","","ΥΠΗΡΕΣΙΕΣ ΕΝΟΙΚΙΑΣΗΣ ΤΟΥΡΙΣΤΙΚΟΥ ΣΚΑΦΟΥΣ, ΧΩΡΙΣ ΠΛΗΡΩΜΑ","166659703000","131234246","gmail.com"
"Γ.ΜΑΡΤΙΝΗΣ-Α.ΛΕΖΟΣ Ο.Ε","A","free-mail","dimil8850@gmail.com","2661026525","ΚΕΝΤΡΙΚΗΣ ΚΕΡΚΥΡΑΣ ΚΑΙ ΔΙΑΠΟΝΤΙΩΝ ΝΗΣΩΝ / ΚΕΡΚΥΡΑΣ","ΚΕΡΚΥΡΑΣ","ΟΕ","2020","","","ΥΠΗΡΕΣΙΕΣ ΕΝΟΙΚΙΑΣΗΣ ΤΟΥΡΙΣΤΙΚΟΥ ΣΚΑΦΟΥΣ, ΧΩΡΙΣ ΠΛΗΡΩΜΑ","156451933000","801421168","gmail.com"
"ΓΑΒΑΛΑΚΗ ΜΑΡΙΑ ΜΑΝΩΛΙΟΥΔΗ ΧΡΙΣΤΙΝΑ Ο.Ε.","A","free-mail","nikstef@otenet.gr","2834023335","ΡΕΘΥΜΝΗΣ / ΡΕΘΥΜΝΟΥ","ΡΕΘΥΜΝΗΣ","ΟΕ","2022","","","ΥΠΗΡΕΣΙΕΣ ΕΝΟΙΚΙΑΣΗΣ ΤΟΥΡΙΣΤΙΚΟΥ ΣΚΑΦΟΥΣ, ΧΩΡΙΣ ΠΛΗΡΩΜΑ","166898350000","801951481","otenet.gr"
"ΓΑΒΑΡΗΣ ΕΥΑΓΓΕΛΟΣ ΤΟΥ ΙΩΑΝΝΗ","A","free-mail","vaggelisgavaris@hotmail.com","6938048610","ΧΑΝΙΩΝ / ΧΑΝΙΩΝ","ΧΑΝΙΩΝ","ΑΤΟΜΙΚΗ","2024","","","ΥΠΗΡΕΣΙΕΣ ΕΝΟΙΚΙΑΣΗΣ ΤΟΥΡΙΣΤΙΚΟΥ ΣΚΑΦΟΥΣ, ΧΩΡΙΣ ΠΛΗΡΩΜΑ","188813358000","031288903","hotmail.com"
"ΓΑΖΗΣ ΝΙΚΟΛΑΟΣ ΤΟΥ ΑΝΑΣΤΑΣΙΟΥ","A","free-mail","borsalin@otenet.gr","2645092528","ΛΕΥΚΑΔΑΣ / ΛΕΥΚΑΔΑΣ","ΛΕΥΚΑΔΑΣ","ΑΤΟΜΙΚΗ","1990","","","ΥΠΗΡΕΣΙΕΣ ΣΚΑΦΩΝ ΕΚΔΡΟΜΩΝ ΚΑΙ ΠΕΡΙΗΓΗΣΕΩΝ ΘΑΛΑΣΣΑΣ","16311843000","028558171","otenet.gr"
"ΓΑΖΗΣ ΧΡΗΣΤΟΣ ΤΟΥ ΔΗΜΗΤΡΙΟΥ","A","free-mail","cgazis@hotmail.com","","ΛΕΥΚΑΔΑΣ / ΛΕΥΚΑΔΑΣ","ΛΕΥΚΑΔΑΣ","ΑΤΟΜΙΚΗ","2025","","","ΥΠΗΡΕΣΙΕΣ ΕΝΟΙΚΙΑΣΗΣ ΤΟΥΡΙΣΤΙΚΟΥ ΣΚΑΦΟΥΣ, ΧΩΡΙΣ ΠΛΗΡΩΜΑ","185600343000","142958070","hotmail.com"
"ΓΑΛΑΝΑΚΗΣ ΓΙΩΤΙΝΓΚ ΜΟΝΟΠΡΟΣΩΠΗ ΝΑΥΤΙΛΙΑΚΗ ΕΤΑΙΡΕΙΑ ΠΕΡΙΟΡΙΣΜΕΝΗΣ ΕΥΘΥΝΗΣ","A","free-mail","giorgosacctax@gmail.com","2102132395","ΠΑΛΑΙΟΥ ΦΑΛΗΡΟΥ / ΝΟΤΙΟΥ ΤΟΜΕΑ ΑΘΗΝΩΝ","ΑΤΤΙΚΗΣ","ΕΠΕ","1989","","","ΥΠΗΡΕΣΙΕΣ ΕΝΟΙΚΙΑΣΗΣ ΕΠΑΓΓΕΛΜΑΤΙΚΟΥ ΤΟΥΡΙΣΤΙΚΟΥ ΣΚΑΦΟΥΣ ΜΕ ΠΛΗΡΩΜΑ","122721801000","095194021","gmail.com"
"ΓΑΛΑΝΟΣ ΕΜΜΑΝΟΥΗΛ","A","free-mail","emmanuelgalanos2@gmail.com","6971756484","ΑΓΙΟΥ ΔΗΜΗΤΡΙΟΥ / ΝΟΤΙΟΥ ΤΟΜΕΑ ΑΘΗΝΩΝ","ΑΤΤΙΚΗΣ","ΑΤΟΜΙΚΗ","2023","","","ΥΠΗΡΕΣΙΕΣ ΕΝΟΙΚΙΑΣΗΣ ΤΟΥΡΙΣΤΙΚΟΥ ΣΚΑΦΟΥΣ, ΧΩΡΙΣ ΠΛΗΡΩΜΑ","168897403000","154988606","gmail.com"
"ΓΑΝΑ  ΑΝΩΝΥΜΗ ΝΑΥΤΙΛΙΑΚΗ ΕΤΑΙΡΕΙΑ","A","free-mail","papaggel94@gmail.com","2104127092","ΠΕΡΑΜΑΤΟΣ / ΠΕΙΡΑΙΩΣ","ΠΕΙΡΑΙΑ","ΑΕ","1992","","","ΥΠΗΡΕΣΙΕΣ ΕΝΟΙΚΙΑΣΗΣ ΕΠΑΓΓΕΛΜΑΤΙΚΟΥ ΤΟΥΡΙΣΤΙΚΟΥ ΣΚΑΦΟΥΣ ΜΕ ΠΛΗΡΩΜΑ","125721408000","094087635","gmail.com"
"ΓΑΝΩΣΗΣ ΚΩΝΣΤΑΝΤΙΝΟΣ ΤΟΥ ΑΡΓΥΡΙΟΥ","A","free-mail","kststls@gmail.com","","ΣΙΘΩΝΙΑΣ / ΧΑΛΚΙΔΙΚΗΣ","ΧΑΛΚΙΔΙΚΗΣ","ΑΤΟΜΙΚΗ","2017","","","ΥΠΗΡΕΣΙΕΣ ΕΝΟΙΚΙΑΣΗΣ ΤΟΥΡΙΣΤΙΚΟΥ ΣΚΑΦΟΥΣ, ΧΩΡΙΣ ΠΛΗΡΩΜΑ","92120157000","045221154","gmail.com"
"ΓΑΡΑΚΛΙΔΗΣ ΧΡΗΣΤΟΣ ΤΟΥ ΤΑΜΑΖ","A","free-mail","garaklidhs@hotmail.com","","ΑΡΙΣΤΟΤΕΛΗ / ΧΑΛΚΙΔΙΚΗΣ","ΧΑΛΚΙΔΙΚΗΣ","ΑΤΟΜΙΚΗ","2015","","","ΥΠΗΡΕΣΙΕΣ ΣΚΑΦΩΝ ΕΚΔΡΟΜΩΝ ΚΑΙ ΠΕΡΙΗΓΗΣΕΩΝ ΘΑΛΑΣΣΑΣ","158923357000","117855102","hotmail.com"
"ΓΕΝΕΣΙΣ ΜΟΝΟΠΡΟΣΩΠΗ ΝΑΥΤΙΛΙΑΚΗ ΕΤΑΙΡΕΙΑ ΠΕΡΙΩΡΙΣΜΕΝΗΣ ΕΥΘΥΝΗΣ","A","free-mail","onarshipping@gmail.com","2104518712","ΠΕΙΡΑΙΩΣ / ΠΕΙΡΑΙΩΣ","ΠΕΙΡΑΙΑ","ΕΠΕ","2004","","","ΥΠΗΡΕΣΙΕΣ ΕΝΟΙΚΙΑΣΗΣ ΕΠΑΓΓΕΛΜΑΤΙΚΟΥ ΤΟΥΡΙΣΤΙΚΟΥ ΣΚΑΦΟΥΣ ΜΕ ΠΛΗΡΩΜΑ","122171207000","999417844","gmail.com"
"ΓΕΝΙΚΗ ΤΟΥΡΙΣΤΙΚΗ - ΥΠΗΡΕΣΙΕΣ ΤΟΥΡΙΣΜΟΥ ΞΕΝΟΔΟΧΕΙΩΝ ΕΣΤΙΑΣΗΣ ΤΡΟΦΙΜΑ ΕΤΑΙΡΕΙΑ ΠΕΡΙΟΡΙΣΜΕΝΗΣ ΕΥΘΥΝΗΣ (Υποκατάστημα)","A","free-mail","STYLIANOSNOMIKOS@GMAIL.COM","2104823740","ΘΗΡΑΣ / ΘΗΡΑΣ","ΚΥΚΛΑΔΩΝ","ΕΠΕ","2023","","","ΥΠΗΡΕΣΙΕΣ ΣΚΑΦΩΝ ΕΚΔΡΟΜΩΝ ΚΑΙ ΠΕΡΙΗΓΗΣΕΩΝ ΘΑΛΑΣΣΑΣ","124365438002","999779498","gmail.com"
"ΓΕΡΑΣΙΜΟΣ Σ ΜΑΡΓΕΛΗΣ - ΕΚΜΕΤΑΛΛΕΥΣΗ ΣΚΑΦΩΝ ΑΝΑΨΥΧΗΣ ΕΕ","A","free-mail","margelisgerasimos1@gmail.com","2645023388","ΛΕΥΚΑΔΑΣ / ΛΕΥΚΑΔΑΣ","ΛΕΥΚΑΔΑΣ","ΕΕ","2017","","","ΥΠΗΡΕΣΙΕΣ ΕΝΟΙΚΙΑΣΗΣ ΤΟΥΡΙΣΤΙΚΟΥ ΣΚΑΦΟΥΣ, ΧΩΡΙΣ ΠΛΗΡΩΜΑ","142744943000","800843238","gmail.com"
"ΓΕΡΟΛΥΜΟΥ ΜΑΡΙΑΝΝΑ ΤΟΥ ΙΩΑΝΝΗ","A","free-mail","gerolymou.marianna@gmail.com","","ΠΑΛΑΙΟΥ ΦΑΛΗΡΟΥ / ΝΟΤΙΟΥ ΤΟΜΕΑ ΑΘΗΝΩΝ","ΑΤΤΙΚΗΣ","ΑΤΟΜΙΚΗ","2007","","","ΥΠΗΡΕΣΙΕΣ ΕΝΟΙΚΙΑΣΗΣ ΤΟΥΡΙΣΤΙΚΟΥ ΣΚΑΦΟΥΣ, ΧΩΡΙΣ ΠΛΗΡΩΜΑ","188437403000","131677555","gmail.com"
"ΓΕΩΡΓΑΚΟΠΟΥΛΟΣ ΝΙΚΟΛΑΟΣ ΤΟΥ ΚΩΝΣΤΑΝΤΙΝΟΥ","A","free-mail","nick_geohydra@hotmail.com","","ΥΔΡΑΣ / ΝΗΣΩΝ","ΑΤΤΙΚΗΣ","ΑΤΟΜΙΚΗ","2011","","","ΥΠΗΡΕΣΙΕΣ ΣΚΑΦΩΝ ΕΚΔΡΟΜΩΝ ΚΑΙ ΠΕΡΙΗΓΗΣΕΩΝ ΘΑΛΑΣΣΑΣ","159412809000","137569543","hotmail.com"
"ΓΕΩΡΓΙΑΔΗΣ - ΚΑΡΑΝΙΚΟΛΑΣ Ο.Ε.","A","free-mail","sg2810332726@yahoo.com","6948278360","ΗΡΑΚΛΕΙΟΥ / ΗΡΑΚΛΕΙΟΥ","ΗΡΑΚΛΕΙΟΥ","ΟΕ","2025","","","ΥΠΗΡΕΣΙΕΣ ΕΝΟΙΚΙΑΣΗΣ ΕΠΑΓΓΕΛΜΑΤΙΚΟΥ ΤΟΥΡΙΣΤΙΚΟΥ ΣΚΑΦΟΥΣ ΜΕ ΠΛΗΡΩΜΑ","182926427000","802795999","yahoo.com"
"ΓΕΩΡΓΙΟΣ ΗΛΙΑΣ ΠΕΤΡΟΥ ΤΣΑΠΟΥΡΗΣ","A","free-mail","jetpilotgr@gmail.com","2289078220","ΜΥΚΟΝΟΥ / ΜΥΚΟΝΟΥ","ΚΥΚΛΑΔΩΝ","ΑΤΟΜΙΚΗ","2021","","","ΥΠΗΡΕΣΙΕΣ ΕΝΟΙΚΙΑΣΗΣ ΠΛΟΙΩΝ ΨΥΧΑΓΩΓΙΑΣ (ΚΟΤΕΡΩΝ, ΘΑΛΑΜΗΓΩΝ, ΒΕΝΖΙΝΑΚΑΤΩΝ ΚΛΠ), ΧΩΡΙΣ ΠΛΗΡΩΜΑ","188262138000","148116406","gmail.com"
"ΓΕΩΡΓΙΟΣ ΙΩΑΝΝΗ ΚΡΗΤΙΚΟΣ","A","free-mail","george.kritikos@yahoo.gr","2284091768","ΠΑΡΟΥ / ΠΑΡΟΥ","ΚΥΚΛΑΔΩΝ","ΑΤΟΜΙΚΗ","2018","","","ΥΠΗΡΕΣΙΕΣ ΣΚΑΦΩΝ ΕΚΔΡΟΜΩΝ ΚΑΙ ΠΕΡΙΗΓΗΣΕΩΝ ΘΑΛΑΣΣΑΣ","120431738000","059868380","yahoo.gr"
"ΓΕΩΡΓΙΟΣ ΙΩΑΝΝΟΥ ΜΑΘΙΟΥΔΑΚΗΣ","A","free-mail","stmathioudakis@gmail.com","2287921971","ΜΗΛΟΥ / ΜΗΛΟΥ","ΚΥΚΛΑΔΩΝ","ΑΤΟΜΙΚΗ","1998","","","ΥΠΗΡΕΣΙΕΣ ΕΝΟΙΚΙΑΣΗΣ ΤΟΥΡΙΣΤΙΚΟΥ ΣΚΑΦΟΥΣ, ΧΩΡΙΣ ΠΛΗΡΩΜΑ","48346438000","023313338","gmail.com"
"ΓΕΩΡΓΙΟΣ ΠΑΠΑΓΕΩΡΓΙΟΥ ΚΑΙ ΣΙΑ Ε.Ε","A","free-mail","gspoulos@windowslive.com","2742022369","ΣΙΚΥΩΝΙΩΝ / ΚΟΡΙΝΘΙΑΣ","ΚΟΡΙΝΘΙΑΣ","ΕΕ","2004","","","ΥΠΗΡΕΣΙΕΣ ΕΝΟΙΚΙΑΣΗΣ ΠΛΟΙΩΝ ΨΥΧΑΓΩΓΙΑΣ (ΚΟΤΕΡΩΝ, ΘΑΛΑΜΗΓΩΝ, ΒΕΝΖΙΝΑΚΑΤΩΝ ΚΛΠ) ΜΕ ΠΛΗΡΩΜΑ","114869237000","099682763","windowslive.com"
"ΓΕΩΡΓΙΟΣ ΠΕΤΡΟΥ ΚΟΥΤΣΟΥΡΒΕΗΣ","A","free-mail","iosmarine@hotmail.com","2286091122","ΙΗΤΩΝ / ΘΗΡΑΣ","ΚΥΚΛΑΔΩΝ","ΑΤΟΜΙΚΗ","2004","","","ΥΠΗΡΕΣΙΕΣ ΕΝΟΙΚΙΑΣΗΣ ΤΟΥΡΙΣΤΙΚΟΥ ΣΚΑΦΟΥΣ, ΧΩΡΙΣ ΠΛΗΡΩΜΑ","48377438000","037227379","hotmail.com"
"ΓΕΩΡΓΙΟΥ ΜΑΡΙΟΣ ΤΟΥ ΜΙΧΑΗΛ","A","free-mail","mariosgeorgiou973@gmail.com","2298400571","","ΑΤΤΙΚΗΣ","ΑΤΟΜΙΚΗ","1999","","","ΥΠΗΡΕΣΙΕΣ ΕΝΟΙΚΙΑΣΗΣ ΕΠΑΓΓΕΛΜΑΤΙΚΟΥ ΤΟΥΡΙΣΤΙΚΟΥ ΣΚΑΦΟΥΣ ΜΕ ΠΛΗΡΩΜΑ","141684802000","045761017","gmail.com"
"ΓΙΑΚΗΣ ΑΘΑΝΑΣΙΟΣ ΤΟΥ ΚΩΝΣΤΑΝΤΙΝΟΥ","A","free-mail","giakissakis@gmail.com","2684032512","ΠΑΡΓΑΣ / ΠΡΕΒΕΖΑΣ","ΠΡΕΒΕΖΑΣ","ΑΤΟΜΙΚΗ","2010","","","ΥΠΗΡΕΣΙΕΣ ΣΚΑΦΩΝ ΕΚΔΡΟΜΩΝ ΚΑΙ ΠΕΡΙΗΓΗΣΕΩΝ ΘΑΛΑΣΣΑΣ","16661649000","039042995","gmail.com"
"ΓΙΑΚΟΥΜΑΚΗΣ ΚΩΝΣΤΑΝΤΙΝΟΣ ΤΟΥ ΚΩΝΣΤΑΝΤΙΝΟΥ","A","free-mail","baloslagoonboattrips@gmail.com","","ΠΛΑΤΑΝΙΑ / ΧΑΝΙΩΝ","ΧΑΝΙΩΝ","ΑΤΟΜΙΚΗ","2019","","","ΥΠΗΡΕΣΙΕΣ ΣΚΑΦΩΝ ΕΚΔΡΟΜΩΝ ΚΑΙ ΠΕΡΙΗΓΗΣΕΩΝ ΘΑΛΑΣΣΑΣ","191586758000","170008737","gmail.com"
"ΓΙΑΚΟΥΜΑΚΗΣ ΜΙΧΑΗΛ ΤΟΥ ΚΩΝΣΤΑΝΤΙΝΟΥ","A","free-mail","giakoumakesmichales98@gmail.com","","ΠΛΑΤΑΝΙΑ / ΧΑΝΙΩΝ","ΧΑΝΙΩΝ","ΑΤΟΜΙΚΗ","2025","","","ΥΠΗΡΕΣΙΕΣ ΣΚΑΦΩΝ ΕΚΔΡΟΜΩΝ ΚΑΙ ΠΕΡΙΗΓΗΣΕΩΝ ΘΑΛΑΣΣΑΣ","191591058000","151598070","gmail.com"
"ΓΙΑΛΕΛΗΣ ΓΕΩΡΓΙΟΣ ΤΟΥ ΕΛΕΥΘΕΡΙΟΥ","A","free-mail","jde.assets@gmail.com","6937123499","ΓΛΥΦΑΔΑΣ / ΝΟΤΙΟΥ ΤΟΜΕΑ ΑΘΗΝΩΝ","ΑΤΤΙΚΗΣ","ΑΤΟΜΙΚΗ","2022","","","ΥΠΗΡΕΣΙΕΣ ΣΚΑΦΩΝ ΕΚΔΡΟΜΩΝ ΚΑΙ ΠΕΡΙΗΓΗΣΕΩΝ ΘΑΛΑΣΣΑΣ","169992003000","068982228","gmail.com"
"ΓΙΑΛΙΤΑΚΗΣ Α. ΚΑΙ ΣΙΑ Ο.Ε.","A","free-mail","gial_maria@hotmail.com","2897021280","ΧΕΡΣΟΝΗΣΟΥ / ΗΡΑΚΛΕΙΟΥ","ΗΡΑΚΛΕΙΟΥ","ΟΕ","2005","","","ΥΠΗΡΕΣΙΕΣ ΣΚΑΦΩΝ ΕΚΔΡΟΜΩΝ ΚΑΙ ΠΕΡΙΗΓΗΣΕΩΝ ΘΑΛΑΣΣΑΣ","123089527000","999268613","hotmail.com"
"ΓΙΑΜΑΚΙΔΗΣ ΙΩΑΝΝΗΣ ΤΟΥ ΑΝΑΣΤΑΣΙΟΥ","A","free-mail","aiolis.yachting@gmail.com","","ΠΑΛΑΙΟΥ ΦΑΛΗΡΟΥ / ΝΟΤΙΟΥ ΤΟΜΕΑ ΑΘΗΝΩΝ","ΑΤΤΙΚΗΣ","ΑΤΟΜΙΚΗ","2022","","","ΥΠΗΡΕΣΙΕΣ ΕΝΟΙΚΙΑΣΗΣ ΠΛΟΙΩΝ ΨΥΧΑΓΩΓΙΑΣ (ΚΟΤΕΡΩΝ, ΘΑΛΑΜΗΓΩΝ, ΒΕΝΖΙΝΑΚΑΤΩΝ ΚΛΠ) ΜΕ ΠΛΗΡΩΜΑ","167814103000","109438380","gmail.com"
"ΓΙΑΤΡΑ ΔΙΟΝΥΣΙΑ ΤΟΥ ΓΕΩΡΓΙΟΥ","A","free-mail","spinosinfo@gmail.com","","ΖΑΚΥΝΘΟΥ / ΖΑΚΥΝΘΟΥ","ΖΑΚΥΝΘΟΥ","ΑΤΟΜΙΚΗ","2021","","","ΥΠΗΡΕΣΙΕΣ ΕΝΟΙΚΙΑΣΗΣ ΤΟΥΡΙΣΤΙΚΟΥ ΣΚΑΦΟΥΣ, ΧΩΡΙΣ ΠΛΗΡΩΜΑ","169598324000","153403912","gmail.com"
"ΓΙΟΒΑΝΟΣ ΔΗΜΗΤΡΙΟΣ ΤΟΥ ΙΩΑΝΝΗ","A","free-mail","dimitriosgiovanos@gmail.com","6940550239","ΠΡΕΒΕΖΑΣ / ΠΡΕΒΕΖΑΣ","ΠΡΕΒΕΖΑΣ","ΑΤΟΜΙΚΗ","2022","","","ΥΠΗΡΕΣΙΕΣ ΕΝΟΙΚΙΑΣΗΣ ΤΟΥΡΙΣΤΙΚΟΥ ΣΚΑΦΟΥΣ, ΧΩΡΙΣ ΠΛΗΡΩΜΑ","190588749000","148430250","gmail.com"
"ΓΙΟΥΜΠΑΚΗΣ ΜΑΡΚΟΣ του ΓΕΩΡΓΙΟΥ","A","free-mail","markos.gs89@gmail.com","6980194608","ΡΕΘΥΜΝΗΣ / ΡΕΘΥΜΝΟΥ","ΡΕΘΥΜΝΗΣ","ΑΤΟΜΙΚΗ","2025","","","ΥΠΗΡΕΣΙΕΣ ΕΝΟΙΚΙΑΣΗΣ ΤΟΥΡΙΣΤΙΚΟΥ ΣΚΑΦΟΥΣ, ΧΩΡΙΣ ΠΛΗΡΩΜΑ","189124850000","137494528","gmail.com"
"ΓΚΑΛΙΜΑΝΑΣ ΠΑΝΤΕΛΗΣ ΤΟΥ ΔΗΜΗΤΡΙΟΥ","A","free-mail","pantelisgkalimanas@gmail.com","","ΧΙΟΥ / ΧΙΟΥ","ΧΙΟΥ","ΑΤΟΜΙΚΗ","2023","","","ΥΠΗΡΕΣΙΕΣ ΕΝΟΙΚΙΑΣΗΣ ΤΟΥΡΙΣΤΙΚΟΥ ΣΚΑΦΟΥΣ, ΧΩΡΙΣ ΠΛΗΡΩΜΑ","128358159000","132371889","gmail.com"
"ΓΚΙΝΗΣ ΧΡΗΣΤΟΣ TOY ΓΕΩΡΓΙΟΥ- ΣΕ ΕΚΚΡΕΜΟΤΗΤΑ","A","free-mail","vrelosbeach@gmail.com; crginis@gmail.com","2298075063","ΣΠΕΤΣΩΝ / ΝΗΣΩΝ","ΑΤΤΙΚΗΣ","ΑΤΟΜΙΚΗ","2010","","","ΥΠΗΡΕΣΙΕΣ ΕΝΟΙΚΙΑΣΗΣ ΠΛΟΙΩΝ ΨΥΧΑΓΩΓΙΑΣ (ΚΟΤΕΡΩΝ, ΘΑΛΑΜΗΓΩΝ, ΒΕΝΖΙΝΑΚΑΤΩΝ ΚΛΠ), ΧΩΡΙΣ ΠΛΗΡΩΜΑ","57109209000","035918355","gmail.com"
"ΓΚΙΡΛΟΣ ΒΑΣΙΛΕΙΟΣ ΤΟΥ ΔΗΜΗΤΡΙΟΥ","A","free-mail","basilisgirlos1@gmail.com","6972153759","ΑΡΙΣΤΟΤΕΛΗ / ΧΑΛΚΙΔΙΚΗΣ","ΧΑΛΚΙΔΙΚΗΣ","ΑΤΟΜΙΚΗ","2024","","","ΥΠΗΡΕΣΙΕΣ ΣΚΑΦΩΝ ΕΚΔΡΟΜΩΝ ΚΑΙ ΠΕΡΙΗΓΗΣΕΩΝ ΘΑΛΑΣΣΑΣ","189432157000","169496880","gmail.com"
"ΓΚΙΡΛΟΣ ΔΗΜΗΤΡΙΟΣ ΤΟΥ ΒΑΣΙΛΕΙΟΥ","A","free-mail","dimitrisgirlos@gmail.com","6944773354","ΑΡΙΣΤΟΤΕΛΗ / ΧΑΛΚΙΔΙΚΗΣ","ΧΑΛΚΙΔΙΚΗΣ","ΑΤΟΜΙΚΗ","2008","","","ΥΠΗΡΕΣΙΕΣ ΣΚΑΦΩΝ ΕΚΔΡΟΜΩΝ ΚΑΙ ΠΕΡΙΗΓΗΣΕΩΝ ΘΑΛΑΣΣΑΣ","189426857000","043441813","gmail.com"
"ΓΚΙΩΝΗ ΑΓΓΕΛΙΚΗ ΤΟΥ ΜΙΧΑΗΛ","A","free-mail","aggelikigkioni@gmail.com","2754029494","ΕΡΜΙΟΝΙΔΑΣ / ΑΡΓΟΛΙΔΑΣ","ΑΡΓΟΛΙΔΑΣ","ΑΤΟΜΙΚΗ","2020","","","ΥΠΗΡΕΣΙΕΣ ΕΝΟΙΚΙΑΣΗΣ ΕΠΑΓΓΕΛΜΑΤΙΚΟΥ ΤΟΥΡΙΣΤΙΚΟΥ ΣΚΑΦΟΥΣ ΜΕ ΠΛΗΡΩΜΑ","157019613000","069461887","gmail.com"
"ΓΚΟΤΣΗ ΑΡΧΟΝΤΩ","A","free-mail","ilmi7075@yahoo.gr","6940749661","ΔΥΤΙΚΗΣ ΑΧΑΙΑΣ / ΑΧΑΙΑΣ","ΑΧΑΙΑΣ","ΑΤΟΜΙΚΗ","2026","","","ΥΠΗΡΕΣΙΕΣ ΕΝΟΙΚΙΑΣΗΣ ΤΟΥΡΙΣΤΙΚΟΥ ΣΚΑΦΟΥΣ, ΧΩΡΙΣ ΠΛΗΡΩΜΑ","192771216000","066932819","yahoo.gr"
"ΓΚΟΤΣΗ ΠΑΡΑΣΚΕΥΗ","A","free-mail","ilmi7075@yahoo.gr","6940749661","ΔΥΤΙΚΗΣ ΑΧΑΙΑΣ / ΑΧΑΙΑΣ","ΑΧΑΙΑΣ","ΑΤΟΜΙΚΗ","2026","","","ΥΠΗΡΕΣΙΕΣ ΕΝΟΙΚΙΑΣΗΣ ΣΚΑΦΩΝ ΘΑΛΑΣΣΙΑΣ ΚΑΙ ΑΚΤΟΠΛΟΪΚΗΣ ΜΕΤΑΦΟΡΑΣ ΕΠΙΒΑΤΩΝ ΜΕ ΧΕΙΡΙΣΤΗ","193783816000","141896599","yahoo.gr"
"ΓΛΑΥΚΗ ΜΟΝΟΠΡΟΣΩΠΗ ΝΑΥΤΙΛΙΑΚΗ ΕΤΑΙΡΕΙΑ ΠΕΡΙΟΡΙΣΜΕΝΗΣ ΕΥΘΥΝΗΣ","A","free-mail","grvasilikos@gmail.com","2111824661","ΜΕΤΑΜΟΡΦΩΣΕΩΣ / ΒΟΡΕΙΟΥ ΤΟΜΕΑ ΑΘΗΝΩΝ","ΑΤΤΙΚΗΣ","ΕΠΕ","2004","","","ΥΠΗΡΕΣΙΕΣ ΕΝΟΙΚΙΑΣΗΣ ΤΟΥΡΙΣΤΙΚΟΥ ΣΚΑΦΟΥΣ, ΧΩΡΙΣ ΠΛΗΡΩΜΑ","121958301000","999235065","gmail.com"
"ΓΟΥΑΙΝ ΓΙΩΤΙΝΓΚ ΙΔΙΩΤΙΚΗ ΚΕΦΑΛΑΙΟΥΧΙΚΗ ΕΤΑΙΡΕΙΑ","A","free-mail","tomkrikonis@gmail.com","2104176998","ΠΕΙΡΑΙΩΣ / ΠΕΙΡΑΙΩΣ","ΑΤΤΙΚΗΣ","ΙΚΕ","2022","","","ΥΠΗΡΕΣΙΕΣ ΕΝΟΙΚΙΑΣΗΣ ΕΠΑΓΓΕΛΜΑΤΙΚΟΥ ΤΟΥΡΙΣΤΙΚΟΥ ΣΚΑΦΟΥΣ ΜΕ ΠΛΗΡΩΜΑ","163431301000","801793216","gmail.com"
"ΓΡΗΓΟΡΑΚΗΣ ΙΩΑΝΝΗΣ ΧΑΡ.","A","free-mail","johnplaka@gmail.com","2841041073","ΑΓΙΟΥ ΝΙΚΟΛΑΟΥ / ΛΑΣΙΘΙΟΥ","ΛΑΣΙΘΙΟΥ","ΑΤΟΜΙΚΗ","1993","","","ΥΠΗΡΕΣΙΕΣ ΣΚΑΦΩΝ ΕΚΔΡΟΜΩΝ ΚΑΙ ΠΕΡΙΗΓΗΣΕΩΝ ΘΑΛΑΣΣΑΣ","24996741000","029959554","gmail.com"
"ΓΩΝΙΑΝΑΚΗΣ ΓΕΩΡΓΙΟΣ ΤΟΥ ΙΩΑΝΝΗ","A","free-mail","gonianakisg@gmail.com","","ΗΡΑΚΛΕΙΟΥ / ΗΡΑΚΛΕΙΟΥ","ΗΡΑΚΛΕΙΟΥ","ΑΤΟΜΙΚΗ","2021","","","ΥΠΗΡΕΣΙΕΣ ΕΝΟΙΚΙΑΣΗΣ ΕΠΑΓΓΕΛΜΑΤΙΚΟΥ ΤΟΥΡΙΣΤΙΚΟΥ ΣΚΑΦΟΥΣ ΜΕ ΠΛΗΡΩΜΑ","167505627000","157262106","gmail.com"
"Δ. ΤΟΠΤΣΗΣ Ε.Ε.","A","free-mail","dtoptsis@gmail.com","2311249329","ΣΚΙΑΘΟΥ / ΣΠΟΡΑΔΩΝ","ΜΑΓΝΗΣΙΑΣ","ΕΕ","2001","","","ΥΠΗΡΕΣΙΕΣ ΕΝΟΙΚΙΑΣΗΣ ΤΟΥΡΙΣΤΙΚΟΥ ΣΚΑΦΟΥΣ, ΧΩΡΙΣ ΠΛΗΡΩΜΑ","42178406000","099843274","gmail.com"
"Δ. ΤΟΠΤΣΗΣ ΚΑΙ ΣΙΑ Ε.Ε.","A","free-mail","d.toptsis@gmail.com","6972914288","ΚΟΡΔΕΛΙΟΥ-ΕΥΟΣΜΟΥ / ΘΕΣΣΑΛΟΝΙΚΗΣ","ΘΕΣΣΑΛΟΝΙΚΗΣ","ΕΕ","2020","","","ΥΠΗΡΕΣΙΕΣ ΕΝΟΙΚΙΑΣΗΣ ΠΛΟΙΩΝ ΨΥΧΑΓΩΓΙΑΣ (ΚΟΤΕΡΩΝ, ΘΑΛΑΜΗΓΩΝ, ΒΕΝΖΙΝΑΚΑΤΩΝ ΚΛΠ), ΧΩΡΙΣ ΠΛΗΡΩΜΑ","156125906000","801405840","gmail.com"
"ΔΑΒΑΡΗ ΕΛΕΝΗ ΤΟΥ ΑΘΑΝΑΣΙΟΥ","A","free-mail","grigopoulos@yahoo.gr","2106644600","ΠΑΙΑΝΙΑΣ / ΑΝΑΤΟΛΙΚΗΣ ΑΤΤΙΚΗΣ","ΑΤΤΙΚΗΣ","ΑΤΟΜΙΚΗ","1994","","","ΥΠΗΡΕΣΙΕΣ ΕΝΟΙΚΙΑΣΗΣ ΠΛΟΙΩΝ ΨΥΧΑΓΩΓΙΑΣ (ΚΟΤΕΡΩΝ, ΘΑΛΑΜΗΓΩΝ, ΒΕΝΖΙΝΑΚΑΤΩΝ ΚΛΠ), ΧΩΡΙΣ ΠΛΗΡΩΜΑ","173702203000","024034624","yahoo.gr"
"ΔΑΛΛΟΣ ΜΙΛΤΙΑΔΗΣ ΓΕΩΡΓΙΟΣ","A","free-mail","vmessini@gmail.com","","ΛΕΥΚΑΔΑΣ / ΛΕΥΚΑΔΑΣ","ΛΕΥΚΑΔΑΣ","ΑΤΟΜΙΚΗ","2022","","","ΥΠΗΡΕΣΙΕΣ ΘΑΛΑΣΣΙΩΝ ΚΑΙ ΠΑΡΑΚΤΙΩΝ ΜΕΤΑΦΟΡΩΝ ΕΠΙΒΑΤΩΝ ΜΕ ΘΑΛΑΜΗΓΟΥΣ - ΤΟΥΡΙΣΤΙΚΑ ΠΛΟΙΑ ΜΕ ΕΛΛΗΝΙΚΗ ΣΗΜΑΙΑ","166505243000","156382493","gmail.com"
"ΔΑΝΑΗ ΜΑΡΕ ΜΟΝΟΠΡΟΣΩΠΗ Ι.Κ.Ε.","A","free-mail","alkisnatsios@gmail.com","2169390090","ΑΜΑΡΟΥΣΙΟΥ / ΒΟΡΕΙΟΥ ΤΟΜΕΑ ΑΘΗΝΩΝ","ΑΤΤΙΚΗΣ","ΙΚΕ","2023","","","ΥΠΗΡΕΣΙΕΣ ΕΝΟΙΚΙΑΣΗΣ ΤΟΥΡΙΣΤΙΚΟΥ ΣΚΑΦΟΥΣ, ΧΩΡΙΣ ΠΛΗΡΩΜΑ","174041901000","802307007","gmail.com"
"ΔΑΝΑΟΣ YACHTING ΙΔΙΩΤΙΚΗ ΚΕΦΑΛΑΙΟΥΧΙΚΗ ΕΤΑΙΡΕΙΑ","A","free-mail","arombopulos@gmail.com","2130364364","ΣΑΜΟΘΡΑΚΗΣ / ΕΒΡΟΥ","ΕΒΡΟΥ","ΙΚΕ","2022","","","ΥΠΗΡΕΣΙΕΣ ΕΝΟΙΚΙΑΣΗΣ ΤΟΥΡΙΣΤΙΚΟΥ ΣΚΑΦΟΥΣ, ΧΩΡΙΣ ΠΛΗΡΩΜΑ","167707921000","801990273","gmail.com"
"ΔΑΡΖΕΝΤΑΣ ΙΩΑΝΝΗΣ","A","free-mail","darzejohn@gmail.com","2286021827","ΘΗΡΑΣ / ΘΗΡΑΣ","ΚΥΚΛΑΔΩΝ","ΑΤΟΜΙΚΗ","2023","","","ΥΠΗΡΕΣΙΕΣ ΕΝΟΙΚΙΑΣΗΣ ΤΟΥΡΙΣΤΙΚΟΥ ΣΚΑΦΟΥΣ, ΧΩΡΙΣ ΠΛΗΡΩΜΑ","172337838000","130371507","gmail.com"
"ΔΕΚΑ ΝΑΥΤΙΛΙΑΚΗ ΜΟΝΟΠΡΟΣΩΠΗ ΑΝΩΝΥΜΗ ΕΤΑΙΡΕΙΑ","A","free-mail","dekanaftiliaki@gmail.com","2109681417","ΓΛΥΦΑΔΑΣ / ΝΟΤΙΟΥ ΤΟΜΕΑ ΑΘΗΝΩΝ","ΑΤΤΙΚΗΣ","ΑΕ","2021","","","ΥΠΗΡΕΣΙΕΣ ΕΝΟΙΚΙΑΣΗΣ ΠΛΟΙΩΝ ΨΥΧΑΓΩΓΙΑΣ (ΚΟΤΕΡΩΝ, ΘΑΛΑΜΗΓΩΝ, ΒΕΝΖΙΝΑΚΑΤΩΝ ΚΛΠ) ΜΕ ΠΛΗΡΩΜΑ","159355501000","801572040","gmail.com"
"ΔΕΛΗΓΙΑΝΝΗ ΠΑΝΑΓΙΩΤΑ ΤΟΥ ΙΩΑΝΝΗ","A","free-mail","taxfiles_ik@hotmail.com","","ΒΟΛΟΥ / ΜΑΓΝΗΣΙΑΣ","ΜΑΓΝΗΣΙΑΣ","ΑΤΟΜΙΚΗ","2022","","","ΥΠΗΡΕΣΙΕΣ ΣΚΑΦΩΝ ΕΚΔΡΟΜΩΝ ΚΑΙ ΠΕΡΙΗΓΗΣΕΩΝ ΘΑΛΑΣΣΑΣ","167685644000","165583307","hotmail.com"
"ΔΕΣΙΠΡΗΣ ΝΙΚΟΣ ΚΑΙ ΣΙΑ Ο.Ε.","A","free-mail","kate831986@gmail.com","6982348721","ΠΑΛΑΙΟΥ ΦΑΛΗΡΟΥ / ΝΟΤΙΟΥ ΤΟΜΕΑ ΑΘΗΝΩΝ","ΑΤΤΙΚΗΣ","ΟΕ","2024","","","ΥΠΗΡΕΣΙΕΣ ΕΝΟΙΚΙΑΣΗΣ ΕΠΑΓΓΕΛΜΑΤΙΚΟΥ ΤΟΥΡΙΣΤΙΚΟΥ ΣΚΑΦΟΥΣ ΜΕ ΠΛΗΡΩΜΑ","179543003000","802611435","gmail.com"
"ΔΗΜΗΡΟΠΟΥΛΟΣ ΧΡΗΣΤΟΣ ΤΟΥ ΝΙΚΟΛΑΟΥ","A","free-mail","dimirokristo@yahoo.gr","2314036766","ΚΟΡΔΕΛΙΟΥ-ΕΥΟΣΜΟΥ / ΘΕΣΣΑΛΟΝΙΚΗΣ","ΘΕΣΣΑΛΟΝΙΚΗΣ","ΑΤΟΜΙΚΗ","2021","","","ΥΠΗΡΕΣΙΕΣ ΕΝΟΙΚΙΑΣΗΣ ΤΟΥΡΙΣΤΙΚΟΥ ΣΚΑΦΟΥΣ, ΧΩΡΙΣ ΠΛΗΡΩΜΑ","193897006000","136255612","yahoo.gr"
"ΔΗΜΗΤΡΙΑΔΗΣ ΓΕΩΡΓΙΟΣ ΤΟΥ ΚΩΝΣΤΑΝΤΙΝΟΥ","A","free-mail","dimg1971@gmail.com","2310414174","ΚΑΛΑΜΑΡΙΑΣ / ΘΕΣΣΑΛΟΝΙΚΗΣ","ΘΕΣΣΑΛΟΝΙΚΗΣ","ΑΤΟΜΙΚΗ","2022","","","ΥΠΗΡΕΣΙΕΣ ΕΝΟΙΚΙΑΣΗΣ ΤΟΥΡΙΣΤΙΚΟΥ ΣΚΑΦΟΥΣ, ΧΩΡΙΣ ΠΛΗΡΩΜΑ","169928806000","053649343","gmail.com"
"ΔΗΜΟ ΝΙΚΟΛΑΟΣ","A","free-mail","dimonikolaos98@gmail.com","6972809250","ΘΑΣΟΥ / ΘΑΣΟΥ","ΚΑΒΑΛΑΣ","ΑΤΟΜΙΚΗ","2026","","","ΥΠΗΡΕΣΙΕΣ ΣΚΑΦΩΝ ΕΚΔΡΟΜΩΝ ΚΑΙ ΠΕΡΙΗΓΗΣΕΩΝ ΘΑΛΑΣΣΑΣ","179709930000","142881500","gmail.com"
"ΔΙΟΛΕΤΤΑ ΟΡΣΑ ΤΟΥ ΓΕΩΡΓΙΟΥ","A","free-mail","o.dioletta@yahoo.com","2421313980","ΣΚΙΑΘΟΥ / ΣΠΟΡΑΔΩΝ","ΜΑΓΝΗΣΙΑΣ","ΑΤΟΜΙΚΗ","2019","","","ΥΠΗΡΕΣΙΕΣ ΕΝΟΙΚΙΑΣΗΣ ΤΟΥΡΙΣΤΙΚΟΥ ΣΚΑΦΟΥΣ, ΧΩΡΙΣ ΠΛΗΡΩΜΑ","152235644000","107861672","yahoo.com"
"ΔΙΟΝΥΣΙΟΣ ΔΕΙΜΕΖΗΣ ΤΟΥ ΙΩΑΝΝΗ (Υποκατάστημα)","A","free-mail","deimeziscars@hotmail.com","2105747400","ΚΥΘΝΟΥ / ΚΕΑΣ-ΚΥΘΝΟΥ","ΚΥΚΛΑΔΩΝ","ΑΤΟΜΙΚΗ","2021","","","ΥΠΗΡΕΣΙΕΣ ΕΝΟΙΚΙΑΣΗΣ ΠΛΟΙΩΝ ΨΥΧΑΓΩΓΙΑΣ (ΚΟΤΕΡΩΝ, ΘΑΛΑΜΗΓΩΝ, ΒΕΝΖΙΝΑΚΑΤΩΝ ΚΛΠ), ΧΩΡΙΣ ΠΛΗΡΩΜΑ","128887338001","148253892","hotmail.com"
"ΔΙΟΝΥΣΙΟΣ ΙΩΑΝΝΗ ΧΡΗΣΤΙΔΗΣ","A","free-mail","sakischristidis@yahoo.gr","","ΠΑΡΟΥ / ΠΑΡΟΥ","ΚΥΚΛΑΔΩΝ","ΑΤΟΜΙΚΗ","2024","","","ΥΠΗΡΕΣΙΕΣ ΕΝΟΙΚΙΑΣΗΣ ΤΟΥΡΙΣΤΙΚΟΥ ΣΚΑΦΟΥΣ, ΧΩΡΙΣ ΠΛΗΡΩΜΑ","138469338000","142944182","yahoo.gr"
"ΔΟΡΜΟΥΣΟΓΛΟΥ ΧΡΥΣΟΣΤΟΜΟΣ ΤΟΥ ΘΕΟΔΩΡΟΥ","A","free-mail","chris4k3@gmail.com","6936146442","ΚΟΡΔΕΛΙΟΥ-ΕΥΟΣΜΟΥ / ΘΕΣΣΑΛΟΝΙΚΗΣ","ΘΕΣΣΑΛΟΝΙΚΗΣ","ΑΤΟΜΙΚΗ","2020","","","ΥΠΗΡΕΣΙΕΣ ΕΝΟΙΚΙΑΣΗΣ ΠΛΟΙΩΝ ΨΥΧΑΓΩΓΙΑΣ (ΚΟΤΕΡΩΝ, ΘΑΛΑΜΗΓΩΝ, ΒΕΝΖΙΝΑΚΑΤΩΝ ΚΛΠ), ΧΩΡΙΣ ΠΛΗΡΩΜΑ","172704806000","170413190","gmail.com"
"ΔΟΥΡΟΣ ΙΩΑΝΝΗΣ ΤΟΥ ΧΑΡΑΛΑΜΠΟΥΣ","A","free-mail","yiannisdouros@gmail.com","2634300896","ΝΑΥΠΑΚΤΙΑΣ / ΑΙΤΩΛΟΑΚΑΡΝΑΝΙΑΣ","ΑΙΤΩΛΟΑΚΑΡΝΑΝΙΑΣ","ΑΤΟΜΙΚΗ","2015","","","ΥΠΗΡΕΣΙΕΣ ΕΝΟΙΚΙΑΣΗΣ ΣΚΑΦΩΝ ΘΑΛΑΣΣΙΑΣ ΚΑΙ ΑΚΤΟΠΛΟΪΚΗΣ ΜΕΤΑΦΟΡΑΣ ΕΠΙΒΑΤΩΝ ΜΕ ΧΕΙΡΙΣΤΗ","133512312000","129027637","gmail.com"
"ΔΡΑΚΑΤΟΣ ΠΑΝΑΓΙΩΤΗΣ ΤΟΥ ΔΗΜΗΤΡΙΟΥ","A","free-mail","georsantas@gmail.com","","ΛΕΥΚΑΔΑΣ / ΛΕΥΚΑΔΑΣ","ΛΕΥΚΑΔΑΣ","ΑΤΟΜΙΚΗ","2004","","","ΥΠΗΡΕΣΙΕΣ ΕΝΟΙΚΙΑΣΗΣ ΤΟΥΡΙΣΤΙΚΟΥ ΣΚΑΦΟΥΣ, ΧΩΡΙΣ ΠΛΗΡΩΜΑ","16339643000","049862839","gmail.com"
"ΔΡΟΥΓΚΑΣ ΕΛΕΥΘΕΡΙΟΣ","A","free-mail","drougastours@gmail.com","6944653007","ΜΗΛΟΥ / ΜΗΛΟΥ","ΚΥΚΛΑΔΩΝ","ΑΤΟΜΙΚΗ","2024","","","ΥΠΗΡΕΣΙΕΣ ΕΝΟΙΚΙΑΣΗΣ ΤΟΥΡΙΣΤΙΚΟΥ ΣΚΑΦΟΥΣ, ΧΩΡΙΣ ΠΛΗΡΩΜΑ","176545338000","109320377","gmail.com"
"ΔΡΟΥΤΣΑΣ ΜΙΧΑΗΛ ΤΟΥ ΝΙΚΟΛΑΟΥ","A","free-mail","droutsasmixalis@gmail.com","2106619164","ΚΟΡΥΔΑΛΛΟΥ / ΠΕΙΡΑΙΩΣ","ΑΤΤΙΚΗΣ","ΑΤΟΜΙΚΗ","2020","","","ΥΠΗΡΕΣΙΕΣ ΘΑΛΑΣΣΙΩΝ ΚΑΙ ΠΑΡΑΚΤΙΩΝ ΜΕΤΑΦΟΡΩΝ ΕΠΙΒΑΤΩΝ ΜΕ ΘΑΛΑΜΗΓΟΥΣ - ΤΟΥΡΙΣΤΙΚΑ ΠΛΟΙΑ ΜΕ ΕΛΛΗΝΙΚΗ ΣΗΜΑΙΑ","155997309000","160022670","gmail.com"
"Ε. ΚΤΕΝΙΔΗΣ ΜΟΝΟΠΡΟΣΩΠΗ Ι.Κ.Ε.","A","free-mail","left.kt@gmail.com","2531022782","ΣΑΜΟΘΡΑΚΗΣ / ΕΒΡΟΥ","ΕΒΡΟΥ","ΙΚΕ","2019","","","ΥΠΗΡΕΣΙΕΣ ΕΝΟΙΚΙΑΣΗΣ ΠΛΟΙΩΝ ΨΥΧΑΓΩΓΙΑΣ (ΚΟΤΕΡΩΝ, ΘΑΛΑΜΗΓΩΝ, ΒΕΝΖΙΝΑΚΑΤΩΝ ΚΛΠ), ΧΩΡΙΣ ΠΛΗΡΩΜΑ","150761421000","801171950","gmail.com"
"Ε. ΜΑΡΚΑΝΤΩΝΑΤΟΣ - Ε. ΠΟΥΛΙΟΠΟΥΛΟΥ Ο.Ε.","A","free-mail","markantonatos.lef@gmail.com","2671069795","ΑΡΓΟΣΤΟΛΙΟΥ / ΚΕΦΑΛΛΗΝΙΑΣ","ΚΕΦΑΛΛΗΝΙΑΣ","ΟΕ","2022","","","ΥΠΗΡΕΣΙΕΣ ΣΚΑΦΩΝ ΕΚΔΡΟΜΩΝ ΚΑΙ ΠΕΡΙΗΓΗΣΕΩΝ ΘΑΛΑΣΣΑΣ","162940534000","801766877","gmail.com"
"Ε. ΜΗΝΑΣ - Σ. ΜΗΝΑ ΚΟΛΟΒΟΥ Ο.Ε.","A","free-mail","sofia.mina.express@gmail.com","2661039716","ΚΕΝΤΡΙΚΗΣ ΚΕΡΚΥΡΑΣ ΚΑΙ ΔΙΑΠΟΝΤΙΩΝ ΝΗΣΩΝ / ΚΕΡΚΥΡΑΣ","ΚΕΡΚΥΡΑΣ","ΟΕ","2021","","","ΥΠΗΡΕΣΙΕΣ ΕΝΟΙΚΙΑΣΗΣ ΠΛΟΙΩΝ ΨΥΧΑΓΩΓΙΑΣ (ΚΟΤΕΡΩΝ, ΘΑΛΑΜΗΓΩΝ, ΒΕΝΖΙΝΑΚΑΤΩΝ ΚΛΠ) ΜΕ ΠΛΗΡΩΜΑ","160550133000","801635226","gmail.com"
"ΕΛΙΣΣΑΒΕΤ ΔΑΜΙΑΝΟΥ ΤΟΥ ΝΙΚΟΛΑΟΥ","A","free-mail","anemos-y@otenet.gr","2108016051","ΑΓΙΟΥ ΔΗΜΗΤΡΙΟΥ / ΝΟΤΙΟΥ ΤΟΜΕΑ ΑΘΗΝΩΝ","ΑΤΤΙΚΗΣ","ΑΤΟΜΙΚΗ","2024","","","ΥΠΗΡΕΣΙΕΣ ΕΝΟΙΚΙΑΣΗΣ ΤΟΥΡΙΣΤΙΚΟΥ ΣΚΑΦΟΥΣ, ΧΩΡΙΣ ΠΛΗΡΩΜΑ","193174401000","056361261","otenet.gr"
"ΕΛΙΤ ΓΙΩΤΙΝΓΚ ΝΑΥΤΙΛΙΑΚΗ ΜΟΝΟΠΡΟΣΩΠΗ ΕΤΑΙΡΕΙΑ ΠΕΡΙΟΡΙΣΜΕΝΗΣ ΕΥΘΥΝΗΣ","A","free-mail","eliteyac@otenet.gr","2109851122","ΑΛΙΜΟΥ / ΝΟΤΙΟΥ ΤΟΜΕΑ ΑΘΗΝΩΝ","ΑΤΤΙΚΗΣ","ΕΠΕ","2001","","","ΥΠΗΡΕΣΙΕΣ ΕΝΟΙΚΙΑΣΗΣ ΤΟΥΡΙΣΤΙΚΟΥ ΣΚΑΦΟΥΣ, ΧΩΡΙΣ ΠΛΗΡΩΜΑ","122707701000","999902131","otenet.gr"
"ΕΛΛΗΝΙΚΕΣ ΑΚΤΕΣ ΙΔΙΩΤΙΚΗ ΚΕΦΑΛΑΙΟΥΧΙΚΗ ΕΤΑΙΡΕΙΑ","A","free-mail","ddassios63@yahoo.com","6940265007","ΝΕΑΠΟΛΗΣ-ΣΥΚΕΩΝ / ΘΕΣΣΑΛΟΝΙΚΗΣ","ΘΕΣΣΑΛΟΝΙΚΗΣ","ΙΚΕ","2019","","","ΥΠΗΡΕΣΙΕΣ ΕΝΟΙΚΙΑΣΗΣ ΤΟΥΡΙΣΤΙΚΟΥ ΣΚΑΦΟΥΣ, ΧΩΡΙΣ ΠΛΗΡΩΜΑ","150605106000","801165771","yahoo.com"
"ΕΛΟΥΝΤΑ CHARTER Ο.Ε.","A","free-mail","oceanspiritcrete@gmail.com","6947697599","ΑΓΙΟΥ ΝΙΚΟΛΑΟΥ / ΛΑΣΙΘΙΟΥ","ΛΑΣΙΘΙΟΥ","ΟΕ","2023","","","ΥΠΗΡΕΣΙΕΣ ΕΝΟΙΚΙΑΣΗΣ ΕΠΑΓΓΕΛΜΑΤΙΚΟΥ ΤΟΥΡΙΣΤΙΚΟΥ ΣΚΑΦΟΥΣ ΜΕ ΠΛΗΡΩΜΑ","170454041000","802125236","gmail.com"
"ΕΜΜΑΝΟΥΗΛ ΑΝΤΩΝΙΟΥ ΜΕΤΑΞΙΝΟΣ","A","free-mail","filtertipsss123@gmail.com","2102384007","ΜΗΛΟΥ / ΜΗΛΟΥ","ΚΥΚΛΑΔΩΝ","ΑΤΟΜΙΚΗ","2025","","","ΥΠΗΡΕΣΙΕΣ ΕΝΟΙΚΙΑΣΗΣ ΠΛΟΙΩΝ ΨΥΧΑΓΩΓΙΑΣ (ΚΟΤΕΡΩΝ, ΘΑΛΑΜΗΓΩΝ, ΒΕΝΖΙΝΑΚΑΤΩΝ ΚΛΠ), ΧΩΡΙΣ ΠΛΗΡΩΜΑ","187186238000","167023416","gmail.com"
"ΕΜΜΑΝΟΥΗΛ ΕΛΕΥΘΕΡΙΟΥ ΔΡΟΥΓΚΑΣ","A","free-mail","drougastours@gmail.com","2287022388","ΜΗΛΟΥ / ΜΗΛΟΥ","ΚΥΚΛΑΔΩΝ","ΑΤΟΜΙΚΗ","1989","","","ΥΠΗΡΕΣΙΕΣ ΕΝΟΙΚΙΑΣΗΣ ΕΠΑΓΓΕΛΜΑΤΙΚΟΥ ΤΟΥΡΙΣΤΙΚΟΥ ΣΚΑΦΟΥΣ ΜΕ ΠΛΗΡΩΜΑ","48581338000","014528500","gmail.com"
"ΕΜΜΑΝΟΥΗΛ Κ ΓΕΩΡΓΙΟΣ ΚΑΝΔΥΛΗΣ Ε.Ε.","A","free-mail","letsgosafari@hotmail.com","6980422339","ΜΗΛΟΥ / ΜΗΛΟΥ","ΚΥΚΛΑΔΩΝ","ΕΕ","2023","","","ΥΠΗΡΕΣΙΕΣ ΕΝΟΙΚΙΑΣΗΣ ΤΟΥΡΙΣΤΙΚΟΥ ΣΚΑΦΟΥΣ, ΧΩΡΙΣ ΠΛΗΡΩΜΑ","169384238000","802072668","hotmail.com"
"ΕΜΜΑΝΟΥΗΛ ΡΙΖΟΣ ΚΑΙ ΣΙΑ Ο.Ε.","A","free-mail","discovery_rhodos@hotmail.gr","","ΛΕΙΨΩΝ / ΚΑΛΥΜΝΟΥ","ΔΩΔΕΚΑΝΗΣΟΥ","ΟΕ","2008","","","ΥΠΗΡΕΣΙΕΣ ΕΝΟΙΚΙΑΣΗΣ ΕΠΑΓΓΕΛΜΑΤΙΚΟΥ ΤΟΥΡΙΣΤΙΚΟΥ ΣΚΑΦΟΥΣ ΜΕ ΠΛΗΡΩΜΑ","124054220000","099592468","hotmail.gr"
"ΕΝΕΧΗΛΙΔΗΣ ΣΤΕΛΙΟΣ ΕΥΘΥΜΙΑΔΗΣ ΘΕΟΔΩΡΟΣ ΟΜΟΡΡΥΘΜΗ ΕΤΑΙΡΕΙΑ","A","free-mail","tefthymiadis@yahoo.com","6944310601","ΑΡΙΣΤΟΤΕΛΗ / ΧΑΛΚΙΔΙΚΗΣ","ΧΑΛΚΙΔΙΚΗΣ","ΟΕ","2024","","","ΥΠΗΡΕΣΙΕΣ ΕΝΟΙΚΙΑΣΗΣ ΠΛΟΙΩΝ ΨΥΧΑΓΩΓΙΑΣ (ΚΟΤΕΡΩΝ, ΘΑΛΑΜΗΓΩΝ, ΒΕΝΖΙΝΑΚΑΤΩΝ ΚΛΠ), ΧΩΡΙΣ ΠΛΗΡΩΜΑ","174581657000","802337675","yahoo.com"
"ΕΞΑΡΧΟΣ ΙΩΑΝΝΗΣ ΤΟΥ ΔΗΜΗΤΡΙΟΥ","A","free-mail","jeanexarhos@hotmail.com","","ΘΕΣΣΑΛΟΝΙΚΗΣ / ΘΕΣΣΑΛΟΝΙΚΗΣ","ΘΕΣΣΑΛΟΝΙΚΗΣ","ΑΤΟΜΙΚΗ","2019","","","ΥΠΗΡΕΣΙΕΣ ΕΝΟΙΚΙΑΣΗΣ ΤΟΥΡΙΣΤΙΚΟΥ ΣΚΑΦΟΥΣ, ΧΩΡΙΣ ΠΛΗΡΩΜΑ","151240606000","104733841","hotmail.com"
"ΕΞΕΡΕΥΝΗΤΕΣ ΤΟΥ ΑΙΓΑΙΟΥ ΜΟΝΟΠΡΟΣΩΠΗ ΙΚΕ","A","free-mail","louizos7@gmail.com","6974521937","ΛΑΥΡΕΩΤΙΚΗΣ / ΑΝΑΤΟΛΙΚΗΣ ΑΤΤΙΚΗΣ","ΑΤΤΙΚΗΣ","ΙΚΕ","2018","","","ΥΠΗΡΕΣΙΕΣ ΕΝΟΙΚΙΑΣΗΣ ΤΟΥΡΙΣΤΙΚΟΥ ΣΚΑΦΟΥΣ, ΧΩΡΙΣ ΠΛΗΡΩΜΑ","148176807000","801061877","gmail.com"
"ΕΠΙΚΟΝ ΜΟΝΟΠΡΟΣΩΠΗ ΙΔΙΩΤΙΚΗ ΚΕΦΑΛΑΙΟΥΧΙΚΗ ΕΤΑΙΡΕΙΑ","A","free-mail","milias_pan@hotmail.com","2105810037","ΧΑΙΔΑΡΙΟΥ / ΔΥΤΙΚΟΥ ΤΟΜΕΑ ΑΘΗΝΩΝ","ΑΤΤΙΚΗΣ","ΙΚΕ","2023","","","ΥΠΗΡΕΣΙΕΣ ΕΝΟΙΚΙΑΣΗΣ ΤΟΥΡΙΣΤΙΚΟΥ ΣΚΑΦΟΥΣ, ΧΩΡΙΣ ΠΛΗΡΩΜΑ","171720503000","802187681","hotmail.com"
"ΕΥΑΓΓΕΛΟΠΟΥΛΟΣ ΣΤΕΡΓΙΟΣ ΤΟΥ ΚΩΝΣΤΑΝΤΙΝΟΥ","A","free-mail","s.k.evaggelopoulos@gmail.com","","ΚΑΡΔΙΤΣΑΣ / ΚΑΡΔΙΤΣΑΣ","ΚΑΡΔΙΤΣΑΣ","ΑΤΟΜΙΚΗ","2008","","","ΥΠΗΡΕΣΙΕΣ ΕΝΟΙΚΙΑΣΗΣ ΤΟΥΡΙΣΤΙΚΟΥ ΣΚΑΦΟΥΣ, ΧΩΡΙΣ ΠΛΗΡΩΜΑ","191182031000","034794798","gmail.com"
"ΕΥΑΓΓΕΛΟΣ ΓΕΩΡΓΙΟΥ ΒΑΜΒΑΚΑΡΗΣ","A","free-mail","kimolos86@gmail.com","2287051437","ΚΙΜΩΛΟΥ / ΜΗΛΟΥ","ΚΥΚΛΑΔΩΝ","ΑΤΟΜΙΚΗ","2000","","","ΥΠΗΡΕΣΙΕΣ ΕΝΟΙΚΙΑΣΗΣ ΤΟΥΡΙΣΤΙΚΟΥ ΣΚΑΦΟΥΣ, ΧΩΡΙΣ ΠΛΗΡΩΜΑ","48628138000","037684820","gmail.com"
"ΕΨΙΛΟΝ ΓΙΩΤΙΝΓΚ ΣΕΡΒΙΣΕΣ ΝΑΥΤΙΛΙΑΚΗ ΕΤΑΙΡΕΙΑ ΠΕΡΙΩΡΙΣΜΕΝΗΣ ΕΥΘΥΝΗΣ","A","free-mail","amaliastefanou@hotmail.com","2104294620","ΠΕΙΡΑΙΩΣ / ΠΕΙΡΑΙΩΣ","ΑΤΤΙΚΗΣ","ΕΠΕ","2002","","","ΥΠΗΡΕΣΙΕΣ ΕΝΟΙΚΙΑΣΗΣ ΕΠΑΓΓΕΛΜΑΤΙΚΟΥ ΤΟΥΡΙΣΤΙΚΟΥ ΣΚΑΦΟΥΣ ΜΕ ΠΛΗΡΩΜΑ","121954907000","999706389","hotmail.com"
"ΖΑΧΑΡΑΤΟΣ ΓΕΩΡΓΙΟΣ ΤΟΥ ΧΑΡΑΛΑΜΠΟΥΣ","A","free-mail","zaharatosharalampos@gmail.com","","ΣΑΜΗΣ / ΚΕΦΑΛΛΗΝΙΑΣ","ΚΕΦΑΛΛΗΝΙΑΣ","ΑΤΟΜΙΚΗ","2019","","","ΥΠΗΡΕΣΙΕΣ ΕΝΟΙΚΙΑΣΗΣ ΕΠΑΓΓΕΛΜΑΤΙΚΟΥ ΤΟΥΡΙΣΤΙΚΟΥ ΣΚΑΦΟΥΣ ΜΕ ΠΛΗΡΩΜΑ","150560634000","157338720","gmail.com"
"ΖΕΟ ΚΩΝΣΤΑΝΤΙΝΟΣ ΣΩΤΗΡΙΟΥ ΦΟΥΡΟΥΛΗΣ","A","free-mail","blueaegeansailing@gmail.com","6955711836","ΣΥΡΟΥ-ΕΡΜΟΥΠΟΛΗΣ / ΣΥΡΟΥ","ΚΥΚΛΑΔΩΝ","ΑΤΟΜΙΚΗ","2021","","","ΥΠΗΡΕΣΙΕΣ ΕΝΟΙΚΙΑΣΗΣ ΤΟΥΡΙΣΤΙΚΟΥ ΣΚΑΦΟΥΣ, ΧΩΡΙΣ ΠΛΗΡΩΜΑ","158251238000","164727696","gmail.com"
"ΖΕΡΒΟΣ ΣΠΥΡΙΔΩΝ","A","free-mail","lefkimmitax@yahoo.gr","2662024000","ΝΟΤΙΑΣ ΚΕΡΚΥΡΑΣ / ΚΕΡΚΥΡΑΣ","ΚΕΡΚΥΡΑΣ","ΑΤΟΜΙΚΗ","2024","","","ΥΠΗΡΕΣΙΕΣ ΣΚΑΦΩΝ ΕΚΔΡΟΜΩΝ ΚΑΙ ΠΕΡΙΗΓΗΣΕΩΝ ΘΑΛΑΣΣΑΣ","179454833000","124358683","yahoo.gr"
"ΖΕΥΣ ΙΚΕ","A","free-mail","zeus.prco@gmail.com","2109886271","ΓΛΥΦΑΔΑΣ / ΝΟΤΙΟΥ ΤΟΜΕΑ ΑΘΗΝΩΝ","ΑΤΤΙΚΗΣ","ΙΚΕ","2019","","","ΥΠΗΡΕΣΙΕΣ ΕΝΟΙΚΙΑΣΗΣ ΠΛΟΙΩΝ ΨΥΧΑΓΩΓΙΑΣ (ΚΟΤΕΡΩΝ, ΘΑΛΑΜΗΓΩΝ, ΒΕΝΖΙΝΑΚΑΤΩΝ ΚΛΠ), ΧΩΡΙΣ ΠΛΗΡΩΜΑ","149771903000","801129249","gmail.com"
"ΖΗΤΑΚΗΣ ΠΑΥΛΟΣ ΤΟΥ ΔΗΜΗΤΡΙΟΥ","A","free-mail","pavloszitakis@gmail.com","6936781260","ΩΡΑΙΟΚΑΣΤΡΟΥ / ΘΕΣΣΑΛΟΝΙΚΗΣ","ΘΕΣΣΑΛΟΝΙΚΗΣ","ΑΤΟΜΙΚΗ","2013","","","ΥΠΗΡΕΣΙΕΣ ΕΝΟΙΚΙΑΣΗΣ ΣΚΑΦΩΝ ΘΑΛΑΣΣΙΑΣ ΚΑΙ ΑΚΤΟΠΛΟΪΚΗΣ ΜΕΤΑΦΟΡΑΣ ΕΠΙΒΑΤΩΝ ΜΕ ΧΕΙΡΙΣΤΗ","125471555000","128862290","gmail.com"
"ΖΙΓΚΟΥΑΛΑ ΜΟΝΟΠΡΟΣΩΠΗ ΙΔΙΩΤΙΚΗ ΚΕΦΑΛΑΙΟΥΧΙΚΗ ΕΤΑΙΡΕΙΑ","A","free-mail","evarvaros@gmail.com","6977240360","ΝΕΑΣ ΦΙΛΑΔΕΛΦΕΙΑΣ - ΝΕΑΣ ΧΑΛΚΗΔΟΝΑΣ / ΚΕΝΤΡΙΚΟΥ ΤΟΜΕΑ ΑΘΗΝΩΝ","ΑΤΤΙΚΗΣ","ΙΚΕ","2013","","","ΥΠΗΡΕΣΙΕΣ ΕΝΟΙΚΙΑΣΗΣ ΠΛΟΙΩΝ ΨΥΧΑΓΩΓΙΑΣ (ΚΟΤΕΡΩΝ, ΘΑΛΑΜΗΓΩΝ, ΒΕΝΖΙΝΑΚΑΤΩΝ ΚΛΠ), ΧΩΡΙΣ ΠΛΗΡΩΜΑ","127512901000","800526454","gmail.com"
"ΖΙΩΓΟΥ ΣΥΜΕΩΝ ΤΟΥ ΠΑΝΤΕΛΕΗΜΟΝΑ","A","free-mail","sziogou@gmail.com","6934854854","ΚΑΛΑΜΑΡΙΑΣ / ΘΕΣΣΑΛΟΝΙΚΗΣ","ΘΕΣΣΑΛΟΝΙΚΗΣ","ΑΤΟΜΙΚΗ","2013","","","ΥΠΗΡΕΣΙΕΣ ΕΝΟΙΚΙΑΣΗΣ ΤΟΥΡΙΣΤΙΚΟΥ ΣΚΑΦΟΥΣ, ΧΩΡΙΣ ΠΛΗΡΩΜΑ","132392857000","118991214","gmail.com"
"ΖΟΛΙ ΜΑΡΙΝ ΜΟΝΟΠΡΟΣΩΠΗ Ι.Κ.Ε.","A","free-mail","korovinlaw@gmail.com","2109822910","ΝΕΑΣ ΣΜΥΡΝΗΣ / ΝΟΤΙΟΥ ΤΟΜΕΑ ΑΘΗΝΩΝ","ΑΤΤΙΚΗΣ","ΙΚΕ","2021","","","ΥΠΗΡΕΣΙΕΣ ΕΝΟΙΚΙΑΣΗΣ ΤΟΥΡΙΣΤΙΚΟΥ ΣΚΑΦΟΥΣ, ΧΩΡΙΣ ΠΛΗΡΩΜΑ","157998901000","801497243","gmail.com"
"ΖΩΓΚΟΣ ΣΠΥΡΙΔΩΝ ΤΟΥ ΠΑΝΑΓΙΩΤΗ","A","free-mail","logistiko.neo@gmail.com","","ΛΕΥΚΑΔΑΣ / ΛΕΥΚΑΔΑΣ","ΛΕΥΚΑΔΑΣ","ΑΤΟΜΙΚΗ","2025","","","ΥΠΗΡΕΣΙΕΣ ΣΚΑΦΩΝ ΕΚΔΡΟΜΩΝ ΚΑΙ ΠΕΡΙΗΓΗΣΕΩΝ ΘΑΛΑΣΣΑΣ","183616443000","142975750","gmail.com"
"ΖΩΤΟΣ ΑΝΑΣΤΑΣΙΟΣ - ΝΙΚΟΛΑΟΣ ΤΟΥ ΔΗΜΟΣΘΕΝΗ","A","free-mail","anastasioszotos@gmail.com","2109607532","ΠΕΙΡΑΙΩΣ / ΠΕΙΡΑΙΩΣ","ΑΤΤΙΚΗΣ","ΑΤΟΜΙΚΗ","2025","","","ΥΠΗΡΕΣΙΕΣ ΕΝΟΙΚΙΑΣΗΣ ΕΠΑΓΓΕΛΜΑΤΙΚΟΥ ΤΟΥΡΙΣΤΙΚΟΥ ΣΚΑΦΟΥΣ ΜΕ ΠΛΗΡΩΜΑ","162743503000","146997744","gmail.com"
"ΗΒ ΤΣΑΡΤΕΡΣ Ο.Ε.","A","free-mail","dfkorf@otenet.gr","2661090868","ΚΕΝΤΡΙΚΗΣ ΚΕΡΚΥΡΑΣ ΚΑΙ ΔΙΑΠΟΝΤΙΩΝ ΝΗΣΩΝ / ΚΕΡΚΥΡΑΣ","ΚΕΡΚΥΡΑΣ","ΟΕ","2022","","","ΥΠΗΡΕΣΙΕΣ ΕΝΟΙΚΙΑΣΗΣ ΤΟΥΡΙΣΤΙΚΟΥ ΣΚΑΦΟΥΣ, ΧΩΡΙΣ ΠΛΗΡΩΜΑ","166139933000","801927942","otenet.gr"
"ΗΛΙΑΔΗΣ ΠΡΟΔΡΟΜΟΣ ΤΟΥ ΚΩΝΣΤΑΝΤΙΝΟΥ","A","free-mail","proili017@gmail.com","2104447063","ΚΑΒΑΛΑΣ / ΚΑΒΑΛΑΣ","ΚΑΒΑΛΑΣ","ΑΤΟΜΙΚΗ","2019","","","ΥΠΗΡΕΣΙΕΣ ΕΝΟΙΚΙΑΣΗΣ ΤΟΥΡΙΣΤΙΚΟΥ ΣΚΑΦΟΥΣ, ΧΩΡΙΣ ΠΛΗΡΩΜΑ","152708530000","052798930","gmail.com"
"ΗΛΙΑΣ ΑΡΤΕΜΙΟΥ ΞΥΔΟΥΣ","A","free-mail","anemosmilos1@gmail.com","6945151169","ΜΗΛΟΥ / ΜΗΛΟΥ","ΚΥΚΛΑΔΩΝ","ΑΤΟΜΙΚΗ","2021","","","ΥΠΗΡΕΣΙΕΣ ΕΝΟΙΚΙΑΣΗΣ ΤΟΥΡΙΣΤΙΚΟΥ ΣΚΑΦΟΥΣ, ΧΩΡΙΣ ΠΛΗΡΩΜΑ","160681938000","051665010","gmail.com"
"ΗΛΙΑΣ ΜΠΑΣΙΟΥΔΗΣ ΜΟΝΟΠΡΟΣΩΠΗ Ι.Κ.Ε.","A","free-mail","tsimpoukidis.logistiko.grafeio@gmail.com","2310676055","ΘΕΡΜΑΪΚΟΥ / ΘΕΣΣΑΛΟΝΙΚΗΣ","ΘΕΣΣΑΛΟΝΙΚΗΣ","ΙΚΕ","2023","","","ΥΠΗΡΕΣΙΕΣ ΕΝΟΙΚΙΑΣΗΣ ΠΛΟΙΩΝ ΨΥΧΑΓΩΓΙΑΣ (ΚΟΤΕΡΩΝ, ΘΑΛΑΜΗΓΩΝ, ΒΕΝΖΙΝΑΚΑΤΩΝ ΚΛΠ), ΧΩΡΙΣ ΠΛΗΡΩΜΑ","170571006000","802130861","gmail.com"
"Θ.ΚΕΪΚΙΔΗΣ-Π.ΤΕΣΣΑΣ Ο.Ε","A","free-mail","mveronik@otenet.gr","2662032283","ΠΑΞΩΝ / ΚΕΡΚΥΡΑΣ","ΚΕΡΚΥΡΑΣ","ΟΕ","2001","","","ΥΠΗΡΕΣΙΕΣ ΕΝΟΙΚΙΑΣΗΣ ΤΟΥΡΙΣΤΙΚΟΥ ΣΚΑΦΟΥΣ, ΧΩΡΙΣ ΠΛΗΡΩΜΑ","130818533000","800265016","otenet.gr"
"ΘΑΛΑΜΗΓΟΙ ΝΑΥΤΙΛΙΑΚΗ ΣΙΙ ΧΟΡΣ ΜΟΝΟΠΡΟΣΩΠΗ ΕΤΑΙΡΕΙΑ ΠΕΡΙΟΡΙΣΜΕΝΗΣ ΕΥΘΥΝΗΣ","A","free-mail","blanaspantelis@gmail.com","2108082706","ΚΗΦΙΣΙΑΣ / ΒΟΡΕΙΟΥ ΤΟΜΕΑ ΑΘΗΝΩΝ","ΑΤΤΙΚΗΣ","ΕΠΕ","1985","","","ΥΠΗΡΕΣΙΕΣ ΕΝΟΙΚΙΑΣΗΣ ΠΛΟΙΩΝ ΨΥΧΑΓΩΓΙΑΣ (ΚΟΤΕΡΩΝ, ΘΑΛΑΜΗΓΩΝ, ΒΕΝΖΙΝΑΚΑΤΩΝ ΚΛΠ), ΧΩΡΙΣ ΠΛΗΡΩΜΑ","128011101000","095333130","gmail.com"
"ΘΑΛΑΣΣΑ ΓΙΩΤ ΜΟΝΟΠΡΟΣΩΠΗ ΙΔΙΩΤΙΚΗ ΚΕΦΑΛΑΙΟΥΧΙΚΗ ΕΤΑΙΡΕΙΑ","A","free-mail","DELPHI-A@OTENET.GR","2104127010","ΠΡΕΒΕΖΑΣ / ΠΡΕΒΕΖΑΣ","ΠΡΕΒΕΖΑΣ","ΙΚΕ","2021","","","ΥΠΗΡΕΣΙΕΣ ΕΝΟΙΚΙΑΣΗΣ ΤΟΥΡΙΣΤΙΚΟΥ ΣΚΑΦΟΥΣ, ΧΩΡΙΣ ΠΛΗΡΩΜΑ","158262349000","801512134","otenet.gr"
"ΘΕΟΔΟΣΗΣ ΚΑΡΥΔΗΣ ΠΑΝΑΓΙΩΤΗΣ","A","free-mail","panayiotistheodosis@gmail.com","2695026070","ΖΑΚΥΝΘΟΥ / ΖΑΚΥΝΘΟΥ","ΖΑΚΥΝΘΟΥ","ΑΤΟΜΙΚΗ","2026","","","ΥΠΗΡΕΣΙΕΣ ΣΚΑΦΩΝ ΕΚΔΡΟΜΩΝ ΚΑΙ ΠΕΡΙΗΓΗΣΕΩΝ ΘΑΛΑΣΣΑΣ","190365924000","107465835","gmail.com"
"ΘΕΟΔΩΡΙΔΗΣ ΠΟΛΥΧΡΟΝΗΣ ΤΟΥ ΝΙΚΟΛΑΟΥ","A","free-mail","tsakanikag@yahoo.gr","","ΒΑΡΗΣ - ΒΟΥΛΑΣ - ΒΟΥΛΙΑΓΜΕΝΗΣ / ΑΝΑΤΟΛΙΚΗΣ ΑΤΤΙΚΗΣ","ΑΤΤΙΚΗΣ","ΑΤΟΜΙΚΗ","2001","","","ΥΠΗΡΕΣΙΕΣ ΕΝΟΙΚΙΑΣΗΣ ΤΟΥΡΙΣΤΙΚΟΥ ΣΚΑΦΟΥΣ, ΧΩΡΙΣ ΠΛΗΡΩΜΑ","190159903000","033898092","yahoo.gr"
"ΘΕΟΔΩΡΙΔΗΣ ΣΠΥΡΙΔΩΝ  του Αθανασίου","A","free-mail","theodoridis.boats@gmail.com","","ΗΓΟΥΜΕΝΙΤΣΑΣ / ΘΕΣΠΡΩΤΙΑΣ","ΘΕΣΠΡΩΤΙΑΣ","ΑΤΟΜΙΚΗ","2020","","","ΥΠΗΡΕΣΙΕΣ ΕΝΟΙΚΙΑΣΗΣ ΤΟΥΡΙΣΤΙΚΟΥ ΣΚΑΦΟΥΣ, ΧΩΡΙΣ ΠΛΗΡΩΜΑ","154412028001","114480400","gmail.com"
"ΘΕΟΦΑΝΟΠΟΥΛΟΣ ΝΙΚΟΛΑΟΣ ΤΟΥ ΛΟΥΚΑ","A","free-mail","lokrisat@otenet.gr","2233032466","ΛΟΚΡΩΝ / ΦΘΙΩΤΙΔΑΣ","ΦΘΙΩΤΙΔΑΣ","ΑΤΟΜΙΚΗ","2012","","","ΥΠΗΡΕΣΙΕΣ ΕΝΟΙΚΙΑΣΗΣ ΤΟΥΡΙΣΤΙΚΟΥ ΣΚΑΦΟΥΣ, ΧΩΡΙΣ ΠΛΗΡΩΜΑ","125710854000","034333933","otenet.gr"
"ΘΕΡΜΟΣ ΝΙΚΟΛΑΟΣ ΤΟΥ ΣΠΥΡΙΔΩΝΟΣ","A","free-mail","sbchart@otenet.gr","2645092431","ΛΕΥΚΑΔΑΣ / ΛΕΥΚΑΔΑΣ","ΛΕΥΚΑΔΑΣ","ΑΤΟΜΙΚΗ","1990","","","ΥΠΗΡΕΣΙΕΣ ΕΝΟΙΚΙΑΣΗΣ ΠΛΟΙΩΝ ΨΥΧΑΓΩΓΙΑΣ (ΚΟΤΕΡΩΝ, ΘΑΛΑΜΗΓΩΝ, ΒΕΝΖΙΝΑΚΑΤΩΝ ΚΛΠ), ΧΩΡΙΣ ΠΛΗΡΩΜΑ","16357443000","044460628","otenet.gr"
"ΘΕΤΙΣ ΙΔΙΩΤΙΚΗ ΚΕΦΑΛΑΙΟΥΧΙΚΗ ΕΤΑΙΡΕΙΑ","A","free-mail","thehouseathens@hotmail.com","2104176160","ΑΓΚΙΣΤΡΙΟΥ / ΝΗΣΩΝ","ΑΤΤΙΚΗΣ","ΙΚΕ","2022","","","ΥΠΗΡΕΣΙΕΣ ΕΝΟΙΚΙΑΣΗΣ ΤΟΥΡΙΣΤΙΚΟΥ ΣΚΑΦΟΥΣ, ΧΩΡΙΣ ΠΛΗΡΩΜΑ","162957509000","801767745","hotmail.com"
"ΘΗΒΗ Ι.Κ.Ε.","A","free-mail","thivi.ike@gmail.com","6932759210","ΛΕΥΚΑΔΑΣ / ΛΕΥΚΑΔΑΣ","ΛΕΥΚΑΔΑΣ","ΙΚΕ","2019","","","ΥΠΗΡΕΣΙΕΣ ΕΝΟΙΚΙΑΣΗΣ ΤΟΥΡΙΣΤΙΚΟΥ ΣΚΑΦΟΥΣ, ΧΩΡΙΣ ΠΛΗΡΩΜΑ","150788843000","801173027","gmail.com"
"ΘΩΜΑΣ ΚΟΥΜΟΥΝΔΟΥΡΟΣ Ε.Ε.","A","free-mail","mimozalrs@yahoo.gr","2247025332","ΛΕΡΟΥ / ΚΑΛΥΜΝΟΥ","ΔΩΔΕΚΑΝΗΣΟΥ","ΕΕ","2018","","","ΥΠΗΡΕΣΙΕΣ ΕΝΟΙΚΙΑΣΗΣ ΕΠΑΓΓΕΛΜΑΤΙΚΟΥ ΤΟΥΡΙΣΤΙΚΟΥ ΣΚΑΦΟΥΣ ΜΕ ΠΛΗΡΩΜΑ","144955320000","800920537","yahoo.gr"
"Ι ΠΑΠΑΔΟΚΩΣΤΑΚΗΣ Ι ΑΣΣΑΡΓΙΩΤΑΚΗ Ο.Ε.","A","free-mail","seayou.rent@gmail.com","2810743895","ΧΕΡΣΟΝΗΣΟΥ / ΗΡΑΚΛΕΙΟΥ","ΗΡΑΚΛΕΙΟΥ","ΟΕ","2026","","","ΥΠΗΡΕΣΙΕΣ ΕΝΟΙΚΙΑΣΗΣ ΠΛΟΙΩΝ ΨΥΧΑΓΩΓΙΑΣ (ΚΟΤΕΡΩΝ, ΘΑΛΑΜΗΓΩΝ, ΒΕΝΖΙΝΑΚΑΤΩΝ ΚΛΠ), ΧΩΡΙΣ ΠΛΗΡΩΜΑ","190677727000","803147367","gmail.com"
"Ι. & Π. ΚΑΡΑΓΕΩΡΓΟΠΟΥΛΟΣ ΟΕ","A","free-mail","ktaquil@hotmail.com","2107795507","ΑΘΗΝΑΙΩΝ / ΚΕΝΤΡΙΚΟΥ ΤΟΜΕΑ ΑΘΗΝΩΝ","ΑΤΤΙΚΗΣ","ΟΕ","2003","","","ΥΠΗΡΕΣΙΕΣ ΕΝΟΙΚΙΑΣΗΣ ΤΟΥΡΙΣΤΙΚΟΥ ΣΚΑΦΟΥΣ, ΧΩΡΙΣ ΠΛΗΡΩΜΑ","123772001000","999707614","hotmail.com"
"ΙΑΣΩΝ ΝΑΥΤΙΛΙΑΚΗ ΕΤΑΙΡΕΙΑ ΠΕΡΙΟΡΙΣΜΕΝΗΣ ΕΥΘΥΝΗΣ","A","free-mail","videorythm@otenet.gr","2109597560","ΠΕΙΡΑΙΩΣ / ΠΕΙΡΑΙΩΣ","ΑΤΤΙΚΗΣ","ΕΠΕ","1992","","","ΥΠΗΡΕΣΙΕΣ ΕΝΟΙΚΙΑΣΗΣ ΤΟΥΡΙΣΤΙΚΟΥ ΣΚΑΦΟΥΣ, ΧΩΡΙΣ ΠΛΗΡΩΜΑ","125750207000","095543599","otenet.gr"
"ΙΑΣΩΝ ΣΤΥΛΙΑΝΟΥ ΓΚΙΚΑΣ","A","free-mail","aegeandeli@gmail.com","2284024974","ΠΑΡΟΥ / ΠΑΡΟΥ","ΚΥΚΛΑΔΩΝ","ΑΤΟΜΙΚΗ","2015","","","ΥΠΗΡΕΣΙΕΣ ΘΑΛΑΣΣΙΩΝ ΚΑΙ ΠΑΡΑΚΤΙΩΝ ΜΕΤΑΦΟΡΩΝ ΕΠΙΒΑΤΩΝ ΜΕ ΘΑΛΑΜΗΓΟΥΣ - ΤΟΥΡΙΣΤΙΚΑ ΠΛΟΙΑ ΜΕ ΣΗΜΑΙΑ ΑΛΛΗ ΑΠΟ ΕΛΛΗΝΙΚΗ","134017138000","107344017","gmail.com"
"ΙΖΙ ΓΙΟΤΙΝΓΚ ΡΟΔΟΣ ΜΟΝΟΠΡΟΣΩΠΗ ΙΔΙΩΤΙΚΗ ΚΕΦΑΛΑΙΟΥΧΙΚΗ ΕΤΑΙΡΕΙΑ","A","free-mail","mpsourogianni@hotmail.com","6946161637","ΡΟΔΟΥ / ΡΟΔΟΥ","ΔΩΔΕΚΑΝΗΣΟΥ","ΙΚΕ","2019","","","ΥΠΗΡΕΣΙΕΣ ΕΝΟΙΚΙΑΣΗΣ ΠΛΟΙΩΝ ΨΥΧΑΓΩΓΙΑΣ (ΚΟΤΕΡΩΝ, ΘΑΛΑΜΗΓΩΝ, ΒΕΝΖΙΝΑΚΑΤΩΝ ΚΛΠ) ΜΕ ΠΛΗΡΩΜΑ","151695120000","801205078","hotmail.com"
"ΙΖΟΛΑ ΚΡΟΥΖΕΣ ΜΥΤΙΛΗΝΑΙΟΣ ΝΑΥΤΙΛΙΑΚΗ  ΜΟΝΟΠΡΟΣΩΠΗ ΕΤΑΙΡΕΙΑ ΠΕΡΙΟΡΙΣΜΕΝΗΣ ΕΥΘΥΝΗΣ","A","free-mail","vbalilaj@gmail.com","6988221610","ΣΙΦΝΟΥ / ΜΗΛΟΥ","ΚΥΚΛΑΔΩΝ","ΕΠΕ","1990","","","ΥΠΗΡΕΣΙΕΣ ΕΝΟΙΚΙΑΣΗΣ ΕΠΑΓΓΕΛΜΑΤΙΚΟΥ ΤΟΥΡΙΣΤΙΚΟΥ ΣΚΑΦΟΥΣ ΜΕ ΠΛΗΡΩΜΑ","123947401000","095543169","gmail.com"
"ΙΘΑΚΗ SEA EXCURSION ΙΔΙΩΤΙΚΗ ΚΕΦΑΛΑΙΟΥΧΙΚΗ ΕΤΑΙΡΕΙΑ","A","free-mail","benierakis.ioannis@gmail.com","2102617511","ΝΑΞΟΥ & ΜΙΚΡΩΝ ΚΥΚΛΑΔΩΝ / ΝΑΞΟΥ","ΚΥΚΛΑΔΩΝ","ΙΚΕ","2022","","","ΥΠΗΡΕΣΙΕΣ ΣΚΑΦΩΝ ΕΚΔΡΟΜΩΝ ΚΑΙ ΠΕΡΙΗΓΗΣΕΩΝ ΘΑΛΑΣΣΑΣ","162343038000","801732548","gmail.com"
"ΙΟΝΙΚΕΣ ΙΣΤΙΟΠΛΟΪΚΕΣ ΥΠΗΡΕΣΙΕΣ ΜΟΝΟΠΡΟΣΩΠΗ ΙΔΙΩΤΙΚΗ ΚΕΦΑΛΑΙΟΥΧΙΚΗ ΕΤΑΙΡΕΙΑ","A","free-mail","xkorakianitis@gmail.com","2661052553","ΚΕΝΤΡΙΚΗΣ ΚΕΡΚΥΡΑΣ ΚΑΙ ΔΙΑΠΟΝΤΙΩΝ ΝΗΣΩΝ / ΚΕΡΚΥΡΑΣ","ΚΕΡΚΥΡΑΣ","ΙΚΕ","2021","","","ΥΠΗΡΕΣΙΕΣ ΕΝΟΙΚΙΑΣΗΣ ΕΠΑΓΓΕΛΜΑΤΙΚΟΥ ΤΟΥΡΙΣΤΙΚΟΥ ΣΚΑΦΟΥΣ ΜΕ ΠΛΗΡΩΜΑ","161685733000","801696650","gmail.com"
"ΙΟΝΙΟ ΝΑΥΤΙΚΗ ΙΔΙΩΤΙΚΗ ΚΕΦΑΛΑΙΟΥΧΙΚΗ ΕΤΑΙΡΕΙΑ","A","free-mail","ioannis.sapountzakis@gmail.com","6974800081","ΛΕΥΚΑΔΑΣ / ΛΕΥΚΑΔΑΣ","ΛΕΥΚΑΔΑΣ","ΙΚΕ","2020","","","ΥΠΗΡΕΣΙΕΣ ΕΝΟΙΚΙΑΣΗΣ ΤΟΥΡΙΣΤΙΚΟΥ ΣΚΑΦΟΥΣ, ΧΩΡΙΣ ΠΛΗΡΩΜΑ","156549743000","801425991","gmail.com"
"ΙΣΤΙΟΠΛΟΪΚΟΙ ΔΡΟΜΟΙ ΑΝΩΝΥΜΗ ΝΑΥΤΙΛΙΑΚΗ ΕΤΑΙΡΕΙΑ ΠΛΟΙΩΝ ΑΝΑΨΥΧΗΣ","A","free-mail","vasilopoulosunion@gmail.com","2104964465","ΠΑΛΑΙΟΥ ΦΑΛΗΡΟΥ / ΝΟΤΙΟΥ ΤΟΜΕΑ ΑΘΗΝΩΝ","ΑΤΤΙΚΗΣ","ΑΕ","2007","","","ΥΠΗΡΕΣΙΕΣ ΕΝΟΙΚΙΑΣΗΣ ΤΟΥΡΙΣΤΙΚΟΥ ΣΚΑΦΟΥΣ, ΧΩΡΙΣ ΠΛΗΡΩΜΑ","122405701000","998567904","gmail.com"
"ΙΩΑΝΝΗΣ ΒΑΣΙΛΕΙΟΥ ΓΑΛΑΝΗΣ","A","free-mail","jgalanis1986@hotmail.com","2285024267","ΝΑΞΟΥ & ΜΙΚΡΩΝ ΚΥΚΛΑΔΩΝ / ΝΑΞΟΥ","ΚΥΚΛΑΔΩΝ","ΑΤΟΜΙΚΗ","2025","","","ΥΠΗΡΕΣΙΕΣ ΣΚΑΦΩΝ ΕΚΔΡΟΜΩΝ ΚΑΙ ΠΕΡΙΗΓΗΣΕΩΝ ΘΑΛΑΣΣΑΣ","181726338000","130677987","hotmail.com"
"ΙΩΑΝΝΗΣ ΛΥΡΟΥΔΙΑΣ ΜΟΝΟΠΡΟΣΩΠΗ Ι.Κ.Ε.","A","free-mail","panagiotis.koutso@gmail.com","2254023275","ΛΗΜΝΟΥ / ΛΗΜΝΟΥ","ΛΕΣΒΟΥ","ΙΚΕ","2024","","","ΥΠΗΡΕΣΙΕΣ ΕΝΟΙΚΙΑΣΗΣ ΕΠΑΓΓΕΛΜΑΤΙΚΟΥ ΤΟΥΡΙΣΤΙΚΟΥ ΣΚΑΦΟΥΣ ΜΕ ΠΛΗΡΩΜΑ","174828142000","802351553","gmail.com"
"ΙΩΑΝΝΗΣ ΝΙΚΟΛΑΟΥ ΜΠΑΡΔΑΝΗΣ","A","free-mail","gialitissa@gmail.com","2285072026","ΝΑΞΟΥ & ΜΙΚΡΩΝ ΚΥΚΛΑΔΩΝ / ΝΑΞΟΥ","ΚΥΚΛΑΔΩΝ","ΑΤΟΜΙΚΗ","2009","","","ΥΠΗΡΕΣΙΕΣ ΣΚΑΦΩΝ ΕΚΔΡΟΜΩΝ ΚΑΙ ΠΕΡΙΗΓΗΣΕΩΝ ΘΑΛΑΣΣΑΣ","48823538000","047602014","gmail.com"
"ΚΑΒΑΛΑ ΣΕΙΛΙΝΓΚ ΧΟΛΙΝΤΕΙΣ Ι.Κ.Ε.","A","free-mail","tropicos@otenet.gr","2111171542","ΚΑΒΑΛΑΣ / ΚΑΒΑΛΑΣ","ΚΑΒΑΛΑΣ","ΙΚΕ","2019","","","ΥΠΗΡΕΣΙΕΣ ΕΝΟΙΚΙΑΣΗΣ ΤΟΥΡΙΣΤΙΚΟΥ ΣΚΑΦΟΥΣ, ΧΩΡΙΣ ΠΛΗΡΩΜΑ","152889730000","801258637","otenet.gr"
"ΚΑΒΒΑΣ ΕΥΑΓΓΕΛΟΣ ΤΟΥ ΘΕΟΦΑΝΗ","A","free-mail","officesarlas@gmail.com","2109849962","ΑΛΙΜΟΥ / ΝΟΤΙΟΥ ΤΟΜΕΑ ΑΘΗΝΩΝ","ΑΤΤΙΚΗΣ","ΑΤΟΜΙΚΗ","2008","","","ΥΠΗΡΕΣΙΕΣ ΕΝΟΙΚΙΑΣΗΣ ΤΟΥΡΙΣΤΙΚΟΥ ΣΚΑΦΟΥΣ, ΧΩΡΙΣ ΠΛΗΡΩΜΑ","166657603000","017249541","gmail.com"
"ΚΑΪΚΙ ΑΝΝΑ ΜΑΡΙΑ Ι.Κ.Ε.","A","free-mail","mgrivalawoffice@yahoo.com","6973773887","ΠΕΙΡΑΙΩΣ / ΠΕΙΡΑΙΩΣ","ΑΤΤΙΚΗΣ","ΙΚΕ","2024","","","ΥΠΗΡΕΣΙΕΣ ΕΝΟΙΚΙΑΣΗΣ ΠΛΟΙΩΝ ΨΥΧΑΓΩΓΙΑΣ (ΚΟΤΕΡΩΝ, ΘΑΛΑΜΗΓΩΝ, ΒΕΝΖΙΝΑΚΑΤΩΝ ΚΛΠ) ΜΕ ΠΛΗΡΩΜΑ","176844207000","802464191","yahoo.com"
"ΚΑΚΙΟΥΣΗΣ Φ. - ΡΩΒΑΣ Α. Ο.Ε","A","free-mail","makismargelis@gmail.com","2645023388","ΛΕΥΚΑΔΑΣ / ΛΕΥΚΑΔΑΣ","ΛΕΥΚΑΔΑΣ","ΟΕ","2017","","","ΥΠΗΡΕΣΙΕΣ ΕΝΟΙΚΙΑΣΗΣ ΤΟΥΡΙΣΤΙΚΟΥ ΣΚΑΦΟΥΣ, ΧΩΡΙΣ ΠΛΗΡΩΜΑ","142463243000","800833614","gmail.com"
"ΚΑΛΑΜΑΤΙΑΝΟΣ ΑΝΤΩΝΙΟΣ ΤΟΥ ΓΕΩΡΓΙΟΥ","A","free-mail","spetsesworks@gmail.com","6970887672","ΣΠΕΤΣΩΝ / ΝΗΣΩΝ","ΑΤΤΙΚΗΣ","ΑΤΟΜΙΚΗ","2026","","","ΥΠΗΡΕΣΙΕΣ ΕΝΟΙΚΙΑΣΗΣ ΤΟΥΡΙΣΤΙΚΟΥ ΣΚΑΦΟΥΣ, ΧΩΡΙΣ ΠΛΗΡΩΜΑ","193301809000","302468032","gmail.com"
"ΚΑΛΛΙΓΑ ΜΟΝΟΠΡΟΣΩΠΗ Ι.Κ.Ε.","A","free-mail","andreaskal.na@gmail.com","2109600160","ΝΑΥΠΑΚΤΙΑΣ / ΑΙΤΩΛΟΑΚΑΡΝΑΝΙΑΣ","ΑΙΤΩΛΟΑΚΑΡΝΑΝΙΑΣ","ΙΚΕ","2019","","","ΥΠΗΡΕΣΙΕΣ ΕΝΟΙΚΙΑΣΗΣ ΤΟΥΡΙΣΤΙΚΟΥ ΣΚΑΦΟΥΣ, ΧΩΡΙΣ ΠΛΗΡΩΜΑ","151540212000","801197492","gmail.com"
"ΚΑΛΛΙΓΑΣ Ι.Κ.Ε.","A","free-mail","andreaskal.na@gmail.com","2109600160","ΝΑΥΠΑΚΤΙΑΣ / ΑΙΤΩΛΟΑΚΑΡΝΑΝΙΑΣ","ΑΙΤΩΛΟΑΚΑΡΝΑΝΙΑΣ","ΙΚΕ","2019","","","ΥΠΗΡΕΣΙΕΣ ΕΝΟΙΚΙΑΣΗΣ ΠΛΟΙΩΝ ΨΥΧΑΓΩΓΙΑΣ (ΚΟΤΕΡΩΝ, ΘΑΛΑΜΗΓΩΝ, ΒΕΝΖΙΝΑΚΑΤΩΝ ΚΛΠ), ΧΩΡΙΣ ΠΛΗΡΩΜΑ","150217412000","801148645","gmail.com"
"ΚΑΛΛΙΟΠΗ ΑΡΤΕΜΙΟΥ ΒΕΡΩΝΗ","A","free-mail","veroni.kelly@gmail.com","","ΜΥΚΟΝΟΥ / ΜΥΚΟΝΟΥ","ΚΥΚΛΑΔΩΝ","ΑΤΟΜΙΚΗ","2011","","","ΥΠΗΡΕΣΙΕΣ ΕΝΟΙΚΙΑΣΗΣ ΠΛΟΙΩΝ ΨΥΧΑΓΩΓΙΑΣ (ΚΟΤΕΡΩΝ, ΘΑΛΑΜΗΓΩΝ, ΒΕΝΖΙΝΑΚΑΤΩΝ ΚΛΠ), ΧΩΡΙΣ ΠΛΗΡΩΜΑ","118342238000","107234086","gmail.com"
"ΚΑΛΟΓΕΡΑΚΗΣ ΚΩΝΣΤΑΝΤΙΝΟΣ ΤΟΥ ΙΩΑΝΝΗ","A","free-mail","candiayachting@gmail.com","6944845858","ΗΡΑΚΛΕΙΟΥ / ΗΡΑΚΛΕΙΟΥ","ΗΡΑΚΛΕΙΟΥ","ΑΤΟΜΙΚΗ","2014","","","ΥΠΗΡΕΣΙΕΣ ΕΝΟΙΚΙΑΣΗΣ ΠΛΟΙΩΝ ΨΥΧΑΓΩΓΙΑΣ (ΚΟΤΕΡΩΝ, ΘΑΛΑΜΗΓΩΝ, ΒΕΝΖΙΝΑΚΑΤΩΝ ΚΛΠ), ΧΩΡΙΣ ΠΛΗΡΩΜΑ","131579827000","052675928","gmail.com"
"ΚΑΛΟΓΕΡΗΣ ΘΥΜΙΟΣ","A","free-mail","KOUGE@HOTMAIL.COM","2695029446","ΖΑΚΥΝΘΟΥ / ΖΑΚΥΝΘΟΥ","ΖΑΚΥΝΘΟΥ","ΑΤΟΜΙΚΗ","2026","","","ΥΠΗΡΕΣΙΕΣ ΕΝΟΙΚΙΑΣΗΣ ΣΚΑΦΩΝ ΘΑΛΑΣΣΙΑΣ ΚΑΙ ΑΚΤΟΠΛΟΪΚΗΣ ΜΕΤΑΦΟΡΑΣ ΕΠΙΒΑΤΩΝ ΜΕ ΧΕΙΡΙΣΤΗ","190356924000","163716008","hotmail.com"
"ΚΑΛΟΥΔΗΣ ΣΠΥΡΙΔΩΝ ΤΟΥ ΔΗΜΗΤΡΙΟΥ","A","free-mail","prevezabase@gmail.com","0000000000","ΑΘΗΝΑΙΩΝ / ΚΕΝΤΡΙΚΟΥ ΤΟΜΕΑ ΑΘΗΝΩΝ","ΑΤΤΙΚΗΣ","ΑΤΟΜΙΚΗ","2016","","","ΥΠΗΡΕΣΙΕΣ ΘΑΛΑΣΣΙΩΝ ΚΑΙ ΠΑΡΑΚΤΙΩΝ ΜΕΤΑΦΟΡΩΝ ΕΠΙΒΑΤΩΝ ΜΕ ΘΑΛΑΜΗΓΟΥΣ - ΤΟΥΡΙΣΤΙΚΑ ΠΛΟΙΑ ΜΕ ΕΛΛΗΝΙΚΗ ΣΗΜΑΙΑ","139482903000","038768298","gmail.com"
"ΚΑΜΠΙΩΤΗΣ ΝΙΚΟΛΑΟΣ ΤΟΥ ΓΕΡΑΣΙΜΟΥ","A","free-mail","nikolkampiotis@gmail.com","","ΖΑΚΥΝΘΟΥ / ΖΑΚΥΝΘΟΥ","ΖΑΚΥΝΘΟΥ","ΑΤΟΜΙΚΗ","2024","","","ΥΠΗΡΕΣΙΕΣ ΣΚΑΦΩΝ ΕΚΔΡΟΜΩΝ ΚΑΙ ΠΕΡΙΗΓΗΣΕΩΝ ΘΑΛΑΣΣΑΣ","178702424000","127379893","gmail.com"
"ΚΑΝΤΑΡΑΚΗΣ ΔΗΜΗΤΡΙΟΣ ΤΟΥ ΓΕΩΡΓΙΟΥ","A","free-mail","kantarakisd@gmail.com","6958187110","ΣΚΙΑΘΟΥ / ΣΠΟΡΑΔΩΝ","ΜΑΓΝΗΣΙΑΣ","ΑΤΟΜΙΚΗ","2010","","","ΥΠΗΡΕΣΙΕΣ ΣΚΑΦΩΝ ΕΚΔΡΟΜΩΝ ΚΑΙ ΠΕΡΙΗΓΗΣΕΩΝ ΘΑΛΑΣΣΑΣ","183972344000","102212148","gmail.com"
"ΚΑΡΑΒΕΛΑΤΖΗΣ ΔΙΑΜΑΝΤΗΣ","A","free-mail","visitkastellorizo@gmail.com","2246049266","ΜΕΓΙΣΤΗΣ / ΡΟΔΟΥ","ΔΩΔΕΚΑΝΗΣΟΥ","ΑΤΟΜΙΚΗ","2018","","","ΥΠΗΡΕΣΙΕΣ ΣΚΑΦΩΝ ΕΚΔΡΟΜΩΝ ΚΑΙ ΠΕΡΙΗΓΗΣΕΩΝ ΘΑΛΑΣΣΑΣ","72301520000","054105546","gmail.com"
"ΚΑΡΑΚΑΤΣΑΝΗΣ ΙΩΑΝΝΗΣ ΤΟΥ ΝΙΚΟΛΑΟΥ","A","free-mail","a2424066200@gmail.com","2424066200","ΑΛΟΝΝΗΣΟΥ / ΣΠΟΡΑΔΩΝ","ΜΑΓΝΗΣΙΑΣ","ΑΤΟΜΙΚΗ","2024","","","ΥΠΗΡΕΣΙΕΣ ΕΝΟΙΚΙΑΣΗΣ ΤΟΥΡΙΣΤΙΚΟΥ ΣΚΑΦΟΥΣ, ΧΩΡΙΣ ΠΛΗΡΩΜΑ","184405444000","049444015","gmail.com"
"ΚΑΡΑΚΥΚΛΑ ΚΩΝΣΤΑΝΤΙΝΑ ΤΟΥ ΠΑΝΑΓΙΩΤΗ","A","free-mail","armelino@otenet.gr","2104122518","ΠΕΡΙΣΤΕΡΙΟΥ / ΔΥΤΙΚΟΥ ΤΟΜΕΑ ΑΘΗΝΩΝ","ΑΤΤΙΚΗΣ","ΑΤΟΜΙΚΗ","2018","","","ΥΠΗΡΕΣΙΕΣ ΕΝΟΙΚΙΑΣΗΣ ΤΟΥΡΙΣΤΙΚΟΥ ΣΚΑΦΟΥΣ, ΧΩΡΙΣ ΠΛΗΡΩΜΑ","159934403000","128382060","otenet.gr"
"ΚΑΡΑΝΤΙΝΟΣ ΚΩΝΣΤΑΝΤΙΝΟΣ ΤΟΥ ΙΩΑΝΝΟΥ","A","free-mail","markaran@gmail.com","2810283680","ΗΡΑΚΛΕΙΟΥ / ΗΡΑΚΛΕΙΟΥ","ΗΡΑΚΛΕΙΟΥ","ΑΤΟΜΙΚΗ","2000","","","ΥΠΗΡΕΣΙΕΣ ΣΚΑΦΩΝ ΕΚΔΡΟΜΩΝ ΚΑΙ ΠΕΡΙΗΓΗΣΕΩΝ ΘΑΛΑΣΣΑΣ","76829527000","071468122","gmail.com"
"ΚΑΡΑΤΖΑΚΗΣ ΙΩΑΝΝΗΣ ΤΟΥ ΛΟΥΚΑ","A","free-mail","brodequin6666@yahoo.gr","6989830721","ΠΕΡΑΜΑΤΟΣ / ΠΕΙΡΑΙΩΣ","ΠΕΙΡΑΙΑ","ΑΤΟΜΙΚΗ","2025","","","ΥΠΗΡΕΣΙΕΣ ΘΑΛΑΣΣΙΩΝ ΚΑΙ ΠΑΡΑΚΤΙΩΝ ΜΕΤΑΦΟΡΩΝ ΕΠΙΒΑΤΩΝ ΜΕ ΘΑΛΑΜΗΓΟΥΣ - ΤΟΥΡΙΣΤΙΚΑ ΠΛΟΙΑ ΜΕ ΕΛΛΗΝΙΚΗ ΣΗΜΑΙΑ","184150808000","161156668","yahoo.gr"
"ΚΑΡΔΟΥΛΙΑΣ Ν. ΚΑΙ ΔΟΥΚΗΣ Σ. Ο.Ε.","A","free-mail","nikolaskardoulias@hotmail.com","6955540463","ΚΑΛΥΜΝΙΩΝ / ΚΑΛΥΜΝΟΥ","ΔΩΔΕΚΑΝΗΣΟΥ","ΟΕ","2026","","","ΥΠΗΡΕΣΙΕΣ ΕΝΟΙΚΙΑΣΗΣ ΤΟΥΡΙΣΤΙΚΟΥ ΣΚΑΦΟΥΣ, ΧΩΡΙΣ ΠΛΗΡΩΜΑ","190660420000","803146660","hotmail.com"
"ΚΑΡΙΩΤΑΚΗ ΒΑΣΙΛΙΚΗ ΤΟΥ ΙΩΑΝΝΗ","A","free-mail","g.kariotakis74@gmail.com","6980469880","ΧΑΝΙΩΝ / ΧΑΝΙΩΝ","ΧΑΝΙΩΝ","ΑΤΟΜΙΚΗ","2024","","","ΥΠΗΡΕΣΙΕΣ ΕΝΟΙΚΙΑΣΗΣ ΠΛΟΙΩΝ ΨΥΧΑΓΩΓΙΑΣ (ΚΟΤΕΡΩΝ, ΘΑΛΑΜΗΓΩΝ, ΒΕΝΖΙΝΑΚΑΤΩΝ ΚΛΠ), ΧΩΡΙΣ ΠΛΗΡΩΜΑ","191140458000","175252354","gmail.com"
"ΚΑΡΙΩΤΑΚΗΣ ΙΩΑΝΝΗΣ ΤΟΥ ΚΩΝ/ΝΟΥ","A","free-mail","g.kariotakis74@gmail.com","2821027870","ΧΑΝΙΩΝ / ΧΑΝΙΩΝ","ΧΑΝΙΩΝ","ΑΤΟΜΙΚΗ","1900","","","ΥΠΗΡΕΣΙΕΣ ΕΝΟΙΚΙΑΣΗΣ ΤΟΥΡΙΣΤΙΚΟΥ ΣΚΑΦΟΥΣ, ΧΩΡΙΣ ΠΛΗΡΩΜΑ","74874458000","072263600","gmail.com"
"ΚΑΡΤΑΜΟΥ ΕΤΕΡΟΡΡΥΘΜΗ ΕΤΑΙΡΕΙΑ","A","free-mail","ath.tatsis@gmail.com","6938112112","ΖΑΚΥΝΘΟΥ / ΖΑΚΥΝΘΟΥ","ΖΑΚΥΝΘΟΥ","ΕΕ","2022","","","ΥΠΗΡΕΣΙΕΣ ΣΚΑΦΩΝ ΕΚΔΡΟΜΩΝ ΚΑΙ ΠΕΡΙΗΓΗΣΕΩΝ ΘΑΛΑΣΣΑΣ","162968124000","801768361","gmail.com"
"ΚΑΡΥΔΑΣ ΚΩΝΣΤΑΝΤΙΝΟΣ","A","free-mail","kapiosanthropos@gmail.com","6949106802","ΘΕΣΣΑΛΟΝΙΚΗΣ / ΘΕΣΣΑΛΟΝΙΚΗΣ","ΘΕΣΣΑΛΟΝΙΚΗΣ","ΑΤΟΜΙΚΗ","2023","","","ΥΠΗΡΕΣΙΕΣ ΕΝΟΙΚΙΑΣΗΣ ΤΟΥΡΙΣΤΙΚΟΥ ΣΚΑΦΟΥΣ, ΧΩΡΙΣ ΠΛΗΡΩΜΑ","168887706000","163757482","gmail.com"
"ΚΑΣΔΑΓΛΗ ΜΑΡΙΑΝΘΗ ΤΟΥ ΙΩΑΝΝΗ","A","free-mail","dtr0808@hotmail.com","","ΑΘΗΝΑΙΩΝ / ΚΕΝΤΡΙΚΟΥ ΤΟΜΕΑ ΑΘΗΝΩΝ","ΑΤΤΙΚΗΣ","ΑΤΟΜΙΚΗ","2023","","","ΥΠΗΡΕΣΙΕΣ ΕΝΟΙΚΙΑΣΗΣ ΠΛΟΙΩΝ ΨΥΧΑΓΩΓΙΑΣ (ΚΟΤΕΡΩΝ, ΘΑΛΑΜΗΓΩΝ, ΒΕΝΖΙΝΑΚΑΤΩΝ ΚΛΠ) ΜΕ ΠΛΗΡΩΜΑ","170613203000","153116900","hotmail.com"
"ΚΑΣΤΑΝΑΡΑ ΜΑΡΙΑ ΜΟΝΟΠΡΟΣΩΠΗ ΙΔΙΩΤΙΚΗ ΚΕΦΑΛΑΙΟΥΧΙΚΗ ΕΤΑΙΡΕΙΑ","A","free-mail","marakikast@hotmail.com","2351026145","ΚΑΤΕΡΙΝΗΣ / ΠΙΕΡΙΑΣ","ΠΙΕΡΙΑΣ","ΙΚΕ","2019","","","ΥΠΗΡΕΣΙΕΣ ΕΝΟΙΚΙΑΣΗΣ ΤΟΥΡΙΣΤΙΚΟΥ ΣΚΑΦΟΥΣ, ΧΩΡΙΣ ΠΛΗΡΩΜΑ","148872048000","801091009","hotmail.com"
"ΚΑΣΤΗΣ ΜΑΡΙΝΟΣ","A","free-mail","marinoskastes@gmail.com","2247022802","ΛΕΡΟΥ / ΚΑΛΥΜΝΟΥ","ΔΩΔΕΚΑΝΗΣΟΥ","ΑΤΟΜΙΚΗ","2025","","","ΥΠΗΡΕΣΙΕΣ ΕΝΟΙΚΙΑΣΗΣ ΤΟΥΡΙΣΤΙΚΟΥ ΣΚΑΦΟΥΣ, ΧΩΡΙΣ ΠΛΗΡΩΜΑ","182193520000","147865493","gmail.com"
"ΚΑΤΕΡΙΝΑΚΗ ΚΑΛΛΙΟΠΗ ΙΩΑΝ.","A","free-mail","pop08091985@gmail.com","2841041361","ΑΓΙΟΥ ΝΙΚΟΛΑΟΥ / ΛΑΣΙΘΙΟΥ","ΛΑΣΙΘΙΟΥ","ΑΤΟΜΙΚΗ","2018","","","ΥΠΗΡΕΣΙΕΣ ΕΝΟΙΚΙΑΣΗΣ ΤΟΥΡΙΣΤΙΚΟΥ ΣΚΑΦΟΥΣ, ΧΩΡΙΣ ΠΛΗΡΩΜΑ","145372441000","126344060","gmail.com"
"ΚΑΤΣΑΜΠΙΡΗΣ ΒΛΑΣΙΟΣ, ΒΗΣΣΑΡΙΩΝ","A","free-mail","katsampirisb@gmail.com","","ΛΕΥΚΑΔΑΣ / ΛΕΥΚΑΔΑΣ","ΛΕΥΚΑΔΑΣ","ΑΤΟΜΙΚΗ","2019","","","ΥΠΗΡΕΣΙΕΣ ΕΝΟΙΚΙΑΣΗΣ ΤΟΥΡΙΣΤΙΚΟΥ ΣΚΑΦΟΥΣ, ΧΩΡΙΣ ΠΛΗΡΩΜΑ","194912843000","110762830","gmail.com"
"ΚΑΤΣΟΥΠΗΣ ΧΡΗΣΤΟΣ ΤΟΥ ΙΩΑΝΝΗ","A","free-mail","xkatsoypis2@hotmail.com","6978537895","ΜΥΤΙΛΗΝΗΣ / ΛΕΣΒΟΥ","ΛΕΣΒΟΥ","ΑΤΟΜΙΚΗ","2023","","","ΥΠΗΡΕΣΙΕΣ ΕΝΟΙΚΙΑΣΗΣ ΠΛΟΙΩΝ ΨΥΧΑΓΩΓΙΑΣ (ΚΟΤΕΡΩΝ, ΘΑΛΑΜΗΓΩΝ, ΒΕΝΖΙΝΑΚΑΤΩΝ ΚΛΠ) ΜΕ ΠΛΗΡΩΜΑ","129973106000","125685968","hotmail.com"
"ΚΑΤΩΠΟΔΗΣ ΙΩΑΝΝΗΣ ΤΟΥ ΓΕΩΡΓΙΟΥ","A","free-mail","blyxo1@gmail.com","","ΛΕΥΚΑΔΑΣ / ΛΕΥΚΑΔΑΣ","ΛΕΥΚΑΔΑΣ","ΑΤΟΜΙΚΗ","1995","","","ΥΠΗΡΕΣΙΕΣ ΘΑΛΑΣΣΙΩΝ ΚΑΙ ΠΑΡΑΚΤΙΩΝ ΜΕΤΑΦΟΡΩΝ ΕΠΙΒΑΤΩΝ ΜΕ ΘΑΛΑΜΗΓΟΥΣ - ΤΟΥΡΙΣΤΙΚΑ ΠΛΟΙΑ ΜΕ ΕΛΛΗΝΙΚΗ ΣΗΜΑΙΑ","16394243000","046825132","gmail.com"
"ΚΑΦΕΤΖΗΣ ΙΩΑΝΝΗΣ","A","free-mail","Nikosspan@yahoo.gr","2245022323","ΚΑΡΠΑΘΟΥ / ΚΑΡΠΑΘΟΥ","ΔΩΔΕΚΑΝΗΣΟΥ","ΑΤΟΜΙΚΗ","1988","","","ΥΠΗΡΕΣΙΕΣ ΣΚΑΦΩΝ ΕΚΔΡΟΜΩΝ ΚΑΙ ΠΕΡΙΗΓΗΣΕΩΝ ΘΑΛΑΣΣΑΣ","71898720000","042206446","yahoo.gr"
"ΚΑΨΑΣΚΗΣ ΣΠΥΡΟΣ-ΣΠΙΝΟΣ ΑΔΑΜΑΝΤΙΟΣ ΟΜΟΡΡΥΘΜΗ ΕΤΑΙΡΕΙΑ","A","free-mail","kaloudig@yahoo.gr","2104221209","ΖΑΚΥΝΘΟΥ / ΖΑΚΥΝΘΟΥ","ΖΑΚΥΝΘΟΥ","ΟΕ","2019","","","ΥΠΗΡΕΣΙΕΣ ΣΚΑΦΩΝ ΕΚΔΡΟΜΩΝ ΚΑΙ ΠΕΡΙΗΓΗΣΕΩΝ ΘΑΛΑΣΣΑΣ","149920624000","801135902","yahoo.gr"
"ΚΙΝΓΚ ΟΦ ΡΟΔΟΣ Ο.Ε.","A","free-mail","glarosboat@hotmail.com","","ΡΟΔΟΥ / ΡΟΔΟΥ","ΔΩΔΕΚΑΝΗΣΟΥ","ΟΕ","2021","","","ΥΠΗΡΕΣΙΕΣ ΘΑΛΑΣΣΙΩΝ ΚΑΙ ΠΑΡΑΚΤΙΩΝ ΜΕΤΑΦΟΡΩΝ ΕΠΙΒΑΤΩΝ ΜΕ ΘΑΛΑΜΗΓΟΥΣ - ΤΟΥΡΙΣΤΙΚΑ ΠΛΟΙΑ ΜΕ ΕΛΛΗΝΙΚΗ ΣΗΜΑΙΑ","161842220000","801705130","hotmail.com"
"ΚΙΤΑΜΡΤΖΙΑΝ ΙΩΑΝΝΗΣ ΤΟΥ ΙΩΣΗΦ","A","free-mail","officesarlas@gmail.com","2109801995","ΠΑΛΑΙΟΥ ΦΑΛΗΡΟΥ / ΝΟΤΙΟΥ ΤΟΜΕΑ ΑΘΗΝΩΝ","ΑΤΤΙΚΗΣ","ΑΤΟΜΙΚΗ","2017","","","ΥΠΗΡΕΣΙΕΣ ΕΝΟΙΚΙΑΣΗΣ ΤΟΥΡΙΣΤΙΚΟΥ ΣΚΑΦΟΥΣ, ΧΩΡΙΣ ΠΛΗΡΩΜΑ","166668703000","154260598","gmail.com"
"ΚΙΤΣΟΥ ΙΩΑΝΝΑ ΤΟΥ ΧΡΗΣΤΟΥ","A","free-mail","joannakitsou@gmail.com","","ΠΡΕΒΕΖΑΣ / ΠΡΕΒΕΖΑΣ","ΠΡΕΒΕΖΑΣ","ΑΤΟΜΙΚΗ","2024","","","ΥΠΗΡΕΣΙΕΣ ΕΝΟΙΚΙΑΣΗΣ ΤΟΥΡΙΣΤΙΚΟΥ ΣΚΑΦΟΥΣ, ΧΩΡΙΣ ΠΛΗΡΩΜΑ","178001149000","148423178","gmail.com"
"ΚΟΒΑΤΖΗΣ ΗΛΙΑΣ ΤΟΥ ΘΩΜΑ","A","free-mail","kovatzis@gmail.com","6977272525","","ΗΡΑΚΛΕΙΟΥ","ΑΤΟΜΙΚΗ","2010","","","ΥΠΗΡΕΣΙΕΣ ΕΝΟΙΚΙΑΣΗΣ ΤΟΥΡΙΣΤΙΚΟΥ ΣΚΑΦΟΥΣ, ΧΩΡΙΣ ΠΛΗΡΩΜΑ","76650927000","059931083","gmail.com"
"ΚΟΙΝΟΠΡΑΞΙΑ LAGANAS BOAT TRIPS","A","free-mail","sklawoffice21@gmail.com","6981213405","ΖΑΚΥΝΘΟΥ / ΖΑΚΥΝΘΟΥ","ΖΑΚΥΝΘΟΥ","Κοινοπραξία","2019","","","ΥΠΗΡΕΣΙΕΣ ΣΚΑΦΩΝ ΕΚΔΡΟΜΩΝ ΚΑΙ ΠΕΡΙΗΓΗΣΕΩΝ ΘΑΛΑΣΣΑΣ","150580824000","997467735","gmail.com"
"ΚΟΙΝΟΠΡΑΞΙΑ ΕΠΑΓΓΕΛΜΑΤΙΚΩΝ ΤΟΥΡΙΣΤΙΚΩΝ ΠΛΟΙΩΝ ΘΑΛΑΣΣΙΟΣ ΚΟΣΜΟΣ","A","free-mail","seaworldcruisesmaritime@gmail.com","2242026505","ΚΩ / ΚΩ","ΔΩΔΕΚΑΝΗΣΟΥ","Κοινοπραξία","2024","","","ΥΠΗΡΕΣΙΕΣ ΣΚΑΦΩΝ ΕΚΔΡΟΜΩΝ ΚΑΙ ΠΕΡΙΗΓΗΣΕΩΝ ΘΑΛΑΣΣΑΣ","178309320000","802542529","gmail.com"
"ΚΟΙΝΟΠΡΑΞΙΑ ΕΠΑΓΓΕΛΜΑΤΙΩΝ ΛΕΜΒΟΥΧΩΝ ΜΕΤΑΦΟΡΕΩΝ ΕΠΙΒΑΤΩΝ ΣΤΙΣ ΠΑΡΑΛΙΕΣ ΤΗΣ ΠΑΡΓΑΣ","A","free-mail","dimitrisaxis@hotmail.com","2684031090","ΠΑΡΓΑΣ / ΠΡΕΒΕΖΑΣ","ΠΡΕΒΕΖΑΣ","Κοινοπραξία","1999","","","ΥΠΗΡΕΣΙΕΣ ΣΚΑΦΩΝ ΕΚΔΡΟΜΩΝ ΚΑΙ ΠΕΡΙΗΓΗΣΕΩΝ ΘΑΛΑΣΣΑΣ","172683749000","097194692","hotmail.com"
"ΚΟΙΝΟΠΡΑΞΙΑ ΠΛΟΙΩΝ ΗΜΕΡΗΣΙΕΣ ΚΡΟΥΑΖΙΕΡΕΣ ΚΕΡΚΥΡΑΣ","A","free-mail","corfutax@gmail.com","2661021125","ΚΕΝΤΡΙΚΗΣ ΚΕΡΚΥΡΑΣ ΚΑΙ ΔΙΑΠΟΝΤΙΩΝ ΝΗΣΩΝ / ΚΕΡΚΥΡΑΣ","ΚΕΡΚΥΡΑΣ","Κοινοπραξία","2024","","","ΥΠΗΡΕΣΙΕΣ ΣΚΑΦΩΝ ΕΚΔΡΟΜΩΝ ΚΑΙ ΠΕΡΙΗΓΗΣΕΩΝ ΘΑΛΑΣΣΑΣ","176186233000","996577999","gmail.com"
"ΚΟΙΝΩΝΙΚΗ ΣΥΝΕΤΑΙΡΙΣΤΙΚΗ ΕΠΙΧΕΙΡΗΣΗ ΣΥΛΛΟΓΙΚΗΣ ΚΑΙ ΚΟΙΝΩΝΙΚΗΣ ΩΦΕΛΕΙΑΣ (Τουριστική Αγροτική Χανίων)","A","free-mail","marizaoikonomaki@hotmail.com","6978218511","","","Κοιν.Σ.Επ.","2018","","","ΥΠΗΡΕΣΙΕΣ ΣΚΑΦΩΝ ΕΚΔΡΟΜΩΝ ΚΑΙ ΠΕΡΙΗΓΗΣΕΩΝ ΘΑΛΑΣΣΑΣ","166315461000","996943918","hotmail.com"
"ΚΟΚΟΛΑΚΗΣ ΙΩΑΝΝΗΣ ΓΕΩΡΓΙΟΥ","A","free-mail","kokolisjo@yahoo.gr","2841041208","ΑΓΙΟΥ ΝΙΚΟΛΑΟΥ / ΛΑΣΙΘΙΟΥ","ΛΑΣΙΘΙΟΥ","ΑΤΟΜΙΚΗ","2021","","","ΥΠΗΡΕΣΙΕΣ ΘΑΛΑΣΣΙΩΝ ΚΑΙ ΠΑΡΑΚΤΙΩΝ ΜΕΤΑΦΟΡΩΝ ΕΠΙΒΑΤΩΝ ΜΕ ΘΑΛΑΜΗΓΟΥΣ - ΤΟΥΡΙΣΤΙΚΑ ΠΛΟΙΑ ΜΕ ΕΛΛΗΝΙΚΗ ΣΗΜΑΙΑ","24944441000","040501231","yahoo.gr"
"ΚΟΚΟΛΑΚΗΣ ΝΙΚΟΛΑΟΣ ΤΥΡΑΚΗΣ ΝΙΚΟΛΑΟΣ Ε.Ε.","A","free-mail","kokolakesnikos6@gmail.com","2810743895","ΑΠΟΚΟΡΩΝΟΥ / ΧΑΝΙΩΝ","ΧΑΝΙΩΝ","ΕΕ","2025","","","ΥΠΗΡΕΣΙΕΣ ΕΝΟΙΚΙΑΣΗΣ ΤΟΥΡΙΣΤΙΚΟΥ ΣΚΑΦΟΥΣ, ΧΩΡΙΣ ΠΛΗΡΩΜΑ","182297258000","802762065","gmail.com"
"ΚΟΛΟΒΡΙ ΙΚΕ","A","free-mail","logistiskoskinas@gmail.com","6947025117","ΚΕΝΤΡΙΚΗΣ ΚΕΡΚΥΡΑΣ ΚΑΙ ΔΙΑΠΟΝΤΙΩΝ ΝΗΣΩΝ / ΚΕΡΚΥΡΑΣ","ΚΕΡΚΥΡΑΣ","ΙΚΕ","2012","","","ΥΠΗΡΕΣΙΕΣ ΣΚΑΦΩΝ ΕΚΔΡΟΜΩΝ ΚΑΙ ΠΕΡΙΗΓΗΣΕΩΝ ΘΑΛΑΣΣΑΣ","120492833000","800403859","gmail.com"
"ΚΟΝΙΔΑΡΗ ΕΛΠΙΝΙΚΗ","A","free-mail","NICKIEKOND1@GMAIL.COM","","ΛΕΥΚΑΔΑΣ / ΛΕΥΚΑΔΑΣ","ΛΕΥΚΑΔΑΣ","ΑΤΟΜΙΚΗ","2026","","","ΥΠΗΡΕΣΙΕΣ ΕΝΟΙΚΙΑΣΗΣ ΕΠΑΓΓΕΛΜΑΤΙΚΟΥ ΤΟΥΡΙΣΤΙΚΟΥ ΣΚΑΦΟΥΣ ΜΕ ΠΛΗΡΩΜΑ","190194143000","148691900","gmail.com"
"ΚΟΝΙΔΑΡΗΣ ΠΑΝΑΓΙΩΤΗΣ ΤΟΥ ΙΩΑΝΝΟΥ","A","free-mail","kavvadas.thomas@yahoo.gr","","ΜΕΓΑΝΗΣΙΟΥ / ΛΕΥΚΑΔΑΣ","ΛΕΥΚΑΔΑΣ","ΑΤΟΜΙΚΗ","1995","","","ΥΠΗΡΕΣΙΕΣ ΕΝΟΙΚΙΑΣΗΣ ΤΟΥΡΙΣΤΙΚΟΥ ΣΚΑΦΟΥΣ, ΧΩΡΙΣ ΠΛΗΡΩΜΑ","16413343000","046826012","yahoo.gr"
"ΚΟΝΤΟΒΡΑΚΗΣ ΕΜΜΑΝΟΥΗΛ ΤΟΥ ΝΙΚΟΛΑΟY","A","free-mail","ekontovrakis@gmail.com","","ΗΛΙΟΥΠΟΛΕΩΣ / ΚΕΝΤΡΙΚΟΥ ΤΟΜΕΑ ΑΘΗΝΩΝ","ΑΤΤΙΚΗΣ","ΑΤΟΜΙΚΗ","2022","","","ΥΠΗΡΕΣΙΕΣ ΕΝΟΙΚΙΑΣΗΣ ΣΚΑΦΩΝ ΘΑΛΑΣΣΙΑΣ ΚΑΙ ΑΚΤΟΠΛΟΪΚΗΣ ΜΕΤΑΦΟΡΑΣ ΕΠΙΒΑΤΩΝ ΜΕ ΧΕΙΡΙΣΤΗ","166825503000","153800420","gmail.com"
"ΚΟΝΤΟΓΙΑΝΝΗΣ ΔΗΜΗΤΡΙΟΣ ΤΟΥ ΣΤΑΜΑΤΙΟΥ","A","free-mail","rapti1987@yahoo.com","","ΣΑΡΩΝΙΚΟΥ / ΑΝΑΤΟΛΙΚΗΣ ΑΤΤΙΚΗΣ","ΑΤΤΙΚΗΣ","ΑΤΟΜΙΚΗ","2024","","","ΥΠΗΡΕΣΙΕΣ ΕΝΟΙΚΙΑΣΗΣ ΤΟΥΡΙΣΤΙΚΟΥ ΣΚΑΦΟΥΣ, ΧΩΡΙΣ ΠΛΗΡΩΜΑ","177140003000","034912076","yahoo.com"
"ΚΟΡΦΟΥ ΠΕΡΛ ΣΕΪΛΙΝΓΚ Ι.Κ.Ε.","A","free-mail","dkorfou@gmail.com","2661090868","ΚΕΝΤΡΙΚΗΣ ΚΕΡΚΥΡΑΣ ΚΑΙ ΔΙΑΠΟΝΤΙΩΝ ΝΗΣΩΝ / ΚΕΡΚΥΡΑΣ","ΚΕΡΚΥΡΑΣ","ΙΚΕ","2022","","","ΥΠΗΡΕΣΙΕΣ ΕΝΟΙΚΙΑΣΗΣ ΤΟΥΡΙΣΤΙΚΟΥ ΣΚΑΦΟΥΣ, ΧΩΡΙΣ ΠΛΗΡΩΜΑ","164831833000","801866434","gmail.com"
"ΚΟΣΜΙΤΗΣ ΕΥΑΓΓΕΛΟΣ ΤΟΥ ΠΑΝΑΓΙΩΤΗ","A","free-mail","kosmitisv@gmail.com","2424033142","ΣΚΟΠΕΛΟΥ / ΣΠΟΡΑΔΩΝ","ΜΑΓΝΗΣΙΑΣ","ΑΤΟΜΙΚΗ","2021","","","ΥΠΗΡΕΣΙΕΣ ΕΝΟΙΚΙΑΣΗΣ ΤΟΥΡΙΣΤΙΚΟΥ ΣΚΑΦΟΥΣ, ΧΩΡΙΣ ΠΛΗΡΩΜΑ","158923044000","037005328","gmail.com"
"ΚΟΤΖΑΜΑΝΗΣ ΓΕΩΡΓΙΟΣ ΤΟΥ ΕΜΜΑΝΟΥΗΛ","A","free-mail","S_YOFI@YAHOO.COM","","ΗΛΙΟΥΠΟΛΕΩΣ / ΚΕΝΤΡΙΚΟΥ ΤΟΜΕΑ ΑΘΗΝΩΝ","ΑΤΤΙΚΗΣ","ΑΤΟΜΙΚΗ","2019","","","ΥΠΗΡΕΣΙΕΣ ΘΑΛΑΣΣΙΩΝ ΚΑΙ ΠΑΡΑΚΤΙΩΝ ΜΕΤΑΦΟΡΩΝ ΕΠΙΒΑΤΩΝ ΜΕ ΘΑΛΑΜΗΓΟΥΣ - ΤΟΥΡΙΣΤΙΚΑ ΠΛΟΙΑ ΜΕ ΕΛΛΗΝΙΚΗ ΣΗΜΑΙΑ","150838403000","104332676","yahoo.com"
"ΚΟΥΛΟΥΡΗΣ ΝΙΚΟΛΑΟΣ-ΜΟΙΡΙΣΚΛΑΒΟΥ ΜΑΡΙΑ  Ο.Ε.","A","free-mail","MIKROULIS1976@GMAIL.COM","6977778878","ΝΟΤΙΑΣ ΚΕΡΚΥΡΑΣ / ΚΕΡΚΥΡΑΣ","ΚΕΡΚΥΡΑΣ","ΟΕ","2022","","","ΥΠΗΡΕΣΙΕΣ ΣΚΑΦΩΝ ΕΚΔΡΟΜΩΝ ΚΑΙ ΠΕΡΙΗΓΗΣΕΩΝ ΘΑΛΑΣΣΑΣ","162345133000","801732745","gmail.com"
"ΚΟΥΡΕΜΠΗΣ ΜΑΡΙΟΣ - ΣΤΑΣΙΝΟΠΟΥΛΟΣ ΠΑΥΛΟΣ Ε.Ε.","A","free-mail","marioskourempis@outlook.com","2731073488","ΠΛΑΤΑΝΙΑ / ΧΑΝΙΩΝ","ΧΑΝΙΩΝ","ΕΕ","2026","","","ΥΠΗΡΕΣΙΕΣ ΕΝΟΙΚΙΑΣΗΣ ΤΟΥΡΙΣΤΙΚΟΥ ΣΚΑΦΟΥΣ, ΧΩΡΙΣ ΠΛΗΡΩΜΑ","193664358000","803278853","outlook.com"
"ΚΟΥΤΣΕΛΙΝΗΣ ΙΩΑΝΝΗΣ","A","free-mail","sailor88_rr@hotmail.com","2241022044","ΡΟΔΟΥ / ΡΟΔΟΥ","ΔΩΔΕΚΑΝΗΣΟΥ","ΑΤΟΜΙΚΗ","2013","","","ΥΠΗΡΕΣΙΕΣ ΕΝΟΙΚΙΑΣΗΣ ΤΟΥΡΙΣΤΙΚΟΥ ΣΚΑΦΟΥΣ, ΧΩΡΙΣ ΠΛΗΡΩΜΑ","145694820000","136139152","hotmail.com"
"ΚΡΗΤΙΚΟΣ ΘΩΜΑΣ ΤΟΥ ΑΓΓΕΛΟΥ","A","free-mail","tomkerkira@gmail.com","2661039716","ΠΡΕΒΕΖΑΣ / ΠΡΕΒΕΖΑΣ","ΠΡΕΒΕΖΑΣ","ΑΤΟΜΙΚΗ","2019","","","ΥΠΗΡΕΣΙΕΣ ΕΝΟΙΚΙΑΣΗΣ ΤΟΥΡΙΣΤΙΚΟΥ ΣΚΑΦΟΥΣ, ΧΩΡΙΣ ΠΛΗΡΩΜΑ","188270549000","055688352","gmail.com"
"ΚΡΗΤΙΚΟΥ ΙΩΑΝΝΗΣ","A","free-mail","elpidapapa1987@gmail.com","2246070240","ΣΥΜΗΣ / ΡΟΔΟΥ","ΔΩΔΕΚΑΝΗΣΟΥ","ΑΤΟΜΙΚΗ","2023","","","ΥΠΗΡΕΣΙΕΣ ΕΝΟΙΚΙΑΣΗΣ ΤΟΥΡΙΣΤΙΚΟΥ ΣΚΑΦΟΥΣ, ΧΩΡΙΣ ΠΛΗΡΩΜΑ","172305920000","063858081","gmail.com"
"ΚΡΙΤΩΝ ΓΙΩΤΙΝΚ Ι.Κ.Ε.","A","free-mail","stkitsiou@gmail.com","2103217812","ΚΑΣΣΑΝΔΡΑΣ / ΧΑΛΚΙΔΙΚΗΣ","ΧΑΛΚΙΔΙΚΗΣ","ΙΚΕ","2019","","","ΥΠΗΡΕΣΙΕΣ ΕΝΟΙΚΙΑΣΗΣ ΤΟΥΡΙΣΤΙΚΟΥ ΣΚΑΦΟΥΣ, ΧΩΡΙΣ ΠΛΗΡΩΜΑ","151573057000","801199135","gmail.com"
"ΚΡΟΥΑΖΙΕΡΕΣ ΑΠΟΔΡΑΣΗΣ ΜΟΝΟΠΡΟΣΩΠΗ Ι.Κ.Ε.","A","free-mail","manoliszannakis@hotmail.com","2241400471","ΡΟΔΟΥ / ΡΟΔΟΥ","ΔΩΔΕΚΑΝΗΣΟΥ","ΙΚΕ","2022","","","ΥΠΗΡΕΣΙΕΣ ΕΝΟΙΚΙΑΣΗΣ ΠΛΟΙΩΝ ΨΥΧΑΓΩΓΙΑΣ (ΚΟΤΕΡΩΝ, ΘΑΛΑΜΗΓΩΝ, ΒΕΝΖΙΝΑΚΑΤΩΝ ΚΛΠ), ΧΩΡΙΣ ΠΛΗΡΩΜΑ","164452520000","801846195","hotmail.com"
"ΚΥΑΝΟΣ ΓΙΩΤΙΝΓΚ ΜΟΝΟΠΡΟΣΩΠΗ Α.Ε.","A","free-mail","ioanna.savvani@gmail.com","6986847588","ΑΘΗΝΑΙΩΝ / ΚΕΝΤΡΙΚΟΥ ΤΟΜΕΑ ΑΘΗΝΩΝ","ΑΤΤΙΚΗΣ","ΑΕ","2020","","","ΥΠΗΡΕΣΙΕΣ ΕΝΟΙΚΙΑΣΗΣ ΤΟΥΡΙΣΤΙΚΟΥ ΣΚΑΦΟΥΣ, ΧΩΡΙΣ ΠΛΗΡΩΜΑ","155320801000","801368931","gmail.com"
"ΚΥΡΚΟΠΟΥΛΟΥ Δ. & ΣΙΑ Ε.Ε.","A","free-mail","giantsisg@gmail.com","6982179866","ΚΑΛΑΜΑΡΙΑΣ / ΘΕΣΣΑΛΟΝΙΚΗΣ","ΘΕΣΣΑΛΟΝΙΚΗΣ","ΕΕ","2020","","","ΥΠΗΡΕΣΙΕΣ ΕΝΟΙΚΙΑΣΗΣ ΠΛΟΙΩΝ ΨΥΧΑΓΩΓΙΑΣ (ΚΟΤΕΡΩΝ, ΘΑΛΑΜΗΓΩΝ, ΒΕΝΖΙΝΑΚΑΤΩΝ ΚΛΠ), ΧΩΡΙΣ ΠΛΗΡΩΜΑ","154795806000","801344459","gmail.com"
"ΚΥΡΚΟΣ ΓΡΗΓΟΡΙΟΣ","A","free-mail","logistiko3ep@yahoo.gr","2392044655","ΘΕΡΜΑΪΚΟΥ / ΘΕΣΣΑΛΟΝΙΚΗΣ","ΘΕΣΣΑΛΟΝΙΚΗΣ","ΑΤΟΜΙΚΗ","2025","","","ΥΠΗΡΕΣΙΕΣ ΕΝΟΙΚΙΑΣΗΣ ΤΟΥΡΙΣΤΙΚΟΥ ΣΚΑΦΟΥΣ, ΧΩΡΙΣ ΠΛΗΡΩΜΑ","183879006000","053082291","yahoo.gr"
"ΚΩΝ. ΠΛΑΝΑΚΗΣ ΚΑΙ ΣΙΑ Ο.Ε.","A","free-mail","chaniasea@gmail.com","2821086012","ΧΑΝΙΩΝ / ΧΑΝΙΩΝ","ΧΑΝΙΩΝ","ΟΕ","2022","","","ΥΠΗΡΕΣΙΕΣ ΣΚΑΦΩΝ ΕΚΔΡΟΜΩΝ ΚΑΙ ΠΕΡΙΗΓΗΣΕΩΝ ΘΑΛΑΣΣΑΣ","164962658000","801873775","gmail.com"
"ΚΩΝΣΤΑΝΤΗΣ ΔΗΜΗΤΡΙΟΣ ΤΟΥ ΑΝΤΩΝΙΟΥ","A","free-mail","dimitriskonstantis@yahoo.com","6948064305","ΚΕΝΤΡΙΚΗΣ ΚΕΡΚΥΡΑΣ ΚΑΙ ΔΙΑΠΟΝΤΙΩΝ ΝΗΣΩΝ / ΚΕΡΚΥΡΑΣ","ΚΕΡΚΥΡΑΣ","ΑΤΟΜΙΚΗ","1987","","","ΥΠΗΡΕΣΙΕΣ ΕΝΟΙΚΙΑΣΗΣ ΠΛΟΙΩΝ ΨΥΧΑΓΩΓΙΑΣ (ΚΟΤΕΡΩΝ, ΘΑΛΑΜΗΓΩΝ, ΒΕΝΖΙΝΑΚΑΤΩΝ ΚΛΠ) ΜΕ ΠΛΗΡΩΜΑ","127915533000","021660353","yahoo.com"
"ΚΩΝΣΤΑΝΤΙΝΟΣ ΒΑΚΑΛΟΠΟΥΛΟΣ ΚΑΙ ΣΙΑ  ΕΕ","A","free-mail","kostisv@gmail.com","2108073676","ΦΙΛΟΘΕΗΣ - ΨΥΧΙΚΟΥ / ΒΟΡΕΙΟΥ ΤΟΜΕΑ ΑΘΗΝΩΝ","ΑΤΤΙΚΗΣ","ΕΕ","1995","","","ΥΠΗΡΕΣΙΕΣ ΕΝΟΙΚΙΑΣΗΣ ΤΟΥΡΙΣΤΙΚΟΥ ΣΚΑΦΟΥΣ, ΧΩΡΙΣ ΠΛΗΡΩΜΑ","136782801000","093672469","gmail.com"
"ΚΩΝΣΤΑΝΤΙΝΟΣ ΚΑΖΑΝΤΖΗΣ ΜΟΝΟΠΡΟΣΩΠΗ Ι.Κ.Ε.","A","free-mail","kazantzisk@yahoo.com","2111827562","ΑΘΗΝΑΙΩΝ / ΚΕΝΤΡΙΚΟΥ ΤΟΜΕΑ ΑΘΗΝΩΝ","ΑΤΤΙΚΗΣ","ΙΚΕ","2022","","","ΥΠΗΡΕΣΙΕΣ ΕΝΟΙΚΙΑΣΗΣ ΠΛΟΙΩΝ ΨΥΧΑΓΩΓΙΑΣ (ΚΟΤΕΡΩΝ, ΘΑΛΑΜΗΓΩΝ, ΒΕΝΖΙΝΑΚΑΤΩΝ ΚΛΠ), ΧΩΡΙΣ ΠΛΗΡΩΜΑ","166834501000","801947793","yahoo.com"
"ΚΩΝΣΤΑΝΤΙΝΟΥ ΜΑΡΙΑ ΤΟΥ ΑΝΔΡΕΑ","A","free-mail","mariosvoutos@hotmail.com","","ΖΑΚΥΝΘΟΥ / ΖΑΚΥΝΘΟΥ","ΖΑΚΥΝΘΟΥ","ΑΤΟΜΙΚΗ","","","","ΥΠΗΡΕΣΙΕΣ ΕΝΟΙΚΙΑΣΗΣ ΕΠΑΓΓΕΛΜΑΤΙΚΟΥ ΤΟΥΡΙΣΤΙΚΟΥ ΣΚΑΦΟΥΣ ΜΕ ΠΛΗΡΩΜΑ","174217524000","163701763","hotmail.com"
"ΚΩΣΤΑΚΗ ΣΤΑΥΡΟΥΛΑ","A","free-mail","stavroulakostaki@yahoo.gr","","ΡΟΔΟΥ / ΡΟΔΟΥ","ΔΩΔΕΚΑΝΗΣΟΥ","ΑΤΟΜΙΚΗ","2013","","","ΥΠΗΡΕΣΙΕΣ ΣΚΑΦΩΝ ΕΚΔΡΟΜΩΝ ΚΑΙ ΠΕΡΙΗΓΗΣΕΩΝ ΘΑΛΑΣΣΑΣ","157343320000","065387028","yahoo.gr"
"ΚΩΣΤΑΚΗΣ  ΓΕΩΡΓΙΟΣ","A","free-mail","gkostakis123@gmail.com","","ΑΓΙΟΥ ΝΙΚΟΛΑΟΥ / ΛΑΣΙΘΙΟΥ","ΛΑΣΙΘΙΟΥ","ΑΤΟΜΙΚΗ","1992","","","ΥΠΗΡΕΣΙΕΣ ΘΑΛΑΣΣΙΩΝ ΚΑΙ ΠΑΡΑΚΤΙΩΝ ΜΕΤΑΦΟΡΩΝ ΕΠΙΒΑΤΩΝ ΜΕ ΘΑΛΑΜΗΓΟΥΣ - ΤΟΥΡΙΣΤΙΚΑ ΠΛΟΙΑ ΜΕ ΕΛΛΗΝΙΚΗ ΣΗΜΑΙΑ","24697041000","072657164","gmail.com"
"ΚΩΤΣΙΟΣ ΑΘΑΝΑΣΙΟΣ ΤΟΥ ΠΑΣΧΟΥ","A","free-mail","pargacruises@gmail.com","2684032048","ΠΑΡΓΑΣ / ΠΡΕΒΕΖΑΣ","ΠΡΕΒΕΖΑΣ","ΑΤΟΜΙΚΗ","2015","","","ΥΠΗΡΕΣΙΕΣ ΣΚΑΦΩΝ ΕΚΔΡΟΜΩΝ ΚΑΙ ΠΕΡΙΗΓΗΣΕΩΝ ΘΑΛΑΣΣΑΣ","166843049000","033886197","gmail.com"
"ΛΑΜΠΡΟΓΛΟΥ ΑΝΤΩΝΙΟΣ","A","free-mail","alambroglou@gmail.com","2242023172","ΚΩ / ΚΩ","ΔΩΔΕΚΑΝΗΣΟΥ","ΑΤΟΜΙΚΗ","2023","","","ΥΠΗΡΕΣΙΕΣ ΣΚΑΦΩΝ ΕΚΔΡΟΜΩΝ ΚΑΙ ΠΕΡΙΗΓΗΣΕΩΝ ΘΑΛΑΣΣΑΣ","168690220000","152446650","gmail.com"
"ΛΕΦΑΣ ΔΗΜΗΤΡΙΟΣ ΚΑΙ ΣΙΑ Ι.Κ.Ε.","A","free-mail","hatzik_3@yahoo.gr","2310752236","ΘΕΣΣΑΛΟΝΙΚΗΣ / ΘΕΣΣΑΛΟΝΙΚΗΣ","ΘΕΣΣΑΛΟΝΙΚΗΣ","ΙΚΕ","2020","","","ΥΠΗΡΕΣΙΕΣ ΕΝΟΙΚΙΑΣΗΣ ΠΛΟΙΩΝ ΨΥΧΑΓΩΓΙΑΣ (ΚΟΤΕΡΩΝ, ΘΑΛΑΜΗΓΩΝ, ΒΕΝΖΙΝΑΚΑΤΩΝ ΚΛΠ) ΜΕ ΠΛΗΡΩΜΑ","154711604000","801339580","yahoo.gr"
"ΛΙΑΜΗ ΑΦΡΟΔΙΤΗ","A","free-mail","ilioskos@yahoo.gr","2242049765","ΚΩ / ΚΩ","ΔΩΔΕΚΑΝΗΣΟΥ","ΑΤΟΜΙΚΗ","2024","","","ΥΠΗΡΕΣΙΕΣ ΣΚΑΦΩΝ ΕΚΔΡΟΜΩΝ ΚΑΙ ΠΕΡΙΗΓΗΣΕΩΝ ΘΑΛΑΣΣΑΣ","175870820000","130649614","yahoo.gr"
"ΛΙΑΤΣΗΣ ΑΧΙΛΛΕΑΣ ΤΟΥ ΧΡΗΣΤΟΥ","A","free-mail","liatsis.a@gmail.com","","ΠΑΡΓΑΣ / ΠΡΕΒΕΖΑΣ","ΠΡΕΒΕΖΑΣ","ΑΤΟΜΙΚΗ","2016","","","ΥΠΗΡΕΣΙΕΣ ΕΝΟΙΚΙΑΣΗΣ ΤΟΥΡΙΣΤΙΚΟΥ ΣΚΑΦΟΥΣ, ΧΩΡΙΣ ΠΛΗΡΩΜΑ","182384449000","302287509","gmail.com"
"ΛΙΟΠΕΤΑΣ Κ Ι.Κ.Ε.","A","free-mail","kotsosliop@gmail.com","6972108250","ΠΑΤΡΕΩΝ / ΑΧΑΙΑΣ","ΑΧΑΙΑΣ","ΙΚΕ","2025","","","ΥΠΗΡΕΣΙΕΣ ΕΝΟΙΚΙΑΣΗΣ ΤΟΥΡΙΣΤΙΚΟΥ ΣΚΑΦΟΥΣ, ΧΩΡΙΣ ΠΛΗΡΩΜΑ","189121616000","803088142","gmail.com"
"ΛΟΥΜΑΚΟΣ ΠΑΝΑΓΙΩΤΗΣ","A","free-mail","george_skier@hotmail.com","6949375290","ΠΥΛΑΙΑΣ-ΧΟΡΤΙΑΤΗ / ΘΕΣΣΑΛΟΝΙΚΗΣ","ΘΕΣΣΑΛΟΝΙΚΗΣ","ΑΤΟΜΙΚΗ","2025","","","ΥΠΗΡΕΣΙΕΣ ΘΑΛΑΣΣΙΩΝ ΚΑΙ ΠΑΡΑΚΤΙΩΝ ΜΕΤΑΦΟΡΩΝ ΕΠΙΒΑΤΩΝ ΜΕ ΘΑΛΑΜΗΓΟΥΣ - ΤΟΥΡΙΣΤΙΚΑ ΠΛΟΙΑ ΜΕ ΕΛΛΗΝΙΚΗ ΣΗΜΑΙΑ","185709606000","161239345","hotmail.com"
"ΛΟΥΜΠΑΚΗΣ ΕΜΜΑΝΟΥΗΛ ΤΟΥ ΓΕΩΡΓΙΟΥ","A","free-mail","manosloumpakis2014@gmail.com","6977170881","ΜΑΛΕΒΙΖΙΟΥ / ΗΡΑΚΛΕΙΟΥ","ΗΡΑΚΛΕΙΟΥ","ΑΤΟΜΙΚΗ","2021","","","ΥΠΗΡΕΣΙΕΣ ΕΝΟΙΚΙΑΣΗΣ ΕΠΑΓΓΕΛΜΑΤΙΚΟΥ ΤΟΥΡΙΣΤΙΚΟΥ ΣΚΑΦΟΥΣ ΜΕ ΠΛΗΡΩΜΑ","176722027000","123183045","gmail.com"
"ΛΟΥΞ 1 ΜΟΝΟΠΡΟΣΩΠΗ Ι.Κ.Ε.","A","free-mail","cavakapa@gmail.com","6999217333","ΑΘΗΝΑΙΩΝ / ΚΕΝΤΡΙΚΟΥ ΤΟΜΕΑ ΑΘΗΝΩΝ","ΑΤΤΙΚΗΣ","ΙΚΕ","2024","","","ΥΠΗΡΕΣΙΕΣ ΕΝΟΙΚΙΑΣΗΣ ΤΟΥΡΙΣΤΙΚΟΥ ΣΚΑΦΟΥΣ, ΧΩΡΙΣ ΠΛΗΡΩΜΑ","174991001000","802360304","gmail.com"
"ΛΥΔΙΑ RIBS ΜΟΝΟΠΡΟΣΩΠΗ Ι.Κ.Ε.","A","free-mail","diatsintos@gmail.com","6932906959","ΠΕΙΡΑΙΩΣ / ΠΕΙΡΑΙΩΣ","ΑΤΤΙΚΗΣ","ΙΚΕ","2023","","","ΥΠΗΡΕΣΙΕΣ ΕΝΟΙΚΙΑΣΗΣ ΤΟΥΡΙΣΤΙΚΟΥ ΣΚΑΦΟΥΣ, ΧΩΡΙΣ ΠΛΗΡΩΜΑ","170521107000","802128392","gmail.com"
"ΛΥΔΙΑ ΓΙΩΤΙΝΓΚ Ι.Κ.Ε.","A","free-mail","loukas.vazeos@gmail.com","6944655053","ΠΡΕΒΕΖΑΣ / ΠΡΕΒΕΖΑΣ","ΠΡΕΒΕΖΑΣ","ΙΚΕ","2019","","","ΥΠΗΡΕΣΙΕΣ ΕΝΟΙΚΙΑΣΗΣ ΤΟΥΡΙΣΤΙΚΟΥ ΣΚΑΦΟΥΣ, ΧΩΡΙΣ ΠΛΗΡΩΜΑ","152346149000","801234314","gmail.com"
"ΛΥΚΟΣ ΧΡΗΣΤΟΣ","A","free-mail","lykthegreek@hotmail.com","2241034769","ΡΟΔΟΥ / ΡΟΔΟΥ","ΔΩΔΕΚΑΝΗΣΟΥ","ΑΤΟΜΙΚΗ","2007","","","ΥΠΗΡΕΣΙΕΣ ΣΚΑΦΩΝ ΕΚΔΡΟΜΩΝ ΚΑΙ ΠΕΡΙΗΓΗΣΕΩΝ ΘΑΛΑΣΣΑΣ","72986220000","101671908","hotmail.com"
"ΛΥΜΠΕΡΗΣ ΑΘΑΝΑΣΙΟΣ","A","free-mail","sakislimperis@gmail.com","2241066897","ΡΟΔΟΥ / ΡΟΔΟΥ","ΔΩΔΕΚΑΝΗΣΟΥ","ΑΤΟΜΙΚΗ","2021","","","ΥΠΗΡΕΣΙΕΣ ΣΚΑΦΩΝ ΕΚΔΡΟΜΩΝ ΚΑΙ ΠΕΡΙΗΓΗΣΕΩΝ ΘΑΛΑΣΣΑΣ","166208720000","140175590","gmail.com"
"ΛΥΜΠΕΡΗΣ ΚΩΝΣΤΑΝΤΙΝΟΣ ΤΟΥ ΙΩΑΝΝΗ","A","free-mail","koslichadonisia@gmail.com","2226056076","ΙΣΤΙΑΙΑΣ-ΑΙΔΗΨΟΥ / ΕΥΒΟΙΑΣ","ΕΥΒΟΙΑΣ","ΑΤΟΜΙΚΗ","2000","","","ΥΠΗΡΕΣΙΕΣ ΣΚΑΦΩΝ ΕΚΔΡΟΜΩΝ ΚΑΙ ΠΕΡΙΗΓΗΣΕΩΝ ΘΑΛΑΣΣΑΣ","193933122000","047584391","gmail.com"
"ΛΥΝΞ ΜΟΝΟΠΡΟΣΩΠΗ Ι.Κ.Ε.","A","free-mail","forotechnicathalassinou@yahoo.gr","2109854462","ΑΓΙΟΥ ΔΗΜΗΤΡΙΟΥ / ΝΟΤΙΟΥ ΤΟΜΕΑ ΑΘΗΝΩΝ","ΑΤΤΙΚΗΣ","ΙΚΕ","2021","","","ΥΠΗΡΕΣΙΕΣ ΕΝΟΙΚΙΑΣΗΣ ΤΟΥΡΙΣΤΙΚΟΥ ΣΚΑΦΟΥΣ, ΧΩΡΙΣ ΠΛΗΡΩΜΑ","160798601000","801648639","yahoo.gr"
"ΛΥΠΑΡΗ Β ΚΑΙ ΣΙΑ Ο.Ε.","A","free-mail","skouskousakis@gmail.com","6945312013","ΧΙΟΥ / ΧΙΟΥ","ΧΙΟΥ","ΟΕ","2020","","","ΥΠΗΡΕΣΙΕΣ ΕΝΟΙΚΙΑΣΗΣ ΠΛΟΙΩΝ ΨΥΧΑΓΩΓΙΑΣ (ΚΟΤΕΡΩΝ, ΘΑΛΑΜΗΓΩΝ, ΒΕΝΖΙΝΑΚΑΤΩΝ ΚΛΠ), ΧΩΡΙΣ ΠΛΗΡΩΜΑ","154372059000","801321956","gmail.com"
"Μ. ΚΑΦΕΤΖΗΣ - Σ. ΠΡΙΤΣΑ Ο.Ε.","A","free-mail","kafetzismix@yahoo.gr","2231027808","ΚΑΡΠΑΘΟΥ / ΚΑΡΠΑΘΟΥ","ΔΩΔΕΚΑΝΗΣΟΥ","ΟΕ","2024","","","ΥΠΗΡΕΣΙΕΣ ΣΚΑΦΩΝ ΕΚΔΡΟΜΩΝ ΚΑΙ ΠΕΡΙΗΓΗΣΕΩΝ ΘΑΛΑΣΣΑΣ","175777120000","802405781","yahoo.gr"
"ΜΑΓΚ ΓΙΩΤΣ ΙΔΙΩΤΙΚΗ ΚΕΦΑΛΑΙΟΥΧΙΚΗ ΕΤΑΙΡΕΙΑ","A","free-mail","panagiotismeintanis@gmail.com","2106468035","ΒΟΛΟΥ / ΜΑΓΝΗΣΙΑΣ","ΜΑΓΝΗΣΙΑΣ","ΙΚΕ","2022","","","ΥΠΗΡΕΣΙΕΣ ΕΝΟΙΚΙΑΣΗΣ ΤΟΥΡΙΣΤΙΚΟΥ ΣΚΑΦΟΥΣ, ΧΩΡΙΣ ΠΛΗΡΩΜΑ","162215144000","801724942","gmail.com"
"ΜΑΖΗΣ ΑΛΕΞΑΝΔΡΟΣ ΓΡΗΓΟΡΙΟΣ ΤΟΥ ΝΙΚΟΛΑΟΥ","A","free-mail","aleksandros.mazis@hotmail.gr","2661028800","ΚΕΝΤΡΙΚΗΣ ΚΕΡΚΥΡΑΣ ΚΑΙ ΔΙΑΠΟΝΤΙΩΝ ΝΗΣΩΝ / ΚΕΡΚΥΡΑΣ","ΚΕΡΚΥΡΑΣ","ΑΤΟΜΙΚΗ","2025","","","ΥΠΗΡΕΣΙΕΣ ΕΝΟΙΚΙΑΣΗΣ ΣΚΑΦΩΝ ΘΑΛΑΣΣΙΑΣ ΚΑΙ ΑΚΤΟΠΛΟΪΚΗΣ ΜΕΤΑΦΟΡΑΣ ΕΠΙΒΑΤΩΝ ΜΕ ΧΕΙΡΙΣΤΗ","182770233000","165780106","hotmail.gr"
"ΜΑΚΡΙΝΟΥ ΕΛΕΑΝΝΑ","A","free-mail","arizetem@otenet.gr","2287023753","ΜΗΛΟΥ / ΜΗΛΟΥ","ΚΥΚΛΑΔΩΝ","ΑΤΟΜΙΚΗ","2024","","","ΥΠΗΡΕΣΙΕΣ ΕΝΟΙΚΙΑΣΗΣ ΤΟΥΡΙΣΤΙΚΟΥ ΣΚΑΦΟΥΣ, ΧΩΡΙΣ ΠΛΗΡΩΜΑ","180889838000","179040999","otenet.gr"
"ΜΑΚΡΥΓΙΑΝΝΗΣ ΠΑΝΑΓΙΩΤΗΣ ΤΟΥ ΔΗΜΗΤΡΙΟΥ","A","free-mail","panos.makrigiannis@gmail.com","6945277709","ΒΑΡΗΣ - ΒΟΥΛΑΣ - ΒΟΥΛΙΑΓΜΕΝΗΣ / ΑΝΑΤΟΛΙΚΗΣ ΑΤΤΙΚΗΣ","ΑΤΤΙΚΗΣ","ΑΤΟΜΙΚΗ","2025","","","ΥΠΗΡΕΣΙΕΣ ΕΝΟΙΚΙΑΣΗΣ ΤΟΥΡΙΣΤΙΚΟΥ ΣΚΑΦΟΥΣ, ΧΩΡΙΣ ΠΛΗΡΩΜΑ","188730803000","050241958","gmail.com"
"ΜΑΛΑΜΑΤΕΝΙΟΣ ΓΕΩΡΓΙΟΣ ΤΟΥ ΔΗΜΗΤΡΙΟΥ","A","free-mail","a2424066200@gmail.com","2424066200","ΑΛΟΝΝΗΣΟΥ / ΣΠΟΡΑΔΩΝ","ΜΑΓΝΗΣΙΑΣ","ΑΤΟΜΙΚΗ","2024","","","ΥΠΗΡΕΣΙΕΣ ΕΝΟΙΚΙΑΣΗΣ ΠΛΟΙΩΝ ΨΥΧΑΓΩΓΙΑΣ (ΚΟΤΕΡΩΝ, ΘΑΛΑΜΗΓΩΝ, ΒΕΝΖΙΝΑΚΑΤΩΝ ΚΛΠ), ΧΩΡΙΣ ΠΛΗΡΩΜΑ","160806644000","168659791","gmail.com"
"ΜΑΜΑΛΟΥΚΟΣ ΕΥΡΙΠΙΔΗΣ ΤΟΥ ΚΩΝΣΤΑΝΤΙΝΟΥ","A","free-mail","mamaloukoseuripidis@gmail.com","","ΚΑΛΛΙΘΕΑΣ / ΝΟΤΙΟΥ ΤΟΜΕΑ ΑΘΗΝΩΝ","ΑΤΤΙΚΗΣ","ΑΤΟΜΙΚΗ","2018","","","ΥΠΗΡΕΣΙΕΣ ΘΑΛΑΣΣΙΩΝ ΚΑΙ ΠΑΡΑΚΤΙΩΝ ΜΕΤΑΦΟΡΩΝ ΕΠΙΒΑΤΩΝ ΜΕ ΘΑΛΑΜΗΓΟΥΣ - ΤΟΥΡΙΣΤΙΚΑ ΠΛΟΙΑ ΜΕ ΕΛΛΗΝΙΚΗ ΣΗΜΑΙΑ","147574308000","152734070","gmail.com"
"ΜΑΜΑΣ ΑΘΑΝΑΣΙΟΣ ΤΟΥ ΣΤΥΛΙΑΝΟΥ","A","free-mail","evian@otenet.gr","6932424415","ΚΑΡΥΣΤΟΥ / ΕΥΒΟΙΑΣ","ΕΥΒΟΙΑΣ","ΑΤΟΜΙΚΗ","2024","","","ΥΠΗΡΕΣΙΕΣ ΘΑΛΑΣΣΙΩΝ ΚΑΙ ΠΑΡΑΚΤΙΩΝ ΜΕΤΑΦΟΡΩΝ ΕΠΙΒΑΤΩΝ ΜΕ ΘΑΛΑΜΗΓΟΥΣ - ΤΟΥΡΙΣΤΙΚΑ ΠΛΟΙΑ ΜΕ ΕΛΛΗΝΙΚΗ ΣΗΜΑΙΑ","177685822000","106871330","otenet.gr"
"ΜΑΜΜΑΣ  ΓΕΩΡΓΙΟΣ ΚΑΙ ΣΙΑ  Ο.Ε.","A","free-mail","chiosyachting@gmail.com","","ΧΙΟΥ / ΧΙΟΥ","ΧΙΟΥ","ΟΕ","2010","","","ΥΠΗΡΕΣΙΕΣ ΕΝΟΙΚΙΑΣΗΣ ΤΟΥΡΙΣΤΙΚΟΥ ΣΚΑΦΟΥΣ, ΧΩΡΙΣ ΠΛΗΡΩΜΑ","11962859000","997895047","gmail.com"
"ΜΑΝΑΤΟΣ ΣΤΑΜΑΤΙΟΣ ΤΟΥ ΝΙΚΟΛΑΟΥ","A","free-mail","stamatismanatos@gmail.com","6978249113","ΚΕΝΤΡΙΚΗΣ ΚΕΡΚΥΡΑΣ ΚΑΙ ΔΙΑΠΟΝΤΙΩΝ ΝΗΣΩΝ / ΚΕΡΚΥΡΑΣ","ΚΕΡΚΥΡΑΣ","ΑΤΟΜΙΚΗ","2024","","","ΥΠΗΡΕΣΙΕΣ ΕΝΟΙΚΙΑΣΗΣ ΕΠΑΓΓΕΛΜΑΤΙΚΟΥ ΤΟΥΡΙΣΤΙΚΟΥ ΣΚΑΦΟΥΣ ΜΕ ΠΛΗΡΩΜΑ","177389533000","152312660","gmail.com"
"ΜΑΝΙΚΑΣ ΚΩΝΣΤΑΝΤΙΝΟΣ ΤΟΥ ΑΓΓΕΛΗ (ΜΕ ΕΚ/ΤΑ ΔΕΝ ΕΧΕΙ ΕΚΔΟΘΕΙ ΑΝΑΚΟΙΝΩΣΗ ΕΝΑΡΞΗΣ ΣΤΟ ΓΕΜΗ)","A","free-mail","kostasmanikas71@gmail.com","6977808269","ΣΚΙΑΘΟΥ / ΣΠΟΡΑΔΩΝ","ΜΑΓΝΗΣΙΑΣ","ΑΤΟΜΙΚΗ","2024","","","ΥΠΗΡΕΣΙΕΣ ΣΚΑΦΩΝ ΕΚΔΡΟΜΩΝ ΚΑΙ ΠΕΡΙΗΓΗΣΕΩΝ ΘΑΛΑΣΣΑΣ","179483344000","177862465","gmail.com"
"ΜΑΡΑΖΑΚΗΣ Α. ΠΑΝΑΓΙΩΤΗΣ Ε.Ε.","A","free-mail","marazakispanagiotis@hotmail.com","6945227721","ΗΡΑΚΛΕΙΟΥ / ΗΡΑΚΛΕΙΟΥ","ΗΡΑΚΛΕΙΟΥ","ΕΕ","2023","","","ΥΠΗΡΕΣΙΕΣ ΣΚΑΦΩΝ ΕΚΔΡΟΜΩΝ ΚΑΙ ΠΕΡΙΗΓΗΣΕΩΝ ΘΑΛΑΣΣΑΣ","173950227000","802302104","hotmail.com"
"ΜΑΡΙΝΟΣ ΓΕΩΡΓΙΟΣ ΤΟΥ ΧΑΡΑΛΑΜΠΟΥΣ","A","free-mail","marinos.g.c@gmail.com","","ΧΑΙΔΑΡΙΟΥ / ΔΥΤΙΚΟΥ ΤΟΜΕΑ ΑΘΗΝΩΝ","ΑΤΤΙΚΗΣ","ΑΤΟΜΙΚΗ","2020","","","ΥΠΗΡΕΣΙΕΣ ΕΝΟΙΚΙΑΣΗΣ ΠΛΟΙΩΝ ΨΥΧΑΓΩΓΙΑΣ (ΚΟΤΕΡΩΝ, ΘΑΛΑΜΗΓΩΝ, ΒΕΝΖΙΝΑΚΑΤΩΝ ΚΛΠ), ΧΩΡΙΣ ΠΛΗΡΩΜΑ","154330503000","134790834","gmail.com"
"ΜΑΡΚΑΝΤΩΝΑΚΗΣ ΜΙΧΑΗΛ","A","free-mail","michalis_mark@yahoo.gr","2841027001","ΑΓΙΟΥ ΝΙΚΟΛΑΟΥ / ΛΑΣΙΘΙΟΥ","ΛΑΣΙΘΙΟΥ","ΑΤΟΜΙΚΗ","2023","","","ΥΠΗΡΕΣΙΕΣ ΕΝΟΙΚΙΑΣΗΣ ΤΟΥΡΙΣΤΙΚΟΥ ΣΚΑΦΟΥΣ, ΧΩΡΙΣ ΠΛΗΡΩΜΑ","169168541000","110301735","yahoo.gr"
"ΜΑΡΚΑΤΗΣ ΜΑΤΘΑΙΟΣ ΤΟΥ ΛΕΩΝΙΔΑ","A","free-mail","matmarkatis@yahoo.gr","6932692792","ΝΟΤΙΑΣ ΚΕΡΚΥΡΑΣ / ΚΕΡΚΥΡΑΣ","ΚΕΡΚΥΡΑΣ","ΑΤΟΜΙΚΗ","2018","","","ΥΠΗΡΕΣΙΕΣ ΣΚΑΦΩΝ ΕΚΔΡΟΜΩΝ ΚΑΙ ΠΕΡΙΗΓΗΣΕΩΝ ΘΑΛΑΣΣΑΣ","166142133000","043313090","yahoo.gr"
"ΜΑΡΚΟΖΑΝΝΕΣ ΕΥΤΥΧΙΟΣ ΚΑΙ ΣΙΑ Ε.Ε.","A","free-mail","plakaskleo@gmail.com","6977445788","ΘΗΡΑΣ / ΘΗΡΑΣ","ΚΥΚΛΑΔΩΝ","ΕΕ","2020","","","ΥΠΗΡΕΣΙΕΣ ΕΝΟΙΚΙΑΣΗΣ ΕΠΑΓΓΕΛΜΑΤΙΚΟΥ ΤΟΥΡΙΣΤΙΚΟΥ ΣΚΑΦΟΥΣ ΜΕ ΠΛΗΡΩΜΑ","154384338000","801322572","gmail.com"
"ΜΑΡΚΟΠΟΥΛΟΣ ΑΡΙΣΤΕΙΔΗΣ ΤΟΥ ΕΥΡΙΠΙΔΗ","A","free-mail","markous1230@gmail.com","","ΚΑΤΕΡΙΝΗΣ / ΠΙΕΡΙΑΣ","ΠΙΕΡΙΑΣ","ΑΤΟΜΙΚΗ","2018","","","ΥΠΗΡΕΣΙΕΣ ΕΝΟΙΚΙΑΣΗΣ ΤΟΥΡΙΣΤΙΚΟΥ ΣΚΑΦΟΥΣ, ΧΩΡΙΣ ΠΛΗΡΩΜΑ","189378848000","053867684","gmail.com"
"ΜΑΡΚΟΥ ΦΩΤΙΟΣ ΤΟΥ ΘΕΟΔΩΡΟΥ","A","free-mail","fotismarkou1973@gmail.com","2684031502","ΠΑΡΓΑΣ / ΠΡΕΒΕΖΑΣ","ΠΡΕΒΕΖΑΣ","ΑΤΟΜΙΚΗ","2002","","","ΥΠΗΡΕΣΙΕΣ ΕΝΟΙΚΙΑΣΗΣ ΕΠΑΓΓΕΛΜΑΤΙΚΟΥ ΤΟΥΡΙΣΤΙΚΟΥ ΣΚΑΦΟΥΣ ΜΕ ΠΛΗΡΩΜΑ","16806549000","049617232","gmail.com"
"ΜΑΡΚΟΥΛΑΚΗ ΣΟΦΙΑ ΤΟΥ ΓΕΩΡΓΙΟΥ","A","free-mail","sophakimarkoulaki@gmail.com","6942902598","ΧΑΝΙΩΝ / ΧΑΝΙΩΝ","ΧΑΝΙΩΝ","ΑΤΟΜΙΚΗ","2023","","","ΥΠΗΡΕΣΙΕΣ ΣΚΑΦΩΝ ΕΚΔΡΟΜΩΝ ΚΑΙ ΠΕΡΙΗΓΗΣΕΩΝ ΘΑΛΑΣΣΑΣ","191741358000","151556590","gmail.com"
"ΜΑΡΧ ΓΙΩΤΙΝΓΚ Ε.Ε.","A","free-mail","liberopandreas@gmail.com","6944525372","ΑΧΑΡΝΩΝ / ΑΝΑΤΟΛΙΚΗΣ ΑΤΤΙΚΗΣ","ΑΤΤΙΚΗΣ","ΕΕ","2022","","","ΥΠΗΡΕΣΙΕΣ ΕΝΟΙΚΙΑΣΗΣ ΕΠΑΓΓΕΛΜΑΤΙΚΟΥ ΤΟΥΡΙΣΤΙΚΟΥ ΣΚΑΦΟΥΣ ΜΕ ΠΛΗΡΩΜΑ","164364101000","801841845","gmail.com"
"ΜΕΔΟΥΣΑ ΜΠΛΟΥΖ Ι.Κ.Ε.","A","free-mail","g.boukis@gmail.com","2104511627","ΓΛΥΦΑΔΑΣ / ΝΟΤΙΟΥ ΤΟΜΕΑ ΑΘΗΝΩΝ","ΑΤΤΙΚΗΣ","ΙΚΕ","2024","","","ΥΠΗΡΕΣΙΕΣ ΕΝΟΙΚΙΑΣΗΣ ΕΠΑΓΓΕΛΜΑΤΙΚΟΥ ΤΟΥΡΙΣΤΙΚΟΥ ΣΚΑΦΟΥΣ ΜΕ ΠΛΗΡΩΜΑ","176257001000","802432617","gmail.com"
"ΜΕΛΕΤΗΣ Κ ΚΑΙ ΣΙΑ Ε.Ε.","A","free-mail","kyriakosmeletis@hotmail.com","6977819970","ΑΡΓΟΣΤΟΛΙΟΥ / ΚΕΦΑΛΛΗΝΙΑΣ","ΚΕΦΑΛΛΗΝΙΑΣ","ΕΕ","2023","","","ΥΠΗΡΕΣΙΕΣ ΕΝΟΙΚΙΑΣΗΣ ΤΟΥΡΙΣΤΙΚΟΥ ΣΚΑΦΟΥΣ, ΧΩΡΙΣ ΠΛΗΡΩΜΑ","169317834000","802069210","hotmail.com"
"ΜΕΛΙΣΣΟΥΡΓΟΣ ΦΙΛΙΠΠΟΣ ΤΟΥ ΣΤΑΥΡΟΥ","A","free-mail","filipposmelis@gmail.com","2310208766","ΚΑΣΣΑΝΔΡΑΣ / ΧΑΛΚΙΔΙΚΗΣ","ΧΑΛΚΙΔΙΚΗΣ","ΑΤΟΜΙΚΗ","2024","","","ΥΠΗΡΕΣΙΕΣ ΘΑΛΑΣΣΙΩΝ ΚΑΙ ΠΑΡΑΚΤΙΩΝ ΜΕΤΑΦΟΡΩΝ ΕΠΙΒΑΤΩΝ ΜΕ ΘΑΛΑΜΗΓΟΥΣ - ΤΟΥΡΙΣΤΙΚΑ ΠΛΟΙΑ ΜΕ ΕΛΛΗΝΙΚΗ ΣΗΜΑΙΑ","181045857000","156471999","gmail.com"
"ΜΕΝΤΙΤΕΡΑΓΙΩΤΣ Ι.Κ.Ε.","A","free-mail","mediterrayachts@gmail.com","6944466364","ΑΜΦΙΛΟΧΙΑΣ / ΑΙΤΩΛΟΑΚΑΡΝΑΝΙΑΣ","ΑΙΤΩΛΟΑΚΑΡΝΑΝΙΑΣ","ΙΚΕ","2019","","","ΥΠΗΡΕΣΙΕΣ ΕΝΟΙΚΙΑΣΗΣ ΤΟΥΡΙΣΤΙΚΟΥ ΣΚΑΦΟΥΣ, ΧΩΡΙΣ ΠΛΗΡΩΜΑ","150672512000","801168620","gmail.com"
"ΜΕΡΙΝΟΠΟΥΛΟΣ ΗΛΙΑΣ ΤΟΥ ΕΥΘΥΜΙΟΥ","A","free-mail","skyrosinsurance@gmail.com","2222091102","ΣΚΥΡΟΥ / ΕΥΒΟΙΑΣ","ΕΥΒΟΙΑΣ","ΑΤΟΜΙΚΗ","2021","","","ΥΠΗΡΕΣΙΕΣ ΣΚΑΦΩΝ ΕΚΔΡΟΜΩΝ ΚΑΙ ΠΕΡΙΗΓΗΣΕΩΝ ΘΑΛΑΣΣΑΣ","133458422000","124294136","gmail.com"
"ΜΕΣΑΖΟΥ ΑΓΓΕΛΙΚΗ ΚΑΙ ΣΙΑ ΟΕ","A","free-mail","oikype@gmail.com","2661032552","ΚΕΝΤΡΙΚΗΣ ΚΕΡΚΥΡΑΣ ΚΑΙ ΔΙΑΠΟΝΤΙΩΝ ΝΗΣΩΝ / ΚΕΡΚΥΡΑΣ","ΚΕΡΚΥΡΑΣ","ΟΕ","2013","","","ΥΠΗΡΕΣΙΕΣ ΕΝΟΙΚΙΑΣΗΣ ΤΟΥΡΙΣΤΙΚΟΥ ΣΚΑΦΟΥΣ, ΧΩΡΙΣ ΠΛΗΡΩΜΑ","124936833000","800483578","gmail.com"
"ΜΕΣΑΖΟΥ ΑΓΓΕΛΙΚΗ ΚΑΙ ΣΙΑ ΟΕ (Υποκατάστημα)","A","free-mail","oikype@gmail.com","6978567538","ΚΕΝΤΡΙΚΗΣ ΚΕΡΚΥΡΑΣ ΚΑΙ ΔΙΑΠΟΝΤΙΩΝ ΝΗΣΩΝ / ΚΕΡΚΥΡΑΣ","ΚΕΡΚΥΡΑΣ","ΟΕ","2022","","","ΥΠΗΡΕΣΙΕΣ ΕΝΟΙΚΙΑΣΗΣ ΤΟΥΡΙΣΤΙΚΟΥ ΣΚΑΦΟΥΣ, ΧΩΡΙΣ ΠΛΗΡΩΜΑ","124936833001","800483578","gmail.com"
"ΜΕΣΟΓΕΙΑΚΑΙ ΚΡΟΥΑΖΙΕΡΑΙ ΜΟΝΟΠΡΟΣΩΠΗ ΕΠΕ","A","free-mail","ttr@otenet.gr","2107222226","ΑΘΗΝΑΙΩΝ / ΚΕΝΤΡΙΚΟΥ ΤΟΜΕΑ ΑΘΗΝΩΝ","ΑΤΤΙΚΗΣ","ΕΠΕ","1979","","","ΥΠΗΡΕΣΙΕΣ ΕΝΟΙΚΙΑΣΗΣ ΕΠΑΓΓΕΛΜΑΤΙΚΟΥ ΤΟΥΡΙΣΤΙΚΟΥ ΣΚΑΦΟΥΣ ΜΕ ΠΛΗΡΩΜΑ","135152101000","095018234","otenet.gr"
"ΜΕΣΟΓΕΙΑΚΗ ΤΟΛΜΗ ΜΟΝΟΠΡΟΣΩΠΗ ΙΔΙΩΤΙΚΗ ΚΕΦΑΛΑΙΟΥΧΙΚΗ ΕΤΑΙΡΕΙΑ","A","free-mail","karisludwik@yahoo.com","6947091873","ΑΘΗΝΑΙΩΝ / ΚΕΝΤΡΙΚΟΥ ΤΟΜΕΑ ΑΘΗΝΩΝ","ΑΤΤΙΚΗΣ","ΙΚΕ","2020","","","ΥΠΗΡΕΣΙΕΣ ΕΝΟΙΚΙΑΣΗΣ ΣΚΑΦΩΝ ΘΑΛΑΣΣΙΑΣ ΚΑΙ ΑΚΤΟΠΛΟΪΚΗΣ ΜΕΤΑΦΟΡΑΣ ΕΠΙΒΑΤΩΝ ΜΕ ΧΕΙΡΙΣΤΗ","154787301000","801344122","yahoo.com"
"ΜΗΤΣΙΑΛΗΣ ΑΝΑΣΤΑΣΙΟΣ","A","free-mail","taxoffice.ac@gmail.com","2662022684","ΠΑΞΩΝ / ΚΕΡΚΥΡΑΣ","ΚΕΡΚΥΡΑΣ","ΑΤΟΜΙΚΗ","2026","","","ΥΠΗΡΕΣΙΕΣ ΣΚΑΦΩΝ ΕΚΔΡΟΜΩΝ ΚΑΙ ΠΕΡΙΗΓΗΣΕΩΝ ΘΑΛΑΣΣΑΣ","190173333000","302213698","gmail.com"
"ΜΗΤΣΟΥΡΑΣ ΣΠΥΡΙΔΩΝ ΤΟΥ ΕΠΑΜΕΙΝΩΝΔΑ","A","free-mail","spiro_s_7@hotmail.com","2645023157","ΛΕΥΚΑΔΑΣ / ΛΕΥΚΑΔΑΣ","ΛΕΥΚΑΔΑΣ","ΑΤΟΜΙΚΗ","2017","","","ΥΠΗΡΕΣΙΕΣ ΘΑΛΑΣΣΙΩΝ ΚΑΙ ΠΑΡΑΚΤΙΩΝ ΜΕΤΑΦΟΡΩΝ ΕΠΙΒΑΤΩΝ ΜΕ ΘΑΛΑΜΗΓΟΥΣ - ΤΟΥΡΙΣΤΙΚΑ ΠΛΟΙΑ ΜΕ ΕΛΛΗΝΙΚΗ ΣΗΜΑΙΑ","141423843000","142978277","hotmail.com"
"ΜΙΚΡΟΣ ΚΟΣΜΟΣ ΝΑΥΛΩΣΕΙΣ ΘΑΛΑΜΗΓΩΝ ΑΝΩΝΥΜΟΣ ΕΤΑΙΡΕΙΑ","A","free-mail","v.psarobas@gmail.com","2243059280","ΚΑΛΥΜΝΙΩΝ / ΚΑΛΥΜΝΟΥ","ΔΩΔΕΚΑΝΗΣΟΥ","ΑΕ","1993","","","ΥΠΗΡΕΣΙΕΣ ΕΝΟΙΚΙΑΣΗΣ ΠΛΟΙΩΝ ΨΥΧΑΓΩΓΙΑΣ (ΚΟΤΕΡΩΝ, ΘΑΛΑΜΗΓΩΝ, ΒΕΝΖΙΝΑΚΑΤΩΝ ΚΛΠ) ΜΕ ΠΛΗΡΩΜΑ","122925920000","094087752","gmail.com"
"ΜΙΧΑΗΛ ΚΩΝΣΤΑΝΤΙΝΟΥ ΜΑΡΤΖΟΥΚΟΣ","A","free-mail","mikmichalis@gmail.com","2284071277","ΣΙΦΝΟΥ / ΜΗΛΟΥ","ΚΥΚΛΑΔΩΝ","ΑΤΟΜΙΚΗ","2010","","","ΥΠΗΡΕΣΙΕΣ ΕΝΟΙΚΙΑΣΗΣ ΤΟΥΡΙΣΤΙΚΟΥ ΣΚΑΦΟΥΣ, ΧΩΡΙΣ ΠΛΗΡΩΜΑ","49132338000","068841352","gmail.com"
"ΜΙΧΑΗΛ ΜΑΝΟΥΣΟΥ ΒΗΧΟΣ","A","free-mail","horizonyachts1@gmail.com","2287022251","ΜΗΛΟΥ / ΜΗΛΟΥ","ΚΥΚΛΑΔΩΝ","ΑΤΟΜΙΚΗ","2004","","","ΥΠΗΡΕΣΙΕΣ ΕΝΟΙΚΙΑΣΗΣ ΤΟΥΡΙΣΤΙΚΟΥ ΣΚΑΦΟΥΣ, ΧΩΡΙΣ ΠΛΗΡΩΜΑ","49133338000","034946079","gmail.com"
"ΜΙΧΑΗΛ ΜΙΧΑΗΛ ΑΛΕΞΑΝΔΡΟΣ ΚΑΙ ΣΙΑ Ε.Ε.","A","free-mail","mxmihail@gmail.com","6976204833","ΘΕΡΜΗΣ / ΘΕΣΣΑΛΟΝΙΚΗΣ","ΘΕΣΣΑΛΟΝΙΚΗΣ","ΕΕ","2026","","","ΥΠΗΡΕΣΙΕΣ ΕΝΟΙΚΙΑΣΗΣ ΤΟΥΡΙΣΤΙΚΟΥ ΣΚΑΦΟΥΣ, ΧΩΡΙΣ ΠΛΗΡΩΜΑ","193351706000","803264209","gmail.com"
"ΜΙΧΑΗΛ ΠΑΥΛΟΥ ΦΙΤΟΣ","A","free-mail","mixfitos@hotmail.com","6909113281","ΚΥΘΝΟΥ / ΚΕΑΣ-ΚΥΘΝΟΥ","ΚΥΚΛΑΔΩΝ","ΑΤΟΜΙΚΗ","2021","","","ΥΠΗΡΕΣΙΕΣ ΣΚΑΦΩΝ ΕΚΔΡΟΜΩΝ ΚΑΙ ΠΕΡΙΗΓΗΣΕΩΝ ΘΑΛΑΣΣΑΣ","159913838000","135498126","hotmail.com"
"ΜΙΧΑΗΛ ΣΤΕΡΓΙΟΥ ΚΕΦΑΛΙΑΝΟΣ","A","free-mail","mkefalianos1983@gmail.com","","ΜΥΚΟΝΟΥ / ΜΥΚΟΝΟΥ","ΚΥΚΛΑΔΩΝ","ΑΤΟΜΙΚΗ","2019","","","ΥΠΗΡΕΣΙΕΣ ΣΚΑΦΩΝ ΕΚΔΡΟΜΩΝ ΚΑΙ ΠΕΡΙΗΓΗΣΕΩΝ ΘΑΛΑΣΣΑΣ","188553038000","107205331","gmail.com"
"ΜΙΧΑΛΑ ΚΟΡΙΝΑ ΣΠΥΡ. ΜΟΝΟΠΡΟΣΩΠΗ Ι.Κ.Ε.","A","free-mail","dfkorf@otenet.gr","2661090868","ΚΕΝΤΡΙΚΗΣ ΚΕΡΚΥΡΑΣ ΚΑΙ ΔΙΑΠΟΝΤΙΩΝ ΝΗΣΩΝ / ΚΕΡΚΥΡΑΣ","ΚΕΡΚΥΡΑΣ","ΙΚΕ","2025","","","ΥΠΗΡΕΣΙΕΣ ΣΚΑΦΩΝ ΕΚΔΡΟΜΩΝ ΚΑΙ ΠΕΡΙΗΓΗΣΕΩΝ ΘΑΛΑΣΣΑΣ","188735833000","803072980","otenet.gr"
"ΜΙΧΑΛΑΣ ΒΑΣΙΛΕΙΟΣ","A","free-mail","Angmih_92@yahoo.gr","6979503459","ΚΕΝΤΡΙΚΗΣ ΚΕΡΚΥΡΑΣ ΚΑΙ ΔΙΑΠΟΝΤΙΩΝ ΝΗΣΩΝ / ΚΕΡΚΥΡΑΣ","ΚΕΡΚΥΡΑΣ","ΑΤΟΜΙΚΗ","2025","","","ΥΠΗΡΕΣΙΕΣ ΕΝΟΙΚΙΑΣΗΣ ΤΟΥΡΙΣΤΙΚΟΥ ΣΚΑΦΟΥΣ, ΧΩΡΙΣ ΠΛΗΡΩΜΑ","182374733000","144725663","yahoo.gr"
"ΜΙΧΑΛΑΣ ΝΙΚΟΛΑΟΣ","A","free-mail","nikolasmichalas883@gmail.com","2661026040","ΚΕΝΤΡΙΚΗΣ ΚΕΡΚΥΡΑΣ ΚΑΙ ΔΙΑΠΟΝΤΙΩΝ ΝΗΣΩΝ / ΚΕΡΚΥΡΑΣ","ΚΕΡΚΥΡΑΣ","ΑΤΟΜΙΚΗ","2024","","","ΥΠΗΡΕΣΙΕΣ ΣΚΑΦΩΝ ΕΚΔΡΟΜΩΝ ΚΑΙ ΠΕΡΙΗΓΗΣΕΩΝ ΘΑΛΑΣΣΑΣ","176859533000","177064209","gmail.com"
"ΜΙΧΑΛΑΣ ΝΙΚΟΛΑΟΣ ΤΟΥ ΣΤΕΦΑΝΟΥ","A","free-mail","michalasn1@gmail.com","2663049420","ΚΕΝΤΡΙΚΗΣ ΚΕΡΚΥΡΑΣ ΚΑΙ ΔΙΑΠΟΝΤΙΩΝ ΝΗΣΩΝ / ΚΕΡΚΥΡΑΣ","","ΑΤΟΜΙΚΗ","1993","","","ΥΠΗΡΕΣΙΕΣ ΣΚΑΦΩΝ ΕΚΔΡΟΜΩΝ ΚΑΙ ΠΕΡΙΗΓΗΣΕΩΝ ΘΑΛΑΣΣΑΣ","33962833000","044357059","gmail.com"
"ΜΙΧΑΛΑΣ ΠΑΥΛΟΣ ΚΟΛΙΝ - ΜΙΧΑΛΑΣ ΣΤΕΦΑΝΟΣ - EALES ANGELA ΟΕ (Υποκατάστημα)","A","free-mail","oikype@gmail.com","6977907976","ΚΕΝΤΡΙΚΗΣ ΚΕΡΚΥΡΑΣ ΚΑΙ ΔΙΑΠΟΝΤΙΩΝ ΝΗΣΩΝ / ΚΕΡΚΥΡΑΣ","ΚΕΡΚΥΡΑΣ","ΟΕ","2021","","","ΥΠΗΡΕΣΙΕΣ ΣΚΑΦΩΝ ΕΚΔΡΟΜΩΝ ΚΑΙ ΠΕΡΙΗΓΗΣΕΩΝ ΘΑΛΑΣΣΑΣ","159581833003","996833570","gmail.com"
"ΜΙΧΑΛΑΣ ΠΑΥΛΟΣ ΚΟΛΙΝ - ΜΙΧΑΛΑΣ ΣΤΕΦΑΝΟΣ - EALES ANGELA ΟΕ (Υποκατάστημα)","A","free-mail","oikype@gmail.com","6977907976","ΚΕΝΤΡΙΚΗΣ ΚΕΡΚΥΡΑΣ ΚΑΙ ΔΙΑΠΟΝΤΙΩΝ ΝΗΣΩΝ / ΚΕΡΚΥΡΑΣ","ΚΕΡΚΥΡΑΣ","ΟΕ","2022","","","ΥΠΗΡΕΣΙΕΣ ΣΚΑΦΩΝ ΕΚΔΡΟΜΩΝ ΚΑΙ ΠΕΡΙΗΓΗΣΕΩΝ ΘΑΛΑΣΣΑΣ","159581833004","996833570","gmail.com"
"ΜΙΧΑΛΙΤΣΙΑΝΟΣ ΟΔΥΣΣΕΑΣ ΤΟΥ ΑΝΔΡΕΑ","A","free-mail","manakorina@gmail.com","2674032870","ΙΘΑΚΗΣ / ΙΘΑΚΗΣ","ΚΕΦΑΛΛΗΝΙΑΣ","ΑΤΟΜΙΚΗ","2023","","","ΥΠΗΡΕΣΙΕΣ ΣΚΑΦΩΝ ΕΚΔΡΟΜΩΝ ΚΑΙ ΠΕΡΙΗΓΗΣΕΩΝ ΘΑΛΑΣΣΑΣ","169045634000","111372930","gmail.com"
"ΜΟΝΤΕΜΑΡΙΝ ΕΤΕΡΟΡΡΥΘΜΗ ΕΤΑΙΡΕΙΑ","A","free-mail","pthanson@otenet.gr","2641050300","ΑΓΡΙΝΙΟΥ / ΑΙΤΩΛΟΑΚΑΡΝΑΝΙΑΣ","ΑΙΤΩΛΟΑΚΑΡΝΑΝΙΑΣ","ΕΕ","2021","","","ΥΠΗΡΕΣΙΕΣ ΕΝΟΙΚΙΑΣΗΣ ΠΛΟΙΩΝ ΨΥΧΑΓΩΓΙΑΣ (ΚΟΤΕΡΩΝ, ΘΑΛΑΜΗΓΩΝ, ΒΕΝΖΙΝΑΚΑΤΩΝ ΚΛΠ) ΜΕ ΠΛΗΡΩΜΑ","158876612000","801545896","otenet.gr"
"ΜΟΥΓΙΟΣ ΒΑΣΙΛΕΙΟΣ","A","free-mail","mougiosvassilis@gmail.com","","ΛΕΥΚΑΔΑΣ / ΛΕΥΚΑΔΑΣ","ΛΕΥΚΑΔΑΣ","ΑΤΟΜΙΚΗ","2025","","","ΥΠΗΡΕΣΙΕΣ ΕΝΟΙΚΙΑΣΗΣ ΕΠΑΓΓΕΛΜΑΤΙΚΟΥ ΤΟΥΡΙΣΤΙΚΟΥ ΣΚΑΦΟΥΣ ΜΕ ΠΛΗΡΩΜΑ","191797543000","161906472","gmail.com"
"ΜΟΥΜΟΥΡΗΣ ΑΛΕΞΑΝΔΡΟΣ ΤΟΥ ΓΕΩΡΓΙΟΥ ΚΑΙ ΤΗΣ ΜΑΡΓΑΡΙΤΑΣ","A","free-mail","alexgmoumouris1960@gmail.com","2663042062","ΚΕΝΤΡΙΚΗΣ ΚΕΡΚΥΡΑΣ ΚΑΙ ΔΙΑΠΟΝΤΙΩΝ ΝΗΣΩΝ / ΚΕΡΚΥΡΑΣ","","ΑΤΟΜΙΚΗ","1994","","","ΥΠΗΡΕΣΙΕΣ ΣΚΑΦΩΝ ΕΚΔΡΟΜΩΝ ΚΑΙ ΠΕΡΙΗΓΗΣΕΩΝ ΘΑΛΑΣΣΑΣ","33999833000","043308960","gmail.com"
"ΜΟΥΡΙΑ ΣΚΟΠΕΛΟΥ Ι.Κ.Ε.","A","free-mail","kaloudig@yahoo.gr","6991230230","ΞΗΡΟΜΕΡΟΥ / ΑΙΤΩΛΟΑΚΑΡΝΑΝΙΑΣ","ΑΙΤΩΛΟΑΚΑΡΝΑΝΙΑΣ","ΙΚΕ","2026","","","ΥΠΗΡΕΣΙΕΣ ΕΝΟΙΚΙΑΣΗΣ ΤΟΥΡΙΣΤΙΚΟΥ ΣΚΑΦΟΥΣ, ΧΩΡΙΣ ΠΛΗΡΩΜΑ","194073612000","803298483","yahoo.gr"
"ΜΟΥΧΤΕΣΕΜ ΜΟΝΟΠΡΟΣΩΠΗ Ε.Π.Ε  ΥΠΟΚΑΤΑΣΤΗΜΑ ΑΛΛΟΔΑΠΗΣ","A","free-mail","veratan64@gmail.com","2242026505","","ΔΩΔΕΚΑΝΗΣΟΥ","Υποκατάστημα Αλλοδαπής","2018","","","ΥΠΗΡΕΣΙΕΣ ΘΑΛΑΣΣΙΩΝ ΚΑΙ ΠΑΡΑΚΤΙΩΝ ΜΕΤΑΦΟΡΩΝ ΕΠΙΒΑΤΩΝ ΜΕ ΘΑΛΑΜΗΓΟΥΣ - ΤΟΥΡΙΣΤΙΚΑ ΠΛΟΙΑ ΜΕ ΕΛΛΗΝΙΚΗ ΣΗΜΑΙΑ","147068420001","997136590","gmail.com"
"ΜΠΑΖΗΣ ΝΙΚΗΦΟΡΟΣ ΤΟΥ ΑΝΤΩΝΙΟΥ","A","free-mail","nikiforosbazis@gmail.com","","ΑΛΜΥΡΟΥ / ΜΑΓΝΗΣΙΑΣ","ΜΑΓΝΗΣΙΑΣ","ΑΤΟΜΙΚΗ","2021","","","ΥΠΗΡΕΣΙΕΣ ΕΝΟΙΚΙΑΣΗΣ ΤΟΥΡΙΣΤΙΚΟΥ ΣΚΑΦΟΥΣ, ΧΩΡΙΣ ΠΛΗΡΩΜΑ","161973644000","168662734","gmail.com"
"ΜΠΑΚΑΛΗΣ Α.-ΝΑΚΑΣ Σ. Ο.Ε.","A","free-mail","spynakas@otenet.gr","6937428623","ΙΩΑΝΝΙΤΩΝ / ΙΩΑΝΝΙΝΩΝ","ΙΩΑΝΝΙΝΩΝ","ΟΕ","2019","","","ΥΠΗΡΕΣΙΕΣ ΕΝΟΙΚΙΑΣΗΣ ΣΚΑΦΩΝ ΘΑΛΑΣΣΙΑΣ ΚΑΙ ΑΚΤΟΠΛΟΪΚΗΣ ΜΕΤΑΦΟΡΑΣ ΕΠΙΒΑΤΩΝ ΜΕ ΧΕΙΡΙΣΤΗ","150302029000","801152806","otenet.gr"
"ΜΠΑΛΑΣΚΑΣ ΒΑΣΙΛΕΙΟΣ","A","free-mail","sophiabalaska@yahoo.gr","2245051320","ΚΑΡΠΑΘΟΥ / ΚΑΡΠΑΘΟΥ","ΔΩΔΕΚΑΝΗΣΟΥ","ΑΤΟΜΙΚΗ","1990","","","ΥΠΗΡΕΣΙΕΣ ΘΑΛΑΣΣΙΩΝ ΚΑΙ ΠΑΡΑΚΤΙΩΝ ΜΕΤΑΦΟΡΩΝ ΕΠΙΒΑΤΩΝ ΜΕ ΘΑΛΑΜΗΓΟΥΣ - ΤΟΥΡΙΣΤΙΚΑ ΠΛΟΙΑ ΜΕ ΕΛΛΗΝΙΚΗ ΣΗΜΑΙΑ","137333820000","041939750","yahoo.gr"
"ΜΠΑΛΙ ΔΙΑΔΡΟΜΕΣ Ε.Ε.","A","free-mail","mike-bali@Hotmail.com","6987902534","ΜΥΛΟΠΟΤΑΜΟΥ / ΡΕΘΥΜΝΟΥ","ΡΕΘΥΜΝΗΣ","ΕΕ","2025","","","ΥΠΗΡΕΣΙΕΣ ΕΝΟΙΚΙΑΣΗΣ ΠΛΟΙΩΝ ΨΥΧΑΓΩΓΙΑΣ (ΚΟΤΕΡΩΝ, ΘΑΛΑΜΗΓΩΝ, ΒΕΝΖΙΝΑΚΑΤΩΝ ΚΛΠ), ΧΩΡΙΣ ΠΛΗΡΩΜΑ","187443850000","803015438","hotmail.com"
"ΜΠΑΛΟΣ ΔΗΜΗΤΡΙΟΣ ΤΟΥ ΦΩΤΙΟΥ-ΚΩΝΣΤΑΝΤΙΝΟΥ","A","free-mail","sofaki1986@gmail.com","","ΒΟΡΕΙΑΣ ΚΕΡΚΥΡΑΣ / ΚΕΡΚΥΡΑΣ","ΚΕΡΚΥΡΑΣ","ΑΤΟΜΙΚΗ","2008","","","ΥΠΗΡΕΣΙΕΣ ΕΝΟΙΚΙΑΣΗΣ ΤΟΥΡΙΣΤΙΚΟΥ ΣΚΑΦΟΥΣ, ΧΩΡΙΣ ΠΛΗΡΩΜΑ","34015533000","129690122","gmail.com"
"ΜΠΑΜΠΑΚΟΣ ΔΗΜΗΤΡΙΟΣ ΤΟΥ ΑΘΑΝΑΣΙΟΥ","A","free-mail","dimitris.babakos@gmail.com","6932755635","ΚΕΝΤΡΙΚΗΣ ΚΕΡΚΥΡΑΣ ΚΑΙ ΔΙΑΠΟΝΤΙΩΝ ΝΗΣΩΝ / ΚΕΡΚΥΡΑΣ","ΚΕΡΚΥΡΑΣ","ΑΤΟΜΙΚΗ","2019","","","ΥΠΗΡΕΣΙΕΣ ΕΝΟΙΚΙΑΣΗΣ ΤΟΥΡΙΣΤΙΚΟΥ ΣΚΑΦΟΥΣ, ΧΩΡΙΣ ΠΛΗΡΩΜΑ","150628033000","036651316","gmail.com"
"ΜΠΑΡΑΔΑΚΗΣ ΝΙΚΟΛΑΟΣ του ΕΛΕΥΘΕΡΙΟΥ","A","free-mail","lbfinikas@gmail.com","6936806636","ΑΓΙΟΥ ΒΑΣΙΛΕΙΟΥ / ΡΕΘΥΜΝΟΥ","ΡΕΘΥΜΝΗΣ","ΑΤΟΜΙΚΗ","2016","","","ΥΠΗΡΕΣΙΕΣ ΕΝΟΙΚΙΑΣΗΣ ΣΚΑΦΩΝ ΘΑΛΑΣΣΙΑΣ ΚΑΙ ΑΚΤΟΠΛΟΪΚΗΣ ΜΕΤΑΦΟΡΑΣ ΕΠΙΒΑΤΩΝ ΜΕ ΧΕΙΡΙΣΤΗ","156701950000","159589320","gmail.com"
"ΜΠΑΡΜΠΟΥΝΗΣ ΚΩΝΣΤΑΝΤΙΝΟΣ ΑΝΤΩΝΙΟΣ","A","free-mail","infoeloundastartransfers@gmail.com","2841041008","ΑΓΙΟΥ ΝΙΚΟΛΑΟΥ / ΛΑΣΙΘΙΟΥ","ΛΑΣΙΘΙΟΥ","ΑΤΟΜΙΚΗ","1991","","","ΥΠΗΡΕΣΙΕΣ ΕΝΟΙΚΙΑΣΗΣ ΤΟΥΡΙΣΤΙΚΟΥ ΣΚΑΦΟΥΣ, ΧΩΡΙΣ ΠΛΗΡΩΜΑ","136943141000","043458322","gmail.com"
"ΜΠΕΙΚΟ ΓΚΕΝΤΙΑΝ TOY ΜΟΥΧΑΡΡΕΜ","A","free-mail","kapten_john@hotmail.com","2103500300","ΠΕΙΡΑΙΩΣ / ΠΕΙΡΑΙΩΣ","ΑΤΤΙΚΗΣ","ΑΤΟΜΙΚΗ","2018","","","ΥΠΗΡΕΣΙΕΣ ΘΑΛΑΣΣΙΩΝ ΚΑΙ ΠΑΡΑΚΤΙΩΝ ΜΕΤΑΦΟΡΩΝ ΕΠΙΒΑΤΩΝ ΜΕ ΘΑΛΑΜΗΓΟΥΣ - ΤΟΥΡΙΣΤΙΚΑ ΠΛΟΙΑ ΜΕ ΕΛΛΗΝΙΚΗ ΣΗΜΑΙΑ","146411209000","102230848","hotmail.com"
"ΜΠΙΛΜΠΙΛΑΙ ΝΤΡΙΝΙ","A","free-mail","antreasbil@gmail.com","2671094330","ΛΗΞΟΥΡΙΟΥ / ΚΕΦΑΛΛΗΝΙΑΣ","ΚΕΦΑΛΛΗΝΙΑΣ","ΑΤΟΜΙΚΗ","2026","","","ΥΠΗΡΕΣΙΕΣ ΕΝΟΙΚΙΑΣΗΣ ΤΟΥΡΙΣΤΙΚΟΥ ΣΚΑΦΟΥΣ, ΧΩΡΙΣ ΠΛΗΡΩΜΑ","193476634000","157344345","gmail.com"
"ΜΠΛΕ ΑΦΡΟΣ Ι.Κ.Ε.","A","free-mail","23kagal@gmail.com","2102844586","ΧΑΛΑΝΔΡΙΟΥ / ΒΟΡΕΙΟΥ ΤΟΜΕΑ ΑΘΗΝΩΝ","ΑΤΤΙΚΗΣ","ΙΚΕ","2024","","","ΥΠΗΡΕΣΙΕΣ ΕΝΟΙΚΙΑΣΗΣ ΤΟΥΡΙΣΤΙΚΟΥ ΣΚΑΦΟΥΣ, ΧΩΡΙΣ ΠΛΗΡΩΜΑ","176873301000","802465661","gmail.com"
"ΜΠΛΟΥ ΚΑΤ ΜΟΝΟΠΡΟΣΩΠΗ Ι.Κ.Ε.","A","free-mail","taf.ipiresies@gmail.com","6972669011","ΤΑΝΑΓΡΑΣ / ΒΟΙΩΤΙΑΣ","ΒΟΙΩΤΙΑΣ","ΙΚΕ","2021","","","ΥΠΗΡΕΣΙΕΣ ΕΝΟΙΚΙΑΣΗΣ ΤΟΥΡΙΣΤΙΚΟΥ ΣΚΑΦΟΥΣ, ΧΩΡΙΣ ΠΛΗΡΩΜΑ","158145117000","801505813","gmail.com"
"ΜΠΛΟΥ ΝΤΡΙΜΣ ΣΕΙΛΣ ΙΔΙΩΤΙΚΗ ΚΕΦΑΛΑΙΟΥΧΙΚΗ ΕΤΑΙΡΕΙΑ","A","free-mail","chrtig@otenet.gr","6978854042","ΒΟΛΟΥ / ΜΑΓΝΗΣΙΑΣ","ΜΑΓΝΗΣΙΑΣ","ΙΚΕ","2019","","","ΥΠΗΡΕΣΙΕΣ ΕΝΟΙΚΙΑΣΗΣ ΠΛΟΙΩΝ ΨΥΧΑΓΩΓΙΑΣ (ΚΟΤΕΡΩΝ, ΘΑΛΑΜΗΓΩΝ, ΒΕΝΖΙΝΑΚΑΤΩΝ ΚΛΠ), ΧΩΡΙΣ ΠΛΗΡΩΜΑ","151918644000","801214745","otenet.gr"
"ΜΠΟΓΙΑΤΖΗΣ ΠΕΤΡΟΣ ΤΟΥ ΕΥΑΓΓΕΛΟΥ","A","free-mail","petrosbogiatzis@yahoo.com","2314052096","ΘΕΣΣΑΛΟΝΙΚΗΣ / ΘΕΣΣΑΛΟΝΙΚΗΣ","ΘΕΣΣΑΛΟΝΙΚΗΣ","ΑΤΟΜΙΚΗ","2020","","","ΥΠΗΡΕΣΙΕΣ ΕΝΟΙΚΙΑΣΗΣ ΠΛΟΙΩΝ ΨΥΧΑΓΩΓΙΑΣ (ΚΟΤΕΡΩΝ, ΘΑΛΑΜΗΓΩΝ, ΒΕΝΖΙΝΑΚΑΤΩΝ ΚΛΠ) ΜΕ ΠΛΗΡΩΜΑ","156340506000","149920920","yahoo.com"
"ΜΠΟΖΟΥΡΗΣ ΝΙΚΟΛΑΟΣ ΤΟΥ ΠΑΝΑΓΙΩΤΗ","A","free-mail","doumasion@yahoo.gr","","ΠΑΡΓΑΣ / ΠΡΕΒΕΖΑΣ","ΠΡΕΒΕΖΑΣ","ΑΤΟΜΙΚΗ","2024","","","ΥΠΗΡΕΣΙΕΣ ΣΚΑΦΩΝ ΕΚΔΡΟΜΩΝ ΚΑΙ ΠΕΡΙΗΓΗΣΕΩΝ ΘΑΛΑΣΣΑΣ","178573349000","302252073","yahoo.gr"
"ΜΠΟΥΖΑΚΗ ΑΝΤΩΝΙΑ ΤΟΥ ΕΜΜΑΝΟΥΗΛ","A","free-mail","lotusemeraldyachting@gmail.com","","ΧΑΙΔΑΡΙΟΥ / ΔΥΤΙΚΟΥ ΤΟΜΕΑ ΑΘΗΝΩΝ","ΑΤΤΙΚΗΣ","ΑΤΟΜΙΚΗ","2020","","","ΥΠΗΡΕΣΙΕΣ ΕΝΟΙΚΙΑΣΗΣ ΤΟΥΡΙΣΤΙΚΟΥ ΣΚΑΦΟΥΣ, ΧΩΡΙΣ ΠΛΗΡΩΜΑ","165742503000","145619016","gmail.com"
"ΜΠΟΥΛΟΓΙΑΝΝΗΣ ΚΩΝΣΤΑΝΤΙΝΟΣ ΥΠΗΡΕΣΙΕΣ ΕΝΟΙΚΙΑΣΗΣ ΠΛΟΙΩΝ ΨΥΧΑΓΩΓΙΑΣ ΧΩΡΙΣ ΠΛΗΡΩΜΑ ΜΟΝΟΠΡΟΣΩΠΗ Ι.Κ.Ε.","A","free-mail","c.boulogiannis@gmail.com","2107711515","ΑΡΙΣΤΟΤΕΛΗ / ΧΑΛΚΙΔΙΚΗΣ","ΧΑΛΚΙΔΙΚΗΣ","ΙΚΕ","2022","","","ΥΠΗΡΕΣΙΕΣ ΕΝΟΙΚΙΑΣΗΣ ΠΛΟΙΩΝ ΨΥΧΑΓΩΓΙΑΣ (ΚΟΤΕΡΩΝ, ΘΑΛΑΜΗΓΩΝ, ΒΕΝΖΙΝΑΚΑΤΩΝ ΚΛΠ), ΧΩΡΙΣ ΠΛΗΡΩΜΑ","166572257000","801936207","gmail.com"
"ΜΠΟΥΦΗ ΑΙΚΑΤΕΡΙΝΗ ΤΟΥ ΑΝΑΣΤΑΣΙΟΥ","A","free-mail","bouphik@yahoo.gr","2104120712","ΣΠΕΤΣΩΝ / ΝΗΣΩΝ","ΑΤΤΙΚΗΣ","ΑΤΟΜΙΚΗ","2022","","","ΥΠΗΡΕΣΙΕΣ ΣΚΑΦΩΝ ΕΚΔΡΟΜΩΝ ΚΑΙ ΠΕΡΙΗΓΗΣΕΩΝ ΘΑΛΑΣΣΑΣ","124702208000","102210155","yahoo.gr"
"ΜΥΛΩΝΑΣ ΑΝΑΣΤΑΣΙΟΣ ΤΟΥ ΓΡΗΓΟΡΙΟΥ","A","free-mail","milonasyachting@yahoo.gr","2310329001","ΚΑΛΑΜΑΡΙΑΣ / ΘΕΣΣΑΛΟΝΙΚΗΣ","ΘΕΣΣΑΛΟΝΙΚΗΣ","ΑΤΟΜΙΚΗ","2011","","","ΥΠΗΡΕΣΙΕΣ ΕΝΟΙΚΙΑΣΗΣ ΤΟΥΡΙΣΤΙΚΟΥ ΣΚΑΦΟΥΣ, ΧΩΡΙΣ ΠΛΗΡΩΜΑ","119124606000","025479950","yahoo.gr"
"ΜΥΛΩΝΑΣ ΒΑΣΙΛΕΙΟΣ ΤΟΥ ΚΩΝΣΤΑΝΤΙΝΟΥ","A","free-mail","Vasilis776@hotmail.com","","ΕΡΜΙΟΝΙΔΑΣ / ΑΡΓΟΛΙΔΑΣ","ΑΡΓΟΛΙΔΑΣ","ΑΤΟΜΙΚΗ","2021","","","ΥΠΗΡΕΣΙΕΣ ΕΝΟΙΚΙΑΣΗΣ ΤΟΥΡΙΣΤΙΚΟΥ ΣΚΑΦΟΥΣ, ΧΩΡΙΣ ΠΛΗΡΩΜΑ","166752213000","127636620","hotmail.com"
"ΜΥΣΤΙΚ ΓΙΩΤΙΝΓΚ ΜΟΝΟΠΡΟΣΩΠΗ ΙΚΕ","A","free-mail","leisou@otenet.gr","2661030314","ΚΕΝΤΡΙΚΗΣ ΚΕΡΚΥΡΑΣ ΚΑΙ ΔΙΑΠΟΝΤΙΩΝ ΝΗΣΩΝ / ΚΕΡΚΥΡΑΣ","ΚΕΡΚΥΡΑΣ","ΙΚΕ","2018","","","ΥΠΗΡΕΣΙΕΣ ΕΝΟΙΚΙΑΣΗΣ ΤΟΥΡΙΣΤΙΚΟΥ ΣΚΑΦΟΥΣ, ΧΩΡΙΣ ΠΛΗΡΩΜΑ","144843633000","800915841","otenet.gr"
"ΜΩΡΑΪΤΗΣ ΝΙΚΟΛΑΟΣ ΤΟΥ ΘΩΜΑ","A","free-mail","demivasiliki@yahoo.gr","2645031406","ΛΕΥΚΑΔΑΣ / ΛΕΥΚΑΔΑΣ","ΛΕΥΚΑΔΑΣ","ΑΤΟΜΙΚΗ","1987","","","ΥΠΗΡΕΣΙΕΣ ΣΚΑΦΩΝ ΕΚΔΡΟΜΩΝ ΚΑΙ ΠΕΡΙΗΓΗΣΕΩΝ ΘΑΛΑΣΣΑΣ","16472143000","041440114","yahoo.gr"
"Ν. ΚΑΡΤΕΡΗΣ - THOMAS BRANDES ΟΕ ","A","free-mail","oikype@gmail.com","2661045692","ΚΕΝΤΡΙΚΗΣ ΚΕΡΚΥΡΑΣ ΚΑΙ ΔΙΑΠΟΝΤΙΩΝ ΝΗΣΩΝ / ΚΕΡΚΥΡΑΣ","ΚΕΡΚΥΡΑΣ","ΟΕ","2007","","","ΥΠΗΡΕΣΙΕΣ ΕΝΟΙΚΙΑΣΗΣ ΤΟΥΡΙΣΤΙΚΟΥ ΣΚΑΦΟΥΣ, ΧΩΡΙΣ ΠΛΗΡΩΜΑ","122511333000","998320679","gmail.com"
"Ν. ΛΟΥΡΕΖΟΣ ΚΑΙ ΣΙΑ Ε.Ε.","A","free-mail","lourezos68@gmail.com","2284031890","ΣΙΦΝΟΥ / ΜΗΛΟΥ","ΚΥΚΛΑΔΩΝ","ΕΕ","2022","","","ΥΠΗΡΕΣΙΕΣ ΣΚΑΦΩΝ ΕΚΔΡΟΜΩΝ ΚΑΙ ΠΕΡΙΗΓΗΣΕΩΝ ΘΑΛΑΣΣΑΣ","162652638000","801750695","gmail.com"
"ΝΑΚΟΥ ΕΙΡΗΝΗ ΤΟΥ ΧΡΗΣΤΟΥ","A","free-mail","iatrou2008@yahoo.gr","","ΒΟΛΟΥ / ΜΑΓΝΗΣΙΑΣ","ΜΑΓΝΗΣΙΑΣ","ΑΤΟΜΙΚΗ","2018","","","ΥΠΗΡΕΣΙΕΣ ΕΝΟΙΚΙΑΣΗΣ ΤΟΥΡΙΣΤΙΚΟΥ ΣΚΑΦΟΥΣ, ΧΩΡΙΣ ΠΛΗΡΩΜΑ","148235044000","076651199","yahoo.gr"
"ΝΑΜΠΙΛ ΣΑΜΙ ΝΑΝΤΑΦ","A","free-mail","billnaddaf@gmail.com","","ΣΥΡΟΥ-ΕΡΜΟΥΠΟΛΗΣ / ΣΥΡΟΥ","ΚΥΚΛΑΔΩΝ","ΑΤΟΜΙΚΗ","2011","","","ΥΠΗΡΕΣΙΕΣ ΕΝΟΙΚΙΑΣΗΣ ΤΟΥΡΙΣΤΙΚΟΥ ΣΚΑΦΟΥΣ, ΧΩΡΙΣ ΠΛΗΡΩΜΑ","115794938000","132542787","gmail.com"
"ΝΑΣΟΠΟΥΛΟΣ ΑΘΑΝΑΣΙΟΣ ΤΟΥ ΓΕΩΡΓΙΟΥ","A","free-mail","capetanios56@gmail.com","","ΠΕΡΙΣΤΕΡΙΟΥ / ΔΥΤΙΚΟΥ ΤΟΜΕΑ ΑΘΗΝΩΝ","ΑΤΤΙΚΗΣ","ΑΤΟΜΙΚΗ","2026","","","ΥΠΗΡΕΣΙΕΣ ΘΑΛΑΣΣΙΩΝ ΚΑΙ ΠΑΡΑΚΤΙΩΝ ΜΕΤΑΦΟΡΩΝ ΕΠΙΒΑΤΩΝ ΜΕ ΘΑΛΑΜΗΓΟΥΣ - ΤΟΥΡΙΣΤΙΚΑ ΠΛΟΙΑ ΜΕ ΕΛΛΗΝΙΚΗ ΣΗΜΑΙΑ","192799703000","023611700","gmail.com"
"ΝΑΣΤΑΣΑΙ ΚΛΟΝΤΙΑΝ ΤΟΥ ΑΝΑΣΤΑΣ","A","free-mail","nastasaigiannis@yahoo.com","","ΘΕΣΣΑΛΟΝΙΚΗΣ / ΘΕΣΣΑΛΟΝΙΚΗΣ","ΘΕΣΣΑΛΟΝΙΚΗΣ","ΑΤΟΜΙΚΗ","2025","","","ΥΠΗΡΕΣΙΕΣ ΕΝΟΙΚΙΑΣΗΣ ΤΟΥΡΙΣΤΙΚΟΥ ΣΚΑΦΟΥΣ, ΧΩΡΙΣ ΠΛΗΡΩΜΑ","185646306000","107874016","yahoo.com"
"ΝΑΥΛΩΣΕΙΣ  ΣΚΑΦΩΝ  ΜΙΧΑΗΛ  ΟΙΚΟΝΟΜΟΥ  ΚΑΙ  ΣΙΑ  ΕΕ","A","free-mail","cptmikeaaa@gmail.com","2108994703","ΒΑΡΗΣ - ΒΟΥΛΑΣ - ΒΟΥΛΙΑΓΜΕΝΗΣ / ΑΝΑΤΟΛΙΚΗΣ ΑΤΤΙΚΗΣ","ΑΤΤΙΚΗΣ","ΕΕ","2012","","","ΥΠΗΡΕΣΙΕΣ ΕΝΟΙΚΙΑΣΗΣ ΠΛΟΙΩΝ ΨΥΧΑΓΩΓΙΑΣ (ΚΟΤΕΡΩΝ, ΘΑΛΑΜΗΓΩΝ, ΒΕΝΖΙΝΑΚΑΤΩΝ ΚΛΠ) ΜΕ ΠΛΗΡΩΜΑ","121952303000","800427556","gmail.com"
"ΝΑΥΣ SAILING ΙΔΙΩΤΙΚΗ ΚΕΦΑΛΑΙΟΥΧΙΚΗ ΕΤΑΙΡΕΙΑ","A","free-mail","naussailing@gmail.com","2109848842","ΠΑΛΑΙΟΥ ΦΑΛΗΡΟΥ / ΝΟΤΙΟΥ ΤΟΜΕΑ ΑΘΗΝΩΝ","ΑΤΤΙΚΗΣ","ΙΚΕ","2020","","","ΥΠΗΡΕΣΙΕΣ ΕΝΟΙΚΙΑΣΗΣ ΤΟΥΡΙΣΤΙΚΟΥ ΣΚΑΦΟΥΣ, ΧΩΡΙΣ ΠΛΗΡΩΜΑ","156918301000","801441721","gmail.com"
"ΝΕΕΣ ΚΑΙΝΟΤΟΜΙΕΣ ΠΑΡΑΓΩΓΗΣ ΕΝΕΡΓΕΙΑΣ ΜΟΝΟΠΡΟΣΩΠΗ ΕΤΑΙΡΕΙΑ ΠΕΡΙΟΡΙΣΜΕΝΗΣ ΕΥΘΥΝΗΣ","A","free-mail","apanteloukos@yahoo.gr","6982063291","ΘΕΡΜΗΣ / ΘΕΣΣΑΛΟΝΙΚΗΣ","ΘΕΣΣΑΛΟΝΙΚΗΣ","ΕΠΕ","2013","","","ΥΠΗΡΕΣΙΕΣ ΘΑΛΑΣΣΙΩΝ ΚΑΙ ΠΑΡΑΚΤΙΩΝ ΜΕΤΑΦΟΡΩΝ ΕΠΙΒΑΤΩΝ ΜΕ ΘΑΛΑΜΗΓΟΥΣ - ΤΟΥΡΙΣΤΙΚΑ ΠΛΟΙΑ ΜΕ ΕΛΛΗΝΙΚΗ ΣΗΜΑΙΑ","127025907000","800520081","yahoo.gr"
"ΝΕΙΒΙ ΜΠΛΟΥ ΜΑΡΙΝ ΜΟΝΟΠΡΟΣΩΠΗ Ι.Κ.Ε.","A","free-mail","jokarakostas@gmail.com","2221084947","ΧΑΛΚΙΔΕΩΝ / ΕΥΒΟΙΑΣ","ΕΥΒΟΙΑΣ","ΙΚΕ","2021","","","ΥΠΗΡΕΣΙΕΣ ΘΑΛΑΣΣΙΩΝ ΚΑΙ ΠΑΡΑΚΤΙΩΝ ΜΕΤΑΦΟΡΩΝ ΕΠΙΒΑΤΩΝ ΜΕ ΘΑΛΑΜΗΓΟΥΣ - ΤΟΥΡΙΣΤΙΚΑ ΠΛΟΙΑ ΜΕ ΕΛΛΗΝΙΚΗ ΣΗΜΑΙΑ","159674022000","801588638","gmail.com"
"ΝΕΚΤΑΡΙΟΣ ΚΟΤΖΙΑΣ ΜΟΝΟΠΡΟΣΩΠΗ Ι.Κ.Ε.","A","free-mail","nektarios.kotzias@yahoo.gr","","ΑΓΚΙΣΤΡΙΟΥ / ΝΗΣΩΝ","ΑΤΤΙΚΗΣ","ΙΚΕ","2025","","","ΥΠΗΡΕΣΙΕΣ ΕΝΟΙΚΙΑΣΗΣ ΠΛΟΙΩΝ ΨΥΧΑΓΩΓΙΑΣ (ΚΟΤΕΡΩΝ, ΘΑΛΑΜΗΓΩΝ, ΒΕΝΖΙΝΑΚΑΤΩΝ ΚΛΠ) ΜΕ ΠΛΗΡΩΜΑ","189632609000","803107290","yahoo.gr"
"ΝΕΜΟ ZANTE ΟΜΟΡΡΥΘΜΗ ΕΤΑΙΡΕΙΑ","A","free-mail","sklawoffice21@gmail.com","6948852548","ΖΑΚΥΝΘΟΥ / ΖΑΚΥΝΘΟΥ","ΖΑΚΥΝΘΟΥ","ΟΕ","2026","","","ΥΠΗΡΕΣΙΕΣ ΣΚΑΦΩΝ ΕΚΔΡΟΜΩΝ ΚΑΙ ΠΕΡΙΗΓΗΣΕΩΝ ΘΑΛΑΣΣΑΣ","195109324000","803350032","gmail.com"
"ΝΗΡΗΙΔΕΣ ΜΟΝΟΠΡΟΣΩΠΗ ΙΚΕ","A","free-mail","mgant@otenet.gr","2109519460","ΠΑΤΡΕΩΝ / ΑΧΑΙΑΣ","ΑΧΑΙΑΣ","ΙΚΕ","2019","","","ΥΠΗΡΕΣΙΕΣ ΕΝΟΙΚΙΑΣΗΣ ΤΟΥΡΙΣΤΙΚΟΥ ΣΚΑΦΟΥΣ, ΧΩΡΙΣ ΠΛΗΡΩΜΑ","149433816000","801114410","otenet.gr"
"ΝΙΑΡΧΑΚΟΣ ΚΟΣΜΑΣ ΤΟΥ ΜΙΧΑΗΛ","A","free-mail","kosmas06@hotmail.com","","ΜΑΡΑΘΩΝΟΣ / ΑΝΑΤΟΛΙΚΗΣ ΑΤΤΙΚΗΣ","ΑΘΗΝΩΝ","ΑΤΟΜΙΚΗ","2026","","","ΥΠΗΡΕΣΙΕΣ ΕΝΟΙΚΙΑΣΗΣ ΕΠΑΓΓΕΛΜΑΤΙΚΟΥ ΤΟΥΡΙΣΤΙΚΟΥ ΣΚΑΦΟΥΣ ΜΕ ΠΛΗΡΩΜΑ","194208103000","169425578","hotmail.com"
"ΝΙΚΑ ΣΠΥΡΟΣ ΤΟΥ ΒΟΥΛΛΝΕΤ","A","free-mail","marselonik@icloud.com","","ΚΕΝΤΡΙΚΗΣ ΚΕΡΚΥΡΑΣ ΚΑΙ ΔΙΑΠΟΝΤΙΩΝ ΝΗΣΩΝ / ΚΕΡΚΥΡΑΣ","ΚΕΡΚΥΡΑΣ","ΑΤΟΜΙΚΗ","2024","","","ΥΠΗΡΕΣΙΕΣ ΕΝΟΙΚΙΑΣΗΣ ΤΟΥΡΙΣΤΙΚΟΥ ΣΚΑΦΟΥΣ, ΧΩΡΙΣ ΠΛΗΡΩΜΑ","176148433000","173407860","icloud.com"
"ΝΙΚΟΛΑΟΣ ΑΝΔΡΕΟΥ ΤΟΥ ΙΩΑΝΝΟΥ","A","free-mail","nikos.andreou@otenet.gr","2108992420","ΒΑΡΗΣ - ΒΟΥΛΑΣ - ΒΟΥΛΙΑΓΜΕΝΗΣ / ΑΝΑΤΟΛΙΚΗΣ ΑΤΤΙΚΗΣ","ΑΤΤΙΚΗΣ","ΑΤΟΜΙΚΗ","1995","","","ΥΠΗΡΕΣΙΕΣ ΕΝΟΙΚΙΑΣΗΣ ΤΟΥΡΙΣΤΙΚΟΥ ΣΚΑΦΟΥΣ, ΧΩΡΙΣ ΠΛΗΡΩΜΑ","1888301000","029161313","otenet.gr"
"ΝΙΚΟΛΑΟΣ ΓΕΩΡΓΙΟΥ ΠΑΖΙΑΝΑΣ","A","free-mail","n.pazianas@gmail.com","6971987867","ΣΥΡΟΥ-ΕΡΜΟΥΠΟΛΗΣ / ΣΥΡΟΥ","ΚΥΚΛΑΔΩΝ","ΑΤΟΜΙΚΗ","2018","","","ΥΠΗΡΕΣΙΕΣ ΕΝΟΙΚΙΑΣΗΣ ΤΟΥΡΙΣΤΙΚΟΥ ΣΚΑΦΟΥΣ, ΧΩΡΙΣ ΠΛΗΡΩΜΑ","168774840000","138731087","gmail.com"
"ΝΙΚΟΛΑΟΣ ΕΜΜΑΝΟΥΗΛ ΠΑΠΑΝΔΡΕΟΠΟΥΛΟΣ","A","free-mail","KATERINAMANIKI2018@GMAIL.COM","6983281314","ΙΗΤΩΝ / ΘΗΡΑΣ","ΚΥΚΛΑΔΩΝ","ΑΤΟΜΙΚΗ","2008","","","ΥΠΗΡΕΣΙΕΣ ΣΚΑΦΩΝ ΕΚΔΡΟΜΩΝ ΚΑΙ ΠΕΡΙΗΓΗΣΕΩΝ ΠΟΤΑΜΩΝ, ΛΙΜΝΩΝ","166988238001","046645249","gmail.com"
"ΝΙΚΟΛΑΟΣ ΕΜΜΑΝΟΥΗΛ ΠΑΠΑΝΔΡΕΟΠΟΥΛΟΣ","A","free-mail","aikaterinisilver@yahoo.com","6983281314","ΙΗΤΩΝ / ΘΗΡΑΣ","ΚΥΚΛΑΔΩΝ","ΑΤΟΜΙΚΗ","2008","","","ΥΠΗΡΕΣΙΕΣ ΣΚΑΦΩΝ ΕΚΔΡΟΜΩΝ ΚΑΙ ΠΕΡΙΗΓΗΣΕΩΝ ΘΑΛΑΣΣΑΣ","166988238000","046645249","yahoo.com"
"ΝΙΚΟΛΑΟΣ ΕΥΡΥΠΙΔΗ ΠΑΠΑΔΟΠΟΥΛΟΣ","A","free-mail","nikospa1801@gmail.com","6944650118","ΦΟΛΕΓΑΝΔΡΟΥ / ΘΗΡΑΣ","ΚΥΚΛΑΔΩΝ","ΑΤΟΜΙΚΗ","2019","","","ΥΠΗΡΕΣΙΕΣ ΣΚΑΦΩΝ ΕΚΔΡΟΜΩΝ ΚΑΙ ΠΕΡΙΗΓΗΣΕΩΝ ΘΑΛΑΣΣΑΣ","187765838000","035981092","gmail.com"
"ΝΙΚΟΛΑΟΣ ΚΩΝΣΤΑΝΤΙΝΟΥ ΧΕΡΟΥΒΕΙΜ","A","free-mail","nikoscherdakia@gmail.com","2284042557","ΠΑΡΟΥ / ΠΑΡΟΥ","ΚΥΚΛΑΔΩΝ","ΑΤΟΜΙΚΗ","1993","","","ΥΠΗΡΕΣΙΕΣ ΕΝΟΙΚΙΑΣΗΣ ΤΟΥΡΙΣΤΙΚΟΥ ΣΚΑΦΟΥΣ, ΧΩΡΙΣ ΠΛΗΡΩΜΑ","49226038000","045558746","gmail.com"
"ΝΙΚΟΛΑΟΣ ΛΑΜΠΟΥΣΗΣ ΤΟΥ ΤΡΥΦΩΝΑ","A","free-mail","nlampousis@gmail.com","6975528659","ΑΘΗΝΑΙΩΝ / ΚΕΝΤΡΙΚΟΥ ΤΟΜΕΑ ΑΘΗΝΩΝ","ΑΤΤΙΚΗΣ","ΑΤΟΜΙΚΗ","2022","","","ΥΠΗΡΕΣΙΕΣ ΕΝΟΙΚΙΑΣΗΣ ΤΟΥΡΙΣΤΙΚΟΥ ΣΚΑΦΟΥΣ, ΧΩΡΙΣ ΠΛΗΡΩΜΑ","193616401000","154546146","gmail.com"
"ΝΙΚΟΛΑΟΣ ΜΙΧΑΗΛ ΓΥΠΑΡΗΣ","A","free-mail","nikos.gy@gmail.com","","ΣΥΡΟΥ-ΕΡΜΟΥΠΟΛΗΣ / ΣΥΡΟΥ","ΚΥΚΛΑΔΩΝ","ΑΤΟΜΙΚΗ","2017","","","ΥΠΗΡΕΣΙΕΣ ΕΝΟΙΚΙΑΣΗΣ ΠΛΟΙΩΝ ΨΥΧΑΓΩΓΙΑΣ (ΚΟΤΕΡΩΝ, ΘΑΛΑΜΗΓΩΝ, ΒΕΝΖΙΝΑΚΑΤΩΝ ΚΛΠ) ΜΕ ΠΛΗΡΩΜΑ","193017638000","107356692","gmail.com"
"ΝΙΝΟΣ ΚΩΝΣΤΑΝΤΙΝΟΣ ΤΟΥ ΓΕΩΡΓΙΟΥ","A","free-mail","ninos8865@gmail.com","2661081366","ΚΕΝΤΡΙΚΗΣ ΚΕΡΚΥΡΑΣ ΚΑΙ ΔΙΑΠΟΝΤΙΩΝ ΝΗΣΩΝ / ΚΕΡΚΥΡΑΣ","ΚΕΡΚΥΡΑΣ","ΑΤΟΜΙΚΗ","2012","","","ΥΠΗΡΕΣΙΕΣ ΣΚΑΦΩΝ ΕΚΔΡΟΜΩΝ ΚΑΙ ΠΕΡΙΗΓΗΣΕΩΝ ΘΑΛΑΣΣΑΣ","121600433000","119064361","gmail.com"
"ΝΙΝΟΣ ΣΠΥΡΙΔΩΝ ΤΟΥ ΧΡΗΣΤΟΥ","A","free-mail","spyrosninos@gmail.com","2661039088","ΚΕΝΤΡΙΚΗΣ ΚΕΡΚΥΡΑΣ ΚΑΙ ΔΙΑΠΟΝΤΙΩΝ ΝΗΣΩΝ / ΚΕΡΚΥΡΑΣ","ΚΕΡΚΥΡΑΣ","ΑΤΟΜΙΚΗ","2009","","","ΥΠΗΡΕΣΙΕΣ ΣΚΑΦΩΝ ΕΚΔΡΟΜΩΝ ΚΑΙ ΠΕΡΙΗΓΗΣΕΩΝ ΘΑΛΑΣΣΑΣ","34102833000","042473223","gmail.com"
"ΝΙΝΟΥ ΑΘΗΝΑ ΤΟΥ ΓΕΩΡΓΙΟΥ ΚΑΙ ΤΗΣ ΑΙΚΑΤΕΡΙΝΗΣ","A","free-mail","ninouathena4@gmail.com","6980474965","ΚΕΝΤΡΙΚΗΣ ΚΕΡΚΥΡΑΣ ΚΑΙ ΔΙΑΠΟΝΤΙΩΝ ΝΗΣΩΝ / ΚΕΡΚΥΡΑΣ","ΚΕΡΚΥΡΑΣ","ΑΤΟΜΙΚΗ","2011","","","ΥΠΗΡΕΣΙΕΣ ΣΚΑΦΩΝ ΕΚΔΡΟΜΩΝ ΚΑΙ ΠΕΡΙΗΓΗΣΕΩΝ ΘΑΛΑΣΣΑΣ","144297633000","121850601","gmail.com"
"ΝΙΟΥΤΑΛ ΜΟΝΟΠΡΟΣΩΠΗ ΙΔΙΩΤΙΚΗ ΚΕΦΑΛΑΙΟΥΧΙΚΗ ΕΤΑΙΡΕΙΑ","A","free-mail","NAUTALGR@gmail.com","6944619948","ΠΑΠΑΓΟΥ - ΧΟΛΑΡΓΟΥ / ΒΟΡΕΙΟΥ ΤΟΜΕΑ ΑΘΗΝΩΝ","ΑΤΤΙΚΗΣ","ΙΚΕ","2020","","","ΥΠΗΡΕΣΙΕΣ ΕΝΟΙΚΙΑΣΗΣ ΤΟΥΡΙΣΤΙΚΟΥ ΣΚΑΦΟΥΣ, ΧΩΡΙΣ ΠΛΗΡΩΜΑ","155566901000","801380077","gmail.com"
"ΝΙΤΣΑΣ ΑΠΟΣΤΟΛΟΣ ΤΟΥ ΧΡΗΣΤΟΥ","A","free-mail","nitsasapostolos@gmail.com","","ΚΕΝΤΡΙΚΗΣ ΚΕΡΚΥΡΑΣ ΚΑΙ ΔΙΑΠΟΝΤΙΩΝ ΝΗΣΩΝ / ΚΕΡΚΥΡΑΣ","ΚΕΡΚΥΡΑΣ","ΑΤΟΜΙΚΗ","2025","","","ΥΠΗΡΕΣΙΕΣ ΣΚΑΦΩΝ ΕΚΔΡΟΜΩΝ ΚΑΙ ΠΕΡΙΗΓΗΣΕΩΝ","185468733000","043752652","gmail.com"
"ΝΟΡΘ ΓΙΩΤΣ ΜΟΝΟΠΡΟΣΩΠΗ ΙΔΙΩΤΙΚΗ ΚΕΦΑΛΑΙΟΥΧΙΚΗ ΕΤΑΙΡΕΙΑ","A","free-mail","rokosg@otenet.gr","2109707776","ΠΕΙΡΑΙΩΣ / ΠΕΙΡΑΙΩΣ","ΑΤΤΙΚΗΣ","ΙΚΕ","2025","","","ΥΠΗΡΕΣΙΕΣ ΕΝΟΙΚΙΑΣΗΣ ΤΟΥΡΙΣΤΙΚΟΥ ΣΚΑΦΟΥΣ, ΧΩΡΙΣ ΠΛΗΡΩΜΑ","183864109000","802846513","otenet.gr"
"ΝΤΑΚΑΡ Π.Τ. ΙΔΙΩΤΙΚΗ ΚΕΦΑΛΑΙΟΥΧΙΚΗ ΕΤΑΙΡΕΙΑ","A","free-mail","spatzax@gmail.com","6944748589","ΚΕΝΤΡΙΚΗΣ ΚΕΡΚΥΡΑΣ ΚΑΙ ΔΙΑΠΟΝΤΙΩΝ ΝΗΣΩΝ / ΚΕΡΚΥΡΑΣ","ΚΕΡΚΥΡΑΣ","ΙΚΕ","2018","","","ΥΠΗΡΕΣΙΕΣ ΕΝΟΙΚΙΑΣΗΣ ΠΛΟΙΩΝ ΨΥΧΑΓΩΓΙΑΣ (ΚΟΤΕΡΩΝ, ΘΑΛΑΜΗΓΩΝ, ΒΕΝΖΙΝΑΚΑΤΩΝ ΚΛΠ), ΧΩΡΙΣ ΠΛΗΡΩΜΑ","146037533000","800971537","gmail.com"
"ΝΤΑΚΑΡ Π.Τ. ΙΔΙΩΤΙΚΗ ΚΕΦΑΛΑΙΟΥΧΙΚΗ ΕΤΑΙΡΕΙΑ (Υποκατάστημα)","A","free-mail","spatzax@gmail.com","6944328444","ΝΟΤΙΑΣ ΚΕΡΚΥΡΑΣ / ΚΕΡΚΥΡΑΣ","ΚΕΡΚΥΡΑΣ","ΙΚΕ","2019","","","ΥΠΗΡΕΣΙΕΣ ΕΝΟΙΚΙΑΣΗΣ ΠΛΟΙΩΝ ΨΥΧΑΓΩΓΙΑΣ (ΚΟΤΕΡΩΝ, ΘΑΛΑΜΗΓΩΝ, ΒΕΝΖΙΝΑΚΑΤΩΝ ΚΛΠ), ΧΩΡΙΣ ΠΛΗΡΩΜΑ","146037533001","800971537","gmail.com"
"ΝΤΑΚΑΡ Π.Τ. ΙΔΙΩΤΙΚΗ ΚΕΦΑΛΑΙΟΥΧΙΚΗ ΕΤΑΙΡΕΙΑ (Υποκατάστημα)","A","free-mail","spatzax@gmail.com","6944328444","ΝΟΤΙΑΣ ΚΕΡΚΥΡΑΣ / ΚΕΡΚΥΡΑΣ","ΚΕΡΚΥΡΑΣ","ΙΚΕ","2025","","","ΥΠΗΡΕΣΙΕΣ ΕΝΟΙΚΙΑΣΗΣ ΠΛΟΙΩΝ ΨΥΧΑΓΩΓΙΑΣ (ΚΟΤΕΡΩΝ, ΘΑΛΑΜΗΓΩΝ, ΒΕΝΖΙΝΑΚΑΤΩΝ ΚΛΠ), ΧΩΡΙΣ ΠΛΗΡΩΜΑ","146037533003","800971537","gmail.com"
"ΝΤΑΚΑΡ Π.Τ. ΙΔΙΩΤΙΚΗ ΚΕΦΑΛΑΙΟΥΧΙΚΗ ΕΤΑΙΡΕΙΑ (Υποκατάστημα)","A","free-mail","spatzax@gmail.com","6944328444","ΝΟΤΙΑΣ ΚΕΡΚΥΡΑΣ / ΚΕΡΚΥΡΑΣ","ΚΕΡΚΥΡΑΣ","ΙΚΕ","2019","","","ΥΠΗΡΕΣΙΕΣ ΕΝΟΙΚΙΑΣΗΣ ΠΛΟΙΩΝ ΨΥΧΑΓΩΓΙΑΣ (ΚΟΤΕΡΩΝ, ΘΑΛΑΜΗΓΩΝ, ΒΕΝΖΙΝΑΚΑΤΩΝ ΚΛΠ), ΧΩΡΙΣ ΠΛΗΡΩΜΑ","146037533002","800971537","gmail.com"
"ΝΤΑΤΣΙ ΟΡΝΕΛΑ ΜΑΡΙΑ ΤΟΥ ΑΡΙΑΝ","A","free-mail","ntatsimaria@gmail.com","2231021031","ΛΑΜΙΕΩΝ / ΦΘΙΩΤΙΔΑΣ","ΦΘΙΩΤΙΔΑΣ","ΑΤΟΜΙΚΗ","2023","","","ΥΠΗΡΕΣΙΕΣ ΕΝΟΙΚΙΑΣΗΣ ΕΠΑΓΓΕΛΜΑΤΙΚΟΥ ΤΟΥΡΙΣΤΙΚΟΥ ΣΚΑΦΟΥΣ ΜΕ ΠΛΗΡΩΜΑ","168627754000","142386481","gmail.com"
"ΝΤΟΛΦΑ Ι.Κ.Ε.","A","free-mail","ddolapsakis@gmail.com","6946507010","ΓΛΥΦΑΔΑΣ / ΝΟΤΙΟΥ ΤΟΜΕΑ ΑΘΗΝΩΝ","ΑΤΤΙΚΗΣ","ΙΚΕ","2021","","","ΥΠΗΡΕΣΙΕΣ ΕΝΟΙΚΙΑΣΗΣ ΠΛΟΙΩΝ ΨΥΧΑΓΩΓΙΑΣ (ΚΟΤΕΡΩΝ, ΘΑΛΑΜΗΓΩΝ, ΒΕΝΖΙΝΑΚΑΤΩΝ ΚΛΠ) ΜΕ ΠΛΗΡΩΜΑ","160961301000","801657439","gmail.com"
"ΝΥΣΤΑΖΟΣ ΘΕΜΕΛΗΣ","A","free-mail","nistmichalis@gmail.com","6955258723","ΚΩ / ΚΩ","ΔΩΔΕΚΑΝΗΣΟΥ","ΑΤΟΜΙΚΗ","2010","","","ΥΠΗΡΕΣΙΕΣ ΣΚΑΦΩΝ ΕΚΔΡΟΜΩΝ ΚΑΙ ΠΕΡΙΗΓΗΣΕΩΝ ΘΑΛΑΣΣΑΣ","183209520000","052056160","gmail.com"
"ΞΕΝΙΚΑΚΗΣ ΚΑΙ ΣΙΑ Ε.Ε.","A","free-mail","georgexenikakis@hotmail.com","6946616794","ΑΓΙΟΥ ΝΙΚΟΛΑΟΥ / ΛΑΣΙΘΙΟΥ","ΛΑΣΙΘΙΟΥ","ΕΕ","2024","","","ΥΠΗΡΕΣΙΕΣ ΕΝΟΙΚΙΑΣΗΣ ΤΟΥΡΙΣΤΙΚΟΥ ΣΚΑΦΟΥΣ, ΧΩΡΙΣ ΠΛΗΡΩΜΑ","180313841000","802654540","hotmail.com"
"ΞΕΝΟΣ ΑΓΑΠΗΤΟΣ ΚΑΙ ΣΙΑ Ο.Ε.","A","free-mail","agapitosxenos88@gmail.com","6946903379","ΖΑΚΥΝΘΟΥ / ΖΑΚΥΝΘΟΥ","ΖΑΚΥΝΘΟΥ","ΟΕ","2022","","","ΥΠΗΡΕΣΙΕΣ ΕΝΟΙΚΙΑΣΗΣ ΤΟΥΡΙΣΤΙΚΟΥ ΣΚΑΦΟΥΣ, ΧΩΡΙΣ ΠΛΗΡΩΜΑ","162504624000","801741860","gmail.com"
"ΞΕΝΟΥ ΑΓΓΕΛΙΚΗ ΤΟΥ ΠΑΝΑΓΙΩΤΗ","A","free-mail","aggexenou@gmail.com","6976036741","ΖΑΚΥΝΘΟΥ / ΖΑΚΥΝΘΟΥ","ΖΑΚΥΝΘΟΥ","ΑΤΟΜΙΚΗ","2019","","","ΥΠΗΡΕΣΙΕΣ ΣΚΑΦΩΝ ΕΚΔΡΟΜΩΝ ΚΑΙ ΠΕΡΙΗΓΗΣΕΩΝ ΘΑΛΑΣΣΑΣ","178702524000","136372355","gmail.com"
"ΞΥΔΕΡΟΣ ΔΗΜΗΤΡΙΟΣ","A","free-mail","xyderos.dimitris@gmail.com","6980935765","ΘΗΡΑΣ / ΘΗΡΑΣ","ΚΥΚΛΑΔΩΝ","ΑΤΟΜΙΚΗ","2024","","","ΥΠΗΡΕΣΙΕΣ ΕΝΟΙΚΙΑΣΗΣ ΤΟΥΡΙΣΤΙΚΟΥ ΣΚΑΦΟΥΣ, ΧΩΡΙΣ ΠΛΗΡΩΜΑ","176996538000","059985442","gmail.com"
"ΟΔΥΣΣΕΑΣ ΜΟΝΟΠΡΟΣΩΠΗ Ι.Κ.Ε.","A","free-mail","k.gsmservices@gmail.com","2671224242","ΑΡΓΟΣΤΟΛΙΟΥ / ΚΕΦΑΛΛΗΝΙΑΣ","ΚΕΦΑΛΛΗΝΙΑΣ","ΙΚΕ","2021","","","ΥΠΗΡΕΣΙΕΣ ΕΝΟΙΚΙΑΣΗΣ ΕΠΑΓΓΕΛΜΑΤΙΚΟΥ ΤΟΥΡΙΣΤΙΚΟΥ ΣΚΑΦΟΥΣ ΜΕ ΠΛΗΡΩΜΑ","161769934000","801701387","gmail.com"
"ΟΙΚΟΝΟΜΙΔΗΣ ΒΑΣΙΛΕΙΟΣ ΤΟΥ ΔΗΜΗΤΡΙΟΥ","A","free-mail","voikonomidis1@gmail.com","","ΚΡΩΠΙΑΣ / ΑΝΑΤΟΛΙΚΗΣ ΑΤΤΙΚΗΣ","ΑΘΗΝΩΝ","ΑΤΟΜΙΚΗ","2025","","","ΥΠΗΡΕΣΙΕΣ ΣΚΑΦΩΝ ΕΚΔΡΟΜΩΝ ΚΑΙ ΠΕΡΙΗΓΗΣΕΩΝ ΘΑΛΑΣΣΑΣ","194205203000","151046331","gmail.com"
"ΟΙΚΟΝΟΜΙΔΗΣ ΜΗΝΑΣ ΤΟΥ ΙΩΑΝΝΗ","A","free-mail","minelmar1@yahoo.gr","6944561911","ΑΘΗΝΑΙΩΝ / ΚΕΝΤΡΙΚΟΥ ΤΟΜΕΑ ΑΘΗΝΩΝ","ΑΤΤΙΚΗΣ","ΑΤΟΜΙΚΗ","1900","","","ΥΠΗΡΕΣΙΕΣ ΕΝΟΙΚΙΑΣΗΣ ΤΟΥΡΙΣΤΙΚΟΥ ΣΚΑΦΟΥΣ, ΧΩΡΙΣ ΠΛΗΡΩΜΑ","189757003000","003184232","yahoo.gr"
"ΟΙΚΟΝΟΜΟΥ ΕΛΕΝΗ ΤΟΥ ΛΕΩΝΙΔΑ","A","free-mail","oikonomouel@gmail.com","6956336738","ΚΑΛΑΜΑΤΑΣ / ΜΕΣΣΗΝΙΑΣ","ΜΕΣΣΗΝΙΑΣ","ΑΤΟΜΙΚΗ","2025","","","ΥΠΗΡΕΣΙΕΣ ΕΝΟΙΚΙΑΣΗΣ ΠΛΟΙΩΝ ΨΥΧΑΓΩΓΙΑΣ (ΚΟΤΕΡΩΝ, ΘΑΛΑΜΗΓΩΝ, ΒΕΝΖΙΝΑΚΑΤΩΝ ΚΛΠ), ΧΩΡΙΣ ΠΛΗΡΩΜΑ","185005145000","123040384","gmail.com"
"ΟΡΑΚΛ ΓΙΟΤΣ ΕΝΤ ΤΣΑΡΤΕΡΣ Ι.Κ.Ε.","A","free-mail","mariakakoulogistiko@gmail.com","2661044359","ΚΕΝΤΡΙΚΗΣ ΚΕΡΚΥΡΑΣ ΚΑΙ ΔΙΑΠΟΝΤΙΩΝ ΝΗΣΩΝ / ΚΕΡΚΥΡΑΣ","ΚΕΡΚΥΡΑΣ","ΙΚΕ","2020","","","ΥΠΗΡΕΣΙΕΣ ΕΝΟΙΚΙΑΣΗΣ ΠΛΟΙΩΝ ΨΥΧΑΓΩΓΙΑΣ (ΚΟΤΕΡΩΝ, ΘΑΛΑΜΗΓΩΝ, ΒΕΝΖΙΝΑΚΑΤΩΝ ΚΛΠ) ΜΕ ΠΛΗΡΩΜΑ","157299433000","801458383","gmail.com"
"ΟΡΑΚΛ ΚΟΝΕΚΤ ΙΔΙΩΤΙΚΗ ΚΕΦΑΛΑΙΟΥΧΙΚΗ ΕΤΑΙΡΕΙΑ","A","free-mail","mariakakoulogistiko@gmail.com","2661044359","ΚΕΝΤΡΙΚΗΣ ΚΕΡΚΥΡΑΣ ΚΑΙ ΔΙΑΠΟΝΤΙΩΝ ΝΗΣΩΝ / ΚΕΡΚΥΡΑΣ","ΚΕΡΚΥΡΑΣ","ΙΚΕ","2022","","","ΥΠΗΡΕΣΙΕΣ ΕΝΟΙΚΙΑΣΗΣ ΠΛΟΙΩΝ ΨΥΧΑΓΩΓΙΑΣ (ΚΟΤΕΡΩΝ, ΘΑΛΑΜΗΓΩΝ, ΒΕΝΖΙΝΑΚΑΤΩΝ ΚΛΠ) ΜΕ ΠΛΗΡΩΜΑ","162441533000","801738196","gmail.com"
"ΟΡΦΑΝΟΣ ΝΙΚΟΛΑΟΣ","A","free-mail","orfanos.hotel@gmail.com","2245051289","ΚΑΡΠΑΘΟΥ / ΚΑΡΠΑΘΟΥ","ΔΩΔΕΚΑΝΗΣΟΥ","ΑΤΟΜΙΚΗ","1979","","","ΥΠΗΡΕΣΙΕΣ ΕΝΟΙΚΙΑΣΗΣ ΤΟΥΡΙΣΤΙΚΟΥ ΣΚΑΦΟΥΣ, ΧΩΡΙΣ ΠΛΗΡΩΜΑ","71746420000","024828633","gmail.com"
"ΟΣΤΡΑΚΟ ΙΔΙΩΤΙΚΗ ΚΕΦΑΛΑΙΟΥΧΙΚΗ ΕΤΑΙΡΕΙΑ","A","free-mail","manolis.repanas@gmail.com","2111171542","ΦΙΛΟΘΕΗΣ - ΨΥΧΙΚΟΥ / ΒΟΡΕΙΟΥ ΤΟΜΕΑ ΑΘΗΝΩΝ","ΑΤΤΙΚΗΣ","ΙΚΕ","2021","","","ΥΠΗΡΕΣΙΕΣ ΕΝΟΙΚΙΑΣΗΣ ΤΟΥΡΙΣΤΙΚΟΥ ΣΚΑΦΟΥΣ, ΧΩΡΙΣ ΠΛΗΡΩΜΑ","158195201000","801508575","gmail.com"
"Π. ΓΙΑΝΝΟΥΛΗΣ ΜΟΝΟΠΡΟΣΩΠΗ ΕΤΑΙΡΕΙΑ ΠΕΡΙΟΡΙΣΜΕΝΗΣ ΕΥΘΥΝΗΣ","A","free-mail","dimitrismavropoulos@yahoo.gr","2221085845","ΧΑΛΚΙΔΕΩΝ / ΕΥΒΟΙΑΣ","ΕΥΒΟΙΑΣ","ΕΠΕ","2012","","","ΥΠΗΡΕΣΙΕΣ ΕΝΟΙΚΙΑΣΗΣ ΕΠΑΓΓΕΛΜΑΤΙΚΟΥ ΤΟΥΡΙΣΤΙΚΟΥ ΣΚΑΦΟΥΣ ΜΕ ΠΛΗΡΩΜΑ","119664322000","800388784","yahoo.gr"
"Π. ΚΟΝΙΔΑΡΗΣ ΚΑΙ ΣΙΑ ΕΕ","A","free-mail","panoskonidaris@gmail.com","6944648638","ΜΕΓΑΝΗΣΙΟΥ / ΛΕΥΚΑΔΑΣ","ΛΕΥΚΑΔΑΣ","ΕΕ","2017","","","ΥΠΗΡΕΣΙΕΣ ΕΝΟΙΚΙΑΣΗΣ ΤΟΥΡΙΣΤΙΚΟΥ ΣΚΑΦΟΥΣ, ΧΩΡΙΣ ΠΛΗΡΩΜΑ","144323243000","800893740","gmail.com"
"Π.ΚΑΝΑΚΗΣ- Σ.ΚΑΝΑΚΗΣ ΟΜΟΡΡΥΘΜΗ ΕΤΑΙΡΕΙΑ","A","free-mail","stekioskan93@gmail.com","","ΕΛΕΥΣΙΝΑΣ / ΔΥΤΙΚΗΣ ΑΤΤΙΚΗΣ","ΑΤΤΙΚΗΣ","ΟΕ","2022","","","ΥΠΗΡΕΣΙΕΣ ΕΝΟΙΚΙΑΣΗΣ ΣΚΑΦΩΝ ΘΑΛΑΣΣΙΑΣ ΚΑΙ ΑΚΤΟΠΛΟΪΚΗΣ ΜΕΤΑΦΟΡΑΣ ΕΠΙΒΑΤΩΝ ΜΕ ΧΕΙΡΙΣΤΗ","164953909000","801873173","gmail.com"
"ΠΑΓΚΑΛΟΣ ΓΕΩΡΓΙΟΣ του ΒΑΣΙΛΕΙΟΥ","A","free-mail","pagalosg@yahoo.gr","6936834733","ΡΕΘΥΜΝΗΣ / ΡΕΘΥΜΝΟΥ","ΡΕΘΥΜΝΗΣ","ΑΤΟΜΙΚΗ","2012","","","ΥΠΗΡΕΣΙΕΣ ΕΝΟΙΚΙΑΣΗΣ ΤΟΥΡΙΣΤΙΚΟΥ ΣΚΑΦΟΥΣ, ΧΩΡΙΣ ΠΛΗΡΩΜΑ","119353550000","036314453","yahoo.gr"
"ΠΑΛΑΒΙΤΣΙΝΗ ΕΛΙΖΑΜΠΕΘ ΤΟΥ ΛΑΜΠΡΟΥ","A","free-mail","elizabethpalavitsini@gmail.com","6971909637","ΠΛΑΤΑΝΙΑ / ΧΑΝΙΩΝ","ΧΑΝΙΩΝ","ΑΤΟΜΙΚΗ","2022","","","ΥΠΗΡΕΣΙΕΣ ΣΚΑΦΩΝ ΕΚΔΡΟΜΩΝ ΚΑΙ ΠΕΡΙΗΓΗΣΕΩΝ ΘΑΛΑΣΣΑΣ","164922358000","107139372","gmail.com"
"ΠΑΝΑΓΙΩΤΙΔΗΣ ΑΘΑΝΑΣΙΟΣ ΤΟΥ ΦΙΛΙΠΠΟΥ","A","free-mail","sakispan@hotmail.com","6973355766","ΣΙΘΩΝΙΑΣ / ΧΑΛΚΙΔΙΚΗΣ","ΧΑΛΚΙΔΙΚΗΣ","ΑΤΟΜΙΚΗ","2019","","","ΥΠΗΡΕΣΙΕΣ ΕΝΟΙΚΙΑΣΗΣ ΕΠΑΓΓΕΛΜΑΤΙΚΟΥ ΤΟΥΡΙΣΤΙΚΟΥ ΣΚΑΦΟΥΣ ΜΕ ΠΛΗΡΩΜΑ","178116957000","145978744","hotmail.com"
"ΠΑΝΑΓΙΩΤΙΝΓΚ ΙΔΙΩΤΙΚΗ ΚΕΦΑΛΑΙΟΥΧΙΚΗ ΜΟΝΟΠΡΟΣΩΠΗ ΕΤΑΙΡΕΙΑ","A","free-mail","giannispapasar1@gmail.com","6945795200","ΜΑΡΑΘΩΝΟΣ / ΑΝΑΤΟΛΙΚΗΣ ΑΤΤΙΚΗΣ","ΑΤΤΙΚΗΣ","ΙΚΕ","2018","","","ΥΠΗΡΕΣΙΕΣ ΕΝΟΙΚΙΑΣΗΣ ΠΛΟΙΩΝ ΨΥΧΑΓΩΓΙΑΣ (ΚΟΤΕΡΩΝ, ΘΑΛΑΜΗΓΩΝ, ΒΕΝΖΙΝΑΚΑΤΩΝ ΚΛΠ), ΧΩΡΙΣ ΠΛΗΡΩΜΑ","148439401000","801072529","gmail.com"
"ΠΑΝΔΗΣ ΜΑΡΚΟΣ ΤΟΥ ΝΙΚΟΛΑΟΥ","A","free-mail","markospandis@hotmail.gr","","ΝΟΤΙΑΣ ΚΕΡΚΥΡΑΣ / ΚΕΡΚΥΡΑΣ","ΚΕΡΚΥΡΑΣ","ΑΤΟΜΙΚΗ","2018","","","ΥΠΗΡΕΣΙΕΣ ΣΚΑΦΩΝ ΕΚΔΡΟΜΩΝ ΚΑΙ ΠΕΡΙΗΓΗΣΕΩΝ ΘΑΛΑΣΣΑΣ","193602733000","135678579","hotmail.gr"
"ΠΑΠΑΒΑΣΙΛΕΙΟΥ ΑΝΤΩΝΙΟΣ ΤΟΥ ΔΗΜΗΤΡΙΟΥ","A","free-mail","antonisantonis@gmail.com","6940401620","ΑΙΓΙΝΑΣ / ΝΗΣΩΝ","ΑΤΤΙΚΗΣ","ΑΤΟΜΙΚΗ","","","","ΥΠΗΡΕΣΙΕΣ ΕΝΟΙΚΙΑΣΗΣ ΤΟΥΡΙΣΤΙΚΟΥ ΣΚΑΦΟΥΣ, ΧΩΡΙΣ ΠΛΗΡΩΜΑ","176904509000","132229037","gmail.com"
"ΠΑΠΑΔΑΚΗΣ  ΓΕΩΡΓΙΟΣ ΑΡΙΣΤΕΙΔΗΣ","A","free-mail","taleoselounda@gmail.com","6907777333","ΑΓΙΟΥ ΝΙΚΟΛΑΟΥ / ΛΑΣΙΘΙΟΥ","ΛΑΣΙΘΙΟΥ","ΑΤΟΜΙΚΗ","2022","","","ΥΠΗΡΕΣΙΕΣ ΕΝΟΙΚΙΑΣΗΣ ΤΟΥΡΙΣΤΙΚΟΥ ΣΚΑΦΟΥΣ, ΧΩΡΙΣ ΠΛΗΡΩΜΑ","24688141000","054399102","gmail.com"
"ΠΑΠΑΕΛΕΥΘΕΡΙΟΥ ΓΕΩΡΓΙΟΣ","A","free-mail","easyboat.george@gmail.com","","ΡΟΔΟΥ / ΡΟΔΟΥ","ΔΩΔΕΚΑΝΗΣΟΥ","ΑΤΟΜΙΚΗ","2011","","","ΥΠΗΡΕΣΙΕΣ ΣΚΑΦΩΝ ΕΚΔΡΟΜΩΝ ΚΑΙ ΠΕΡΙΗΓΗΣΕΩΝ ΘΑΛΑΣΣΑΣ","116408020000","046139709","gmail.com"
"ΠΑΠΑΚΥΡΙΑΚΟΥ ΜΙΧΑΗΛ ΜΟΝΟΠΡΟΣΩΠΗ ΙΔΙΩΤΙΚΗ ΚΕΦΑΛΑΙΟΥΧΙΚΗ ΕΤΑΙΡΙΑ","A","free-mail","nkantoniou@yahoo.com","6947800000","ΧΑΛΚΙΔΕΩΝ / ΕΥΒΟΙΑΣ","ΕΥΒΟΙΑΣ","ΙΚΕ","2023","","","ΥΠΗΡΕΣΙΕΣ ΕΝΟΙΚΙΑΣΗΣ ΕΠΑΓΓΕΛΜΑΤΙΚΟΥ ΤΟΥΡΙΣΤΙΚΟΥ ΣΚΑΦΟΥΣ ΜΕ ΠΛΗΡΩΜΑ","168917822000","802049917","yahoo.com"
"ΠΑΠΑΛΑΠΑΣ BOAT TOURS Ε.Ε.","A","free-mail","teoskopeljw@hotmail.com","2421028382","ΣΚΟΠΕΛΟΥ / ΣΠΟΡΑΔΩΝ","ΜΑΓΝΗΣΙΑΣ","ΕΕ","2026","","","ΥΠΗΡΕΣΙΕΣ ΕΝΟΙΚΙΑΣΗΣ ΤΟΥΡΙΣΤΙΚΟΥ ΣΚΑΦΟΥΣ, ΧΩΡΙΣ ΠΛΗΡΩΜΑ","193862844000","803288220","hotmail.com"
"ΠΑΠΑΜΙΧΑΛΗΣ ΑΘΑΝΑΣΙΟΣ ΚΑΙ ΠΑΠΑΔΟΠΟΥΛΟΣ ΙΟΡΔΑΝΗΣ Ο.Ε.","A","free-mail","lepenil2@gmail.com","2109243766","ΑΘΗΝΑΙΩΝ / ΚΕΝΤΡΙΚΟΥ ΤΟΜΕΑ ΑΘΗΝΩΝ","ΑΤΤΙΚΗΣ","ΟΕ","2023","","","ΥΠΗΡΕΣΙΕΣ ΣΚΑΦΩΝ ΕΚΔΡΟΜΩΝ ΚΑΙ ΠΕΡΙΗΓΗΣΕΩΝ ΘΑΛΑΣΣΑΣ","168196803000","802016382","gmail.com"
"ΠΑΠΑΝΕΣΤΩΡΟΠΟΥΛΟΥ  ΘΕΟΔΩΡΑ","A","free-mail","heodora.papanestoropoulou@gmail.com","","ΛΑΡΙΣΑΙΩΝ / ΛΑΡΙΣΑΣ","ΛΑΡΙΣΑΣ","ΑΤΟΜΙΚΗ","2026","","","ΥΠΗΡΕΣΙΕΣ ΣΚΑΦΩΝ ΕΚΔΡΟΜΩΝ ΚΑΙ ΠΕΡΙΗΓΗΣΕΩΝ ΘΑΛΑΣΣΑΣ","193372940000","169548855","gmail.com"
"ΠΑΠΑΠΑΝΑΓΙΩΤΟΥ ΠΕΤΡΟΣ ΤΟΥ ΘΕΟΔΩΡΟΥ","A","free-mail","247vendingmachines@gmail.com","6944708671","ΠΥΛΑΙΑΣ-ΧΟΡΤΙΑΤΗ / ΘΕΣΣΑΛΟΝΙΚΗΣ","ΘΕΣΣΑΛΟΝΙΚΗΣ","ΑΤΟΜΙΚΗ","2010","","","ΥΠΗΡΕΣΙΕΣ ΕΝΟΙΚΙΑΣΗΣ ΕΠΑΓΓΕΛΜΑΤΙΚΟΥ ΤΟΥΡΙΣΤΙΚΟΥ ΣΚΑΦΟΥΣ ΜΕ ΠΛΗΡΩΜΑ","41084306000","055029440","gmail.com"
"ΠΑΠΑΠΕΤΡΟΥ ΙΩΑΝΝΗΣ ΤΟΥ ΑΝΔΡΕΑ","A","free-mail","OFFICESARLAS@GMAIL.COM","2109801995","ΝΕΑΣ ΣΜΥΡΝΗΣ / ΝΟΤΙΟΥ ΤΟΜΕΑ ΑΘΗΝΩΝ","ΑΤΤΙΚΗΣ","ΑΤΟΜΙΚΗ","2014","","","ΥΠΗΡΕΣΙΕΣ ΕΝΟΙΚΙΑΣΗΣ ΤΟΥΡΙΣΤΙΚΟΥ ΣΚΑΦΟΥΣ, ΧΩΡΙΣ ΠΛΗΡΩΜΑ","173263403000","066227737","gmail.com"
"ΠΑΠΑΦΙΛΙΠΠΟΥ ΓΕΩΡΓΙΟΣ","A","free-mail","katerina_papafilippou@hotmail.com","2593062297","ΘΑΣΟΥ / ΘΑΣΟΥ","ΚΑΒΑΛΑΣ","ΑΤΟΜΙΚΗ","2023","","","ΥΠΗΡΕΣΙΕΣ ΕΝΟΙΚΙΑΣΗΣ ΤΟΥΡΙΣΤΙΚΟΥ ΣΚΑΦΟΥΣ, ΧΩΡΙΣ ΠΛΗΡΩΜΑ","170030330000","164110021","hotmail.com"
"ΠΑΡΑΔΕΙΣΗΣ ΙΩΑΝΝΗΣ","A","free-mail","yanifg@gmail.com","","ΛΕΙΨΩΝ / ΚΑΛΥΜΝΟΥ","ΔΩΔΕΚΑΝΗΣΟΥ","ΑΤΟΜΙΚΗ","2019","","","ΥΠΗΡΕΣΙΕΣ ΣΚΑΦΩΝ ΕΚΔΡΟΜΩΝ ΚΑΙ ΠΕΡΙΗΓΗΣΕΩΝ ΘΑΛΑΣΣΑΣ","154995420000","130704240","gmail.com"
"ΠΑΡΑΣΚΕΥΑ ΑΛΕΞΑΝΔΡΑ","A","free-mail","babynest.rhodes@gmail.com","","ΡΟΔΟΥ / ΡΟΔΟΥ","ΔΩΔΕΚΑΝΗΣΟΥ","ΑΤΟΜΙΚΗ","2016","","","ΥΠΗΡΕΣΙΕΣ ΕΝΟΙΚΙΑΣΗΣ ΤΟΥΡΙΣΤΙΚΟΥ ΣΚΑΦΟΥΣ, ΧΩΡΙΣ ΠΛΗΡΩΜΑ","141023420000","131014410","gmail.com"
"ΠΑΡΑΣΚΕΥΗ ΕΜΜΑΝΟΥΗΛ ΑΝΕΒΛΑΒΗ","A","free-mail","anevoula@gmail.com","6980607886","ΝΑΞΟΥ & ΜΙΚΡΩΝ ΚΥΚΛΑΔΩΝ / ΝΑΞΟΥ","ΚΥΚΛΑΔΩΝ","ΑΤΟΜΙΚΗ","2025","","","ΥΠΗΡΕΣΙΕΣ ΕΝΟΙΚΙΑΣΗΣ ΠΛΟΙΩΝ ΨΥΧΑΓΩΓΙΑΣ (ΚΟΤΕΡΩΝ, ΘΑΛΑΜΗΓΩΝ, ΒΕΝΖΙΝΑΚΑΤΩΝ ΚΛΠ), ΧΩΡΙΣ ΠΛΗΡΩΜΑ","185695138000","168641554","gmail.com"
"ΠΑΡΔΑΛΗΣ ΧΡΗΣΤΟΣ ΤΟΥ ΔΙΟΝΥΣΙΟΥ","A","free-mail","chrispardaliss@gmail.com","2104310738","ΚΕΡΑΤΣΙΝΙΟΥ - ΔΡΑΠΕΤΣΩΝΑΣ / ΠΕΙΡΑΙΩΣ","ΑΤΤΙΚΗΣ","ΑΤΟΜΙΚΗ","2024","","","ΥΠΗΡΕΣΙΕΣ ΣΚΑΦΩΝ ΕΚΔΡΟΜΩΝ ΚΑΙ ΠΕΡΙΗΓΗΣΕΩΝ ΘΑΛΑΣΣΑΣ","180480109000","160699179","gmail.com"
"ΠΑΣΧΑΛΗΣ ΑΝΔΡΕΑΣ του ΓΕΩΡΓΙΟΥ","A","free-mail","captain.andreas.pashalis@gmail.com","2273095389","ΑΝΑΤΟΛΙΚΗΣ ΣΑΜΟΥ / ΣΑΜΟΥ","ΣΑΜΟΥ","ΑΤΟΜΙΚΗ","2008","","","ΥΠΗΡΕΣΙΕΣ ΣΚΑΦΩΝ ΕΚΔΡΟΜΩΝ ΚΑΙ ΠΕΡΙΗΓΗΣΕΩΝ ΘΑΛΑΣΣΑΣ","52162951000","036490393","gmail.com"
"ΠΑΣΧΑΛΗΣ ΗΛΙΑΣ ΤΟΥ ΔΗΜΗΤΡΙΟΥ","A","free-mail","iliasp7@gmail.com","0000000000","ΖΑΚΥΝΘΟΥ / ΖΑΚΥΝΘΟΥ","ΖΑΚΥΝΘΟΥ","ΑΤΟΜΙΚΗ","2012","","","ΥΠΗΡΕΣΙΕΣ ΣΚΑΦΩΝ ΕΚΔΡΟΜΩΝ ΚΑΙ ΠΕΡΙΗΓΗΣΕΩΝ ΘΑΛΑΣΣΑΣ","120877524000","107486093","gmail.com"
"ΠΑΥΛΟΥ ΠΑΝΑΓΙΩΤΗΣ","A","free-mail","panagiwtisdoctor@gmail.com","6972677827","ΠΑΤΡΕΩΝ / ΑΧΑΙΑΣ","ΑΧΑΙΑΣ","ΑΤΟΜΙΚΗ","2025","","","ΥΠΗΡΕΣΙΕΣ ΣΚΑΦΩΝ ΕΚΔΡΟΜΩΝ ΚΑΙ ΠΕΡΙΗΓΗΣΕΩΝ ΘΑΛΑΣΣΑΣ","185605016000","111897954","gmail.com"
"ΠΕΡΡΑΚΗ ΕΙΡΗΝΗ ΜΑΡΙΑ - ΠΕΡΡΑΚΗΣ ΦΙΛΙΠΠΟΣ ΟΕ Ο.Ε.","A","free-mail","dimzacha@otenet.gr","2282072100","ΑΝΔΡΟΥ / ΑΝΔΡΟΥ","ΚΥΚΛΑΔΩΝ","ΟΕ","2009","","","ΥΠΗΡΕΣΙΕΣ ΣΚΑΦΩΝ ΕΚΔΡΟΜΩΝ ΚΑΙ ΠΕΡΙΗΓΗΣΕΩΝ ΘΑΛΑΣΣΑΣ","48885338000","998239380","otenet.gr"
"ΠΕΤΡΙΔΗΣ  ΘΕΟΔΩΡΟΣ ΤΟΥ ΠΑΥΛΟΥ","A","free-mail","petridtheo@gmail.com","","ΠΡΕΒΕΖΑΣ / ΠΡΕΒΕΖΑΣ","ΠΡΕΒΕΖΑΣ","ΑΤΟΜΙΚΗ","2022","","","ΥΠΗΡΕΣΙΕΣ ΘΑΛΑΣΣΙΩΝ ΚΑΙ ΠΑΡΑΚΤΙΩΝ ΜΕΤΑΦΟΡΩΝ ΕΠΙΒΑΤΩΝ ΜΕ ΘΑΛΑΜΗΓΟΥΣ - ΤΟΥΡΙΣΤΙΚΑ ΠΛΟΙΑ ΜΕ ΕΛΛΗΝΙΚΗ ΣΗΜΑΙΑ","117300352000","100875692","gmail.com"
"ΠΕΤΡΙΔΗΣ ΓΕΩΡΓΙΟΣ SAILING ΜΟΝΟΠΡΟΣΩΠΗ ΙΚΕ","A","free-mail","mat3@otenet.gr","2591024934","ΝΕΣΤΟΥ / ΚΑΒΑΛΑΣ","ΚΑΒΑΛΑΣ","ΙΚΕ","2019","","","ΥΠΗΡΕΣΙΕΣ ΕΝΟΙΚΙΑΣΗΣ ΕΠΑΓΓΕΛΜΑΤΙΚΟΥ ΤΟΥΡΙΣΤΙΚΟΥ ΣΚΑΦΟΥΣ ΜΕ ΠΛΗΡΩΜΑ","149695430000","997155395","otenet.gr"
"ΠΕΤΡΟΣ ΝΙΚΟΛΑΟΥ ΑΚΑΛΕΣΤΟΣ","A","free-mail","regaki75@yahoo.gr","2284024731","ΠΑΡΟΥ / ΠΑΡΟΥ","ΚΥΚΛΑΔΩΝ","ΑΤΟΜΙΚΗ","2003","","","ΥΠΗΡΕΣΙΕΣ ΣΚΑΦΩΝ ΕΚΔΡΟΜΩΝ ΚΑΙ ΠΕΡΙΗΓΗΣΕΩΝ ΘΑΛΑΣΣΑΣ","49332038000","073130120","yahoo.gr"
"ΠΕΤΡΟΣ ΣΠΥΡΟΠΟΥΛΟΣ","A","free-mail","ana.paolinou@gmail.com","2610339558","ΛΕΥΚΑΔΑΣ / ΛΕΥΚΑΔΑΣ","ΛΕΥΚΑΔΑΣ","ΑΤΟΜΙΚΗ","2019","","","ΥΠΗΡΕΣΙΕΣ ΣΚΑΦΩΝ ΕΚΔΡΟΜΩΝ ΚΑΙ ΠΕΡΙΗΓΗΣΕΩΝ ΘΑΛΑΣΣΑΣ","36439116000","044049419","gmail.com"
"ΠΙΠΕΡΑΣ ΝΙΚΟΛΑΟΣ ΤΟΥ ΣΠΥΡΙΔΩΝ","A","free-mail","nikolaspiperas@gmail.com","2106668065","ΑΘΗΝΑΙΩΝ / ΚΕΝΤΡΙΚΟΥ ΤΟΜΕΑ ΑΘΗΝΩΝ","ΑΤΤΙΚΗΣ","ΑΤΟΜΙΚΗ","2019","","","ΥΠΗΡΕΣΙΕΣ ΕΝΟΙΚΙΑΣΗΣ ΤΟΥΡΙΣΤΙΚΟΥ ΣΚΑΦΟΥΣ, ΧΩΡΙΣ ΠΛΗΡΩΜΑ","146014803000","103625198","gmail.com"
"ΠΟΓΙΑΤΖΗΣ ΑΝΔΡΕΑΣ ΤΟΥ ΧΡΙΣΤΟΔΟΥΛΟΥ","A","free-mail","andyskipper70@gmail.com","2661081990","ΚΕΝΤΡΙΚΗΣ ΚΕΡΚΥΡΑΣ ΚΑΙ ΔΙΑΠΟΝΤΙΩΝ ΝΗΣΩΝ / ΚΕΡΚΥΡΑΣ","ΚΕΡΚΥΡΑΣ","ΑΤΟΜΙΚΗ","2005","","","ΥΠΗΡΕΣΙΕΣ ΘΑΛΑΣΣΙΩΝ ΚΑΙ ΠΑΡΑΚΤΙΩΝ ΜΕΤΑΦΟΡΩΝ ΕΠΙΒΑΤΩΝ ΜΕ ΘΑΛΑΜΗΓΟΥΣ - ΤΟΥΡΙΣΤΙΚΑ ΠΛΟΙΑ ΜΕ ΕΛΛΗΝΙΚΗ ΣΗΜΑΙΑ","34223933000","075248257","gmail.com"
"ΠΟΘΗΤΟΣ ΜΗΝΑ ΑΡΒΑΝΙΤΗΣ","A","free-mail","xalariirini@gmail.com","2286082884","ΘΗΡΑΣ / ΘΗΡΑΣ","ΚΥΚΛΑΔΩΝ","ΑΤΟΜΙΚΗ","1994","","","ΥΠΗΡΕΣΙΕΣ ΣΚΑΦΩΝ ΕΚΔΡΟΜΩΝ ΚΑΙ ΠΕΡΙΗΓΗΣΕΩΝ ΘΑΛΑΣΣΑΣ","49340138000","053848682","gmail.com"
"ΠΟΡΤΟ ΧΕΛΙ ΘΑΛΑΣΣΙΑ ΣΠΟΡ Ε.Ε.","A","free-mail","chefkorolis@gmail.com","6951789789","ΕΡΜΙΟΝΙΔΑΣ / ΑΡΓΟΛΙΔΑΣ","ΑΡΓΟΛΙΔΑΣ","ΕΕ","2021","","","ΥΠΗΡΕΣΙΕΣ ΣΚΑΦΩΝ ΕΚΔΡΟΜΩΝ ΚΑΙ ΠΕΡΙΗΓΗΣΕΩΝ ΘΑΛΑΣΣΑΣ","159469913000","801577789","gmail.com"
"ΠΟΡΤΟ ΧΕΛΙ ΘΑΛΑΣΣΙΑ ΣΠΟΡ Ε.Ε. (Υποκατάστημα)","A","free-mail","chefkorolis@gmail.com","6951789789","ΕΡΜΙΟΝΙΔΑΣ / ΑΡΓΟΛΙΔΑΣ","ΑΡΓΟΛΙΔΑΣ","ΕΕ","2025","","","ΥΠΗΡΕΣΙΕΣ ΣΚΑΦΩΝ ΕΚΔΡΟΜΩΝ ΚΑΙ ΠΕΡΙΗΓΗΣΕΩΝ ΘΑΛΑΣΣΑΣ","159469913001","801577789","gmail.com"
"ΠΟΣΕΙΔΩΝ YACHTING Ι.Κ.Ε.","A","free-mail","stavrosmantz@gmail.com","6936666570","ΗΡΑΚΛΕΙΟΥ / ΗΡΑΚΛΕΙΟΥ","ΗΡΑΚΛΕΙΟΥ","ΙΚΕ","2025","","","ΥΠΗΡΕΣΙΕΣ ΕΝΟΙΚΙΑΣΗΣ ΣΚΑΦΩΝ ΘΑΛΑΣΣΙΑΣ ΚΑΙ ΑΚΤΟΠΛΟΪΚΗΣ ΜΕΤΑΦΟΡΑΣ ΕΠΙΒΑΤΩΝ ΜΕ ΧΕΙΡΙΣΤΗ","184215327000","802865054","gmail.com"
"ΠΟΣΕΙΔΩΝ ΓΙΩΤΙΝΓΚ ΝΑΥΤΙΛΙΑΚΗ ΕΤΑΙΡΕΙΑ ΠΕΡΙΟΡΙΣΜΕΝΗΣ ΕΥΘΥΝΗΣ","A","free-mail","grigorisvoyiatzis@gmail.com","6948282248","ΑΧΑΡΝΩΝ / ΑΝΑΤΟΛΙΚΗΣ ΑΤΤΙΚΗΣ","ΑΤΤΙΚΗΣ","ΕΠΕ","1989","","","ΥΠΗΡΕΣΙΕΣ ΕΝΟΙΚΙΑΣΗΣ ΤΟΥΡΙΣΤΙΚΟΥ ΣΚΑΦΟΥΣ, ΧΩΡΙΣ ΠΛΗΡΩΜΑ","139074807000","095193952","gmail.com"
"ΠΟΥΛΗΜΑΣ & ΣΙΑ Ε.Ε.","A","free-mail","agastera@otenet.gr","2661044983","","","ΕΕ","2011","","","ΥΠΗΡΕΣΙΕΣ ΣΚΑΦΩΝ ΕΚΔΡΟΜΩΝ ΚΑΙ ΠΕΡΙΗΓΗΣΕΩΝ ΘΑΛΑΣΣΑΣ","116444733000","800328609","otenet.gr"
"ΠΡΙΜΙΟΥΜ ΣΑΙΛΙΝΓΚ  Ι.Κ.Ε.","A","free-mail","kostasvellas@gmail.com","2108218606","ΑΘΗΝΑΙΩΝ / ΚΕΝΤΡΙΚΟΥ ΤΟΜΕΑ ΑΘΗΝΩΝ","ΑΤΤΙΚΗΣ","ΙΚΕ","2021","","","ΥΠΗΡΕΣΙΕΣ ΕΝΟΙΚΙΑΣΗΣ ΤΟΥΡΙΣΤΙΚΟΥ ΣΚΑΦΟΥΣ, ΧΩΡΙΣ ΠΛΗΡΩΜΑ","161616703000","801693021","gmail.com"
"ΠΡΟΣΑΛΕΝΤΗΣ ΑΡΙΣΤΟΤΕΛΗΣ ΤΟΥ ΚΩΝ/ΝΟΥ","A","free-mail","asterascruises@hotmail.com","2661097845","ΚΕΝΤΡΙΚΗΣ ΚΕΡΚΥΡΑΣ ΚΑΙ ΔΙΑΠΟΝΤΙΩΝ ΝΗΣΩΝ / ΚΕΡΚΥΡΑΣ","","ΑΤΟΜΙΚΗ","1995","","","ΥΠΗΡΕΣΙΕΣ ΣΚΑΦΩΝ ΕΚΔΡΟΜΩΝ ΚΑΙ ΠΕΡΙΗΓΗΣΕΩΝ ΘΑΛΑΣΣΑΣ","34249333000","045928608","hotmail.com"
"ΠΡΩΤΟΠΑΠΑΣ ΑΝΤΩΝΙΟΣ","A","free-mail","anastasiapr.1963@gmail.com","2245022323","ΚΑΡΠΑΘΟΥ / ΚΑΡΠΑΘΟΥ","ΔΩΔΕΚΑΝΗΣΟΥ","ΑΤΟΜΙΚΗ","2000","","","ΥΠΗΡΕΣΙΕΣ ΣΚΑΦΩΝ ΕΚΔΡΟΜΩΝ ΚΑΙ ΠΕΡΙΗΓΗΣΕΩΝ ΘΑΛΑΣΣΑΣ","137390420000","053054083","gmail.com"
"ΠΡΩΤΟΠΑΠΑΣ ΕΜΜΑΝΟΥΗΛ","A","free-mail","captainmanolisboat@gmail.com","2241036626","ΚΑΡΠΑΘΟΥ / ΚΑΡΠΑΘΟΥ","ΔΩΔΕΚΑΝΗΣΟΥ","ΑΤΟΜΙΚΗ","2013","","","ΥΠΗΡΕΣΙΕΣ ΕΝΟΙΚΙΑΣΗΣ ΤΟΥΡΙΣΤΙΚΟΥ ΣΚΑΦΟΥΣ, ΧΩΡΙΣ ΠΛΗΡΩΜΑ","140186720000","150243212","gmail.com"
"ΡΑΓΚΟΣ ΚΩΝΣΤΑΝΤΙΝΟΣ ΤΟΥ ΓΕΩΡΓΙΟΥ","A","free-mail","soulfaderdj@gmail.com","6973344029","ΛΑΜΙΕΩΝ / ΦΘΙΩΤΙΔΑΣ","ΦΘΙΩΤΙΔΑΣ","ΑΤΟΜΙΚΗ","2024","","","ΥΠΗΡΕΣΙΕΣ ΘΑΛΑΣΣΙΩΝ ΚΑΙ ΠΑΡΑΚΤΙΩΝ ΜΕΤΑΦΟΡΩΝ ΕΠΙΒΑΤΩΝ ΜΕ ΘΑΛΑΜΗΓΟΥΣ - ΤΟΥΡΙΣΤΙΚΑ ΠΛΟΙΑ ΜΕ ΕΛΛΗΝΙΚΗ ΣΗΜΑΙΑ","180581254000","142358250","gmail.com"
"ΡΑΔΙ Ι.Κ.Ε.","A","free-mail","pariskonstas@yahoo.com","6945593023","ΒΟΛΟΥ / ΜΑΓΝΗΣΙΑΣ","ΜΑΓΝΗΣΙΑΣ","ΙΚΕ","2021","","","ΥΠΗΡΕΣΙΕΣ ΕΝΟΙΚΙΑΣΗΣ ΤΟΥΡΙΣΤΙΚΟΥ ΣΚΑΦΟΥΣ, ΧΩΡΙΣ ΠΛΗΡΩΜΑ","158180344000","801507740","yahoo.com"
"ΡΑΠΤΗΣ ΣΩΤΗΡΙΟΣ ΤΟΥ ΔΗΜΗΤΡΙΟΥ","A","free-mail","s.raptis63@gmail.com","","ΚΑΤΕΡΙΝΗΣ / ΠΙΕΡΙΑΣ","ΠΙΕΡΙΑΣ","ΑΤΟΜΙΚΗ","2025","","","ΥΠΗΡΕΣΙΕΣ ΕΝΟΙΚΙΑΣΗΣ ΤΟΥΡΙΣΤΙΚΟΥ ΣΚΑΦΟΥΣ, ΧΩΡΙΣ ΠΛΗΡΩΜΑ","185941848000","030068539","gmail.com"
"ΡΕΜΠΟΥΣΚΟΣ ΔΗΜΗΤΡΙΟΣ ΤΟΥ ΙΩΑΝΝΗ","A","free-mail","mitsossurf23@gmail.com","2109883743","ΜΕΓΑΡΕΩΝ / ΔΥΤΙΚΗΣ ΑΤΤΙΚΗΣ","ΑΤΤΙΚΗΣ","ΑΤΟΜΙΚΗ","2022","","","ΥΠΗΡΕΣΙΕΣ ΕΝΟΙΚΙΑΣΗΣ ΤΟΥΡΙΣΤΙΚΟΥ ΣΚΑΦΟΥΣ, ΧΩΡΙΣ ΠΛΗΡΩΜΑ","167848709000","143977684","gmail.com"
"ΡΙΖΙΚΑΡΗ ΠΑΡΑΣΚΕΥΗ ΤΟΥ ΔΗΜΟΣΘΕΝΗ","A","free-mail","rizikari.evita@gmail.com","","ΧΑΛΑΝΔΡΙΟΥ / ΒΟΡΕΙΟΥ ΤΟΜΕΑ ΑΘΗΝΩΝ","ΑΤΤΙΚΗΣ","ΑΤΟΜΙΚΗ","2023","","","ΥΠΗΡΕΣΙΕΣ ΕΝΟΙΚΙΑΣΗΣ ΤΟΥΡΙΣΤΙΚΟΥ ΣΚΑΦΟΥΣ, ΧΩΡΙΣ ΠΛΗΡΩΜΑ","189579603000","162733843","gmail.com"
"ΡΟΔΗ ΚΩΝΣΤΑΝΤΙΝΑ","A","free-mail","krodi92@yahoo.gr","","ΣΥΜΗΣ / ΡΟΔΟΥ","ΔΩΔΕΚΑΝΗΣΟΥ","ΑΤΟΜΙΚΗ","2018","","","ΥΠΗΡΕΣΙΕΣ ΣΚΑΦΩΝ ΕΚΔΡΟΜΩΝ ΚΑΙ ΠΕΡΙΗΓΗΣΕΩΝ ΘΑΛΑΣΣΑΣ","185637220000","157188669","yahoo.gr"
"ΡΟΔΟΚΑΛΑΚΗΣ ΓΕΩΡΓΙΟΣ ΤΟΥ ΦΩΤΙΟΥ","A","free-mail","georgefrodokalakis@yahoo.gr","6944678830","ΑΡΙΣΤΟΤΕΛΗ / ΧΑΛΚΙΔΙΚΗΣ","ΧΑΛΚΙΔΙΚΗΣ","ΑΤΟΜΙΚΗ","2000","","","ΥΠΗΡΕΣΙΕΣ ΣΚΑΦΩΝ ΕΚΔΡΟΜΩΝ ΚΑΙ ΠΕΡΙΗΓΗΣΕΩΝ ΘΑΛΑΣΣΑΣ","92248357000","056192215","yahoo.gr"
"ΡΟΚΥ ΑΙΛΑΝΤ ΠΕΡΙΓΙΑΛΙ ΙΔΙΩΤΙΚΗ ΚΕΦΑΛΑΙΟΥΧΙΚΗ ΕΤΑΙΡΙΑ","A","free-mail","tessavangemert@gmail.com","6987754808","ΝΕΑΣ ΠΡΟΠΟΝΤΙΔΑΣ / ΧΑΛΚΙΔΙΚΗΣ","ΧΑΛΚΙΔΙΚΗΣ","ΙΚΕ","2021","","","ΥΠΗΡΕΣΙΕΣ ΕΝΟΙΚΙΑΣΗΣ ΤΟΥΡΙΣΤΙΚΟΥ ΣΚΑΦΟΥΣ, ΧΩΡΙΣ ΠΛΗΡΩΜΑ","160309457000","801622218","gmail.com"
"ΡΟΥΣΣΕΤΟΣ ΚΩΝΣΤΑΝΤΙΝΟΥ ΠΡΑΣΙΝΟΣ","A","free-mail","roussetosp@gmail.com","2285074176","ΝΑΞΟΥ & ΜΙΚΡΩΝ ΚΥΚΛΑΔΩΝ / ΝΑΞΟΥ","ΚΥΚΛΑΔΩΝ","ΑΤΟΜΙΚΗ","1999","","","ΥΠΗΡΕΣΙΕΣ ΣΚΑΦΩΝ ΕΚΔΡΟΜΩΝ ΚΑΙ ΠΕΡΙΗΓΗΣΕΩΝ ΘΑΛΑΣΣΑΣ","153077138000","046344938","gmail.com"
"ΡΟΥΣΤΑΣ ΓΕΩΡΓΙΟΣ ΤΟΥ ΑΘΑΝΑΣΙΟΥ","A","free-mail","Roustgeorg70@gmail.com","","ΤΡΙΚΚΑΙΩΝ / ΤΡΙΚΑΛΩΝ","ΤΡΙΚΑΛΩΝ","ΑΤΟΜΙΚΗ","2018","","","ΥΠΗΡΕΣΙΕΣ ΘΑΛΑΣΣΙΩΝ ΚΑΙ ΠΑΡΑΚΤΙΩΝ ΜΕΤΑΦΟΡΩΝ ΕΠΙΒΑΤΩΝ ΜΕ ΘΑΛΑΜΗΓΟΥΣ - ΤΟΥΡΙΣΤΙΚΑ ΠΛΟΙΑ ΜΕ ΕΛΛΗΝΙΚΗ ΣΗΜΑΙΑ","158084053000","103507317","gmail.com"
"ΡΥΜΕΝΙΔΗ ΔΗΜΗΤΡΑ","A","free-mail","demirymenidi@yahoo.gr","","ΠΑΤΡΕΩΝ / ΑΧΑΙΑΣ","ΑΧΑΙΑΣ","ΑΤΟΜΙΚΗ","2025","","","ΥΠΗΡΕΣΙΕΣ ΣΚΑΦΩΝ ΕΚΔΡΟΜΩΝ ΚΑΙ ΠΕΡΙΗΓΗΣΕΩΝ ΘΑΛΑΣΣΑΣ","186135316000","157806071","yahoo.gr"
"ΡΩΣΣΕΤΟΣ ΔΗΜΗΤΡΙΟΥ ΑΡΤΕΜΗΣ","A","free-mail","roussetos_1982@yahoo.gr","2285074008","ΑΜΟΡΓΟΥ / ΝΑΞΟΥ","ΚΥΚΛΑΔΩΝ","ΑΤΟΜΙΚΗ","2006","","","ΥΠΗΡΕΣΙΕΣ ΣΚΑΦΩΝ ΕΚΔΡΟΜΩΝ ΚΑΙ ΠΕΡΙΗΓΗΣΕΩΝ","49356038000","048138223","yahoo.gr"
"Σ. ΕΛΕΥΘΕΡΙΟΥ Ε.Ε.","A","free-mail","spirosparking@gmail.com","6984128181","ΑΛΙΜΟΥ / ΝΟΤΙΟΥ ΤΟΜΕΑ ΑΘΗΝΩΝ","ΑΤΤΙΚΗΣ","ΕΕ","2025","","","ΥΠΗΡΕΣΙΕΣ ΕΝΟΙΚΙΑΣΗΣ ΤΟΥΡΙΣΤΙΚΟΥ ΣΚΑΦΟΥΣ, ΧΩΡΙΣ ΠΛΗΡΩΜΑ","189526309000","803103660","gmail.com"
"Σ.ΜΑΣΟΥΡΑΣ-Τ.ΜΑΣΟΥΡΑΣ Ο.Ε.","A","free-mail","e.fraskou@gmail.com","2661022602","ΚΕΝΤΡΙΚΗΣ ΚΕΡΚΥΡΑΣ ΚΑΙ ΔΙΑΠΟΝΤΙΩΝ ΝΗΣΩΝ / ΚΕΡΚΥΡΑΣ","ΚΕΡΚΥΡΑΣ","ΟΕ","2025","","","ΥΠΗΡΕΣΙΕΣ ΕΝΟΙΚΙΑΣΗΣ ΕΠΑΓΓΕΛΜΑΤΙΚΟΥ ΤΟΥΡΙΣΤΙΚΟΥ ΣΚΑΦΟΥΣ ΜΕ ΠΛΗΡΩΜΑ","184194033000","802864070","gmail.com"
"Σ.Π. ΜΑΝΟΥΣΑΚΑΣ & ΣΙΑ Ε.Ε.","A","free-mail","bluepathmarine@gmail.com","6974220273","ΣΦΑΚΙΩΝ / ΧΑΝΙΩΝ","ΧΑΝΙΩΝ","ΕΕ","2023","","","ΥΠΗΡΕΣΙΕΣ ΕΝΟΙΚΙΑΣΗΣ ΤΟΥΡΙΣΤΙΚΟΥ ΣΚΑΦΟΥΣ, ΧΩΡΙΣ ΠΛΗΡΩΜΑ","170723558000","802138430","gmail.com"
"ΣΑΙΗΛ ΕΓΟΥΕΗ ΝΑΥΤΙΛΙΑΚΗ ΕΤΑΙΡΕΙΑ ΠΕΡΙΟΡΙΣΜΕΝΗΣ ΕΥΘΥΝΗΣ ","A","free-mail","kdanas73@gmail.com","2104280314","ΑΘΗΝΑΙΩΝ / ΚΕΝΤΡΙΚΟΥ ΤΟΜΕΑ ΑΘΗΝΩΝ","ΑΤΤΙΚΗΣ","ΕΠΕ","2001","","","ΥΠΗΡΕΣΙΕΣ ΕΝΟΙΚΙΑΣΗΣ ΤΟΥΡΙΣΤΙΚΟΥ ΣΚΑΦΟΥΣ, ΧΩΡΙΣ ΠΛΗΡΩΜΑ","121837601000","999901263","gmail.com"
"ΣΑΛΑΙ ΜΑΡΙΟΛΕΝΤ","A","free-mail","salaimarios17@gmail.com","","ΡΟΔΟΥ / ΡΟΔΟΥ","ΔΩΔΕΚΑΝΗΣΟΥ","ΑΤΟΜΙΚΗ","2025","","","ΥΠΗΡΕΣΙΕΣ ΕΝΟΙΚΙΑΣΗΣ ΠΛΟΙΩΝ ΨΥΧΑΓΩΓΙΑΣ (ΚΟΤΕΡΩΝ, ΘΑΛΑΜΗΓΩΝ, ΒΕΝΖΙΝΑΚΑΤΩΝ ΚΛΠ), ΧΩΡΙΣ ΠΛΗΡΩΜΑ","181358520000","166090246","gmail.com"
"ΣΑΛΤΑΓΙΑΝΝΗΣ ΒΗΣΣΑΡΙΩΝ ΤΟΥ ΕΥΑΓΓΕΛΟΥ","A","free-mail","blueline.sailing@gmail.com","6980214433","ΑΓΙΟΥ ΔΗΜΗΤΡΙΟΥ / ΝΟΤΙΟΥ ΤΟΜΕΑ ΑΘΗΝΩΝ","ΑΤΤΙΚΗΣ","ΑΤΟΜΙΚΗ","1998","","","ΥΠΗΡΕΣΙΕΣ ΕΝΟΙΚΙΑΣΗΣ ΠΛΟΙΩΝ ΨΥΧΑΓΩΓΙΑΣ (ΚΟΤΕΡΩΝ, ΘΑΛΑΜΗΓΩΝ, ΒΕΝΖΙΝΑΚΑΤΩΝ ΚΛΠ) ΜΕ ΠΛΗΡΩΜΑ","84793602000","047254482","gmail.com"
"ΣΑΜΙΡΑ ΓΙΩΤΙΝΓΚ ΜΟΝΟΠΡΟΣΩΠΗ Ι.Κ.Ε.","A","free-mail","iliasliakopoulos99@gmail.com","2109822910","ΝΕΑΣ ΣΜΥΡΝΗΣ / ΝΟΤΙΟΥ ΤΟΜΕΑ ΑΘΗΝΩΝ","ΑΤΤΙΚΗΣ","ΙΚΕ","2020","","","ΥΠΗΡΕΣΙΕΣ ΕΝΟΙΚΙΑΣΗΣ ΤΟΥΡΙΣΤΙΚΟΥ ΣΚΑΦΟΥΣ, ΧΩΡΙΣ ΠΛΗΡΩΜΑ","157529701000","801471020","gmail.com"
"ΣΑΝ ΕΝΤ ΣΙ ΜΟΝΟΠΡΟΣΩΠΗ Ι.Κ.Ε.","A","free-mail","pappous2022@gmail.com","6945732193","ΑΓΡΙΝΙΟΥ / ΑΙΤΩΛΟΑΚΑΡΝΑΝΙΑΣ","ΑΙΤΩΛΟΑΚΑΡΝΑΝΙΑΣ","ΙΚΕ","2022","","","ΥΠΗΡΕΣΙΕΣ ΕΝΟΙΚΙΑΣΗΣ ΤΟΥΡΙΣΤΙΚΟΥ ΣΚΑΦΟΥΣ, ΧΩΡΙΣ ΠΛΗΡΩΜΑ","164549512000","801851408","gmail.com"
"ΣΑΡΟΥΚΟΣ ΙΩΑΝΝΗΣ","A","free-mail","gagava1@hotmail.com","2243022921","ΚΩ / ΚΩ","ΔΩΔΕΚΑΝΗΣΟΥ","ΑΤΟΜΙΚΗ","2002","","","ΥΠΗΡΕΣΙΕΣ ΘΑΛΑΣΣΙΩΝ ΚΑΙ ΠΑΡΑΚΤΙΩΝ ΜΕΤΑΦΟΡΩΝ ΕΠΙΒΑΤΩΝ ΜΕ ΘΑΛΑΜΗΓΟΥΣ - ΤΟΥΡΙΣΤΙΚΑ ΠΛΟΙΑ ΜΕ ΕΛΛΗΝΙΚΗ ΣΗΜΑΙΑ","72381620000","044417640","hotmail.com"
"ΣΑΡΡΗΣ ΙΩΑΝ.-ΑΝΤΩΝ. & ΣΙΑ Ε.Ε.","A","free-mail","mitsokalieleni@hotmail.com","2109964620","ΠΑΡΟΥ / ΠΑΡΟΥ","ΚΥΚΛΑΔΩΝ","ΕΕ","2023","","","ΥΠΗΡΕΣΙΕΣ ΕΝΟΙΚΙΑΣΗΣ ΤΟΥΡΙΣΤΙΚΟΥ ΣΚΑΦΟΥΣ, ΧΩΡΙΣ ΠΛΗΡΩΜΑ","172993338000","802251081","hotmail.com"
"ΣΑΤΚΛΙΦ ΥΠΗΡΕΣΙΕΣ ΙΣΤΙΟΠΛΟΙΚΩΝ ΔΙΑΚΟΠΩΝ Ο.Ε","A","free-mail","boblitsa@otenet.gr","2661094104","ΚΕΝΤΡΙΚΗΣ ΚΕΡΚΥΡΑΣ ΚΑΙ ΔΙΑΠΟΝΤΙΩΝ ΝΗΣΩΝ / ΚΕΡΚΥΡΑΣ","ΚΕΡΚΥΡΑΣ","ΟΕ","1984","","","ΥΠΗΡΕΣΙΕΣ ΕΝΟΙΚΙΑΣΗΣ ΠΛΟΙΩΝ ΨΥΧΑΓΩΓΙΑΣ (ΚΟΤΕΡΩΝ, ΘΑΛΑΜΗΓΩΝ, ΒΕΝΖΙΝΑΚΑΤΩΝ ΚΛΠ), ΧΩΡΙΣ ΠΛΗΡΩΜΑ","33456933000","081401826","otenet.gr"
"ΣΒΑΡΝΑΣ ΓΡΗΓΟΡΙΟΣ ΤΟΥ ΑΝΔΡΕΑ","A","free-mail","svarnasg@gmail.com","2310600671","ΠΑΥΛΟΥ ΜΕΛΑ / ΘΕΣΣΑΛΟΝΙΚΗΣ","ΘΕΣΣΑΛΟΝΙΚΗΣ","ΑΤΟΜΙΚΗ","1999","","","ΥΠΗΡΕΣΙΕΣ ΕΝΟΙΚΙΑΣΗΣ ΤΟΥΡΙΣΤΙΚΟΥ ΣΚΑΦΟΥΣ, ΧΩΡΙΣ ΠΛΗΡΩΜΑ","39263906000","026745282","gmail.com"
"ΣΒΑΡΝΑΣ ΔΗΜΗΤΡΙΟΣ ΤΟΥ ΧΡΗΣΤΟΥ","A","free-mail","svarnasdimitris@yahoo.com","2104515510","ΑΘΗΝΑΙΩΝ / ΚΕΝΤΡΙΚΟΥ ΤΟΜΕΑ ΑΘΗΝΩΝ","ΑΤΤΙΚΗΣ","ΑΤΟΜΙΚΗ","2013","","","ΥΠΗΡΕΣΙΕΣ ΕΝΟΙΚΙΑΣΗΣ ΤΟΥΡΙΣΤΙΚΟΥ ΣΚΑΦΟΥΣ, ΧΩΡΙΣ ΠΛΗΡΩΜΑ","140371302000","062181820","yahoo.com"
"ΣΓΟΥΡΔΟΣ ΜΟΝΟΠΡΟΣΩΠΗ Ι.Κ.Ε.","A","free-mail","evelin77patra@gmail.com","6934625531","ΠΑΤΡΕΩΝ / ΑΧΑΙΑΣ","ΑΧΑΙΑΣ","ΙΚΕ","2022","","","ΥΠΗΡΕΣΙΕΣ ΕΝΟΙΚΙΑΣΗΣ ΤΟΥΡΙΣΤΙΚΟΥ ΣΚΑΦΟΥΣ, ΧΩΡΙΣ ΠΛΗΡΩΜΑ","163405916000","801791930","gmail.com"
"ΣΕΗΛ ΔΕ ΜΠΛΟΥ ΤΣΑΡΤΕΡ ΕΤΑΙΡΕΙΑ ΠΕΡΙΟΡΙΣΜΕΝΗΣ ΕΥΘΥΝΗΣ","A","free-mail","dfkorf@otenet.gr","2661090868","ΚΕΝΤΡΙΚΗΣ ΚΕΡΚΥΡΑΣ ΚΑΙ ΔΙΑΠΟΝΤΙΩΝ ΝΗΣΩΝ / ΚΕΡΚΥΡΑΣ","ΚΕΡΚΥΡΑΣ","ΕΠΕ","2014","","","ΥΠΗΡΕΣΙΕΣ ΕΝΟΙΚΙΑΣΗΣ ΤΟΥΡΙΣΤΙΚΟΥ ΣΚΑΦΟΥΣ, ΧΩΡΙΣ ΠΛΗΡΩΜΑ","130672733000","800583910","otenet.gr"
"ΣΕΙΛΙΝΓΚ ΣΤΑΡΣ ΙΙ ΜΟΝΟΠΡΟΣΩΠΗ ΙΔΙΩΤΙΚΗ ΚΕΦΑΛΑΙΟΥΧΙΚΗ ΕΤΑΙΡΕΙΑ","A","free-mail","arsenk@otenet.gr","6944473311","ΠΑΛΛΗΝΗΣ / ΑΝΑΤΟΛΙΚΗΣ ΑΤΤΙΚΗΣ","ΑΤΤΙΚΗΣ","ΙΚΕ","2021","","","ΥΠΗΡΕΣΙΕΣ ΕΝΟΙΚΙΑΣΗΣ ΤΟΥΡΙΣΤΙΚΟΥ ΣΚΑΦΟΥΣ, ΧΩΡΙΣ ΠΛΗΡΩΜΑ","158185301000","801507996","otenet.gr"
"ΣΕΪΛΙΝΓΚ ΦΡΕΝΤΣ Ι.Κ.Ε.","A","free-mail","askforfmas@gmail.com","6974193372","ΑΝΑΤΟΛΙΚΗΣ ΣΑΜΟΥ / ΣΑΜΟΥ","ΣΑΜΟΥ","ΙΚΕ","2022","","","ΥΠΗΡΕΣΙΕΣ ΕΝΟΙΚΙΑΣΗΣ ΤΟΥΡΙΣΤΙΚΟΥ ΣΚΑΦΟΥΣ, ΧΩΡΙΣ ΠΛΗΡΩΜΑ","163259051000","801784000","gmail.com"
"ΣΕΜΕΡΖΑΚΗΣ ΠΑΥΛΟΣ","A","free-mail","symitaxiboat@gmail.com","6949212728 ","ΣΥΜΗΣ / ΡΟΔΟΥ","ΔΩΔΕΚΑΝΗΣΟΥ","ΑΤΟΜΙΚΗ","2010","","","ΥΠΗΡΕΣΙΕΣ ΣΚΑΦΩΝ ΕΚΔΡΟΜΩΝ ΚΑΙ ΠΕΡΙΗΓΗΣΕΩΝ ΘΑΛΑΣΣΑΣ","117188820000","057669683","gmail.com"
"ΣΕΡΑΦΕΙΜΙΔΗΣ-ΚΟΖΑΝΙΤΑ Ο.Ε.","A","free-mail","tinel1964@yahoo.gr","6941676869","ΑΛΙΜΟΥ / ΝΟΤΙΟΥ ΤΟΜΕΑ ΑΘΗΝΩΝ","ΑΤΤΙΚΗΣ","ΟΕ","2018","","","ΥΠΗΡΕΣΙΕΣ ΣΚΑΦΩΝ ΕΚΔΡΟΜΩΝ ΚΑΙ ΠΕΡΙΗΓΗΣΕΩΝ ΘΑΛΑΣΣΑΣ","145319420000","800937060","yahoo.gr"
"ΣΙ ΒΙ ΓΙΩΤΣ ΜΟΝΟΠΡΟΣΩΠΗ Ι.Κ.Ε.","A","free-mail","niagasas@gmail.com","6947723694","ΒΑΡΗΣ - ΒΟΥΛΑΣ - ΒΟΥΛΙΑΓΜΕΝΗΣ / ΑΝΑΤΟΛΙΚΗΣ ΑΤΤΙΚΗΣ","ΑΤΤΙΚΗΣ","ΙΚΕ","2024","","","ΥΠΗΡΕΣΙΕΣ ΕΝΟΙΚΙΑΣΗΣ ΤΟΥΡΙΣΤΙΚΟΥ ΣΚΑΦΟΥΣ, ΧΩΡΙΣ ΠΛΗΡΩΜΑ","180698001000","802674864","gmail.com"
"ΣΙΒΕΝΑΣ ΓΡΗΓΟΡΙΟΣ ΤΟΥ ΙΩΑΝΝΗ","A","free-mail","grsive@gmail.com","2310318285","ΠΥΛΑΙΑΣ-ΧΟΡΤΙΑΤΗ / ΘΕΣΣΑΛΟΝΙΚΗΣ","ΘΕΣΣΑΛΟΝΙΚΗΣ","ΑΤΟΜΙΚΗ","2019","","","ΥΠΗΡΕΣΙΕΣ ΕΝΟΙΚΙΑΣΗΣ ΤΟΥΡΙΣΤΙΚΟΥ ΣΚΑΦΟΥΣ, ΧΩΡΙΣ ΠΛΗΡΩΜΑ","192467006000","073243266","gmail.com"
"ΣΙΜΩΝΗΣ ΕΥΑΓΓΕΛΟΣ ΤΟΥ ΔΗΜΗΤΡΙΟΥ","A","free-mail","groupsimonis@gmail.com","6948253408","ΣΙΘΩΝΙΑΣ / ΧΑΛΚΙΔΙΚΗΣ","ΧΑΛΚΙΔΙΚΗΣ","ΑΤΟΜΙΚΗ","2013","","","ΥΠΗΡΕΣΙΕΣ ΕΝΟΙΚΙΑΣΗΣ ΠΛΟΙΩΝ ΨΥΧΑΓΩΓΙΑΣ (ΚΟΤΕΡΩΝ, ΘΑΛΑΜΗΓΩΝ, ΒΕΝΖΙΝΑΚΑΤΩΝ ΚΛΠ) ΜΕ ΠΛΗΡΩΜΑ","125107657000","135279452","gmail.com"
"ΣΙΝΤΟΣ ΦΙΛΙΠΠΟΣ ΤΟΥ ΓΡΗΓΟΡΙΟΥ","A","free-mail","filippossintos@icloud.com","6947470679","ΙΩΑΝΝΙΤΩΝ / ΙΩΑΝΝΙΝΩΝ","ΙΩΑΝΝΙΝΩΝ","ΑΤΟΜΙΚΗ","2023","","","ΥΠΗΡΕΣΙΕΣ ΕΝΟΙΚΙΑΣΗΣ ΤΟΥΡΙΣΤΙΚΟΥ ΣΚΑΦΟΥΣ, ΧΩΡΙΣ ΠΛΗΡΩΜΑ","169902829000","164161383","icloud.com"
"ΣΚΑ ΝΑΥΤΙΛΙΑΚΗ Ι.Κ.Ε.","A","free-mail","askanavis@gmail.com","2108113287","ΝΕΑΣ ΦΙΛΑΔΕΛΦΕΙΑΣ - ΝΕΑΣ ΧΑΛΚΗΔΟΝΑΣ / ΚΕΝΤΡΙΚΟΥ ΤΟΜΕΑ ΑΘΗΝΩΝ","ΑΤΤΙΚΗΣ","ΙΚΕ","2023","","","ΥΠΗΡΕΣΙΕΣ ΕΝΟΙΚΙΑΣΗΣ ΤΟΥΡΙΣΤΙΚΟΥ ΣΚΑΦΟΥΣ, ΧΩΡΙΣ ΠΛΗΡΩΜΑ","168105101000","802013066","gmail.com"
"ΣΚΑΡΠΟΣ ΓΕΩΡΓΙΟΣ ΤΟΥ ΒΥΡΩΝ","A","free-mail","mparis247@gmail.com","2682023171","ΠΑΡΓΑΣ / ΠΡΕΒΕΖΑΣ","ΠΡΕΒΕΖΑΣ","ΑΤΟΜΙΚΗ","2024","","","ΥΠΗΡΕΣΙΕΣ ΣΚΑΦΩΝ ΕΚΔΡΟΜΩΝ ΚΑΙ ΠΕΡΙΗΓΗΣΕΩΝ ΘΑΛΑΣΣΑΣ","174925049000","302296912","gmail.com"
"ΣΚΑΦΗ ΑΝΑΨΥΧΗΣ ΙΟΝΙΟΥ ΙΚΕ","A","free-mail","farmakis50@gmail.com","2610223552","ΠΑΤΡΕΩΝ / ΑΧΑΙΑΣ","ΑΧΑΙΑΣ","ΙΚΕ","2018","","","ΥΠΗΡΕΣΙΕΣ ΕΝΟΙΚΙΑΣΗΣ ΤΟΥΡΙΣΤΙΚΟΥ ΣΚΑΦΟΥΣ, ΧΩΡΙΣ ΠΛΗΡΩΜΑ","146281216000","800983038","gmail.com"
"ΣΚΑΦΟΣ ΜΟΝΟΠΡΟΣΩΠΗ ΕΤΑΙΡΕΙΑ ΠΕΡΙΩΡΙΣΜΕΝΗΣ ΕΥΘΥΝΗΣ","A","free-mail","jimmisb31@yahoo.gr","2104190069","ΑΓΙΟΥ ΔΗΜΗΤΡΙΟΥ / ΝΟΤΙΟΥ ΤΟΜΕΑ ΑΘΗΝΩΝ","ΑΤΤΙΚΗΣ","ΕΠΕ","1996","","","ΥΠΗΡΕΣΙΕΣ ΕΝΟΙΚΙΑΣΗΣ ΤΟΥΡΙΣΤΙΚΟΥ ΣΚΑΦΟΥΣ, ΧΩΡΙΣ ΠΛΗΡΩΜΑ","148786001000","095545323","yahoo.gr"
"ΣΚΙΑΘΟΣ ΚΡΟΥΑΖΙΕΡΕΣ ΕΤΕΡΟΡΡΥΘΜΗ ΕΤΑΙΡΕΙΑ","A","free-mail","xristoma@otenet.gr","2421030590","ΣΚΙΑΘΟΥ / ΣΠΟΡΑΔΩΝ","ΜΑΓΝΗΣΙΑΣ","ΕΕ","2018","","","ΥΠΗΡΕΣΙΕΣ ΣΚΑΦΩΝ ΕΚΔΡΟΜΩΝ ΚΑΙ ΠΕΡΙΗΓΗΣΕΩΝ ΘΑΛΑΣΣΑΣ","146428744000","800989400","otenet.gr"
"ΣΚΟΡΔΙΛΗΣ ΠΑΝΑΓΙΩΤΗΣ ΤΟΥΧΑΡΙΛΑΟΥ","A","free-mail","messonghitravel23@gmail.com","2661076172","ΝΟΤΙΑΣ ΚΕΡΚΥΡΑΣ / ΚΕΡΚΥΡΑΣ","ΚΕΡΚΥΡΑΣ","ΑΤΟΜΙΚΗ","2004","","","ΥΠΗΡΕΣΙΕΣ ΣΚΑΦΩΝ ΕΚΔΡΟΜΩΝ ΚΑΙ ΠΕΡΙΗΓΗΣΕΩΝ ΘΑΛΑΣΣΑΣ","34347733000","031949433","gmail.com"
"ΣΚΟΡΔΙΛΗΣ ΧΡΗΣΤΟΣ TOY ΣΤΑΜΑΤΙΟΥ","A","free-mail","c.skordilis@yahoo.gr","2297071239","ΑΙΓΙΝΑΣ / ΝΗΣΩΝ","ΑΤΤΙΚΗΣ","ΑΤΟΜΙΚΗ","2006","","","ΥΠΗΡΕΣΙΕΣ ΣΚΑΦΩΝ ΕΚΔΡΟΜΩΝ ΚΑΙ ΠΕΡΙΗΓΗΣΕΩΝ ΘΑΛΑΣΣΑΣ","57139809000","046576031","yahoo.gr"
"ΣΚΟΥΛΟΥΔΗΣ ΕΜΜΑΝΟΥΗΛ ΤΟΥ ΝΙΚΟΛΑΟΥ","A","free-mail","skouloudien@gmail.com","2821095996","ΠΛΑΤΑΝΙΑ / ΧΑΝΙΩΝ","ΧΑΝΙΩΝ","ΑΤΟΜΙΚΗ","2026","","","ΥΠΗΡΕΣΙΕΣ ΕΝΟΙΚΙΑΣΗΣ ΤΟΥΡΙΣΤΙΚΟΥ ΣΚΑΦΟΥΣ, ΧΩΡΙΣ ΠΛΗΡΩΜΑ","192670558000","167417755","gmail.com"
"ΣΚΥΡΟΣ ΣΙΙ ΤΟΥΡΣ ΜΟΝΟΠΡΟΣΩΠΗ Ι.Κ.Ε.","A","free-mail","c.zygogianni@gmail.com","2222093100","ΣΚΥΡΟΥ / ΕΥΒΟΙΑΣ","ΕΥΒΟΙΑΣ","ΙΚΕ","2021","","","ΥΠΗΡΕΣΙΕΣ ΕΝΟΙΚΙΑΣΗΣ ΤΟΥΡΙΣΤΙΚΟΥ ΣΚΑΦΟΥΣ, ΧΩΡΙΣ ΠΛΗΡΩΜΑ","160998622000","801659410","gmail.com"
"ΣΝΟΟΥ ΓΟΥΑΙΤ ΝΑΥΤΙΛΙΑΚΗ ΕΤΑΙΡΕΙΑ ΠΕΡΙΟΡΙΣΜΕΝΗΣ ΕΥΘΥΝΗΣ","A","free-mail","dryachting1@yahoo.gr","","ΑΘΗΝΑΙΩΝ / ΚΕΝΤΡΙΚΟΥ ΤΟΜΕΑ ΑΘΗΝΩΝ","ΑΤΤΙΚΗΣ","ΕΠΕ","1996","","","ΥΠΗΡΕΣΙΕΣ ΕΝΟΙΚΙΑΣΗΣ ΤΟΥΡΙΣΤΙΚΟΥ ΣΚΑΦΟΥΣ, ΧΩΡΙΣ ΠΛΗΡΩΜΑ","122130901000","095545347","yahoo.gr"
"ΣΟΥΓΚΑΡ ΓΙΩΤΙΝΓΚ ΙΔΙΩΤΙΚΗ ΚΕΦΑΛΑΙΟΥΧΙΚΗ ΕΤΑΙΡΕΙΑ","A","free-mail","alex1athanasiou@gmail.com","2106234005","ΛΕΥΚΑΔΑΣ / ΛΕΥΚΑΔΑΣ","ΛΕΥΚΑΔΑΣ","ΙΚΕ","2019","","","ΥΠΗΡΕΣΙΕΣ ΕΝΟΙΚΙΑΣΗΣ ΤΟΥΡΙΣΤΙΚΟΥ ΣΚΑΦΟΥΣ, ΧΩΡΙΣ ΠΛΗΡΩΜΑ","151327843000","801186780","gmail.com"
"ΣΟΥΜΠΙΤΙΤΖΙΔΗ ΕΛΕΝΗ ΤΟΥ ΤΑΜΑΖΙ","A","free-mail","eleni.27685@gmail.com","6934600021","ΚΟΡΔΕΛΙΟΥ-ΕΥΟΣΜΟΥ / ΘΕΣΣΑΛΟΝΙΚΗΣ","ΘΕΣΣΑΛΟΝΙΚΗΣ","ΑΤΟΜΙΚΗ","2020","","","ΥΠΗΡΕΣΙΕΣ ΕΝΟΙΚΙΑΣΗΣ ΠΛΟΙΩΝ ΨΥΧΑΓΩΓΙΑΣ (ΚΟΤΕΡΩΝ, ΘΑΛΑΜΗΓΩΝ, ΒΕΝΖΙΝΑΚΑΤΩΝ ΚΛΠ), ΧΩΡΙΣ ΠΛΗΡΩΜΑ","172577106000","128923410","gmail.com"
"ΣΠ ΚΟΥΛΚΟΥΔΙΝΑΣ ΜΟΝΟΠΡΟΣΩΠΗ Ι.Κ.Ε.","A","free-mail","spiroskoulkoudinas@gmail.com","2351037818","ΚΑΤΕΡΙΝΗΣ / ΠΙΕΡΙΑΣ","ΠΙΕΡΙΑΣ","ΙΚΕ","2023","","","ΥΠΗΡΕΣΙΕΣ ΕΝΟΙΚΙΑΣΗΣ ΕΠΑΓΓΕΛΜΑΤΙΚΟΥ ΤΟΥΡΙΣΤΙΚΟΥ ΣΚΑΦΟΥΣ ΜΕ ΠΛΗΡΩΜΑ","167923448000","802000624","gmail.com"
"ΣΠ. ΝΤΑΗΣ ΚΑΙ ΣΙΑ Ο.Ε.","A","free-mail","nikolaoskouliatsis@gmail.com","6970220697","ΠΡΕΒΕΖΑΣ / ΠΡΕΒΕΖΑΣ","ΠΡΕΒΕΖΑΣ","ΟΕ","2024","","","ΥΠΗΡΕΣΙΕΣ ΕΝΟΙΚΙΑΣΗΣ ΕΠΑΓΓΕΛΜΑΤΙΚΟΥ ΤΟΥΡΙΣΤΙΚΟΥ ΣΚΑΦΟΥΣ ΜΕ ΠΛΗΡΩΜΑ","178283749000","802540978","gmail.com"
"ΣΠΑΘΙ ΜΑΡΙΝ ΜΟΝΟΠΡΟΣΩΠΗ Ι.Κ.Ε.","A","free-mail","antkaramanos@gmail.com","","ΠΕΙΡΑΙΩΣ / ΠΕΙΡΑΙΩΣ","ΑΤΤΙΚΗΣ","ΙΚΕ","2021","","","ΥΠΗΡΕΣΙΕΣ ΕΝΟΙΚΙΑΣΗΣ ΠΛΟΙΩΝ ΨΥΧΑΓΩΓΙΑΣ (ΚΟΤΕΡΩΝ, ΘΑΛΑΜΗΓΩΝ, ΒΕΝΖΙΝΑΚΑΤΩΝ ΚΛΠ) ΜΕ ΠΛΗΡΩΜΑ","161780607000","801701965","gmail.com"
"ΣΠΑΝΟΣ ΒΑΣΙΛΕΙΟΣ ΣΠΑΝΟΣ ΚΟΣΜΑΣ Ο.Ε.","A","free-mail","spanoskosmas74@gmail.com","6948368081","ΑΚΤΙΟΥ-ΒΟΝΙΤΣΑΣ / ΑΙΤΩΛΟΑΚΑΡΝΑΝΙΑΣ","ΑΙΤΩΛΟΑΚΑΡΝΑΝΙΑΣ","ΟΕ","2020","","","ΥΠΗΡΕΣΙΕΣ ΣΚΑΦΩΝ ΕΚΔΡΟΜΩΝ ΚΑΙ ΠΕΡΙΗΓΗΣΕΩΝ ΘΑΛΑΣΣΑΣ","154938112000","801351973","gmail.com"
"ΣΠΑΡΤΙΝΟΣ ΚΩΝΣΤΑΝΤΙΝΟΣ","A","free-mail","kwstasspart@hotmail.gr","2742025515","ΣΙΚΥΩΝΙΩΝ / ΚΟΡΙΝΘΙΑΣ","ΚΟΡΙΝΘΙΑΣ","ΑΤΟΜΙΚΗ","2026","","","ΥΠΗΡΕΣΙΕΣ ΘΑΛΑΣΣΙΩΝ ΚΑΙ ΠΑΡΑΚΤΙΩΝ ΜΕΤΑΦΟΡΩΝ ΕΠΙΒΑΤΩΝ ΜΕ ΘΑΛΑΜΗΓΟΥΣ - ΤΟΥΡΙΣΤΙΚΑ ΠΛΟΙΑ ΜΕ ΕΛΛΗΝΙΚΗ ΣΗΜΑΙΑ","192745537000","155909273","hotmail.gr"
"ΣΠΗΛΙΟΣ ΧΡΗΣΤΟΣ ΤΟΥ ΘΕΟΔΩΡΟΥ","A","free-mail","vmessini@gmail.com","","ΛΕΥΚΑΔΑΣ / ΛΕΥΚΑΔΑΣ","ΛΕΥΚΑΔΑΣ","ΑΤΟΜΙΚΗ","2022","","","ΥΠΗΡΕΣΙΕΣ ΕΝΟΙΚΙΑΣΗΣ ΤΟΥΡΙΣΤΙΚΟΥ ΣΚΑΦΟΥΣ, ΧΩΡΙΣ ΠΛΗΡΩΜΑ","162172443000","063837952","gmail.com"
"ΣΠΙΝΟΣ ΑΔΑΜΑΝΤΙΟΣ & ΣΙΑ Ο.Ε.","A","free-mail","ddp@otenet.gr","2695053403","ΖΑΚΥΝΘΟΥ / ΖΑΚΥΝΘΟΥ","ΖΑΚΥΝΘΟΥ","ΟΕ","2009","","","ΥΠΗΡΕΣΙΕΣ ΣΚΑΦΩΝ ΕΚΔΡΟΜΩΝ ΚΑΙ ΠΕΡΙΗΓΗΣΕΩΝ ΘΑΛΑΣΣΑΣ","70598524000","998198565","otenet.gr"
"ΣΠΙΝΟΣ ΓΕΩΡΓΙΟΣ ΤΟΥ ΔΙΟΝΥΣΙΟΥ ΚΑΙ ΤΗΣ ΑΝΑΣΤΑΣΙΑΣ","A","free-mail","spinosgeorge1967@gmail.com","","ΖΑΚΥΝΘΟΥ / ΖΑΚΥΝΘΟΥ","ΖΑΚΥΝΘΟΥ","ΑΤΟΜΙΚΗ","2008","","","ΥΠΗΡΕΣΙΕΣ ΣΚΑΦΩΝ ΕΚΔΡΟΜΩΝ ΚΑΙ ΠΕΡΙΗΓΗΣΕΩΝ ΘΑΛΑΣΣΑΣ","166648524000","076940201","gmail.com"
"ΣΠΟΡΑΔΕΣ ΚΡΟΥΙΖΕΣ ΜΟΝΟΠΡΟΣΩΠΗ Ι.Κ.Ε.","A","free-mail","irinizaimi123@gmail.com","6988149075","ΑΛΟΝΝΗΣΟΥ / ΣΠΟΡΑΔΩΝ","ΜΑΓΝΗΣΙΑΣ","ΙΚΕ","2024","","","ΥΠΗΡΕΣΙΕΣ ΕΝΟΙΚΙΑΣΗΣ ΤΟΥΡΙΣΤΙΚΟΥ ΣΚΑΦΟΥΣ, ΧΩΡΙΣ ΠΛΗΡΩΜΑ","180095944000","802642830","gmail.com"
"ΣΠΥΡΙΔΟΠΟΥΛΟΣ ΧΑΡΑΛΑΜΠΟΣ ΤΟΥ ΝΙΚΟΛΑΟΥ","A","free-mail","spyridopoulos.babis@gmail.com","","ΞΑΝΘΗΣ / ΞΑΝΘΗΣ","ΞΑΝΘΗΣ","ΑΤΟΜΙΚΗ","2014","","","ΥΠΗΡΕΣΙΕΣ ΕΝΟΙΚΙΑΣΗΣ ΤΟΥΡΙΣΤΙΚΟΥ ΣΚΑΦΟΥΣ, ΧΩΡΙΣ ΠΛΗΡΩΜΑ","172492746000","142517196","gmail.com"
"ΣΤΑΪΚΟΣ ΚΩΝΣΤΑΝΤΙΝΟΣ ΤΟΥ ΑΛΕΞΑΝΔΡΟΥ- ΣΕ ΕΚΚΡΕΜΟΤΗΤΑ","A","free-mail","greekwatertaxi@gmail.com","","ΛΑΥΡΕΩΤΙΚΗΣ / ΑΝΑΤΟΛΙΚΗΣ ΑΤΤΙΚΗΣ","ΑΤΤΙΚΗΣ","ΑΤΟΜΙΚΗ","2021","","","ΥΠΗΡΕΣΙΕΣ ΕΝΟΙΚΙΑΣΗΣ ΕΠΑΓΓΕΛΜΑΤΙΚΟΥ ΤΟΥΡΙΣΤΙΚΟΥ ΣΚΑΦΟΥΣ ΜΕ ΠΛΗΡΩΜΑ","167769309000","078970920","gmail.com"
"ΣΤΑΜΑΤΗΣ ΧΑΤΖΗΣΤΑΜΑΤΙΟΥ ΚΑΙ ΣΙΑ Ε.Ε","A","free-mail","kchatzimichalis@outlook.com","2244022192","ΡΟΔΟΥ / ΡΟΔΟΥ","ΔΩΔΕΚΑΝΗΣΟΥ","ΕΕ","1999","","","ΥΠΗΡΕΣΙΕΣ ΣΚΑΦΩΝ ΕΚΔΡΟΜΩΝ ΚΑΙ ΠΕΡΙΗΓΗΣΕΩΝ ΘΑΛΑΣΣΑΣ","72152220000","099471498","outlook.com"
"ΣΤΑΜΑΤΙΑ ΒΛΑΧΟΥ-ΚΩΝΣΤΑΝΤΙΝΟΣ ΟΙΚΟΝΟΜΟΠΟΥΛΟΣ Ο.Ε.","A","free-mail","kmocon@otenet.gr","2106618240","ΠΑΛΛΗΝΗΣ / ΑΝΑΤΟΛΙΚΗΣ ΑΤΤΙΚΗΣ","ΑΤΤΙΚΗΣ","ΟΕ","2019","","","ΥΠΗΡΕΣΙΕΣ ΕΝΟΙΚΙΑΣΗΣ ΤΟΥΡΙΣΤΙΚΟΥ ΣΚΑΦΟΥΣ, ΧΩΡΙΣ ΠΛΗΡΩΜΑ","152750903000","801252264","otenet.gr"
"ΣΤΑΥΡΙΑΝΟΣ ΝΙΚΟΛΑΟΣ","A","free-mail","agiosnis@otenet.gr","6944457092","ΝΙΣΥΡΟΥ / ΚΩ","ΔΩΔΕΚΑΝΗΣΟΥ","ΑΤΟΜΙΚΗ","1988","","","ΥΠΗΡΕΣΙΕΣ ΣΚΑΦΩΝ ΕΚΔΡΟΜΩΝ ΚΑΙ ΠΕΡΙΗΓΗΣΕΩΝ ΘΑΛΑΣΣΑΣ","193282720000","042840421","otenet.gr"
"ΣΤΑΥΡΟΣ ΓΕΩΡΓΙΟΥ ΜΑΘΙΟΥΔΑΚΗΣ","A","free-mail","stmathioudakis@gmail.com","","ΜΗΛΟΥ / ΜΗΛΟΥ","ΚΥΚΛΑΔΩΝ","ΑΤΟΜΙΚΗ","2019","","","ΥΠΗΡΕΣΙΕΣ ΕΝΟΙΚΙΑΣΗΣ ΤΟΥΡΙΣΤΙΚΟΥ ΣΚΑΦΟΥΣ, ΧΩΡΙΣ ΠΛΗΡΩΜΑ","156658238000","109324444","gmail.com"
"ΣΤΑΥΡΟΥΛΑ ΣΤΑΥΡΑΚΑ Ο.Ε.","A","free-mail","kartanox@otenet.gr","2645026726","ΛΕΥΚΑΔΑΣ / ΛΕΥΚΑΔΑΣ","ΛΕΥΚΑΔΑΣ","ΟΕ","1987","","","ΥΠΗΡΕΣΙΕΣ ΕΝΟΙΚΙΑΣΗΣ ΠΛΟΙΩΝ ΨΥΧΑΓΩΓΙΑΣ (ΚΟΤΕΡΩΝ, ΘΑΛΑΜΗΓΩΝ, ΒΕΝΖΙΝΑΚΑΤΩΝ ΚΛΠ) ΜΕ ΠΛΗΡΩΜΑ","16304443000","081584964","otenet.gr"
"ΣΤΕΛΑ ΜΟΝΟΠΡΟΣΩΠΗ Ι.Κ.Ε.","A","free-mail","vickypapa1833@yahoo.gr","2421058859","ΒΟΛΟΥ / ΜΑΓΝΗΣΙΑΣ","ΜΑΓΝΗΣΙΑΣ","ΙΚΕ","2022","","","ΥΠΗΡΕΣΙΕΣ ΕΝΟΙΚΙΑΣΗΣ ΕΠΑΓΓΕΛΜΑΤΙΚΟΥ ΤΟΥΡΙΣΤΙΚΟΥ ΣΚΑΦΟΥΣ ΜΕ ΠΛΗΡΩΜΑ","163981144000","801821521","yahoo.gr"
"ΣΤΟΛΟΣ ΜΟΝΟΠΡΟΣΩΠΗ ΙΔΙΩΤΙΚΗ ΚΕΦΑΛΑΙΟΥΧΙΚΗ ΕΤΑΙΡΕΙΑ Ι.Κ.Ε.","A","free-mail","niziros@gmail.com","2107779610","ΧΑΛΚΙΔΕΩΝ / ΕΥΒΟΙΑΣ","ΕΥΒΟΙΑΣ","ΙΚΕ","2019","","","ΥΠΗΡΕΣΙΕΣ ΕΝΟΙΚΙΑΣΗΣ ΤΟΥΡΙΣΤΙΚΟΥ ΣΚΑΦΟΥΣ, ΧΩΡΙΣ ΠΛΗΡΩΜΑ","150857522000","801175881","gmail.com"
"ΣΤΟΥΠΑ ΧΡΥΣΑΥΓΗ ΕΛΕΝΗ ΤΟΥ ΠΕΤΡΟΥ","A","free-mail","xrusastoura@gmail.com","2661080989","ΚΕΝΤΡΙΚΗΣ ΚΕΡΚΥΡΑΣ ΚΑΙ ΔΙΑΠΟΝΤΙΩΝ ΝΗΣΩΝ / ΚΕΡΚΥΡΑΣ","ΚΕΡΚΥΡΑΣ","ΑΤΟΜΙΚΗ","2023","","","ΥΠΗΡΕΣΙΕΣ ΣΚΑΦΩΝ ΕΚΔΡΟΜΩΝ ΚΑΙ ΠΕΡΙΗΓΗΣΕΩΝ ΘΑΛΑΣΣΑΣ","171938033000","152311546","gmail.com"
"ΣΤΡΑΒΕΛΑΚΗ ΑΝΝΑ ΤΟΥ ΣΤΑΥΡΟΥ","A","free-mail","anna-stravelaki@hotmail.gr","","ΧΙΟΥ / ΧΙΟΥ","ΧΙΟΥ","ΑΤΟΜΙΚΗ","2005","","","ΥΠΗΡΕΣΙΕΣ ΕΝΟΙΚΙΑΣΗΣ ΠΛΟΙΩΝ ΨΥΧΑΓΩΓΙΑΣ (ΚΟΤΕΡΩΝ, ΘΑΛΑΜΗΓΩΝ, ΒΕΝΖΙΝΑΚΑΤΩΝ ΚΛΠ) ΜΕ ΠΛΗΡΩΜΑ","12088159000","048157864","hotmail.gr"
"ΣΤΡΑΤΙΩΤΟΥ  ΙΣΜΗΝΗ  ΣΥΖ.ΓΕΩΡΓΙΟΥ","A","free-mail","forologiakm@gmail.com","2671025423","ΑΡΓΟΣΤΟΛΙΟΥ / ΚΕΦΑΛΛΗΝΙΑΣ","ΚΕΦΑΛΛΗΝΙΑΣ","ΑΤΟΜΙΚΗ","1998","","","ΥΠΗΡΕΣΙΕΣ ΕΝΟΙΚΙΑΣΗΣ ΤΟΥΡΙΣΤΙΚΟΥ ΣΚΑΦΟΥΣ, ΧΩΡΙΣ ΠΛΗΡΩΜΑ","15992234000","047734188","gmail.com"
"ΣΤΥΛΙΑΝΟΣ ΑΡΓΥΡΙΟΥ ΒΕΛΑΛΟΠΟΥΛΟΣ","A","free-mail","silvertsak@yahoo.gr","2283023241","ΤΗΝΟΥ / ΤΗΝΟΥ","ΚΥΚΛΑΔΩΝ","ΑΤΟΜΙΚΗ","2024","","","ΥΠΗΡΕΣΙΕΣ ΘΑΛΑΣΣΙΩΝ ΚΑΙ ΠΑΡΑΚΤΙΩΝ ΜΕΤΑΦΟΡΩΝ ΕΠΙΒΑΤΩΝ ΜΕ ΘΑΛΑΜΗΓΟΥΣ - ΤΟΥΡΙΣΤΙΚΑ ΠΛΟΙΑ ΜΕ ΕΛΛΗΝΙΚΗ ΣΗΜΑΙΑ","191458838000","031507956","yahoo.gr"
"ΣΤΥΛΙΑΝΟΣ ΝΙΚΟΛΑΟΥ ΤΣΙΒΟΥΡΑΚΗΣ","A","free-mail","steliostsivou7@gmail.com","6985016341","ΝΑΞΟΥ & ΜΙΚΡΩΝ ΚΥΚΛΑΔΩΝ / ΝΑΞΟΥ","ΚΥΚΛΑΔΩΝ","ΑΤΟΜΙΚΗ","2025","","","ΥΠΗΡΕΣΙΕΣ ΣΚΑΦΩΝ ΕΚΔΡΟΜΩΝ ΚΑΙ ΠΕΡΙΗΓΗΣΕΩΝ ΘΑΛΑΣΣΑΣ","183323338000","148698611","gmail.com"
"ΤΑΓΑΡΑ ΜΕΛΑΧΡΟΙΝΗ ΤΟΥ ΝΙΚΗΦΟΡΟΥ","A","free-mail","melinatagara@yahoo.gr","2325051581","ΗΡΑΚΛΕΙΑΣ / ΣΕΡΡΩΝ","ΣΕΡΡΩΝ","ΑΤΟΜΙΚΗ","2022","","","ΥΠΗΡΕΣΙΕΣ ΣΚΑΦΩΝ ΕΚΔΡΟΜΩΝ ΚΑΙ ΠΕΡΙΗΓΗΣΕΩΝ","131818352000","127111888","yahoo.gr"
"ΤΑΜΑΡΕΣΗΣ ΓΕΩΡΓΙΟΣ ΤΟΥ ΙΩΑΝΝΗ","A","free-mail","georgetamaresiszth@gmail.com","2695028793","ΖΑΚΥΝΘΟΥ / ΖΑΚΥΝΘΟΥ","ΖΑΚΥΝΘΟΥ","ΑΤΟΜΙΚΗ","1996","","","ΥΠΗΡΕΣΙΕΣ ΣΚΑΦΩΝ ΕΚΔΡΟΜΩΝ ΚΑΙ ΠΕΡΙΗΓΗΣΕΩΝ ΘΑΛΑΣΣΑΣ","70626324000","052876070","gmail.com"
"ΤΑΜΑΡΕΣΗΣ ΚΩΝΣΤΑΝΤΙΝΟΣ ΜΟΝΟΠΡΟΣΩΠΗ ΙΚΕ","A","free-mail","oikype@gmail.com","6936691440","ΝΟΤΙΑΣ ΚΕΡΚΥΡΑΣ / ΚΕΡΚΥΡΑΣ","ΚΕΡΚΥΡΑΣ","ΙΚΕ","2018","","","ΥΠΗΡΕΣΙΕΣ ΕΝΟΙΚΙΑΣΗΣ ΤΟΥΡΙΣΤΙΚΟΥ ΣΚΑΦΟΥΣ, ΧΩΡΙΣ ΠΛΗΡΩΜΑ","144800833000","800914280","gmail.com"
"ΤΑΣΟΣ ΡΕΝΕ ΔΗΜΗΤΡΗΣ ΙΔΙΩΤΙΚΗ ΚΕΦΑΛΑΙΟΥΧΙΚΗ ΕΤΑΙΡΕΙΑ","A","free-mail","aetos.metaforiki.epe@gmail.com","","ΠΕΙΡΑΙΩΣ / ΠΕΙΡΑΙΩΣ","ΑΤΤΙΚΗΣ","ΙΚΕ","2019","","","ΥΠΗΡΕΣΙΕΣ ΕΝΟΙΚΙΑΣΗΣ ΤΟΥΡΙΣΤΙΚΟΥ ΣΚΑΦΟΥΣ, ΧΩΡΙΣ ΠΛΗΡΩΜΑ","151519509000","801196409","gmail.com"
"ΤΑΣΣΟΠΟΥΛΟΥ ΕΛΕΝΗ ΤΟΥ ΘΕΟΔΩΡΟΥ","A","free-mail","elena.tassopoulou@gmail.com","","ΑΡΓΟΥΣ-ΜΥΚΗΝΩΝ / ΑΡΓΟΛΙΔΑΣ","ΑΡΓΟΛΙΔΑΣ","ΑΤΟΜΙΚΗ","2018","","","ΥΠΗΡΕΣΙΕΣ ΕΝΟΙΚΙΑΣΗΣ ΤΟΥΡΙΣΤΙΚΟΥ ΣΚΑΦΟΥΣ, ΧΩΡΙΣ ΠΛΗΡΩΜΑ","171594913000","148117138","gmail.com"
"ΤΑΥΡΗΣ ΕΥΑΓΓΕΛΟΣ","A","free-mail","v.tavris@gmail.com","2247031651","ΠΑΤΜΟΥ / ΚΑΛΥΜΝΟΥ","ΔΩΔΕΚΑΝΗΣΟΥ","ΑΤΟΜΙΚΗ","2023","","","ΥΠΗΡΕΣΙΕΣ ΕΝΟΙΚΙΑΣΗΣ ΤΟΥΡΙΣΤΙΚΟΥ ΣΚΑΦΟΥΣ, ΧΩΡΙΣ ΠΛΗΡΩΜΑ","171327420000","108136503","gmail.com"
"ΤΖΑΤΖΙΜΑΚΗΣ ΗΛΙΑΣ ΤΟΥ ΠΑΥΛΟΥ","A","free-mail","ilias.tzatzimakis@gmail.com","6938584731","ΣΦΑΚΙΩΝ / ΧΑΝΙΩΝ","ΧΑΝΙΩΝ","ΑΤΟΜΙΚΗ","2023","","","ΥΠΗΡΕΣΙΕΣ ΣΚΑΦΩΝ ΕΚΔΡΟΜΩΝ ΚΑΙ ΠΕΡΙΗΓΗΣΕΩΝ ΘΑΛΑΣΣΑΣ","179395058000","036256170","gmail.com"
"ΤΖΟΥΓΑΝΑΚΗΣ ΧΑΡΙΔΗΜΟΣ ΜΟΝΟΠΡΟΣΩΠΗ Ι.Κ.Ε.","A","free-mail","houdalakis2012@gmail.com","6946787848","ΚΙΣΣΑΜΟΥ / ΧΑΝΙΩΝ","ΧΑΝΙΩΝ","ΙΚΕ","2025","","","ΥΠΗΡΕΣΙΕΣ ΣΚΑΦΩΝ ΕΚΔΡΟΜΩΝ ΚΑΙ ΠΕΡΙΗΓΗΣΕΩΝ ΘΑΛΑΣΣΑΣ","183701358000","802838605","gmail.com"
"ΤΟΛΟΥΔΗ Ε ΚΑΙ ΣΙΑ ΟΕ","A","free-mail","toloudisantonis@gmail.com","6972533903","ΔΡΑΜΑΣ / ΔΡΑΜΑΣ","ΔΡΑΜΑΣ","ΟΕ","2018","","","ΥΠΗΡΕΣΙΕΣ ΕΝΟΙΚΙΑΣΗΣ ΠΛΟΙΩΝ ΨΥΧΑΓΩΓΙΑΣ (ΚΟΤΕΡΩΝ, ΘΑΛΑΜΗΓΩΝ, ΒΕΝΖΙΝΑΚΑΤΩΝ ΚΛΠ), ΧΩΡΙΣ ΠΛΗΡΩΜΑ","145140819000","800928338","gmail.com"
"ΤΟΠΤΣΗΣ ΔΗΜΗΤΡΙΟΣ ΤΟΥ ΓΕΩΡΓΙΟΥ","A","free-mail","d.toptsis@gmail.com","6972914288","ΚΑΛΑΜΑΡΙΑΣ / ΘΕΣΣΑΛΟΝΙΚΗΣ","ΘΕΣΣΑΛΟΝΙΚΗΣ","ΑΤΟΜΙΚΗ","2019","","","ΥΠΗΡΕΣΙΕΣ ΕΝΟΙΚΙΑΣΗΣ ΤΟΥΡΙΣΤΙΚΟΥ ΣΚΑΦΟΥΣ, ΧΩΡΙΣ ΠΛΗΡΩΜΑ","150388306000","042995732","gmail.com"
"ΤΟΥΜΠΑΚΗΣ ΒΑΣΙΛΕΙΟΣ","A","free-mail","spanosk1@hotmail.com","2244032065","ΡΟΔΟΥ / ΡΟΔΟΥ","ΔΩΔΕΚΑΝΗΣΟΥ","ΑΤΟΜΙΚΗ","1989","","","ΥΠΗΡΕΣΙΕΣ ΣΚΑΦΩΝ ΕΚΔΡΟΜΩΝ ΚΑΙ ΠΕΡΙΗΓΗΣΕΩΝ ΘΑΛΑΣΣΑΣ","71700720000","043149421","hotmail.com"
"ΤΟΥΡΙΣΤΙΚΗ ΕΠΕΝΔΥΤΙΚΗ ΦΑΛΑΣΑΡΝΩΝ ΕΤΕΡΟΡΡΥΘΜΗ ΕΤΑΙΡΕΙΑ","A","free-mail","MXANIOTHS@YAHOO.GR","6937151933","ΚΙΣΣΑΜΟΥ / ΧΑΝΙΩΝ","ΧΑΝΙΩΝ","ΕΕ","2018","","","ΥΠΗΡΕΣΙΕΣ ΕΝΟΙΚΙΑΣΗΣ ΤΟΥΡΙΣΤΙΚΟΥ ΣΚΑΦΟΥΣ, ΧΩΡΙΣ ΠΛΗΡΩΜΑ","145526358000","800947341","yahoo.gr"
"ΤΡΙΗΡΗΣ ΓΙΩΤΙΝΓΚ ΝΑΥΤΙΛΙΑΚΗ ΤΟΥΡΙΣΤΙΚΗ ΜΟΝΟΠΡΟΣΩΠΗ ΕΤΑΙΡΕΙΑ ΠΕΡΙΟΡΙΣΜΕΝΗΣ ΕΥΘΥΝΗΣ","A","free-mail","mixalismix.1980@yahoo.gr","2109999999","ΠΕΙΡΑΙΩΣ / ΠΕΙΡΑΙΩΣ","ΑΤΤΙΚΗΣ","ΕΠΕ","2004","","","ΥΠΗΡΕΣΙΕΣ ΕΝΟΙΚΙΑΣΗΣ ΕΠΑΓΓΕΛΜΑΤΙΚΟΥ ΤΟΥΡΙΣΤΙΚΟΥ ΣΚΑΦΟΥΣ ΜΕ ΠΛΗΡΩΜΑ","139245901000","999417426","yahoo.gr"
"ΤΡΙΝΙΤΙ ΓΙΟΤΙΝΓΚ ΜΟΝΟΠΡΟΣΩΠΗ Ι.Κ.Ε.","A","free-mail","manolis.repanas@gmail.com","6973443331","ΒΟΛΟΥ / ΜΑΓΝΗΣΙΑΣ","ΜΑΓΝΗΣΙΑΣ","ΙΚΕ","2019","","","ΥΠΗΡΕΣΙΕΣ ΕΝΟΙΚΙΑΣΗΣ ΤΟΥΡΙΣΤΙΚΟΥ ΣΚΑΦΟΥΣ, ΧΩΡΙΣ ΠΛΗΡΩΜΑ","151604444000","801200685","gmail.com"
"ΤΡΥΦΩΝΑΣ ΣΠΥΡΙΔΩΝ ΤΟΥ ΚΩΝ/ΝΟΥ","A","free-mail","bookwithgma@gmail.com","","ΜΕΤΕΩΡΩΝ / ΤΡΙΚΑΛΩΝ","ΤΡΙΚΑΛΩΝ","ΑΤΟΜΙΚΗ","2022","","","ΥΠΗΡΕΣΙΕΣ ΣΚΑΦΩΝ ΕΚΔΡΟΜΩΝ ΚΑΙ ΠΕΡΙΗΓΗΣΕΩΝ ΘΑΛΑΣΣΑΣ","10733153000","101049750","gmail.com"
"ΤΣΑΓΛΙΩΤΗΣ ΕΛΕΥΘΕΡΙΟΣ του ΓΕΩΡΓΙΟΥ","A","free-mail","catamaran.balicruises@gmail.com","2834094102","ΜΥΛΟΠΟΤΑΜΟΥ / ΡΕΘΥΜΝΟΥ","ΡΕΘΥΜΝΗΣ","ΑΤΟΜΙΚΗ","1987","","","ΥΠΗΡΕΣΙΕΣ ΕΝΟΙΚΙΑΣΗΣ ΤΟΥΡΙΣΤΙΚΟΥ ΣΚΑΦΟΥΣ, ΧΩΡΙΣ ΠΛΗΡΩΜΑ","22350150000","042291730","gmail.com"
"ΤΣΑΜΗΣ ΣΩΤΗΡΙΟΣ ΤΟΥ ΠΕΤΡΟΥ","A","free-mail","m.stergiou@yahoo.gr","6948579714","ΑΘΗΝΑΙΩΝ / ΚΕΝΤΡΙΚΟΥ ΤΟΜΕΑ ΑΘΗΝΩΝ","ΑΡΤΑΣ","ΑΤΟΜΙΚΗ","2018","","","ΥΠΗΡΕΣΙΕΣ ΘΑΛΑΣΣΙΩΝ ΚΑΙ ΠΑΡΑΚΤΙΩΝ ΜΕΤΑΦΟΡΩΝ ΕΠΙΒΑΤΩΝ ΜΕ ΘΑΛΑΜΗΓΟΥΣ - ΤΟΥΡΙΣΤΙΚΑ ΠΛΟΙΑ ΜΕ ΕΛΛΗΝΙΚΗ ΣΗΜΑΙΑ","146302103000","141015094","yahoo.gr"
"ΤΣΑΝΚΑΙ ΕΝΤΡΙ","A","free-mail","Tsakas77@gmail.com","2645023157","ΛΕΥΚΑΔΑΣ / ΛΕΥΚΑΔΑΣ","ΛΕΥΚΑΔΑΣ","ΑΤΟΜΙΚΗ","2025","","","ΥΠΗΡΕΣΙΕΣ ΕΝΟΙΚΙΑΣΗΣ ΤΟΥΡΙΣΤΙΚΟΥ ΣΚΑΦΟΥΣ, ΧΩΡΙΣ ΠΛΗΡΩΜΑ","190269543000","142979201","gmail.com"
"ΤΣΑΝΤΑΡΛΙΩΤΗΣ ΒΑΣΙΛΗΣ ΤΟΥ ΔΗΜΗΤΡΙΟΥ","A","free-mail","logistikesipiresies@gmail.com","2321073456","ΕΜΜΑΝΟΥΗΛ ΠΑΠΠΑ / ΣΕΡΡΩΝ","ΣΕΡΡΩΝ","ΑΤΟΜΙΚΗ","2025","","","ΥΠΗΡΕΣΙΕΣ ΣΚΑΦΩΝ ΕΚΔΡΟΜΩΝ ΚΑΙ ΠΕΡΙΗΓΗΣΕΩΝ ΘΑΛΑΣΣΑΣ","188831852000","136282699","gmail.com"
"ΤΣΑΠΡΟΥΝΗΣ ΧΡΗΣΤΟΣ ΤΟΥ ΑΘΑΝΑΣΙΟΥ","A","free-mail","dailytrip_skiathos@yahoo.com","6934063349","ΣΚΙΑΘΟΥ / ΣΠΟΡΑΔΩΝ","ΜΑΓΝΗΣΙΑΣ","ΑΤΟΜΙΚΗ","2023","","","ΥΠΗΡΕΣΙΕΣ ΣΚΑΦΩΝ ΕΚΔΡΟΜΩΝ ΚΑΙ ΠΕΡΙΗΓΗΣΕΩΝ ΘΑΛΑΣΣΑΣ","160529744000","107875584","yahoo.com"
"ΤΣΕΛΕΠΗΣ ΠΕΤΡΟΣ ΤΟΥ ΑΝΕΣΤΗ","A","free-mail","agathirantou@hotmail.gr","6973484669","ΣΙΘΩΝΙΑΣ / ΧΑΛΚΙΔΙΚΗΣ","ΧΑΛΚΙΔΙΚΗΣ","ΑΤΟΜΙΚΗ","2002","","","ΥΠΗΡΕΣΙΕΣ ΣΚΑΦΩΝ ΕΚΔΡΟΜΩΝ ΚΑΙ ΠΕΡΙΗΓΗΣΕΩΝ ΘΑΛΑΣΣΑΣ","32869557000","121760042","hotmail.gr"
"ΤΣΙΛΙΚΗΣ ΓΕΩΡΓΙΟΣ ΤΟΥ ΙΩΑΝΝΗ","A","free-mail","georgetsilikis@hotmail.com","6982312047","ΖΑΚΥΝΘΟΥ / ΖΑΚΥΝΘΟΥ","ΖΑΚΥΝΘΟΥ","ΑΤΟΜΙΚΗ","2024","","","ΥΠΗΡΕΣΙΕΣ ΕΝΟΙΚΙΑΣΗΣ ΤΟΥΡΙΣΤΙΚΟΥ ΣΚΑΦΟΥΣ, ΧΩΡΙΣ ΠΛΗΡΩΜΑ","178579624000","171505254","hotmail.com"
"ΤΣΙΠΡΑΣ ΒΙΚΕΛΗΣ MARINE Ο.Ε.","A","free-mail","tsipras.orestis13@gmail.com","6974202793","ΜΗΛΟΥ / ΜΗΛΟΥ","ΚΥΚΛΑΔΩΝ","ΟΕ","2026","","","ΥΠΗΡΕΣΙΕΣ ΕΝΟΙΚΙΑΣΗΣ ΠΛΟΙΩΝ ΨΥΧΑΓΩΓΙΑΣ (ΚΟΤΕΡΩΝ, ΘΑΛΑΜΗΓΩΝ, ΒΕΝΖΙΝΑΚΑΤΩΝ ΚΛΠ) ΜΕ ΠΛΗΡΩΜΑ","194140638000","803301768","gmail.com"
"ΤΣΙΠΡΑΣ ΟΡΕΣΤΗΣ","A","free-mail","tsiprasorestis13@gmail.com","2287022656","ΜΗΛΟΥ / ΜΗΛΟΥ","ΚΥΚΛΑΔΩΝ","ΑΤΟΜΙΚΗ","2024","","","ΥΠΗΡΕΣΙΕΣ ΕΝΟΙΚΙΑΣΗΣ ΠΛΟΙΩΝ ΨΥΧΑΓΩΓΙΑΣ (ΚΟΤΕΡΩΝ, ΘΑΛΑΜΗΓΩΝ, ΒΕΝΖΙΝΑΚΑΤΩΝ ΚΛΠ), ΧΩΡΙΣ ΠΛΗΡΩΜΑ","176966338000","165875654","gmail.com"
"ΤΣΙΡΟΠΟΥΛΟΣ ΓΙΩΤ ΕΝΤΕΡΠΡΑΙΣΕΣ ΕΤΑΙΡΕΙΑ ΠΕΡΙΟΡΙΣΜΕΝΗΣ ΕΥΘΥΝΗΣ","A","free-mail","argyrvkatsogianni@gmail.com","2292027970","ΚΑΛΛΙΘΕΑΣ / ΝΟΤΙΟΥ ΤΟΜΕΑ ΑΘΗΝΩΝ","ΑΤΤΙΚΗΣ","ΕΠΕ","1998","","","ΥΠΗΡΕΣΙΕΣ ΕΝΟΙΚΙΑΣΗΣ ΠΛΟΙΩΝ ΨΥΧΑΓΩΓΙΑΣ (ΚΟΤΕΡΩΝ, ΘΑΛΑΜΗΓΩΝ, ΒΕΝΖΙΝΑΚΑΤΩΝ ΚΛΠ), ΧΩΡΙΣ ΠΛΗΡΩΜΑ","122048901000","095544420","gmail.com"
"ΤΣΙΡΤΣΙΚΟΣ ΚΩΝΣΤΑΝΤΙΝΟΣ ΤΟΥ ΑΓΓΕΛΟΥ","A","free-mail","ktsirtsikos14@gmail.com","","ΕΡΜΙΟΝΙΔΑΣ / ΑΡΓΟΛΙΔΑΣ","ΑΡΓΟΛΙΔΑΣ","ΑΤΟΜΙΚΗ","2001","","","ΥΠΗΡΕΣΙΕΣ ΣΚΑΦΩΝ ΕΚΔΡΟΜΩΝ ΚΑΙ ΠΕΡΙΗΓΗΣΕΩΝ ΘΑΛΑΣΣΑΣ","189299213000","108360494","gmail.com"
"ΤΣΟΥΚΑΛΗΣ ΒΙΚΤΩΡ ΝΙΚΟΛΑΟΣ ΤΟΥ ΘΩΜΑ","A","free-mail","biktornikolaost@gmail.com","","ΒΟΡΕΙΑΣ ΚΕΡΚΥΡΑΣ / ΚΕΡΚΥΡΑΣ","ΚΕΡΚΥΡΑΣ","ΑΤΟΜΙΚΗ","2026","","","ΥΠΗΡΕΣΙΕΣ ΕΝΟΙΚΙΑΣΗΣ ΤΟΥΡΙΣΤΙΚΟΥ ΣΚΑΦΟΥΣ, ΧΩΡΙΣ ΠΛΗΡΩΜΑ","195032733000","143586452","gmail.com"
"ΤΣΩΝΙΑΣ ΘΕΟΔΩΡΟΣ ΤΟΥ ΕΜΜΑΝΟΥΗΛ","A","free-mail","acc.tsilo@outlook.com","","ΒΟΛΟΥ / ΜΑΓΝΗΣΙΑΣ","ΜΑΓΝΗΣΙΑΣ","ΑΤΟΜΙΚΗ","2021","","","ΥΠΗΡΕΣΙΕΣ ΣΚΑΦΩΝ ΕΚΔΡΟΜΩΝ ΚΑΙ ΠΕΡΙΗΓΗΣΕΩΝ ΘΑΛΑΣΣΑΣ","159415344000","078382556","outlook.com"
"ΤΥΦΟΞΥΛΟΣ ΕΜΜΑΝΟΥΗΛ ΤΟΥ ΔΗΜΗΤΡΙΟΥ","A","free-mail","tifoxilos@yahoo.gr","2310676055","ΘΕΣΣΑΛΟΝΙΚΗΣ / ΘΕΣΣΑΛΟΝΙΚΗΣ","ΘΕΣΣΑΛΟΝΙΚΗΣ","ΑΤΟΜΙΚΗ","2009","","","ΥΠΗΡΕΣΙΕΣ ΕΝΟΙΚΙΑΣΗΣ ΠΛΟΙΩΝ ΨΥΧΑΓΩΓΙΑΣ (ΚΟΤΕΡΩΝ, ΘΑΛΑΜΗΓΩΝ, ΒΕΝΖΙΝΑΚΑΤΩΝ ΚΛΠ), ΧΩΡΙΣ ΠΛΗΡΩΜΑ","193596006000","021229286","yahoo.gr"
"ΥΔΡΑ ΑΠΟΚΛΕΙΣΤΙΚΑ ΦΟΥΣΚΩΤΑ Ι.Κ.Ε.","A","free-mail","galanism@hotmail.com","2298052159","ΥΔΡΑΣ / ΝΗΣΩΝ","ΑΤΤΙΚΗΣ","ΙΚΕ","2023","","","ΥΠΗΡΕΣΙΕΣ ΕΝΟΙΚΙΑΣΗΣ ΣΚΑΦΩΝ ΘΑΛΑΣΣΙΑΣ ΚΑΙ ΑΚΤΟΠΛΟΪΚΗΣ ΜΕΤΑΦΟΡΑΣ ΕΠΙΒΑΤΩΝ ΜΕ ΧΕΙΡΙΣΤΗ","170707909000","802137677","hotmail.com"
"ΥΔΡΟΒΑΤΗΣ ΓΙΩΤΙΝΓΚ ΜΟΝΟΠΡΟΣΩΠΗ Ι.Κ.Ε.","A","free-mail","diamantides@gmail.com","35799489173","ΠΕΡΙΣΤΕΡΙΟΥ / ΔΥΤΙΚΟΥ ΤΟΜΕΑ ΑΘΗΝΩΝ","ΑΤΤΙΚΗΣ","ΙΚΕ","2021","","","ΥΠΗΡΕΣΙΕΣ ΕΝΟΙΚΙΑΣΗΣ ΤΟΥΡΙΣΤΙΚΟΥ ΣΚΑΦΟΥΣ, ΧΩΡΙΣ ΠΛΗΡΩΜΑ","159404501000","801574660","gmail.com"
"ΥΙΟΙ ΤΣΟΥΛΟΥ ΠΑΝΑΓΙΩΤΗ Ο.Ε.","A","free-mail","kpespa@gmail.com","2610326626","ΠΑΤΡΕΩΝ / ΑΧΑΙΑΣ","ΑΧΑΙΑΣ","ΟΕ","2022","","","ΥΠΗΡΕΣΙΕΣ ΕΝΟΙΚΙΑΣΗΣ ΤΟΥΡΙΣΤΙΚΟΥ ΣΚΑΦΟΥΣ, ΧΩΡΙΣ ΠΛΗΡΩΜΑ","163074516000","801773870","gmail.com"
"ΥΠΟΚΑΤΑΣΤΗΜΑ ΑΛΛΟΔΑΠΗΣ ΧΕΡΟΥΒΕΙΜ Ε.Π.Ε","A","free-mail","panoskonidaris@gmail.com","2645022540","ΜΕΓΑΝΗΣΙΟΥ / ΛΕΥΚΑΔΑΣ","ΛΕΥΚΑΔΑΣ","Υποκατάστημα Αλλοδαπής","2021","","","ΥΠΗΡΕΣΙΕΣ ΕΝΟΙΚΙΑΣΗΣ ΤΟΥΡΙΣΤΙΚΟΥ ΣΚΑΦΟΥΣ, ΧΩΡΙΣ ΠΛΗΡΩΜΑ","158792343001","997236607","gmail.com"
"ΦΑΝΣΙ ΓΙΩΤΣ ΙΔΙΩΤΙΚΗ ΚΕΦΑΛΑΙΟΥΧΙΚΗ ΕΤΑΙΡΕΙΑ","A","free-mail","theosgiannis@yahoo.gr","2109236980","ΚΕΝΤΡΙΚΗΣ ΚΕΡΚΥΡΑΣ ΚΑΙ ΔΙΑΠΟΝΤΙΩΝ ΝΗΣΩΝ / ΚΕΡΚΥΡΑΣ","ΚΕΡΚΥΡΑΣ","ΙΚΕ","2021","","","ΥΠΗΡΕΣΙΕΣ ΕΝΟΙΚΙΑΣΗΣ ΤΟΥΡΙΣΤΙΚΟΥ ΣΚΑΦΟΥΣ, ΧΩΡΙΣ ΠΛΗΡΩΜΑ","161726233000","801698968","yahoo.gr"
"ΦΕΡΓΑΔΗΣ ΚΩΝΣΤΑΝΤΙΝΟΣ ΤΟΥ ΠΑΝΑΓΙΩΤΗ","A","free-mail","kofinasdimitr@gmail.com","6977699849","ΣΚΙΑΘΟΥ / ΣΠΟΡΑΔΩΝ","ΜΑΓΝΗΣΙΑΣ","ΑΤΟΜΙΚΗ","2022","","","ΥΠΗΡΕΣΙΕΣ ΕΝΟΙΚΙΑΣΗΣ ΠΛΟΙΩΝ ΨΥΧΑΓΩΓΙΑΣ (ΚΟΤΕΡΩΝ, ΘΑΛΑΜΗΓΩΝ, ΒΕΝΖΙΝΑΚΑΤΩΝ ΚΛΠ), ΧΩΡΙΣ ΠΛΗΡΩΜΑ","162634344000","107891050","gmail.com"
"ΦΙΛΗΣ Ν. ΚΑΙ ΣΙΑ Ε.Ε.","A","free-mail","nikolasfilis@hotmail.com","6989425743","ΚΕΝΤΡΙΚΗΣ ΚΕΡΚΥΡΑΣ ΚΑΙ ΔΙΑΠΟΝΤΙΩΝ ΝΗΣΩΝ / ΚΕΡΚΥΡΑΣ","ΚΕΡΚΥΡΑΣ","ΕΕ","2024","","","ΥΠΗΡΕΣΙΕΣ ΣΚΑΦΩΝ ΕΚΔΡΟΜΩΝ ΚΑΙ ΠΕΡΙΗΓΗΣΕΩΝ ΘΑΛΑΣΣΑΣ","175728633000","802402963","hotmail.com"
"ΦΙΛΙΝΗΣ ΧΡΗΣΤΟΣ ΤΟΥ ΕΥΑΓΓΕΛΟΥ","A","free-mail","filinis_log@hotmail.com","","ΝΑΥΠΛΙΕΩΝ / ΑΡΓΟΛΙΔΑΣ","ΑΡΓΟΛΙΔΑΣ","ΑΤΟΜΙΚΗ","2019","","","ΥΠΗΡΕΣΙΕΣ ΘΑΛΑΣΣΙΩΝ ΚΑΙ ΠΑΡΑΚΤΙΩΝ ΜΕΤΑΦΟΡΩΝ ΕΠΙΒΑΤΩΝ ΜΕ ΘΑΛΑΜΗΓΟΥΣ - ΤΟΥΡΙΣΤΙΚΑ ΠΛΟΙΑ ΜΕ ΕΛΛΗΝΙΚΗ ΣΗΜΑΙΑ","150154513000","138793110","hotmail.com"
"ΦΙΛΙΠΠΟΣ ΣΙΝΤΟΣ ΤΟΥ ΚΩΝΣΤΑΝΤΙΝΟΥ","A","free-mail","philipsintos@gmail.com","","ΙΩΑΝΝΙΤΩΝ / ΙΩΑΝΝΙΝΩΝ","ΙΩΑΝΝΙΝΩΝ","ΑΤΟΜΙΚΗ","","","","ΥΠΗΡΕΣΙΕΣ ΕΝΟΙΚΙΑΣΗΣ ΤΟΥΡΙΣΤΙΚΟΥ ΣΚΑΦΟΥΣ, ΧΩΡΙΣ ΠΛΗΡΩΜΑ","183987229000","142604821","gmail.com"
"ΦΙΛΙΠΠΟΣ ΣΤΑΥΡΟΥ ΚΡΗΤΙΚΟΣ","A","free-mail","filippos125@gmail.com","2284024843","ΠΑΡΟΥ / ΠΑΡΟΥ","ΚΥΚΛΑΔΩΝ","ΑΤΟΜΙΚΗ","2019","","","ΥΠΗΡΕΣΙΕΣ ΣΚΑΦΩΝ ΕΚΔΡΟΜΩΝ ΚΑΙ ΠΕΡΙΗΓΗΣΕΩΝ ΘΑΛΑΣΣΑΣ","154339838000","138068003","gmail.com"
"ΦΙΝΟΣ ΓΕΩΡΓΙΟΣ TOY ΙΩΑΝΝΗ","A","free-mail","telefinos@otenet.gr","2104925453","ΠΕΙΡΑΙΩΣ / ΠΕΙΡΑΙΩΣ","ΑΤΤΙΚΗΣ","ΑΤΟΜΙΚΗ","2018","","","ΥΠΗΡΕΣΙΕΣ ΕΝΟΙΚΙΑΣΗΣ ΤΟΥΡΙΣΤΙΚΟΥ ΣΚΑΦΟΥΣ, ΧΩΡΙΣ ΠΛΗΡΩΜΑ","146178909000","102009693","otenet.gr"
"ΦΛΟΥΡΗΣ ΠΑΝΑΓΙΩΤΗΣ","A","free-mail","p.flouris@hotmail.com","2310540823","ΠΑΤΜΟΥ / ΚΑΛΥΜΝΟΥ","ΔΩΔΕΚΑΝΗΣΟΥ","ΑΤΟΜΙΚΗ","2025","","","ΥΠΗΡΕΣΙΕΣ ΘΑΛΑΣΣΙΩΝ ΚΑΙ ΠΑΡΑΚΤΙΩΝ ΜΕΤΑΦΟΡΩΝ ΕΠΙΒΑΤΩΝ ΜΕ ΘΑΛΑΜΗΓΟΥΣ - ΤΟΥΡΙΣΤΙΚΑ ΠΛΟΙΑ ΜΕ ΣΗΜΑΙΑ ΑΛΛΗ ΑΠΟ ΕΛΛΗΝΙΚΗ","186141020000","136257899","hotmail.com"
"ΦΛΩΡΙΝΟΥΔΗΣ ΠΡΟΔΡΟΜΟΣ ΤΟΥ ΑΡΙΣΤΕΙΔΗ","A","free-mail","flopiprodromos@gmail.com","2310629414","ΛΑΓΚΑΔΑ / ΘΕΣΣΑΛΟΝΙΚΗΣ","ΘΕΣΣΑΛΟΝΙΚΗΣ","ΑΤΟΜΙΚΗ","2025","","","ΥΠΗΡΕΣΙΕΣ ΣΚΑΦΩΝ ΕΚΔΡΟΜΩΝ ΚΑΙ ΠΕΡΙΗΓΗΣΕΩΝ ΘΑΛΑΣΣΑΣ","185526906000","166011512","gmail.com"
"ΦΟΙΝΙΞ ΝΑΥΤΙΛΙΑΚΗ ΜΟΝΟΠΡΟΣΩΠΗ ΕΤΑΙΡΕΙΑ ΠΕΡΙΟΡΙΣΜΕΝΗΣ ΕΥΘΥΝΗΣ","A","free-mail","roditisyachting@gmail.com","2241034864","ΡΟΔΟΥ / ΡΟΔΟΥ","ΔΩΔΕΚΑΝΗΣΟΥ","ΕΠΕ","1994","","","ΥΠΗΡΕΣΙΕΣ ΕΝΟΙΚΙΑΣΗΣ ΠΛΟΙΩΝ ΨΥΧΑΓΩΓΙΑΣ (ΚΟΤΕΡΩΝ, ΘΑΛΑΜΗΓΩΝ, ΒΕΝΖΙΝΑΚΑΤΩΝ ΚΛΠ), ΧΩΡΙΣ ΠΛΗΡΩΜΑ","71791920000","095420077","gmail.com"
"ΦΟΥΣΚΩΤΑ ΣΚΑΦΗ Ο.Ε.","A","free-mail","mitsokalieleni@hotmail.com","2109922368","ΒΑΡΗΣ - ΒΟΥΛΑΣ - ΒΟΥΛΙΑΓΜΕΝΗΣ / ΑΝΑΤΟΛΙΚΗΣ ΑΤΤΙΚΗΣ","ΑΤΤΙΚΗΣ","ΟΕ","2021","","","ΥΠΗΡΕΣΙΕΣ ΕΝΟΙΚΙΑΣΗΣ ΣΚΑΦΩΝ ΘΑΛΑΣΣΙΑΣ ΚΑΙ ΑΚΤΟΠΛΟΪΚΗΣ ΜΕΤΑΦΟΡΑΣ ΕΠΙΒΑΤΩΝ ΜΕ ΧΕΙΡΙΣΤΗ","158014703000","801498319","hotmail.com"
"ΦΡΑΓΚΟΓΙΑΝΝΗΣ ΔΙΟΝΥΣΙΟΣ ΤΟΥ ΝΙΚΟΛΑΟΥ","A","free-mail","nansyfragogianni01@gmail.com","","ΖΑΚΥΝΘΟΥ / ΖΑΚΥΝΘΟΥ","ΖΑΚΥΝΘΟΥ","ΑΤΟΜΙΚΗ","2024","","","ΥΠΗΡΕΣΙΕΣ ΕΝΟΙΚΙΑΣΗΣ ΤΟΥΡΙΣΤΙΚΟΥ ΣΚΑΦΟΥΣ, ΧΩΡΙΣ ΠΛΗΡΩΜΑ","174737724000","078985527","gmail.com"
"ΦΡΑΓΚΟΜΑΝΩΛΗΣ YACHTING ΜΟΝΟΠΡΟΣΩΠΗ Ι.Κ.Ε.","A","free-mail","office.finfinis@gmail.com","2104200697","ΚΕΡΑΤΣΙΝΙΟΥ - ΔΡΑΠΕΤΣΩΝΑΣ / ΠΕΙΡΑΙΩΣ","ΑΤΤΙΚΗΣ","ΙΚΕ","2024","","","ΥΠΗΡΕΣΙΕΣ ΕΝΟΙΚΙΑΣΗΣ ΣΚΑΦΩΝ ΘΑΛΑΣΣΙΑΣ ΚΑΙ ΑΚΤΟΠΛΟΪΚΗΣ ΜΕΤΑΦΟΡΑΣ ΕΠΙΒΑΤΩΝ ΜΕ ΧΕΙΡΙΣΤΗ","180573908000","802668685","gmail.com"
"ΦΡΑΓΚΟΠΟΥΛΟΣ ΝΙΚΟΛΑΟΣ","A","free-mail","nfragop@gmail.com","","ΠΑΤΡΕΩΝ / ΑΧΑΙΑΣ","ΑΧΑΙΑΣ","ΑΤΟΜΙΚΗ","2018","","","ΥΠΗΡΕΣΙΕΣ ΘΑΛΑΣΣΙΩΝ ΚΑΙ ΠΑΡΑΚΤΙΩΝ ΜΕΤΑΦΟΡΩΝ ΕΠΙΒΑΤΩΝ ΜΕ ΘΑΛΑΜΗΓΟΥΣ - ΤΟΥΡΙΣΤΙΚΑ ΠΛΟΙΑ ΜΕ ΕΛΛΗΝΙΚΗ ΣΗΜΑΙΑ","189872116000","069888846","gmail.com"
"ΦΥΚΑΡΗΣ ΓΕΩΡΓΙΟΣ του ΧΑΡΑΛΑΜΠΟΥΣ","A","free-mail","george.fikaris@yahoo.com","2273079045","ΔΥΤΙΚΗΣ ΣΑΜΟΥ / ΣΑΜΟΥ","ΣΑΜΟΥ","ΑΤΟΜΙΚΗ","2022","","","ΥΠΗΡΕΣΙΕΣ ΣΚΑΦΩΝ ΕΚΔΡΟΜΩΝ ΚΑΙ ΠΕΡΙΗΓΗΣΕΩΝ ΘΑΛΑΣΣΑΣ","165363551000","124611110","yahoo.com"
"ΦΩΤΕΙΝΟΣ ΑΡΓΥΡΙΟΥ ΒΑΛΜΑΣ","A","free-mail","Fotalles@gmail.com","6932304574","ΙΗΤΩΝ / ΘΗΡΑΣ","ΚΥΚΛΑΔΩΝ","ΑΤΟΜΙΚΗ","2016","","","ΥΠΗΡΕΣΙΕΣ ΣΚΑΦΩΝ ΕΚΔΡΟΜΩΝ ΚΑΙ ΠΕΡΙΗΓΗΣΕΩΝ ΘΑΛΑΣΣΑΣ","139294238000","049675284","gmail.com"
"ΦΩΤΙΟΣ ΛΥΚΟΠΑΝΤΗΣ ΕΤΕΡΟΡΡΥΘΜΗ ΕΤΑΙΡΙΑ","A","free-mail","giorgosmilionis@outlook.com","2241093498","ΡΟΔΟΥ / ΡΟΔΟΥ","ΔΩΔΕΚΑΝΗΣΟΥ","ΕΕ","2010","","","ΥΠΗΡΕΣΙΕΣ ΕΝΟΙΚΙΑΣΗΣ ΣΚΑΦΩΝ ΘΑΛΑΣΣΙΑΣ ΚΑΙ ΑΚΤΟΠΛΟΪΚΗΣ ΜΕΤΑΦΟΡΑΣ ΕΠΙΒΑΤΩΝ ΜΕ ΧΕΙΡΙΣΤΗ","131960320000","997867872","outlook.com"
"ΧΑΛΑΣΟΧΩΡΗΣ ΑΘΑΝΑΣΙΟΣ ΤΟΥ ΛΕΩΝΙΔΑ","A","free-mail","xalasoxoris@gmail.com","","ΠΑΛΑΙΟΥ ΦΑΛΗΡΟΥ / ΝΟΤΙΟΥ ΤΟΜΕΑ ΑΘΗΝΩΝ","ΑΤΤΙΚΗΣ","ΑΤΟΜΙΚΗ","2022","","","ΥΠΗΡΕΣΙΕΣ ΘΑΛΑΣΣΙΩΝ ΚΑΙ ΠΑΡΑΚΤΙΩΝ ΜΕΤΑΦΟΡΩΝ ΕΠΙΒΑΤΩΝ ΜΕ ΘΑΛΑΜΗΓΟΥΣ - ΤΟΥΡΙΣΤΙΚΑ ΠΛΟΙΑ ΜΕ ΕΛΛΗΝΙΚΗ ΣΗΜΑΙΑ","162930203000","106971840","gmail.com"
"ΧΑΛΔΑΙΟΠΟΥΛΟΣ ΚΩΝΣΤΑΝΤΙΝΟΣ ΤΟΥ ΠΕΤΡΟΥ","A","free-mail","chaldeopoulos.sail@gmail.com","2310306142","ΚΑΛΑΜΑΡΙΑΣ / ΘΕΣΣΑΛΟΝΙΚΗΣ","ΘΕΣΣΑΛΟΝΙΚΗΣ","ΑΤΟΜΙΚΗ","2013","","","ΥΠΗΡΕΣΙΕΣ ΕΝΟΙΚΙΑΣΗΣ ΤΟΥΡΙΣΤΙΚΟΥ ΣΚΑΦΟΥΣ, ΧΩΡΙΣ ΠΛΗΡΩΜΑ","193597306000","121652307","gmail.com"
"ΧΑΛΙΚΙΑΣ ΔΗΜΗΤΡΙΟΣ ΤΟΥ ΣΠΥΡΙΔΩΝΟΣ","A","free-mail","chalikiasdimitris@gmail.com","2663049367","ΚΕΝΤΡΙΚΗΣ ΚΕΡΚΥΡΑΣ ΚΑΙ ΔΙΑΠΟΝΤΙΩΝ ΝΗΣΩΝ / ΚΕΡΚΥΡΑΣ","","ΑΤΟΜΙΚΗ","1995","","","ΥΠΗΡΕΣΙΕΣ ΣΚΑΦΩΝ ΕΚΔΡΟΜΩΝ ΚΑΙ ΠΕΡΙΗΓΗΣΕΩΝ ΘΑΛΑΣΣΑΣ","34519633000","052991544","gmail.com"
"ΧΑΡΑΚΤΙΝΟΣ & ΣΙΑ ΟΕ","A","free-mail","zanteseabreezecruises@gmail.com","6983177210","ΖΑΚΥΝΘΟΥ / ΖΑΚΥΝΘΟΥ","ΖΑΚΥΝΘΟΥ","ΟΕ","2018","","","ΥΠΗΡΕΣΙΕΣ ΕΝΟΙΚΙΑΣΗΣ ΤΟΥΡΙΣΤΙΚΟΥ ΣΚΑΦΟΥΣ, ΧΩΡΙΣ ΠΛΗΡΩΜΑ","145731324000","800957334","gmail.com"
"ΧΑΡΙΣΜΙΔΗΣ ΒΑΣΙΛΕΙΟΣ","A","free-mail","athannikos2@gmail.com","2373024107","ΝΕΑΣ ΠΡΟΠΟΝΤΙΔΑΣ / ΧΑΛΚΙΔΙΚΗΣ","ΧΑΛΚΙΔΙΚΗΣ","ΑΤΟΜΙΚΗ","2025","","","ΥΠΗΡΕΣΙΕΣ ΣΚΑΦΩΝ ΕΚΔΡΟΜΩΝ ΚΑΙ ΠΕΡΙΗΓΗΣΕΩΝ ΘΑΛΑΣΣΑΣ","32947457000","053819103","gmail.com"
"ΧΑΣΑΠΗΣ ΝΙΚΟΛΑΟΣ ΤΟΥ ΑΝΑΣΤΑΣΙΟΥ","A","free-mail","nikoshasapis84@gmail.com","2310274351","ΘΕΣΣΑΛΟΝΙΚΗΣ / ΘΕΣΣΑΛΟΝΙΚΗΣ","ΘΕΣΣΑΛΟΝΙΚΗΣ","ΑΤΟΜΙΚΗ","2016","","","ΥΠΗΡΕΣΙΕΣ ΕΝΟΙΚΙΑΣΗΣ ΣΚΑΦΩΝ ΘΑΛΑΣΣΙΑΣ ΚΑΙ ΑΚΤΟΠΛΟΪΚΗΣ ΜΕΤΑΦΟΡΑΣ ΕΠΙΒΑΤΩΝ ΜΕ ΧΕΙΡΙΣΤΗ","163613506000","116527618","gmail.com"
"ΧΑΤΖΗΓΙΑΝΝΗΣ Γ. & ΣΙΑ Ε.Ε.","A","free-mail","a_venieri@hotmail.com","2109314006","ΑΘΗΝΑΙΩΝ / ΚΕΝΤΡΙΚΟΥ ΤΟΜΕΑ ΑΘΗΝΩΝ","ΑΤΤΙΚΗΣ","ΕΕ","2020","","","ΥΠΗΡΕΣΙΕΣ ΕΝΟΙΚΙΑΣΗΣ ΤΟΥΡΙΣΤΙΚΟΥ ΣΚΑΦΟΥΣ, ΧΩΡΙΣ ΠΛΗΡΩΜΑ","154152703000","801312658","hotmail.com"
"ΧΑΤΖΗΚΩΝΣΤΑΝΤΙΝΟΥ ΜΙΧΑΗΛ","A","free-mail","m.chatzikonstantinou72@gmail.com","6948511730","ΝΕΑΣ ΣΜΥΡΝΗΣ / ΝΟΤΙΟΥ ΤΟΜΕΑ ΑΘΗΝΩΝ","ΑΤΤΙΚΗΣ","ΑΤΟΜΙΚΗ","2023","","","ΥΠΗΡΕΣΙΕΣ ΘΑΛΑΣΣΙΩΝ ΚΑΙ ΠΑΡΑΚΤΙΩΝ ΜΕΤΑΦΟΡΩΝ ΕΠΙΒΑΤΩΝ ΜΕ ΘΑΛΑΜΗΓΟΥΣ - ΤΟΥΡΙΣΤΙΚΑ ΠΛΟΙΑ ΜΕ ΕΛΛΗΝΙΚΗ ΣΗΜΑΙΑ","168477903000","037002596","gmail.com"
"ΧΙΟΝΑ ΙΚΕ","A","free-mail","chiosyachting@gmail.com","2271042666","ΧΙΟΥ / ΧΙΟΥ","ΧΙΟΥ","ΙΚΕ","2018","","","ΥΠΗΡΕΣΙΕΣ ΕΝΟΙΚΙΑΣΗΣ ΣΚΑΦΩΝ ΘΑΛΑΣΣΙΑΣ ΚΑΙ ΑΚΤΟΠΛΟΪΚΗΣ ΜΕΤΑΦΟΡΑΣ ΕΠΙΒΑΤΩΝ ΜΕ ΧΕΙΡΙΣΤΗ","145015659000","800923146","gmail.com"
"ΧΙΩΤΗΣ ΣΤΥΛΙΑΝΟΣ του ΒΑΣΙΛΕΙΟΥ","A","free-mail","vasilis.xiotis@gmail.com","","ΜΥΤΙΛΗΝΗΣ / ΛΕΣΒΟΥ","ΛΕΣΒΟΥ","ΑΤΟΜΙΚΗ","1987","","","ΥΠΗΡΕΣΙΕΣ ΣΚΑΦΩΝ ΕΚΔΡΟΜΩΝ ΚΑΙ ΠΕΡΙΗΓΗΣΕΩΝ ΘΑΛΑΣΣΑΣ","78422742000","041457876","gmail.com"
"ΧΡΗΣΤΙΔΗΣ ΕΥΑΓΓΕΛΟΣ ΜΟΝΟΠΡΟΣΩΠΗ ΙΔΙΩΤΙΚΗ ΚΕΦΑΛΑΙΟΥΧΙΚΗ ΕΤΑΙΡΕΙΑ","A","free-mail","kostas.apostolopoulos475@gmail.com","6977263921","ΜΕΓΑΡΕΩΝ / ΔΥΤΙΚΗΣ ΑΤΤΙΚΗΣ","ΑΤΤΙΚΗΣ","ΙΚΕ","2022","","","ΥΠΗΡΕΣΙΕΣ ΕΝΟΙΚΙΑΣΗΣ ΕΠΑΓΓΕΛΜΑΤΙΚΟΥ ΤΟΥΡΙΣΤΙΚΟΥ ΣΚΑΦΟΥΣ ΜΕ ΠΛΗΡΩΜΑ","165539607000","801905882","gmail.com"
"ΧΡΗΣΤΟΣ ΚΕΝΑΝΟΓΛΟΥ ΤΟΥ ΒΑΣΙΛΕΙΟΥ","A","free-mail","greeklighthouse@gmail.com","","ΠΑΙΑΝΙΑΣ / ΑΝΑΤΟΛΙΚΗΣ ΑΤΤΙΚΗΣ","ΑΤΤΙΚΗΣ","ΑΤΟΜΙΚΗ","2014","","","ΥΠΗΡΕΣΙΕΣ ΕΝΟΙΚΙΑΣΗΣ ΤΟΥΡΙΣΤΙΚΟΥ ΣΚΑΦΟΥΣ, ΧΩΡΙΣ ΠΛΗΡΩΜΑ","188859801000","028371331","gmail.com"
"ΧΡΙΣΤΙΝΑ ΦΑΤΟΥΡΟΥ - ΑΝΔΡΕΑΣ ΓΕΩΡΓΑΚΗΣ Ο.Ε.","A","free-mail","atreas111@yahoo.gr","6979508682","ΑΚΤΙΟΥ-ΒΟΝΙΤΣΑΣ / ΑΙΤΩΛΟΑΚΑΡΝΑΝΙΑΣ","ΑΙΤΩΛΟΑΚΑΡΝΑΝΙΑΣ","ΟΕ","2021","","","ΥΠΗΡΕΣΙΕΣ ΕΝΟΙΚΙΑΣΗΣ ΤΟΥΡΙΣΤΙΚΟΥ ΣΚΑΦΟΥΣ, ΧΩΡΙΣ ΠΛΗΡΩΜΑ","158088512000","801502442","yahoo.gr"
"ΧΡΙΣΤΟΔΟΥΛΟΠΟΥΛΟΣ ΔΗΜΗΤΡΙΟΣ ΤΟΥ ΔΙΟΝΥΣΙΟΥ (ΜΕ ΕΚ/ΤΑ ΔΕΝ ΕΧΕΙ ΕΚΔΟΘΕΙ ΑΝΑΚΟΙΝΩΣΗ ΕΝΑΡΞΗΣ ΣΤΟ ΓΕΜΗ)","A","free-mail","xirofotos@gmail.com","","ΒΟΛΟΥ / ΜΑΓΝΗΣΙΑΣ","ΜΑΓΝΗΣΙΑΣ","ΑΤΟΜΙΚΗ","2024","","","ΥΠΗΡΕΣΙΕΣ ΕΝΟΙΚΙΑΣΗΣ ΤΟΥΡΙΣΤΙΚΟΥ ΣΚΑΦΟΥΣ, ΧΩΡΙΣ ΠΛΗΡΩΜΑ","175501444000","014926815","gmail.com"
"ΧΡΙΣΤΟΔΟΥΛΟΥ ΧΡΗΣΤΟΣ ΤΟΥ ΑΝΑΣΤΑΣΙΟΥ","A","free-mail","tatosxristos@gmail.com","2684041185","ΠΑΡΓΑΣ / ΠΡΕΒΕΖΑΣ","ΠΡΕΒΕΖΑΣ","ΑΤΟΜΙΚΗ","2016","","","ΥΠΗΡΕΣΙΕΣ ΣΚΑΦΩΝ ΕΚΔΡΟΜΩΝ ΚΑΙ ΠΕΡΙΗΓΗΣΕΩΝ ΘΑΛΑΣΣΑΣ","139405749000","116081192","gmail.com"
"ΧΡΥΣΟΧΟΟΥ ΝΙΚΟΛΑΟΣ","A","free-mail","nchrysochoou@gmail.com","6946947082","ΜΑΝΔΡΑΣ - ΕΙΔΥΛΛΙΑΣ / ΔΥΤΙΚΗΣ ΑΤΤΙΚΗΣ","ΔΥΤΙΚΗΣ ΑΤΤΙΚΗΣ","ΑΤΟΜΙΚΗ","2025","","","ΥΠΗΡΕΣΙΕΣ ΕΝΟΙΚΙΑΣΗΣ ΤΟΥΡΙΣΤΙΚΟΥ ΣΚΑΦΟΥΣ, ΧΩΡΙΣ ΠΛΗΡΩΜΑ","185954603000","143542295","gmail.com"
"ΨΑΡΑΣ Δ.-ΚΑΜΑΗΣ Κ. Ι.Κ.Ε.","A","free-mail","futurecom66@gmail.com","","ΡΟΔΟΥ / ΡΟΔΟΥ","ΔΩΔΕΚΑΝΗΣΟΥ","ΙΚΕ","2022","","","ΥΠΗΡΕΣΙΕΣ ΣΚΑΦΩΝ ΕΚΔΡΟΜΩΝ ΚΑΙ ΠΕΡΙΗΓΗΣΕΩΝ ΘΑΛΑΣΣΑΣ","164385420000","801843120","gmail.com"
"ΨΕΥΤΟΥΔΗΣ ΠΕΤΡΟΣ ΤΟΥ ΕΠΑΜΕΙΝΩΝΔΑ","A","free-mail","p.pseftudis@gmail.com","2108013901","ΚΗΦΙΣΙΑΣ / ΒΟΡΕΙΟΥ ΤΟΜΕΑ ΑΘΗΝΩΝ","ΑΤΤΙΚΗΣ","ΑΤΟΜΙΚΗ","1999","","","ΥΠΗΡΕΣΙΕΣ ΕΝΟΙΚΙΑΣΗΣ ΤΟΥΡΙΣΤΙΚΟΥ ΣΚΑΦΟΥΣ, ΧΩΡΙΣ ΠΛΗΡΩΜΑ","62417603000","036513257","gmail.com"
"KEANE TOM DANIEL JAMES","B","verified-no-site","info@pegasusfinance.gr","","ΛΕΥΚΑΔΑΣ / ΛΕΥΚΑΔΑΣ","ΛΕΥΚΑΔΑΣ","ΑΤΟΜΙΚΗ","2023","","","ΥΠΗΡΕΣΙΕΣ ΕΠΙΣΚΕΥΗΣ ΚΑΙ ΣΥΝΤΗΡΗΣΗΣ ΣΚΑΦΩΝ ΑΝΑΨΥΧΗΣ, ΛΕΜΒΩΝ ΚΑΙ ΜΗΧΑΝΩΝ ΘΑΛΑΣΣΗΣ","171511743000","142959029","pegasusfinance.gr"
"PARKING ΣΚΑΦΩΝ ΠΡΕΒΕΖΑ Ε.Ε.","B","verified-no-site","info@d-tax.gr","","ΠΡΕΒΕΖΑΣ / ΠΡΕΒΕΖΑΣ","ΠΡΕΒΕΖΑΣ","ΕΕ","2025","","","ΥΠΗΡΕΣΙΕΣ ΣΤΑΘΜΕΥΣΗΣ ΚΑΙ ΦΥΛΑΞΗΣ ΣΚΑΦΩΝ, ΣΕ ΠΑΡΑΚΤΙΟ ΧΩΡΟ","183780249000","802842170","d-tax.gr"
"(ΥΠΟΚΑΤΑΣΤΗΜΑ)  ΣΥΜΦΩΝΙΑΙ ΕΞΥΠΗΡΕΤΗΣΕΩΣ ΘΑΛΑΜΗΓΩΝ ΕΠΕ [ΚΟΝΤΡΑΚΤ ΓΙΩΤ ΣΕΡΒΙΣΙΣ]","B","free-mail","asonitisoffice@yahoo.gr","","ΛΕΥΚΑΔΑΣ / ΛΕΥΚΑΔΑΣ","ΛΕΥΚΑΔΑΣ","ΕΠΕ","1987","","","ΥΠΗΡΕΣΙΕΣ ΕΠΙΣΚΕΥΗΣ ΚΑΙ ΣΥΝΤΗΡΗΣΗΣ ΣΚΑΦΩΝ ΑΝΑΨΥΧΗΣ, ΛΕΜΒΩΝ ΚΑΙ ΜΗΧΑΝΩΝ ΘΑΛΑΣΣΗΣ","34407443001","095202013","yahoo.gr"
"3G-GAELIX GLOBAL GROUP Ι.Κ.Ε.","B","free-mail","logistvictory@gmail.com","2109417552","ΠΕΙΡΑΙΩΣ / ΠΕΙΡΑΙΩΣ","ΑΤΤΙΚΗΣ","ΙΚΕ","2026","","","ΥΠΗΡΕΣΙΕΣ ΕΠΙΣΚΕΥΗΣ ΚΑΙ ΣΥΝΤΗΡΗΣΗΣ ΣΚΑΦΩΝ ΑΝΑΨΥΧΗΣ, ΛΕΜΒΩΝ ΚΑΙ ΜΗΧΑΝΩΝ ΘΑΛΑΣΣΗΣ","193119307000","803253096","gmail.com"
"ACTIVE MARINE Ι.Κ.Ε.","B","free-mail","nkantoniou@yahoo.com","2104832355","ΠΕΙΡΑΙΩΣ / ΠΕΙΡΑΙΩΣ","ΑΤΤΙΚΗΣ","ΙΚΕ","2023","","","ΥΠΗΡΕΣΙΕΣ ΕΠΙΣΚΕΥΗΣ ΚΑΙ ΣΥΝΤΗΡΗΣΗΣ ΣΚΑΦΩΝ ΑΝΑΨΥΧΗΣ, ΛΕΜΒΩΝ ΚΑΙ ΜΗΧΑΝΩΝ ΘΑΛΑΣΣΗΣ","173891607000","802299015","yahoo.com"
"aiolos marine Ο.Ε.","B","free-mail","logamar33@gmail.com","2591024000","ΝΕΣΤΟΥ / ΚΑΒΑΛΑΣ","ΚΑΒΑΛΑΣ","ΟΕ","2024","","","ΥΠΗΡΕΣΙΕΣ ΣΤΑΘΜΕΥΣΗΣ ΚΑΙ ΦΥΛΑΞΗΣ ΣΚΑΦΩΝ, ΣΕ ΠΑΡΑΚΤΙΟ ΧΩΡΟ","175224530000","802373883","gmail.com"
"ALEXIS OBLIGI - JEAN MARC DENUEL ΙΚΕ","B","free-mail","verykok@gmail.com","6988073161","ΙΗΤΩΝ / ΘΗΡΑΣ","ΚΥΚΛΑΔΩΝ","ΙΚΕ","2018","","","ΥΠΗΡΕΣΙΕΣ ΣΤΑΘΜΕΥΣΗΣ ΚΑΙ ΦΥΛΑΞΗΣ ΣΚΑΦΩΝ, ΣΕ ΧΕΡΣΑΙΟ ΧΩΡΟ","146616238000","800997891","gmail.com"
"ANTIPAROS BOAT & YACHT SERVICES Ε.Ε.","B","free-mail","xkyrtsos@gmail.com","6977351000","ΑΝΤΙΠΑΡΟΥ / ΠΑΡΟΥ","ΚΥΚΛΑΔΩΝ","ΕΕ","2025","","","ΥΠΗΡΕΣΙΕΣ ΣΤΑΘΜΕΥΣΗΣ ΚΑΙ ΦΥΛΑΞΗΣ ΣΚΑΦΩΝ, ΣΕ ΧΕΡΣΑΙΟ ΧΩΡΟ","188612938000","803068051","gmail.com"
"ANTIPAROS MARINE Ο.Ε.","B","free-mail","antiparosmarine@hotmail.com","6946328158","ΑΝΤΙΠΑΡΟΥ / ΠΑΡΟΥ","ΚΥΚΛΑΔΩΝ","ΟΕ","2025","","","ΥΠΗΡΕΣΙΕΣ ΕΠΙΣΚΕΥΗΣ ΚΑΙ ΣΥΝΤΗΡΗΣΗΣ ΣΚΑΦΩΝ ΑΝΑΨΥΧΗΣ, ΛΕΜΒΩΝ ΚΑΙ ΜΗΧΑΝΩΝ ΘΑΛΑΣΣΗΣ","184179038000","802863374","hotmail.com"
"ASAP YACHTING Ε.Ε.","B","free-mail","osmankptn@icloud.com","2104520090","ΠΕΙΡΑΙΩΣ / ΠΕΙΡΑΙΩΣ","ΑΤΤΙΚΗΣ","ΕΕ","2023","","","ΥΠΗΡΕΣΙΕΣ ΑΝΕΛΚΥΣΗΣ ΚΑΙ ΚΑΘΕΛΚΥΣΗΣ ΣΚΑΦΩΝ","169511408000","802079111","icloud.com"
"ASTROLAVOS YACHTS Ε.Ε.","B","free-mail","atngol65@gmail.com","6944425033","ΝΕΑΣ ΙΩΝΙΑΣ / ΒΟΡΕΙΟΥ ΤΟΜΕΑ ΑΘΗΝΩΝ","ΑΤΤΙΚΗΣ","ΕΕ","2024","","","ΥΠΗΡΕΣΙΕΣ ΕΠΙΣΚΕΥΗΣ ΚΑΙ ΣΥΝΤΗΡΗΣΗΣ ΣΚΑΦΩΝ ΑΝΑΨΥΧΗΣ, ΛΕΜΒΩΝ ΚΑΙ ΜΗΧΑΝΩΝ ΘΑΛΑΣΣΗΣ","178653303000","802562610","gmail.com"
"BELEGRINOS ΜΟΝΟΠΡΟΣΩΠΗ Ι.Κ.Ε.","B","free-mail","lazarism@hotmail.gr","6971612497","ΛΕΥΚΑΔΑΣ / ΛΕΥΚΑΔΑΣ","ΛΕΥΚΑΔΑΣ","ΙΚΕ","2025","","","ΥΠΗΡΕΣΙΕΣ ΣΤΑΘΜΕΥΣΗΣ ΚΑΙ ΦΥΛΑΞΗΣ ΣΚΑΦΩΝ, ΣΕ ΧΕΡΣΑΙΟ ΧΩΡΟ","189786843000","803112773","hotmail.gr"
"BEST BOAT SERVICES & PARKING Ε.Ε.","B","free-mail","liougkos@otenet.gr","6932999009","ΒΑΡΗΣ - ΒΟΥΛΑΣ - ΒΟΥΛΙΑΓΜΕΝΗΣ / ΑΝΑΤΟΛΙΚΗΣ ΑΤΤΙΚΗΣ","ΑΤΤΙΚΗΣ","ΕΕ","2024","","","ΥΠΗΡΕΣΙΕΣ ΣΤΑΘΜΕΥΣΗΣ ΚΑΙ ΦΥΛΑΞΗΣ ΣΚΑΦΩΝ, ΣΕ ΧΕΡΣΑΙΟ ΧΩΡΟ","180206001000","802648883","otenet.gr"
"BLUEPOINT YACHT PARKING Ε.Ε.","B","free-mail","bluepoint.bluepoint@gmail.com","","ΑΙΓΙΝΑΣ / ΝΗΣΩΝ","ΑΤΤΙΚΗΣ","ΕΕ","2024","","","ΥΠΗΡΕΣΙΕΣ ΣΤΑΘΜΕΥΣΗΣ ΚΑΙ ΦΥΛΑΞΗΣ ΣΚΑΦΩΝ, ΣΕ ΠΑΡΑΚΤΙΟ ΧΩΡΟ","179586609000","802613858","gmail.com"
"BOAT PARKING ΠΑΧΗΣ Ε.Ε.","B","free-mail","georgediplaras@yahoo.gr","2296023969","ΜΕΓΑΡΕΩΝ / ΔΥΤΙΚΗΣ ΑΤΤΙΚΗΣ","ΑΤΤΙΚΗΣ","ΕΕ","2024","","","ΥΠΗΡΕΣΙΕΣ ΣΤΑΘΜΕΥΣΗΣ ΚΑΙ ΦΥΛΑΞΗΣ ΣΚΑΦΩΝ, ΣΕ ΧΕΡΣΑΙΟ ΧΩΡΟ","179228209000","802593695","yahoo.gr"
"CONCEPT BOAT HOLDINGS LIMITED ΥΠΟΚΑΤΑΣΤΗΜΑ ΑΛΛΟΔΑΠΗΣ ΕΤΑΙΡΕΙΑΣ","B","free-mail","g_vamvakeris@yahoo.gr","6944334507","ΗΛΙΟΥΠΟΛΕΩΣ / ΚΕΝΤΡΙΚΟΥ ΤΟΜΕΑ ΑΘΗΝΩΝ","ΑΤΤΙΚΗΣ","Υποκατάστημα Αλλοδαπής","2019","","","ΥΠΗΡΕΣΙΕΣ ΕΠΙΣΚΕΥΗΣ ΚΑΙ ΣΥΝΤΗΡΗΣΗΣ ΣΚΑΦΩΝ ΑΝΑΨΥΧΗΣ, ΛΕΜΒΩΝ ΚΑΙ ΜΗΧΑΝΩΝ ΘΑΛΑΣΣΗΣ","148999101001","996974108","yahoo.gr"
"DE SILVA WIJESUNDARA SRIYAN NISHANTHA ΤΟΥ NIHAL","B","free-mail","johndesilva206@yahoo.com","2104118502","ΠΕΙΡΑΙΩΣ / ΠΕΙΡΑΙΩΣ","ΑΤΤΙΚΗΣ","ΑΤΟΜΙΚΗ","2019","","","ΥΠΗΡΕΣΙΕΣ ΕΠΙΣΚΕΥΗΣ ΚΑΙ ΣΥΝΤΗΡΗΣΗΣ ΣΚΑΦΩΝ ΑΝΑΨΥΧΗΣ, ΛΕΜΒΩΝ ΚΑΙ ΜΗΧΑΝΩΝ ΘΑΛΑΣΣΗΣ","152620709000","102202898","yahoo.com"
"DELTA MARINE PERFORMANCE SINGLE MEMBER PRIVATE COMPANY ","B","free-mail","motoperformance76@gmail.com","6939767324","ΑΚΤΙΟΥ-ΒΟΝΙΤΣΑΣ / ΑΙΤΩΛΟΑΚΑΡΝΑΝΙΑΣ","ΑΙΤΩΛΟΑΚΑΡΝΑΝΙΑΣ","ΙΚΕ","2016","","","ΥΠΗΡΕΣΙΕΣ ΕΠΙΣΚΕΥΗΣ ΚΑΙ ΣΥΝΤΗΡΗΣΗΣ ΣΚΑΦΩΝ ΑΝΑΨΥΧΗΣ, ΛΕΜΒΩΝ ΚΑΙ ΜΗΧΑΝΩΝ ΘΑΛΑΣΣΗΣ","137860712000","800712017","gmail.com"
"DISCOVER CRETAN SEA PARADISE AND BOAT SERVICES ΜΟΝΟΠΡΟΣΩΠΗ Ι.Κ.Ε.","B","free-mail","mgtaxis@hotmail.com","6906272251","ΧΕΡΣΟΝΗΣΟΥ / ΗΡΑΚΛΕΙΟΥ","ΗΡΑΚΛΕΙΟΥ","ΙΚΕ","2023","","","ΥΠΗΡΕΣΙΕΣ ΕΠΙΣΚΕΥΗΣ ΚΑΙ ΣΥΝΤΗΡΗΣΗΣ ΣΚΑΦΩΝ ΑΝΑΨΥΧΗΣ, ΛΕΜΒΩΝ ΚΑΙ ΜΗΧΑΝΩΝ ΘΑΛΑΣΣΗΣ","171349527000","802168802","hotmail.com"
"Dusky Grouper Ε.Ε.","B","free-mail","tasoslat@gmail.com","6984261141","ΝΙΚΑΙΑΣ - ΑΓΙΟΥ ΙΩΑΝΝΗ ΡΕΝΤΗ / ΠΕΙΡΑΙΩΣ","ΑΤΤΙΚΗΣ","ΕΕ","2025","","","ΥΠΗΡΕΣΙΕΣ ΕΠΙΣΚΕΥΗΣ ΚΑΙ ΣΥΝΤΗΡΗΣΗΣ ΣΚΑΦΩΝ ΑΝΑΨΥΧΗΣ, ΛΕΜΒΩΝ ΚΑΙ ΜΗΧΑΝΩΝ ΘΑΛΑΣΣΗΣ","183640608000","802835222","gmail.com"
"E.M.TEXNIKES ERGASIES&SERVICE ΜΟΝΟΠΡΟΣΩΠΗ Ι.Κ.Ε.","B","free-mail","boca203091279@gmail.com","","ΠΕΙΡΑΙΩΣ / ΠΕΙΡΑΙΩΣ","ΑΤΤΙΚΗΣ","ΙΚΕ","2026","","","ΥΠΗΡΕΣΙΕΣ ΕΠΙΣΚΕΥΗΣ ΚΑΙ ΣΥΝΤΗΡΗΣΗΣ ΣΚΑΦΩΝ ΑΝΑΨΥΧΗΣ, ΛΕΜΒΩΝ ΚΑΙ ΜΗΧΑΝΩΝ ΘΑΛΑΣΣΗΣ","193032307000","803249396","gmail.com"
"G.S. YACHT SERVICE Ε.Ε.","B","free-mail","giorstav@yahoo.gr","6972807058","ΚΕΝΤΡΙΚΗΣ ΚΕΡΚΥΡΑΣ ΚΑΙ ΔΙΑΠΟΝΤΙΩΝ ΝΗΣΩΝ / ΚΕΡΚΥΡΑΣ","ΚΕΡΚΥΡΑΣ","ΕΕ","2025","","","ΥΠΗΡΕΣΙΕΣ ΕΠΙΣΚΕΥΗΣ ΚΑΙ ΣΥΝΤΗΡΗΣΗΣ ΣΚΑΦΩΝ ΑΝΑΨΥΧΗΣ, ΛΕΜΒΩΝ ΚΑΙ ΜΗΧΑΝΩΝ ΘΑΛΑΣΣΗΣ","187787933000","803030466","yahoo.gr"
"GARTNER FILIPAS SAMUEL","B","free-mail","koutagiarf@gmail.com","","ΒΟΡΕΙΑΣ ΚΕΡΚΥΡΑΣ / ΚΕΡΚΥΡΑΣ","ΚΕΡΚΥΡΑΣ","ΑΤΟΜΙΚΗ","2025","","","ΥΠΗΡΕΣΙΕΣ ΕΠΙΣΚΕΥΗΣ ΚΑΙ ΣΥΝΤΗΡΗΣΗΣ ΣΚΑΦΩΝ ΑΝΑΨΥΧΗΣ, ΛΕΜΒΩΝ ΚΑΙ ΜΗΧΑΝΩΝ ΘΑΛΑΣΣΗΣ","189592233000","169766115","gmail.com"
"GP MARINE Ι.Κ.Ε.","B","free-mail","gpmarineparking@gmail.com","2168081248","ΚΡΩΠΙΑΣ / ΑΝΑΤΟΛΙΚΗΣ ΑΤΤΙΚΗΣ","ΑΤΤΙΚΗΣ","ΙΚΕ","2022","","","ΥΠΗΡΕΣΙΕΣ ΣΤΑΘΜΕΥΣΗΣ ΚΑΙ ΦΥΛΑΞΗΣ ΣΚΑΦΩΝ, ΣΕ ΧΕΡΣΑΙΟ ΧΩΡΟ","166705108000","801941950","gmail.com"
"GUEORGUIEV MIROSLAV TOY DIMITROV","B","free-mail","33mirogr@gmail.com","","ΠΕΙΡΑΙΩΣ / ΠΕΙΡΑΙΩΣ","ΑΤΤΙΚΗΣ","ΑΤΟΜΙΚΗ","2024","","","ΥΠΗΡΕΣΙΕΣ ΕΠΙΣΚΕΥΗΣ ΚΑΙ ΣΥΝΤΗΡΗΣΗΣ ΣΚΑΦΩΝ ΑΝΑΨΥΧΗΣ, ΛΕΜΒΩΝ ΚΑΙ ΜΗΧΑΝΩΝ ΘΑΛΑΣΣΗΣ","190388609000","070339596","gmail.com"
"HELLENIC CARBONFIBER Ε.Ε.","B","free-mail","zorzoslog@hotmail.gr","2104022835","ΠΕΙΡΑΙΩΣ / ΠΕΙΡΑΙΩΣ","ΑΤΤΙΚΗΣ","ΕΕ","2021","","","ΥΠΗΡΕΣΙΕΣ ΕΠΙΣΚΕΥΗΣ ΚΑΙ ΣΥΝΤΗΡΗΣΗΣ ΣΚΑΦΩΝ ΑΝΑΨΥΧΗΣ, ΛΕΜΒΩΝ ΚΑΙ ΜΗΧΑΝΩΝ ΘΑΛΑΣΣΗΣ","160587608000","801637385","hotmail.gr"
"HULL MANS Ο.Ε.","B","free-mail","hullmenlavrio@gmail.com","6987977750","ΛΑΥΡΕΩΤΙΚΗΣ / ΑΝΑΤΟΛΙΚΗΣ ΑΤΤΙΚΗΣ","ΑΤΤΙΚΗΣ","ΟΕ","2022","","","ΥΠΗΡΕΣΙΕΣ ΣΤΑΘΜΕΥΣΗΣ ΚΑΙ ΦΥΛΑΞΗΣ ΣΚΑΦΩΝ, ΣΕ ΧΕΡΣΑΙΟ ΧΩΡΟ","162235603000","801726216","gmail.com"
"HYDROPRESS MAR Ι.Κ.Ε.","B","free-mail","yannissioris@gmail.com","2104134538","ΠΕΙΡΑΙΩΣ / ΠΕΙΡΑΙΩΣ","ΑΤΤΙΚΗΣ","ΙΚΕ","2023","","","ΥΠΗΡΕΣΙΕΣ ΕΠΙΣΚΕΥΗΣ ΚΑΙ ΣΥΝΤΗΡΗΣΗΣ ΣΚΑΦΩΝ ΑΝΑΨΥΧΗΣ, ΛΕΜΒΩΝ ΚΑΙ ΜΗΧΑΝΩΝ ΘΑΛΑΣΣΗΣ","169603308000","802083763","gmail.com"
"IONIAN E.M.S Ι.Κ.Ε.","B","free-mail","giannouliscorfu@windowslive.com","6987795043","ΚΕΝΤΡΙΚΗΣ ΚΕΡΚΥΡΑΣ ΚΑΙ ΔΙΑΠΟΝΤΙΩΝ ΝΗΣΩΝ / ΚΕΡΚΥΡΑΣ","ΚΕΡΚΥΡΑΣ","ΙΚΕ","2026","","","ΥΠΗΡΕΣΙΕΣ ΕΠΙΣΚΕΥΗΣ ΚΑΙ ΣΥΝΤΗΡΗΣΗΣ ΣΚΑΦΩΝ ΑΝΑΨΥΧΗΣ, ΛΕΜΒΩΝ ΚΑΙ ΜΗΧΑΝΩΝ ΘΑΛΑΣΣΗΣ","195096533000","803349254","windowslive.com"
"IONIAN PRESTIGE YACHTS Ι.Κ.Ε.","B","free-mail","a.sfaellos@gmail.com","6980442380","ΠΕΛΛΑΣ / ΠΕΛΛΑΣ","ΠΕΛΛΗΣ","ΙΚΕ","2025","","","ΥΠΗΡΕΣΙΕΣ ΕΠΙΣΚΕΥΗΣ ΚΑΙ ΣΥΝΤΗΡΗΣΗΣ ΣΚΑΦΩΝ ΑΝΑΨΥΧΗΣ, ΛΕΜΒΩΝ ΚΑΙ ΜΗΧΑΝΩΝ ΘΑΛΑΣΣΗΣ","183799047000","802843166","gmail.com"
"IPPOKAMPOS CONSTRUCTIONS ΑΝΩΝΥΜΗ ΕΤΑΙΡΕΙΑ","B","free-mail","tsigkanos@gmail.com","2108983461","ΔΙΟΝΥΣΟΥ / ΑΝΑΤΟΛΙΚΗΣ ΑΤΤΙΚΗΣ","ΑΤΤΙΚΗΣ","ΑΕ","2018","","","ΥΠΗΡΕΣΙΕΣ ΕΠΙΣΚΕΥΗΣ ΚΑΙ ΣΥΝΤΗΡΗΣΗΣ ΣΚΑΦΩΝ ΑΝΑΨΥΧΗΣ, ΛΕΜΒΩΝ ΚΑΙ ΜΗΧΑΝΩΝ ΘΑΛΑΣΣΗΣ","147840101000","801049004","gmail.com"
"JEAN MARC PIERRE DENUEL-ALEXIS PATRICK OLIVIER OBLIGI PC","B","free-mail","verykok@gmail.com","2286091084","ΙΗΤΩΝ / ΘΗΡΑΣ","ΚΥΚΛΑΔΩΝ","ΙΚΕ","2017","","","ΥΠΗΡΕΣΙΕΣ ΣΤΑΘΜΕΥΣΗΣ ΚΑΙ ΦΥΛΑΞΗΣ ΣΚΑΦΩΝ, ΣΕ ΧΕΡΣΑΙΟ ΧΩΡΟ","142046938000","800819761","gmail.com"
"K.S.B YACHTING PROTECTION Ε.Ε.","B","free-mail","Peramatioti@gmail.com","","ΑΣΠΡΟΠΥΡΓΟΥ / ΔΥΤΙΚΗΣ ΑΤΤΙΚΗΣ","ΑΤΤΙΚΗΣ","ΕΕ","2025","","","ΥΠΗΡΕΣΙΕΣ ΣΤΑΘΜΕΥΣΗΣ ΚΑΙ ΦΥΛΑΞΗΣ ΣΚΑΦΩΝ, ΣΕ ΧΕΡΣΑΙΟ ΧΩΡΟ","185330609000","802919417","gmail.com"
"KC MARINE Ε.Ε.","B","free-mail","kratsasservice@yahoo.gr","6945796317","ΠΕΙΡΑΙΩΣ / ΠΕΙΡΑΙΩΣ","ΑΤΤΙΚΗΣ","ΕΕ","2026","","","ΥΠΗΡΕΣΙΕΣ ΕΠΙΣΚΕΥΗΣ ΚΑΙ ΣΥΝΤΗΡΗΣΗΣ ΣΚΑΦΩΝ ΑΝΑΨΥΧΗΣ, ΛΕΜΒΩΝ ΚΑΙ ΜΗΧΑΝΩΝ ΘΑΛΑΣΣΗΣ","193870808000","803288613","yahoo.gr"
"KOS YACHTING SERVICE Ε.Ε.","B","free-mail","kosyachtingservice@gmail.com","2242022371","ΚΩ / ΚΩ","ΔΩΔΕΚΑΝΗΣΟΥ","ΕΕ","2026","","","ΥΠΗΡΕΣΙΕΣ ΕΠΙΣΚΕΥΗΣ ΚΑΙ ΣΥΝΤΗΡΗΣΗΣ ΣΚΑΦΩΝ ΑΝΑΨΥΧΗΣ, ΛΕΜΒΩΝ ΚΑΙ ΜΗΧΑΝΩΝ ΘΑΛΑΣΣΗΣ","191557520000","803184351","gmail.com"
"KOSTA ELVIS TOY MIHAL","B","free-mail","sotosmarine08@gmail.com","6988273786","ΣΑΛΑΜΙΝΑΣ / ΝΗΣΩΝ","ΑΤΤΙΚΗΣ","ΑΤΟΜΙΚΗ","2023","","","ΥΠΗΡΕΣΙΕΣ ΣΤΑΘΜΕΥΣΗΣ ΚΑΙ ΦΥΛΑΞΗΣ ΣΚΑΦΩΝ, ΣΕ ΧΕΡΣΑΙΟ ΧΩΡΟ","185976107000","068072210","gmail.com"
"L. MARKU & ΣΙΑ Ε.Ε.","B","free-mail","ainosyachting@gmail.com","6944730789","ΑΡΓΟΣΤΟΛΙΟΥ / ΚΕΦΑΛΛΗΝΙΑΣ","ΚΕΦΑΛΛΗΝΙΑΣ","ΕΕ","2021","","","ΥΠΗΡΕΣΙΕΣ ΣΤΑΘΜΕΥΣΗΣ ΚΑΙ ΦΥΛΑΞΗΣ ΣΚΑΦΩΝ, ΣΕ ΧΕΡΣΑΙΟ ΧΩΡΟ","158401034000","801519774","gmail.com"
"LAGONISI PARKING Ε.Ε.","B","free-mail","kostas_zka@hotmail.com","6973459788","ΣΑΡΩΝΙΚΟΥ / ΑΝΑΤΟΛΙΚΗΣ ΑΤΤΙΚΗΣ","ΑΤΤΙΚΗΣ","ΕΕ","2023","","","ΥΠΗΡΕΣΙΕΣ ΣΤΑΘΜΕΥΣΗΣ ΚΑΙ ΦΥΛΑΞΗΣ ΣΚΑΦΩΝ, ΣΕ ΠΑΡΑΚΤΙΟ ΧΩΡΟ","172006703000","802202191","hotmail.com"
"LAVRIO YACHTS ΜΟΝΟΠΡΟΣΩΠΗ ΙΔΙΩΤΙΚΗ ΚΕΦΑΛΑΙΟΥΧΙΚΗ ΕΤΑΙΡΙΑ","B","free-mail","savasamoiridis@yahoo.gr","2292023496","ΛΑΥΡΕΩΤΙΚΗΣ / ΑΝΑΤΟΛΙΚΗΣ ΑΤΤΙΚΗΣ","ΑΤΤΙΚΗΣ","ΙΚΕ","2019","","","ΥΠΗΡΕΣΙΕΣ ΕΠΙΣΚΕΥΗΣ ΚΑΙ ΣΥΝΤΗΡΗΣΗΣ ΣΚΑΦΩΝ ΑΝΑΨΥΧΗΣ, ΛΕΜΒΩΝ ΚΑΙ ΜΗΧΑΝΩΝ ΘΑΛΑΣΣΗΣ","151661209000","801203454","yahoo.gr"
"LORENCO COMTECH ΜΟΝΟΠΡΟΣΩΠΗ Ι.Κ.Ε.","B","free-mail","lorencshiba@gmail.com","6940426926","ΠΕΡΑΜΑΤΟΣ / ΠΕΙΡΑΙΩΣ","ΑΤΤΙΚΗΣ","ΙΚΕ","2025","","","ΥΠΗΡΕΣΙΕΣ ΕΠΙΣΚΕΥΗΣ ΚΑΙ ΣΥΝΤΗΡΗΣΗΣ ΣΚΑΦΩΝ ΑΝΑΨΥΧΗΣ, ΛΕΜΒΩΝ ΚΑΙ ΜΗΧΑΝΩΝ ΘΑΛΑΣΣΗΣ","183946407000","802851025","gmail.com"
"MARAYACHT Cleaning and Repair Ο.Ε.","B","free-mail","ilias.maragk@gmail.com","6934104527","ΑΓΡΙΝΙΟΥ / ΑΙΤΩΛΟΑΚΑΡΝΑΝΙΑΣ","ΑΙΤΩΛΟΑΚΑΡΝΑΝΙΑΣ","ΟΕ","2025","","","ΥΠΗΡΕΣΙΕΣ ΕΠΙΣΚΕΥΗΣ ΚΑΙ ΣΥΝΤΗΡΗΣΗΣ ΣΚΑΦΩΝ ΑΝΑΨΥΧΗΣ, ΛΕΜΒΩΝ ΚΑΙ ΜΗΧΑΝΩΝ ΘΑΛΑΣΣΗΣ","187551212000","803019879","gmail.com"
"MARINE DIESEL MOTORS Ε.Ε.","B","free-mail","zeusparos@gmail.com","6939751240","ΠΑΡΟΥ / ΠΑΡΟΥ","ΚΥΚΛΑΔΩΝ","ΕΕ","2025","","","ΥΠΗΡΕΣΙΕΣ ΣΤΑΘΜΕΥΣΗΣ ΚΑΙ ΦΥΛΑΞΗΣ ΣΚΑΦΩΝ, ΣΕ ΧΕΡΣΑΙΟ ΧΩΡΟ","189061338000","803086068","gmail.com"
"MB YACHT SUPPORT Ε.Ε.","B","free-mail","manosboutris1@gmail.com","2109935269","ΕΛΛΗΝΙΚΟΥ - ΑΡΓΥΡΟΥΠΟΛΗΣ / ΝΟΤΙΟΥ ΤΟΜΕΑ ΑΘΗΝΩΝ","ΑΤΤΙΚΗΣ","ΕΕ","2024","","","ΥΠΗΡΕΣΙΕΣ ΕΠΙΣΚΕΥΗΣ ΚΑΙ ΣΥΝΤΗΡΗΣΗΣ ΣΚΑΦΩΝ ΑΝΑΨΥΧΗΣ, ΛΕΜΒΩΝ ΚΑΙ ΜΗΧΑΝΩΝ ΘΑΛΑΣΣΗΣ","177698903000","802508390","gmail.com"
"MEDITERRANEAN SHIPS AND YACHT REPAIR Ο.Ε.","B","free-mail","lgarganitou@gmail.com","6977523812","ΠΕΡΑΜΑΤΟΣ / ΠΕΙΡΑΙΩΣ","ΑΤΤΙΚΗΣ","ΟΕ","2025","","","ΥΠΗΡΕΣΙΕΣ ΕΠΙΣΚΕΥΗΣ ΚΑΙ ΣΥΝΤΗΡΗΣΗΣ ΣΚΑΦΩΝ ΑΝΑΨΥΧΗΣ, ΛΕΜΒΩΝ ΚΑΙ ΜΗΧΑΝΩΝ ΘΑΛΑΣΣΗΣ","183664908000","802836581","gmail.com"
"MIS MARIOLA BARBARA TOY JOSEF","B","free-mail","bio1990@hotmail.com","2104675995","ΣΑΛΑΜΙΝΑΣ / ΝΗΣΩΝ","ΠΕΙΡΑΙΑ","ΑΤΟΜΙΚΗ","2014","","","ΥΠΗΡΕΣΙΕΣ ΣΤΑΘΜΕΥΣΗΣ ΚΑΙ ΦΥΛΑΞΗΣ ΣΚΑΦΩΝ, ΣΕ ΧΕΡΣΑΙΟ ΧΩΡΟ","129535608000","102229211","hotmail.com"
"NAUTICEDGE Ε.Ε.","B","free-mail","giannismihalopoulos00@gmail.com","6943125414","ΗΛΙΟΥΠΟΛΕΩΣ / ΚΕΝΤΡΙΚΟΥ ΤΟΜΕΑ ΑΘΗΝΩΝ","ΑΤΤΙΚΗΣ","ΕΕ","2025","","","ΥΠΗΡΕΣΙΕΣ ΕΠΙΣΚΕΥΗΣ ΚΑΙ ΣΥΝΤΗΡΗΣΗΣ ΣΚΑΦΩΝ ΑΝΑΨΥΧΗΣ, ΛΕΜΒΩΝ ΚΑΙ ΜΗΧΑΝΩΝ ΘΑΛΑΣΣΗΣ","182087103000","802750816","gmail.com"
"NAVEX PARK Ι.Κ.Ε.","B","free-mail","pargiagiakou@gmail.com","2105055651","ΛΑΥΡΕΩΤΙΚΗΣ / ΑΝΑΤΟΛΙΚΗΣ ΑΤΤΙΚΗΣ","ΑΤΤΙΚΗΣ","ΙΚΕ","2022","","","ΥΠΗΡΕΣΙΕΣ ΑΝΕΛΚΥΣΗΣ ΚΑΙ ΚΑΘΕΛΚΥΣΗΣ ΣΚΑΦΩΝ","164472403000","801847075","gmail.com"
"NIDRI MARINE SERVICE PARKING BOAT Ι.Κ.Ε.","B","free-mail","b.karagianni@yahoo.gr","6937070200","ΛΕΥΚΑΔΑΣ / ΛΕΥΚΑΔΑΣ","ΛΕΥΚΑΔΑΣ","ΙΚΕ","2025","","","ΥΠΗΡΕΣΙΕΣ ΣΤΑΘΜΕΥΣΗΣ ΚΑΙ ΦΥΛΑΞΗΣ ΣΚΑΦΩΝ, ΣΕ ΠΑΡΑΚΤΙΟ ΧΩΡΟ","188166843000","803047878","yahoo.gr"
"ONE YACHT GROUP SERVICES ΚΑΙ ΣΙΑ Ο.Ε.","B","free-mail","dzacharias89@gmail.com","6982271760","ΠΡΕΒΕΖΑΣ / ΠΡΕΒΕΖΑΣ","ΠΡΕΒΕΖΑΣ","ΟΕ","2025","","","ΥΠΗΡΕΣΙΕΣ ΕΠΙΣΚΕΥΗΣ ΚΑΙ ΣΥΝΤΗΡΗΣΗΣ ΣΚΑΦΩΝ ΑΝΑΨΥΧΗΣ, ΛΕΜΒΩΝ ΚΑΙ ΜΗΧΑΝΩΝ ΘΑΛΑΣΣΗΣ","189354449000","803097507","gmail.com"
"OPENSEA ΤΕΧΝΙΚΗ ΣΚΑΦΩΝ Ε.Ε.","B","free-mail","openseaboats@gmail.com","2291042383","ΣΑΡΩΝΙΚΟΥ / ΑΝΑΤΟΛΙΚΗΣ ΑΤΤΙΚΗΣ","ΑΤΤΙΚΗΣ","ΕΕ","2024","","","ΥΠΗΡΕΣΙΕΣ ΣΤΑΘΜΕΥΣΗΣ ΚΑΙ ΦΥΛΑΞΗΣ ΣΚΑΦΩΝ, ΣΕ ΧΕΡΣΑΙΟ ΧΩΡΟ","179921603000","802632941","gmail.com"
"PAKWATER BOATS ΜΟΝΟΠΡΟΣΩΠΗ Ι.Κ.Ε.","B","free-mail","basharatalipak89@gmail.com","2106654092","ΛΑΥΡΕΩΤΙΚΗΣ / ΑΝΑΤΟΛΙΚΗΣ ΑΤΤΙΚΗΣ","ΑΤΤΙΚΗΣ","ΙΚΕ","2023","","","ΥΠΗΡΕΣΙΕΣ ΜΕΤΑΤΡΟΠΗΣ, ΑΝΑΚΑΤΑΣΚΕΥΗΣ ΚΑΙ ΕΞΟΠΛΙΣΜΟΥ ΣΚΑΦΩΝ ΑΝΑΨΥΧΗΣ ΚΑΙ ΑΘΛΗΤΙΣΜΟΥ (ΣΥΜΠΕΡΙΛΑΜΒΑΝΟΜΕΝΩΝ ΤΩΝ ΘΑΛΑΜΗΓΩΝ) ΕΡΓΑΣΙΕΣ ΥΠΕΡΓΟΛΑΒΙΑΣ ΣΤΟ ΠΛΑΙΣΙΟ ΤΗΣ ΔΙΑΔΙΚΑΣΙΑΣ ΚΑΤΑΣΚΕΥΗΣ ΣΚΑΦΩΝ ΑΝΑΨΥΧΗΣ ΚΑΙ ΑΘΛΗΤΙΣΜΟΥ","172191701000","802210770","gmail.com"
"PETSAS MARINE ΜΟΝΟΠΡΟΣΩΠΗ Ι.Κ.Ε.","B","free-mail","yiannispetsas@hotmail.com","2110142860","ΛΟΥΤΡΑΚΙΟΥ-ΠΕΡΑΧΩΡΑΣ-ΑΓΙΩΝ ΘΕΟΔΩΡΩΝ / ΚΟΡΙΝΘΙΑΣ","ΑΤΤΙΚΗΣ","ΙΚΕ","2023","","","ΥΠΗΡΕΣΙΕΣ ΕΠΙΣΚΕΥΗΣ ΚΑΙ ΣΥΝΤΗΡΗΣΗΣ ΣΚΑΦΩΝ ΑΝΑΨΥΧΗΣ, ΛΕΜΒΩΝ ΚΑΙ ΜΗΧΑΝΩΝ ΘΑΛΑΣΣΗΣ","173072607000","802255412","hotmail.com"
"PLATARIA MARINE SERVICES O.E","B","free-mail","platariamarine@gmail.com","6940591524","ΗΓΟΥΜΕΝΙΤΣΑΣ / ΘΕΣΠΡΩΤΙΑΣ","ΘΕΣΠΡΩΤΙΑΣ","ΟΕ","2017","","","ΥΠΗΡΕΣΙΕΣ ΣΤΑΘΜΕΥΣΗΣ ΚΑΙ ΦΥΛΑΞΗΣ ΣΚΑΦΩΝ, ΣΕ ΧΕΡΣΑΙΟ ΧΩΡΟ","144620629000","800906010","gmail.com"
"PODSVETOV ALEKSANDR","B","free-mail","margelisgerasimos1@gmail.com","","ΛΕΥΚΑΔΑΣ / ΛΕΥΚΑΔΑΣ","ΛΕΥΚΑΔΑΣ","ΑΤΟΜΙΚΗ","2025","","","ΥΠΗΡΕΣΙΕΣ ΕΠΙΣΚΕΥΗΣ ΚΑΙ ΣΥΝΤΗΡΗΣΗΣ ΣΚΑΦΩΝ ΑΝΑΨΥΧΗΣ, ΛΕΜΒΩΝ ΚΑΙ ΜΗΧΑΝΩΝ ΘΑΛΑΣΣΗΣ","186290143000","178745420","gmail.com"
"PROMARITIME ENGINEERING Ο.Ε.","B","free-mail","promaritimeenegineering@gmail.com","2661027165","ΚΕΝΤΡΙΚΗΣ ΚΕΡΚΥΡΑΣ ΚΑΙ ΔΙΑΠΟΝΤΙΩΝ ΝΗΣΩΝ / ΚΕΡΚΥΡΑΣ","ΚΕΡΚΥΡΑΣ","ΟΕ","2024","","","ΥΠΗΡΕΣΙΕΣ ΕΠΙΣΚΕΥΗΣ ΚΑΙ ΣΥΝΤΗΡΗΣΗΣ ΣΚΑΦΩΝ ΑΝΑΨΥΧΗΣ, ΛΕΜΒΩΝ ΚΑΙ ΜΗΧΑΝΩΝ ΘΑΛΑΣΣΗΣ","178377633000","802546239","gmail.com"
"RIG HYDRO Ο.Ε.","B","free-mail","andrew_misterp@hotmail.com","6985973450","ΚΕΝΤΡΙΚΗΣ ΚΕΡΚΥΡΑΣ ΚΑΙ ΔΙΑΠΟΝΤΙΩΝ ΝΗΣΩΝ / ΚΕΡΚΥΡΑΣ","ΚΕΡΚΥΡΑΣ","ΟΕ","2026","","","ΥΠΗΡΕΣΙΕΣ ΕΠΙΣΚΕΥΗΣ ΚΑΙ ΣΥΝΤΗΡΗΣΗΣ ΣΚΑΦΩΝ ΑΝΑΨΥΧΗΣ, ΛΕΜΒΩΝ ΚΑΙ ΜΗΧΑΝΩΝ ΘΑΛΑΣΣΗΣ","193030133000","803249267","hotmail.com"
"ROUTEMARINE Ε.Ε.","B","free-mail","delfiniparking@gmail.com","6984626144","ΣΑΡΩΝΙΚΟΥ / ΑΝΑΤΟΛΙΚΗΣ ΑΤΤΙΚΗΣ","ΑΤΤΙΚΗΣ","ΕΕ","2026","","","ΥΠΗΡΕΣΙΕΣ ΣΤΑΘΜΕΥΣΗΣ ΚΑΙ ΦΥΛΑΞΗΣ ΣΚΑΦΩΝ, ΣΕ ΧΕΡΣΑΙΟ ΧΩΡΟ","191796601000","803195297","gmail.com"
"ROZOS Marine Ε.Ε.","B","free-mail","nikosrozos01@gmail.com","2754021625","ΕΡΜΙΟΝΙΔΑΣ / ΑΡΓΟΛΙΔΑΣ","ΑΡΓΟΛΙΔΑΣ","ΕΕ","2023","","","ΥΠΗΡΕΣΙΕΣ ΣΤΑΘΜΕΥΣΗΣ ΚΑΙ ΦΥΛΑΞΗΣ ΣΚΑΦΩΝ, ΣΕ ΧΕΡΣΑΙΟ ΧΩΡΟ","171439413000","802173191","gmail.com"
"RR SERVICES ΜΟΝΟΠΡΟΣΩΠΗ Ι.Κ.Ε.","B","free-mail","ZPAVLO55@gmail.com","6938570009","ΑΘΗΝΑΙΩΝ / ΚΕΝΤΡΙΚΟΥ ΤΟΜΕΑ ΑΘΗΝΩΝ","ΑΤΤΙΚΗΣ","ΙΚΕ","2026","","","ΥΠΗΡΕΣΙΕΣ ΕΠΙΣΚΕΥΗΣ ΚΑΙ ΣΥΝΤΗΡΗΣΗΣ ΣΚΑΦΩΝ ΑΝΑΨΥΧΗΣ, ΛΕΜΒΩΝ ΚΑΙ ΜΗΧΑΝΩΝ ΘΑΛΑΣΣΗΣ","192697703000","803234635","gmail.com"
"SEA (ΣΙ) FRONT (ΦΡΟΝΤ) Aνώνυμη Εμπορική Εταιρεία Επισκευής Σκαφών Αναψυχής","B","free-mail","spiroskasselas@gmail.com","2106250105","ΚΗΦΙΣΙΑΣ / ΒΟΡΕΙΟΥ ΤΟΜΕΑ ΑΘΗΝΩΝ","ΑΤΤΙΚΗΣ","ΑΕ","2013","","","ΥΠΗΡΕΣΙΕΣ ΕΠΙΣΚΕΥΗΣ ΚΑΙ ΣΥΝΤΗΡΗΣΗΣ ΣΚΑΦΩΝ ΑΝΑΨΥΧΗΣ, ΛΕΜΒΩΝ ΚΑΙ ΜΗΧΑΝΩΝ ΘΑΛΑΣΣΗΣ","125696701000","800497294","gmail.com"
"SEA (ΣΙ) FRONT (ΦΡΟΝΤ) Aνώνυμη Εμπορική Εταιρεία Επισκευής Σκαφών Αναψυχής (Υποκατάστημα)","B","free-mail","spiroskasselas@gmail.com","6948000898","ΠΕΙΡΑΙΩΣ / ΠΕΙΡΑΙΩΣ","ΑΤΤΙΚΗΣ","ΑΕ","2013","","","ΥΠΗΡΕΣΙΕΣ ΕΠΙΣΚΕΥΗΣ ΚΑΙ ΣΥΝΤΗΡΗΣΗΣ ΣΚΑΦΩΝ ΑΝΑΨΥΧΗΣ, ΛΕΜΒΩΝ ΚΑΙ ΜΗΧΑΝΩΝ ΘΑΛΑΣΣΗΣ","125696707001","800497294","gmail.com"
"SEAFIX RIB ΕΤΕΡΟΡΡΥΘΜΗ ΕΤΑΙΡΕΙΑ","B","free-mail","padeioan@otenet.gr","6979773600","ΝΕΑΣ ΣΜΥΡΝΗΣ / ΝΟΤΙΟΥ ΤΟΜΕΑ ΑΘΗΝΩΝ","ΑΤΤΙΚΗΣ","ΕΕ","2025","","","ΥΠΗΡΕΣΙΕΣ ΕΠΙΣΚΕΥΗΣ ΚΑΙ ΣΥΝΤΗΡΗΣΗΣ ΣΚΑΦΩΝ ΑΝΑΨΥΧΗΣ, ΛΕΜΒΩΝ ΚΑΙ ΜΗΧΑΝΩΝ ΘΑΛΑΣΣΗΣ","187232907000","803005802","otenet.gr"
"SEASCHOOL Ο.Ε.","B","free-mail","seaschoolgr@gmail.com","2411812681","ΛΑΡΙΣΑΙΩΝ / ΛΑΡΙΣΑΣ","ΛΑΡΙΣΑΣ","ΟΕ","2024","","","ΥΠΗΡΕΣΙΕΣ ΕΚΠΑΙΔΕΥΣΗΣ ΣΤΗΝ ΟΔΗΓΗΣΗ ΤΑΧΥΠΛΟΩΝ ΣΚΑΦΩΝ","178297240000","802541730","gmail.com"
"SHEARS BENJAMIN CAMPBELL","B","free-mail","ben.cshears@gmail.com","2645301670","ΛΕΥΚΑΔΑΣ / ΛΕΥΚΑΔΑΣ","ΛΕΥΚΑΔΑΣ","ΑΤΟΜΙΚΗ","2025","","","ΥΠΗΡΕΣΙΕΣ ΕΠΙΣΚΕΥΗΣ ΚΑΙ ΣΥΝΤΗΡΗΣΗΣ ΣΚΑΦΩΝ ΑΝΑΨΥΧΗΣ, ΛΕΜΒΩΝ ΚΑΙ ΜΗΧΑΝΩΝ ΘΑΛΑΣΣΗΣ","188598843000","170874824","gmail.com"
"SHYLPASA PELLUMB TOY MARK","B","free-mail","ntoulas.acc@gmail.com","","ΒΑΡΗΣ - ΒΟΥΛΑΣ - ΒΟΥΛΙΑΓΜΕΝΗΣ / ΑΝΑΤΟΛΙΚΗΣ ΑΤΤΙΚΗΣ","ΑΤΤΙΚΗΣ","ΑΤΟΜΙΚΗ","2022","","","ΥΠΗΡΕΣΙΕΣ ΕΠΙΣΚΕΥΗΣ ΚΑΙ ΣΥΝΤΗΡΗΣΗΣ ΣΚΑΦΩΝ ΑΝΑΨΥΧΗΣ, ΛΕΜΒΩΝ ΚΑΙ ΜΗΧΑΝΩΝ ΘΑΛΑΣΣΗΣ","162620503000","121197828","gmail.com"
"SOUTHCOAST MARINE Ε.Ε.","B","free-mail","officium.ike.2019@gmail.com","6972838659","ΑΘΗΝΑΙΩΝ / ΚΕΝΤΡΙΚΟΥ ΤΟΜΕΑ ΑΘΗΝΩΝ","ΑΤΤΙΚΗΣ","ΕΕ","2019","","","ΥΠΗΡΕΣΙΕΣ ΣΤΑΘΜΕΥΣΗΣ ΚΑΙ ΦΥΛΑΞΗΣ ΣΚΑΦΩΝ, ΣΕ ΧΕΡΣΑΙΟ ΧΩΡΟ","152538503000","801243206","gmail.com"
"SUPPLYWAYS Ε.Ε.","B","free-mail","boiasaepeiraias@gmail.com","6987024320","ΠΕΙΡΑΙΩΣ / ΠΕΙΡΑΙΩΣ","ΑΤΤΙΚΗΣ","ΕΕ","2022","","","ΥΠΗΡΕΣΙΕΣ ΕΦΟΔΙΑΣΜΟΥ ΣΚΑΦΩΝ ΑΝΑΨΥΧΗΣ ΜΕ ΕΤΟΙΜΑ ΦΑΓΗΤΑ","163153707000","801778145","gmail.com"
"SYROS BOATHOUSE ΕΤΕΡΟΡΡΥΘΜΗ ΕΤΑΙΡΙΑ","B","free-mail","GDDAELIS@YAHOO.GR","2281088285","ΣΥΡΟΥ-ΕΡΜΟΥΠΟΛΗΣ / ΣΥΡΟΥ","ΚΥΚΛΑΔΩΝ","ΕΕ","2023","","","ΥΠΗΡΕΣΙΕΣ ΣΤΑΘΜΕΥΣΗΣ ΚΑΙ ΦΥΛΑΞΗΣ ΣΚΑΦΩΝ, ΣΕ ΧΕΡΣΑΙΟ ΧΩΡΟ","170418938000","802123347","yahoo.gr"
"THE WRECK Ο.Ε.","B","free-mail","liatsis.a@gmail.com","2684023215","ΠΑΡΓΑΣ / ΠΡΕΒΕΖΑΣ","ΠΡΕΒΕΖΑΣ","ΟΕ","2026","","","ΥΠΗΡΕΣΙΕΣ ΕΠΙΣΚΕΥΗΣ ΚΑΙ ΣΥΝΤΗΡΗΣΗΣ ΣΚΑΦΩΝ ΑΝΑΨΥΧΗΣ, ΛΕΜΒΩΝ ΚΑΙ ΜΗΧΑΝΩΝ ΘΑΛΑΣΣΗΣ","190470449000","803138739","gmail.com"
"THOMPSON NIAMH MIRIAM ΤΟΥ JOHN MICHAEL","B","free-mail","niamhthompsondesign@gmail.com","","ΗΓΟΥΜΕΝΙΤΣΑΣ / ΘΕΣΠΡΩΤΙΑΣ","ΘΕΣΠΡΩΤΙΑΣ","ΑΤΟΜΙΚΗ","2022","","","ΥΠΗΡΕΣΙΕΣ ΣΤΑΘΜΕΥΣΗΣ ΚΑΙ ΦΥΛΑΞΗΣ ΣΚΑΦΩΝ, ΣΕ ΧΕΡΣΑΙΟ ΧΩΡΟ","167012228000","166196030","gmail.com"
"THROUBI SPETSES Ι.Κ.Ε.","B","free-mail","panos.michalatos@gmail.com","","ΣΠΕΤΣΩΝ / ΝΗΣΩΝ","ΑΤΤΙΚΗΣ","ΙΚΕ","2020","","","ΥΠΗΡΕΣΙΕΣ ΕΦΟΔΙΑΣΜΟΥ ΣΚΑΦΩΝ ΑΝΑΨΥΧΗΣ ΜΕ ΕΤΟΙΜΑ ΦΑΓΗΤΑ","154672807000","801337340","gmail.com"
"TRINITY YACHT SOLUTIONS"" Ο.Ε.","B","free-mail","giasos22@gmail.com","6948944117","ΚΕΝΤΡΙΚΗΣ ΚΕΡΚΥΡΑΣ ΚΑΙ ΔΙΑΠΟΝΤΙΩΝ ΝΗΣΩΝ / ΚΕΡΚΥΡΑΣ","ΚΕΡΚΥΡΑΣ","ΟΕ","2024","","","ΥΠΗΡΕΣΙΕΣ ΕΠΙΣΚΕΥΗΣ ΚΑΙ ΣΥΝΤΗΡΗΣΗΣ ΣΚΑΦΩΝ ΑΝΑΨΥΧΗΣ, ΛΕΜΒΩΝ ΚΑΙ ΜΗΧΑΝΩΝ ΘΑΛΑΣΣΗΣ","177845633000","802516493","gmail.com"
"TRIPPIER SIMON MARK TOY ROBERT","B","free-mail","simonsys@otenet.gr","2645031849","ΛΕΥΚΑΔΑΣ / ΛΕΥΚΑΔΑΣ","ΛΕΥΚΑΔΑΣ","ΑΤΟΜΙΚΗ","2002","","","ΥΠΗΡΕΣΙΕΣ ΕΠΙΣΚΕΥΗΣ ΚΑΙ ΣΥΝΤΗΡΗΣΗΣ ΣΚΑΦΩΝ ΑΝΑΨΥΧΗΣ, ΛΕΜΒΩΝ ΚΑΙ ΜΗΧΑΝΩΝ ΘΑΛΑΣΣΗΣ","16251843000","128451254","otenet.gr"
"VAN PELT WILLEM TOY WILLEM","B","free-mail","willemvanpelt88@gmail.com","2271043787","ΑΙΓΙΝΑΣ / ΝΗΣΩΝ","ΑΤΤΙΚΗΣ","ΑΤΟΜΙΚΗ","2022","","","ΥΠΗΡΕΣΙΕΣ ΕΠΙΣΚΕΥΗΣ ΚΑΙ ΣΥΝΤΗΡΗΣΗΣ ΣΚΑΦΩΝ ΑΝΑΨΥΧΗΣ, ΛΕΜΒΩΝ ΚΑΙ ΜΗΧΑΝΩΝ ΘΑΛΑΣΣΗΣ","166892509000","113444893","gmail.com"
"VICTORIA & RUAIRI BRADLEY Ε.Ε.","B","free-mail","kavvadas.thomas@yahoo.gr","2645029282","ΛΕΥΚΑΔΑΣ / ΛΕΥΚΑΔΑΣ","ΛΕΥΚΑΔΑΣ","ΕΕ","2024","","","ΥΠΗΡΕΣΙΕΣ ΕΠΙΣΚΕΥΗΣ ΚΑΙ ΣΥΝΤΗΡΗΣΗΣ ΣΚΑΦΩΝ ΑΝΑΨΥΧΗΣ, ΛΕΜΒΩΝ ΚΑΙ ΜΗΧΑΝΩΝ ΘΑΛΑΣΣΗΣ","174553643000","802336027","yahoo.gr"
"WATER SEASIDE Ε.Ε.","B","free-mail","waterseaside1@gmail.com","2105025710","ΑΣΠΡΟΠΥΡΓΟΥ / ΔΥΤΙΚΗΣ ΑΤΤΙΚΗΣ","ΑΤΤΙΚΗΣ","ΕΕ","2024","","","ΥΠΗΡΕΣΙΕΣ ΣΤΑΘΜΕΥΣΗΣ ΚΑΙ ΦΥΛΑΞΗΣ ΣΚΑΦΩΝ, ΣΕ ΧΕΡΣΑΙΟ ΧΩΡΟ","174281809000","802321364","gmail.com"
"Α ΓΙΑΝΝΙΤΣΑΚΗΣ Α ΜΟΥΡΑΤΟΓΛΟΥ ΟΕ","B","free-mail","al.kotron1@gmail.com","2421087790","ΒΟΛΟΥ / ΜΑΓΝΗΣΙΑΣ","ΜΑΓΝΗΣΙΑΣ","ΟΕ","2015","","","ΥΠΗΡΕΣΙΕΣ ΕΠΙΣΚΕΥΗΣ ΚΑΙ ΣΥΝΤΗΡΗΣΗΣ ΣΚΑΦΩΝ ΑΝΑΨΥΧΗΣ, ΛΕΜΒΩΝ ΚΑΙ ΜΗΧΑΝΩΝ ΘΑΛΑΣΣΗΣ","133092944000","800631715","gmail.com"
"Α. ΕΛΛΑΣ ΑΓΓΕΛΟΠΟΥΛΟΣ ΝΙΚΟΛΑΟΣ ΜΟΝΟΠΡΟΣΩΠΗ ΙΚΕ","B","free-mail","dionisiagiannena@gmail.com","2117401190","ΑΧΑΡΝΩΝ / ΑΝΑΤΟΛΙΚΗΣ ΑΤΤΙΚΗΣ","ΑΤΤΙΚΗΣ","ΙΚΕ","2015","","","ΥΠΗΡΕΣΙΕΣ ΣΤΑΘΜΕΥΣΗΣ ΚΑΙ ΦΥΛΑΞΗΣ ΣΚΑΦΩΝ, ΣΕ ΧΕΡΣΑΙΟ ΧΩΡΟ","134227901000","800653178","gmail.com"
"ΑΒΡΑΔΟΠΟΥΛΟΣ ΚΩΝΣΤΑΝΤΙΝΟΣ ΤΟΥ ΧΡΗΣΤΟΥ","B","free-mail","kostas_avradopoulos@yahoo.gr","","ΣΑΡΩΝΙΚΟΥ / ΑΝΑΤΟΛΙΚΗΣ ΑΤΤΙΚΗΣ","ΑΤΤΙΚΗΣ","ΑΤΟΜΙΚΗ","2025","","","ΥΠΗΡΕΣΙΕΣ ΣΤΑΘΜΕΥΣΗΣ ΚΑΙ ΦΥΛΑΞΗΣ ΣΚΑΦΩΝ, ΣΕ ΧΕΡΣΑΙΟ ΧΩΡΟ","182017503000","141652673","yahoo.gr"
"ΑΓΓΕΛΟΥ ΧΡΙΣΤΙΝΑ","B","free-mail","posidonasmarine@gmail.com","6974418890","ΚΟΡΙΝΘΙΩΝ / ΚΟΡΙΝΘΙΑΣ","ΚΟΡΙΝΘΙΑΣ","ΑΤΟΜΙΚΗ","2023","","","ΥΠΗΡΕΣΙΕΣ ΣΤΑΘΜΕΥΣΗΣ ΚΑΙ ΦΥΛΑΞΗΣ ΣΚΑΦΩΝ, ΣΕ ΧΕΡΣΑΙΟ ΧΩΡΟ","172183037000","059023308","gmail.com"
"ΑΘ. ΓΙΑΝΝΙΚΗΣ - Γ. ΤΣΙΟΠΟΥΛΟΣ Ο.Ε.","B","free-mail","parkingskafonhalkidiki@gmail.com","6973390033","ΝΕΑΣ ΠΡΟΠΟΝΤΙΔΑΣ / ΧΑΛΚΙΔΙΚΗΣ","ΧΑΛΚΙΔΙΚΗΣ","ΟΕ","2019","","","ΥΠΗΡΕΣΙΕΣ ΣΤΑΘΜΕΥΣΗΣ ΚΑΙ ΦΥΛΑΞΗΣ ΣΚΑΦΩΝ, ΣΕ ΧΕΡΣΑΙΟ ΧΩΡΟ","152163757000","801225759","gmail.com"
"ΑΙΓΑΙΟ SERVICE Μ.Κ. Ε.Ε.","B","free-mail","aigaioservice@gmail.com","2289078273","ΜΥΚΟΝΟΥ / ΜΥΚΟΝΟΥ","ΚΥΚΛΑΔΩΝ","ΕΕ","2016","","","ΥΠΗΡΕΣΙΕΣ ΕΠΙΣΚΕΥΗΣ ΚΑΙ ΣΥΝΤΗΡΗΣΗΣ ΣΚΑΦΩΝ ΑΝΑΨΥΧΗΣ, ΛΕΜΒΩΝ ΚΑΙ ΜΗΧΑΝΩΝ ΘΑΛΑΣΣΗΣ","137615038000","800706649","gmail.com"
"ΑΙΟΛΟΣ ΚΕΡΚΥΡΑ Ο.Ε.","B","free-mail","sankasnikos@yahoo.gr","2661033846","ΚΕΝΤΡΙΚΗΣ ΚΕΡΚΥΡΑΣ ΚΑΙ ΔΙΑΠΟΝΤΙΩΝ ΝΗΣΩΝ / ΚΕΡΚΥΡΑΣ","ΚΕΡΚΥΡΑΣ","ΟΕ","2024","","","ΥΠΗΡΕΣΙΕΣ ΕΠΙΣΚΕΥΗΣ ΚΑΙ ΣΥΝΤΗΡΗΣΗΣ ΣΚΑΦΩΝ ΑΝΑΨΥΧΗΣ, ΛΕΜΒΩΝ ΚΑΙ ΜΗΧΑΝΩΝ ΘΑΛΑΣΣΗΣ","174655933000","802341861","yahoo.gr"
"ΑΚΤΗ ΓΕΦΥΡΑ - ΑΦΟΙ ΜΑΖΗ ΚΟΙΝΟΠΡΑΞΙΑ","B","free-mail","oikype@gmail.com","2661032552","ΚΕΝΤΡΙΚΗΣ ΚΕΡΚΥΡΑΣ ΚΑΙ ΔΙΑΠΟΝΤΙΩΝ ΝΗΣΩΝ / ΚΕΡΚΥΡΑΣ","ΚΕΡΚΥΡΑΣ","Κοινοπραξία","2025","","","ΥΠΗΡΕΣΙΕΣ ΣΤΑΘΜΕΥΣΗΣ ΚΑΙ ΦΥΛΑΞΗΣ ΣΚΑΦΩΝ, ΣΕ ΠΑΡΑΚΤΙΟ ΧΩΡΟ","187892633000","803034883","gmail.com"
"ΑΛΕΞΑΝΔΡΙΔΗΣ ΒΑΣΙΛΕΙΟΣ ΤΟΥ ΑΛΕΞΑΝΔΡΟΥ","B","free-mail","lefkasmarinepoint@yahoo.gr","","ΑΛΙΜΟΥ / ΝΟΤΙΟΥ ΤΟΜΕΑ ΑΘΗΝΩΝ","ΑΤΤΙΚΗΣ","ΑΤΟΜΙΚΗ","1995","","","ΥΠΗΡΕΣΙΕΣ ΕΠΙΣΚΕΥΗΣ ΚΑΙ ΣΥΝΤΗΡΗΣΗΣ ΣΚΑΦΩΝ ΑΝΑΨΥΧΗΣ, ΛΕΜΒΩΝ ΚΑΙ ΜΗΧΑΝΩΝ ΘΑΛΑΣΣΗΣ","84432402000","033141034","yahoo.gr"
"ΑΛΕΞΟΥΔΗΣ ΓΕΩΡΓΙΟΣ ΤΟΥ ΠΑΝΑΓΙΩΤΗ","B","free-mail","escapesailing@yahoo.gr","6979290400","ΑΛΙΜΟΥ / ΝΟΤΙΟΥ ΤΟΜΕΑ ΑΘΗΝΩΝ","ΑΤΤΙΚΗΣ","ΑΤΟΜΙΚΗ","2011","","","ΥΠΗΡΕΣΙΕΣ ΕΠΙΣΚΕΥΗΣ ΚΑΙ ΣΥΝΤΗΡΗΣΗΣ ΣΚΑΦΩΝ ΑΝΑΨΥΧΗΣ, ΛΕΜΒΩΝ ΚΑΙ ΜΗΧΑΝΩΝ ΘΑΛΑΣΣΗΣ","118996502000","101275280","yahoo.gr"
"ΑΛΤΙΜΠΑΣΗΣ ΓΕΩΡΓΙΟΣ ΤΟΥ ΒΑΣΙΛΕΙΟΥ","B","free-mail","altimpasisgiorgos@gmail.com","","ΒΟΛΟΥ / ΜΑΓΝΗΣΙΑΣ","ΜΑΓΝΗΣΙΑΣ","ΑΤΟΜΙΚΗ","2025","","","ΥΠΗΡΕΣΙΕΣ ΣΤΑΘΜΕΥΣΗΣ ΚΑΙ ΦΥΛΑΞΗΣ ΣΚΑΦΩΝ, ΣΕ ΧΕΡΣΑΙΟ ΧΩΡΟ","26886940000","122693188","gmail.com"
"ΑΜΕΡΙΚΑΝΟΣ ΧΡΙΣΤΟΦΟΡΟΣ του ΒΑΣΙΛΕΙΟΥ","B","free-mail","chrisjymng@gmail.com","6973066765","ΔΥΤΙΚΗΣ ΛΕΣΒΟΥ / ΛΕΣΒΟΥ","ΛΕΣΒΟΥ","ΑΤΟΜΙΚΗ","2022","","","ΥΠΗΡΕΣΙΕΣ ΕΠΙΣΚΕΥΗΣ ΚΑΙ ΣΥΝΤΗΡΗΣΗΣ ΣΚΑΦΩΝ ΑΝΑΨΥΧΗΣ, ΛΕΜΒΩΝ ΚΑΙ ΜΗΧΑΝΩΝ ΘΑΛΑΣΣΗΣ","167349742000","141272559","gmail.com"
"ΑΝΔΡΕΑΣ ΛΑΧΑΝΙΩΤΗΣ","B","free-mail","alachaniotis@gmail.com","","ΑΙΓΙΑΛΕΙΑΣ / ΑΧΑΙΑΣ","ΑΧΑΙΑΣ","ΑΤΟΜΙΚΗ","2022","","","ΥΠΗΡΕΣΙΕΣ ΕΠΙΣΚΕΥΗΣ ΚΑΙ ΣΥΝΤΗΡΗΣΗΣ ΣΚΑΦΩΝ ΑΝΑΨΥΧΗΣ, ΛΕΜΒΩΝ ΚΑΙ ΜΗΧΑΝΩΝ ΘΑΛΑΣΣΗΣ","164074216000","104666338","gmail.com"
"ΑΝΔΡΙΑΝΟΣ Γ. - ΧΡΥΣΑΦΙΤΗΣ Γ. Ο.Ε.","B","free-mail","andrianosgiwrgos21@gmail.com","6976844278","ΣΑΛΑΜΙΝΑΣ / ΝΗΣΩΝ","ΑΤΤΙΚΗΣ","ΟΕ","2025","","","ΥΠΗΡΕΣΙΕΣ ΣΤΑΘΜΕΥΣΗΣ ΚΑΙ ΦΥΛΑΞΗΣ ΣΚΑΦΩΝ, ΣΕ ΧΕΡΣΑΙΟ ΧΩΡΟ","182305708000","802762587","gmail.com"
"ΑΝΔΡΙΑΝΟΣ ΓΕΩΡΓΙΟΣ ΤΟΥ ΙΩΑΝΝΗ","B","free-mail","giorgosandrianos1234@gmail.com","6947075851","ΣΑΛΑΜΙΝΑΣ / ΝΗΣΩΝ","ΑΤΤΙΚΗΣ","ΑΤΟΜΙΚΗ","2025","","","ΥΠΗΡΕΣΙΕΣ ΕΠΙΣΚΕΥΗΣ ΚΑΙ ΣΥΝΤΗΡΗΣΗΣ ΣΚΑΦΩΝ ΑΝΑΨΥΧΗΣ, ΛΕΜΒΩΝ ΚΑΙ ΜΗΧΑΝΩΝ ΘΑΛΑΣΣΗΣ","188471007000","175478644","gmail.com"
"ΑΝΔΡΙΑΝΟΥΔΗΣ ΑΣΤΕΡΙΟΣ ΤΟΥ ΒΑΣΙΛΕΙΟΥ","B","free-mail","babourikaterina@gmail.com","2375051326","ΣΙΘΩΝΙΑΣ / ΧΑΛΚΙΔΙΚΗΣ","ΧΑΛΚΙΔΙΚΗΣ","ΑΤΟΜΙΚΗ","2019","","","ΥΠΗΡΕΣΙΕΣ ΣΤΑΘΜΕΥΣΗΣ ΚΑΙ ΦΥΛΑΞΗΣ ΣΚΑΦΩΝ, ΣΕ ΧΕΡΣΑΙΟ ΧΩΡΟ","188762457000","044556491","gmail.com"
"ΑΝΔΡΟΥΛΑΚΗΣ ΘΕΟΔΩΡΟΣ","B","free-mail","androulakisth@gmail.com","2241028526","ΡΟΔΟΥ / ΡΟΔΟΥ","ΔΩΔΕΚΑΝΗΣΟΥ","ΑΤΟΜΙΚΗ","2020","","","ΥΠΗΡΕΣΙΕΣ ΕΠΙΣΚΕΥΗΣ ΚΑΙ ΣΥΝΤΗΡΗΣΗΣ ΣΚΑΦΩΝ ΑΝΑΨΥΧΗΣ, ΛΕΜΒΩΝ ΚΑΙ ΜΗΧΑΝΩΝ ΘΑΛΑΣΣΗΣ","156437620000","126167850","gmail.com"
"ΑΝΤΩΝΙΑΔΗΣ ΕΜΜΑΝΟΥΗΛ ΤΟΥ ΣΩΤΗΡΙΟΥ","B","free-mail","kritlog@otenet.gr","2292069131","ΛΑΥΡΕΩΤΙΚΗΣ / ΑΝΑΤΟΛΙΚΗΣ ΑΤΤΙΚΗΣ","ΑΤΤΙΚΗΣ","ΑΤΟΜΙΚΗ","2019","","","ΥΠΗΡΕΣΙΕΣ ΣΤΑΘΜΕΥΣΗΣ ΚΑΙ ΦΥΛΑΞΗΣ ΣΚΑΦΩΝ, ΣΕ ΧΕΡΣΑΙΟ ΧΩΡΟ","111591108000","038611062","otenet.gr"
"ΑΝΤΩΝΙΟΣ ΓΕΩΡΓΙΟΥ ΠΑΡΟΥΣΗΣ","B","free-mail","tonisparoussis13@hotmail.com","","ΠΑΡΟΥ / ΠΑΡΟΥ","ΚΥΚΛΑΔΩΝ","ΑΤΟΜΙΚΗ","2021","","","ΥΠΗΡΕΣΙΕΣ ΕΠΙΣΚΕΥΗΣ ΚΑΙ ΣΥΝΤΗΡΗΣΗΣ ΣΚΑΦΩΝ ΑΝΑΨΥΧΗΣ, ΛΕΜΒΩΝ ΚΑΙ ΜΗΧΑΝΩΝ ΘΑΛΑΣΣΗΣ","159849538000","138064890","hotmail.com"
"ΑΝΤΩΝΙΟΥ ΑΝΑΡΓΥΡΟΣ ΚΩΝΣΤΑΝΤΙΝΟΣ ΤΟΥ ΒΑΣΙΛΕΙΟΥ","B","free-mail","sir.tsirigoulis@gmail.com","","ΑΛΜΥΡΟΥ / ΜΑΓΝΗΣΙΑΣ","ΜΑΓΝΗΣΙΑΣ","ΑΤΟΜΙΚΗ","2020","","","ΥΠΗΡΕΣΙΕΣ ΣΤΑΘΜΕΥΣΗΣ ΚΑΙ ΦΥΛΑΞΗΣ ΣΚΑΦΩΝ, ΣΕ ΧΕΡΣΑΙΟ ΧΩΡΟ","157201344000","076607938","gmail.com"
"ΑΠΟΣΤΟΛΟΥ ΕΥΑΓΓΕΛΟΣ & ΥΙΟΙ Ε.Ε.","B","free-mail","giannismouc@gmail.com","2392029227","ΠΥΛΑΙΑΣ-ΧΟΡΤΙΑΤΗ / ΘΕΣΣΑΛΟΝΙΚΗΣ","ΘΕΣΣΑΛΟΝΙΚΗΣ","ΕΕ","2023","","","ΥΠΗΡΕΣΙΕΣ ΕΠΙΣΚΕΥΗΣ ΚΑΙ ΣΥΝΤΗΡΗΣΗΣ ΣΚΑΦΩΝ ΑΝΑΨΥΧΗΣ, ΛΕΜΒΩΝ ΚΑΙ ΜΗΧΑΝΩΝ ΘΑΛΑΣΣΗΣ","168808006000","802045120","gmail.com"
"ΑΣΗΜΙΝΑΣ ΚΩΝΣΤΑΝΤΙΝΟΣ ΤΟΥ ΕΥΑΓΓΕΛΟΥ","B","free-mail","joethegreek86@gmail.com","","ΣΑΛΑΜΙΝΑΣ / ΝΗΣΩΝ","ΠΕΙΡΑΙΑ","ΑΤΟΜΙΚΗ","2024","","","ΥΠΗΡΕΣΙΕΣ ΣΤΑΘΜΕΥΣΗΣ ΚΑΙ ΦΥΛΑΞΗΣ ΣΚΑΦΩΝ, ΣΕ ΧΕΡΣΑΙΟ ΧΩΡΟ","176757809000","123583526","gmail.com"
"ΑΣΤΙΡΟΠΟΥΛΟΣ ΚΩΝΣΤΑΝΤΙΝΟΣ","B","free-mail","extreme4e@hotmail.com","6996174775","ΛΑΥΡΕΩΤΙΚΗΣ / ΑΝΑΤΟΛΙΚΗΣ ΑΤΤΙΚΗΣ","ΑΝΑΤΟΛΙΚΗΣ ΑΤΤΙΚΗΣ","ΑΤΟΜΙΚΗ","2025","","","ΥΠΗΡΕΣΙΕΣ ΕΠΙΣΚΕΥΗΣ ΚΑΙ ΣΥΝΤΗΡΗΣΗΣ ΣΚΑΦΩΝ ΑΝΑΨΥΧΗΣ, ΛΕΜΒΩΝ ΚΑΙ ΜΗΧΑΝΩΝ ΘΑΛΑΣΣΗΣ","185083503000","141640809","hotmail.com"
"ΑΥΓΟΥΣΤΗΣ ΠΑΝΑΓΙΩΤΗΣ ΤΟΥ ΚΩΝΣΤΑΝΤΙΝΟΥ","B","free-mail","motorachtservice@yahoo.gr","","ΠΡΕΒΕΖΑΣ / ΠΡΕΒΕΖΑΣ","ΠΡΕΒΕΖΑΣ","ΑΤΟΜΙΚΗ","2020","","","ΥΠΗΡΕΣΙΕΣ ΕΠΙΣΚΕΥΗΣ ΚΑΙ ΣΥΝΤΗΡΗΣΗΣ ΣΚΑΦΩΝ ΑΝΑΨΥΧΗΣ, ΛΕΜΒΩΝ ΚΑΙ ΜΗΧΑΝΩΝ ΘΑΛΑΣΣΗΣ","156619949000","079260004","yahoo.gr"
"ΑΦΟΙ NASH Ο.Ε.","B","free-mail","m_x_riders@hotmail.com","6909701363","ΚΕΝΤΡΙΚΗΣ ΚΕΡΚΥΡΑΣ ΚΑΙ ΔΙΑΠΟΝΤΙΩΝ ΝΗΣΩΝ / ΚΕΡΚΥΡΑΣ","ΚΕΡΚΥΡΑΣ","ΟΕ","2020","","","ΥΠΗΡΕΣΙΕΣ ΕΠΙΣΚΕΥΗΣ ΚΑΙ ΣΥΝΤΗΡΗΣΗΣ ΣΚΑΦΩΝ ΑΝΑΨΥΧΗΣ, ΛΕΜΒΩΝ ΚΑΙ ΜΗΧΑΝΩΝ ΘΑΛΑΣΣΗΣ","154072133000","801309132","hotmail.com"
"ΑΦΟΙ ΑΡΙΣΤΕΙΔΗΣ & ΔΙΟΝΥΣΙΟΣ ΚΑΤΩΠΟΔΗΣ Ο.Ε.","B","free-mail","lefkasrbp@gmail.com","","ΛΕΥΚΑΔΑΣ / ΛΕΥΚΑΔΑΣ","ΛΕΥΚΑΔΑΣ","ΟΕ","2023","","","ΥΠΗΡΕΣΙΕΣ ΣΤΑΘΜΕΥΣΗΣ ΚΑΙ ΦΥΛΑΞΗΣ ΣΚΑΦΩΝ, ΣΕ ΧΕΡΣΑΙΟ ΧΩΡΟ","171472543000","802174716","gmail.com"
"ΑΦΟΙ ΔΕΛΗΠΟΥΛΙΟΥ Ο.Ε.","B","free-mail","delipoulios@gmail.com","2310541590","ΘΕΡΜΗΣ / ΘΕΣΣΑΛΟΝΙΚΗΣ","ΘΕΣΣΑΛΟΝΙΚΗΣ","ΟΕ","2009","","","ΥΠΗΡΕΣΙΕΣ ΕΠΙΣΚΕΥΗΣ ΚΑΙ ΣΥΝΤΗΡΗΣΗΣ ΣΚΑΦΩΝ ΑΝΑΨΥΧΗΣ, ΛΕΜΒΩΝ ΚΑΙ ΜΗΧΑΝΩΝ ΘΑΛΑΣΣΗΣ","38716305000","998100714","gmail.com"
"ΑΦΟΙ ΔΕΛΗΠΟΥΛΙΟΥ Ο.Ε. (Υποκατάστημα)","B","free-mail","delipoulios@gmail.com","6937314321","ΚΑΣΣΑΝΔΡΑΣ / ΧΑΛΚΙΔΙΚΗΣ","ΧΑΛΚΙΔΙΚΗΣ","ΟΕ","2024","","","ΥΠΗΡΕΣΙΕΣ ΕΠΙΣΚΕΥΗΣ ΚΑΙ ΣΥΝΤΗΡΗΣΗΣ ΣΚΑΦΩΝ ΑΝΑΨΥΧΗΣ, ΛΕΜΒΩΝ ΚΑΙ ΜΗΧΑΝΩΝ ΘΑΛΑΣΣΗΣ","38716357001","998100714","gmail.com"
"ΑΦΟΙ ΔΙΠΛΑΡΑ ΚΑΙ ΣΙΑ Ε.Ε.","B","free-mail","georgediplaras@yahoo.gr","2296029960","ΜΕΓΑΡΕΩΝ / ΔΥΤΙΚΗΣ ΑΤΤΙΚΗΣ","ΑΤΤΙΚΗΣ","ΕΕ","2016","","","ΥΠΗΡΕΣΙΕΣ ΣΤΑΘΜΕΥΣΗΣ ΚΑΙ ΦΥΛΑΞΗΣ ΣΚΑΦΩΝ, ΣΕ ΧΕΡΣΑΙΟ ΧΩΡΟ","140667109001","800779200","yahoo.gr"
"ΑΦΟΙ ΜΑΛΤΕΖΟΥ Ο.Ε.","B","free-mail","tax.solution@yahoo.com","2297024120","ΑΙΓΙΝΑΣ / ΝΗΣΩΝ","ΑΤΤΙΚΗΣ","ΟΕ","2022","","","ΥΠΗΡΕΣΙΕΣ ΕΠΙΣΚΕΥΗΣ ΚΑΙ ΣΥΝΤΗΡΗΣΗΣ ΣΚΑΦΩΝ ΑΝΑΨΥΧΗΣ, ΛΕΜΒΩΝ ΚΑΙ ΜΗΧΑΝΩΝ ΘΑΛΑΣΣΗΣ","163068809000","801773623","yahoo.com"
"ΑΦΟΙ ΠΑΠΑΣΤΕΦΑΝΟΥ Ο.Ε.","B","free-mail","dpapastefanou@hotmail.com","2104410113","ΠΕΡΑΜΑΤΟΣ / ΠΕΙΡΑΙΩΣ","ΠΕΙΡΑΙΑ","ΟΕ","1976","","","ΥΠΗΡΕΣΙΕΣ ΕΠΙΣΚΕΥΗΣ ΚΑΙ ΣΥΝΤΗΡΗΣΗΣ ΣΚΑΦΩΝ ΑΝΑΨΥΧΗΣ, ΛΕΜΒΩΝ ΚΑΙ ΜΗΧΑΝΩΝ ΘΑΛΑΣΣΗΣ","112883108000","092697534","hotmail.com"
"ΑΦΟΙ ΠΑΡΙΑΝΟΥ Ο.Ε.","B","free-mail","accgmil@otenet.gr","2241093498","ΡΟΔΟΥ / ΡΟΔΟΥ","ΔΩΔΕΚΑΝΗΣΟΥ","ΟΕ","2006","","","ΥΠΗΡΕΣΙΕΣ ΜΕΤΑΤΡΟΠΗΣ, ΑΝΑΚΑΤΑΣΚΕΥΗΣ ΚΑΙ ΕΞΟΠΛΙΣΜΟΥ ΣΚΑΦΩΝ ΑΝΑΨΥΧΗΣ ΚΑΙ ΑΘΛΗΤΙΣΜΟΥ (ΣΥΜΠΕΡΙΛΑΜΒΑΝΟΜΕΝΩΝ ΤΩΝ ΘΑΛΑΜΗΓΩΝ) ΕΡΓΑΣΙΕΣ ΥΠΕΡΓΟΛΑΒΙΑΣ ΣΤΟ ΠΛΑΙΣΙΟ ΤΗΣ ΔΙΑΔΙΚΑΣΙΑΣ ΚΑΤΑΣΚΕΥΗΣ ΣΚΑΦΩΝ ΑΝΑΨΥΧΗΣ ΚΑΙ ΑΘΛΗΤΙΣΜΟΥ","72775320000","999054291","otenet.gr"
"ΑΦΟΙ ΠΑΤΡΙΚΙΟΥ ΟΕ","B","free-mail","tms1@hotmail.gr","2645093299","ΛΕΥΚΑΔΑΣ / ΛΕΥΚΑΔΑΣ","ΛΕΥΚΑΔΑΣ","ΟΕ","2019","","","ΥΠΗΡΕΣΙΕΣ ΕΠΙΣΚΕΥΗΣ ΚΑΙ ΣΥΝΤΗΡΗΣΗΣ ΣΚΑΦΩΝ ΑΝΑΨΥΧΗΣ, ΛΕΜΒΩΝ ΚΑΙ ΜΗΧΑΝΩΝ ΘΑΛΑΣΣΗΣ","149844843000","801132426","hotmail.gr"
"ΑΦΟΙ ΦΑΡΡΟΥΚΟΥ Ο.Ε.","B","free-mail","rapti1987@yahoo.com","6939239901","ΜΑΡΚΟΠΟΥΛΟΥ ΜΕΣΟΓΑΙΑΣ / ΑΝΑΤΟΛΙΚΗΣ ΑΤΤΙΚΗΣ","ΑΤΤΙΚΗΣ","ΟΕ","2021","","","ΥΠΗΡΕΣΙΕΣ ΜΕΤΑΤΡΟΠΗΣ, ΑΝΑΚΑΤΑΣΚΕΥΗΣ ΚΑΙ ΕΞΟΠΛΙΣΜΟΥ ΣΚΑΦΩΝ ΑΝΑΨΥΧΗΣ ΚΑΙ ΑΘΛΗΤΙΣΜΟΥ (ΣΥΜΠΕΡΙΛΑΜΒΑΝΟΜΕΝΩΝ ΤΩΝ ΘΑΛΑΜΗΓΩΝ) ΕΡΓΑΣΙΕΣ ΥΠΕΡΓΟΛΑΒΙΑΣ ΣΤΟ ΠΛΑΙΣΙΟ ΤΗΣ ΔΙΑΔΙΚΑΣΙΑΣ ΚΑΤΑΣΚΕΥΗΣ ΣΚΑΦΩΝ ΑΝΑΨΥΧΗΣ ΚΑΙ ΑΘΛΗΤΙΣΜΟΥ","159928703000","801602268","yahoo.com"
"Β ΖΝΤΡΑΒΑ Ε.Ε.","B","free-mail","vzdrava@hotmail.com","6948548129","ΠΡΕΒΕΖΑΣ / ΠΡΕΒΕΖΑΣ","ΠΡΕΒΕΖΑΣ","ΕΕ","2021","","","ΥΠΗΡΕΣΙΕΣ ΕΠΙΣΚΕΥΗΣ ΚΑΙ ΣΥΝΤΗΡΗΣΗΣ ΣΚΑΦΩΝ ΑΝΑΨΥΧΗΣ, ΛΕΜΒΩΝ ΚΑΙ ΜΗΧΑΝΩΝ ΘΑΛΑΣΣΗΣ","158921949000","801548388","hotmail.com"
"Β. ΡΕΝΤΖΙΚΑΣ ΚΑΙ ΣΙΑ Ε.Ε.","B","free-mail","vasilis.rentzikas@gmail.com","2310775229","ΚΑΛΑΜΑΡΙΑΣ / ΘΕΣΣΑΛΟΝΙΚΗΣ","ΘΕΣΣΑΛΟΝΙΚΗΣ","ΕΕ","2020","","","ΥΠΗΡΕΣΙΕΣ ΕΠΙΣΚΕΥΗΣ ΚΑΙ ΣΥΝΤΗΡΗΣΗΣ ΣΚΑΦΩΝ ΑΝΑΨΥΧΗΣ, ΛΕΜΒΩΝ ΚΑΙ ΜΗΧΑΝΩΝ ΘΑΛΑΣΣΗΣ","154639806000","801335322","gmail.com"
"ΒΑΙΟΠΟΥΛΟΣ ΒΑΙΟΣ ΤΟΥ ΓΡΗΓΟΡΙΟΥ","B","free-mail","c.vaios@yahoo.gr","","ΝΟΤΙΟΥ ΠΗΛΙΟΥ / ΜΑΓΝΗΣΙΑΣ","ΜΑΓΝΗΣΙΑΣ","ΑΤΟΜΙΚΗ","2022","","","ΥΠΗΡΕΣΙΕΣ ΣΤΑΘΜΕΥΣΗΣ ΚΑΙ ΦΥΛΑΞΗΣ ΣΚΑΦΩΝ, ΣΕ ΠΑΡΑΚΤΙΟ ΧΩΡΟ","165716944000","101004896","yahoo.gr"
"ΒΑΛΑΒΑΝΗΣ ΠΕΤΡΟΣ ΚΑΙ ΣΙΑ Ε.Ε.","B","free-mail","petrosvalavanis3@gmail.com","6938284208","ΑΓΙΟΥ ΔΗΜΗΤΡΙΟΥ / ΝΟΤΙΟΥ ΤΟΜΕΑ ΑΘΗΝΩΝ","ΑΤΤΙΚΗΣ","ΕΕ","2025","","","ΥΠΗΡΕΣΙΕΣ ΕΠΙΣΚΕΥΗΣ ΚΑΙ ΣΥΝΤΗΡΗΣΗΣ ΣΚΑΦΩΝ ΑΝΑΨΥΧΗΣ, ΛΕΜΒΩΝ ΚΑΙ ΜΗΧΑΝΩΝ ΘΑΛΑΣΣΗΣ","182712101000","802784506","gmail.com"
"ΒΑΜΒΑΚΕΡΗΣ MARINE ART ΜΟΝΟΠΡΟΣΩΠΗ Ι.Κ.Ε.","B","free-mail","aggelosvam2000@gmail.com","6974066070","ΠΕΙΡΑΙΩΣ / ΠΕΙΡΑΙΩΣ","ΑΤΤΙΚΗΣ","ΙΚΕ","2025","","","ΥΠΗΡΕΣΙΕΣ ΕΠΙΣΚΕΥΗΣ ΚΑΙ ΣΥΝΤΗΡΗΣΗΣ ΣΚΑΦΩΝ ΑΝΑΨΥΧΗΣ, ΛΕΜΒΩΝ ΚΑΙ ΜΗΧΑΝΩΝ ΘΑΛΑΣΣΗΣ","188794007000","803075460","gmail.com"
"ΒΑΡΒΑΡΕΣΟΣ ΧΑΡΑΛΑΜΠΟΣ ΤΟΥ ΝΙΚΟΛΑΟΥ","B","free-mail","chvarvaresos@gmail.com","2106621139","ΚΡΩΠΙΑΣ / ΑΝΑΤΟΛΙΚΗΣ ΑΤΤΙΚΗΣ","ΑΤΤΙΚΗΣ","ΑΤΟΜΙΚΗ","2011","","","ΥΠΗΡΕΣΙΕΣ ΕΠΙΣΚΕΥΗΣ ΚΑΙ ΣΥΝΤΗΡΗΣΗΣ ΣΚΑΦΩΝ ΑΝΑΨΥΧΗΣ, ΛΕΜΒΩΝ ΚΑΙ ΜΗΧΑΝΩΝ ΘΑΛΑΣΣΗΣ","180736903000","077271140","gmail.com"
"ΒΑΡΜΠΟΜΠΙΤΗΣ ΝΙΚΟΛΑΟΣ","B","free-mail","nbar35721@gmail.com","6937957360","ΚΑΛΛΙΘΕΑΣ / ΝΟΤΙΟΥ ΤΟΜΕΑ ΑΘΗΝΩΝ","ΑΤΤΙΚΗΣ","ΑΤΟΜΙΚΗ","2026","","","ΥΠΗΡΕΣΙΕΣ ΕΠΙΣΚΕΥΗΣ ΚΑΙ ΣΥΝΤΗΡΗΣΗΣ ΣΚΑΦΩΝ ΑΝΑΨΥΧΗΣ, ΛΕΜΒΩΝ ΚΑΙ ΜΗΧΑΝΩΝ ΘΑΛΑΣΣΗΣ","192387803000","105802001","gmail.com"
"ΒΑΣΙΛΑΣ ΔΗΜΗΤΡΙΟΣ ΤΟΥ ΜΙΧΑΗΛ","B","free-mail","vasilas.sosboat@gmail.com","2374071150","ΚΑΣΣΑΝΔΡΑΣ / ΧΑΛΚΙΔΙΚΗΣ","ΧΑΛΚΙΔΙΚΗΣ","ΑΤΟΜΙΚΗ","2025","","","ΥΠΗΡΕΣΙΕΣ ΕΠΙΣΚΕΥΗΣ ΚΑΙ ΣΥΝΤΗΡΗΣΗΣ ΣΚΑΦΩΝ ΑΝΑΨΥΧΗΣ, ΛΕΜΒΩΝ ΚΑΙ ΜΗΧΑΝΩΝ ΘΑΛΑΣΣΗΣ","31880057000","042137276","gmail.com"
"ΒΑΣΙΛΕΙΟΣ ΚΩΝΣΤΑΝΤΙΝΟΣ ΣΙΟΥΡΟΥΝΗΣ","B","free-mail","mygassails@gmail.com","","ΣΥΡΟΥ-ΕΡΜΟΥΠΟΛΗΣ / ΣΥΡΟΥ","ΚΥΚΛΑΔΩΝ","ΑΤΟΜΙΚΗ","2019","","","ΥΠΗΡΕΣΙΕΣ ΕΠΙΣΚΕΥΗΣ ΚΑΙ ΣΥΝΤΗΡΗΣΗΣ ΣΚΑΦΩΝ ΑΝΑΨΥΧΗΣ, ΛΕΜΒΩΝ ΚΑΙ ΜΗΧΑΝΩΝ ΘΑΛΑΣΣΗΣ","151243938000","116450475","gmail.com"
"ΒΑΣΙΛΕΙΟΥ ΕΛΕΥΘΕΡΙΟΣ ΤΟΥ ΝΙΚΟΛΑΟΥ.","B","free-mail","vasileiousecretary@otenet.gr","2292022566","ΛΑΥΡΕΩΤΙΚΗΣ / ΑΝΑΤΟΛΙΚΗΣ ΑΤΤΙΚΗΣ","ΑΝΑΤΟΛΙΚΗΣ ΑΤΤΙΚΗΣ","ΑΤΟΜΙΚΗ","2005","","","ΥΠΗΡΕΣΙΕΣ ΕΠΙΣΚΕΥΗΣ ΚΑΙ ΣΥΝΤΗΡΗΣΗΣ ΣΚΑΦΩΝ ΑΝΑΨΥΧΗΣ, ΛΕΜΒΩΝ ΚΑΙ ΜΗΧΑΝΩΝ ΘΑΛΑΣΣΗΣ","112701508000","061582120","otenet.gr"
"ΒΑΣΙΛΕΙΟΥ ΝΙΚΟΛΑΟΣ ΤΟΥ ΑΝΑΣΤΑΣΙΟΥ","B","free-mail","marine-vasilioy@hotmail.com","2375031666","ΣΙΘΩΝΙΑΣ / ΧΑΛΚΙΔΙΚΗΣ","ΧΑΛΚΙΔΙΚΗΣ","ΑΤΟΜΙΚΗ","2000","","","ΥΠΗΡΕΣΙΕΣ ΕΠΙΣΚΕΥΗΣ ΚΑΙ ΣΥΝΤΗΡΗΣΗΣ ΣΚΑΦΩΝ ΑΝΑΨΥΧΗΣ, ΛΕΜΒΩΝ ΚΑΙ ΜΗΧΑΝΩΝ ΘΑΛΑΣΣΗΣ","31884457000","034556330","hotmail.com"
"ΒΕΝΤΟΥΡΗΣ ΤΕΑΜ ΜΟΝΟΠΡΟΣΩΠΗ ΙΚΕ","B","free-mail","fbceconomics@yahoo.com","2104010925","ΠΕΡΑΜΑΤΟΣ / ΠΕΙΡΑΙΩΣ","ΑΤΤΙΚΗΣ","ΙΚΕ","2018","","","ΥΠΗΡΕΣΙΕΣ ΕΠΙΣΚΕΥΗΣ ΚΑΙ ΣΥΝΤΗΡΗΣΗΣ ΣΚΑΦΩΝ ΑΝΑΨΥΧΗΣ, ΛΕΜΒΩΝ ΚΑΙ ΜΗΧΑΝΩΝ ΘΑΛΑΣΣΗΣ","148554108000","801077537","yahoo.com"
"ΒΕΡΥΚΙΟΣ ΙΩΑΝΝΗΣ ΤΟΥ ΠΑΝΑΓΙΩΤΟΥ","B","free-mail","elati4@otenet.gr","2104121460","ΠΕΙΡΑΙΩΣ / ΠΕΙΡΑΙΩΣ","ΠΕΙΡΑΙΑ","ΑΤΟΜΙΚΗ","2013","","","ΥΠΗΡΕΣΙΕΣ ΕΠΙΣΚΕΥΗΣ ΚΑΙ ΣΥΝΤΗΡΗΣΗΣ ΣΚΑΦΩΝ ΑΝΑΨΥΧΗΣ, ΛΕΜΒΩΝ ΚΑΙ ΜΗΧΑΝΩΝ ΘΑΛΑΣΣΗΣ","124713208000","103171774","otenet.gr"
"ΒΙΤΩΡΑΤΟΣ ΠΕΤΡΟΣ ΤΟΥ ΓΕΡΑΣΙΜΟΥ","B","free-mail","vittoratospetros@hotmail.com","6946004807","ΛΗΞΟΥΡΙΟΥ / ΚΕΦΑΛΛΗΝΙΑΣ","ΚΕΦΑΛΛΗΝΙΑΣ","ΑΤΟΜΙΚΗ","1998","","","ΥΠΗΡΕΣΙΕΣ ΕΠΙΣΚΕΥΗΣ ΚΑΙ ΣΥΝΤΗΡΗΣΗΣ ΣΚΑΦΩΝ ΑΝΑΨΥΧΗΣ, ΛΕΜΒΩΝ ΚΑΙ ΜΗΧΑΝΩΝ ΘΑΛΑΣΣΗΣ","15862434000","030847707","hotmail.com"
"ΒΛΑΝΤΗΣ ΠΑΝΑΓΙΩΤΗΣ","B","free-mail","vlantismarine@gmail.com","2643023212","ΑΚΤΙΟΥ-ΒΟΝΙΤΣΑΣ / ΑΙΤΩΛΟΑΚΑΡΝΑΝΙΑΣ","ΑΙΤΩΛΟΑΚΑΡΝΑΝΙΑΣ","ΑΤΟΜΙΚΗ","2025","","","ΥΠΗΡΕΣΙΕΣ ΕΠΙΣΚΕΥΗΣ ΚΑΙ ΣΥΝΤΗΡΗΣΗΣ ΣΚΑΦΩΝ ΑΝΑΨΥΧΗΣ, ΛΕΜΒΩΝ ΚΑΙ ΜΗΧΑΝΩΝ ΘΑΛΑΣΣΗΣ","181427312000","162005759","gmail.com"
"ΒΟΥΤΣΙΝΟΣ ΓΕΩΡΓΙΟΣ Ι.Κ.Ε.","B","free-mail","voutsinosp@gmail.com","2108991400","ΜΑΡΚΟΠΟΥΛΟΥ ΜΕΣΟΓΑΙΑΣ / ΑΝΑΤΟΛΙΚΗΣ ΑΤΤΙΚΗΣ","ΑΤΤΙΚΗΣ","ΙΚΕ","2021","","","ΥΠΗΡΕΣΙΕΣ ΕΠΙΣΚΕΥΗΣ ΚΑΙ ΣΥΝΤΗΡΗΣΗΣ ΣΚΑΦΩΝ ΑΝΑΨΥΧΗΣ, ΛΕΜΒΩΝ ΚΑΙ ΜΗΧΑΝΩΝ ΘΑΛΑΣΣΗΣ","158368003000","801517744","gmail.com"
"Γ. ΑΝΑΣΤΑΣΟΠΟΥΛΟΣ - Κ. ΚΑΨΟΡΟΥΧΟΣ Ο.Ε.","B","free-mail","bse1nox@yahoo.gr","2105562051","ΕΛΕΥΣΙΝΑΣ / ΔΥΤΙΚΗΣ ΑΤΤΙΚΗΣ","ΔΥΤΙΚΗΣ ΑΤΤΙΚΗΣ","ΟΕ","1999","","","ΥΠΗΡΕΣΙΕΣ ΕΠΙΣΚΕΥΗΣ ΚΑΙ ΣΥΝΤΗΡΗΣΗΣ ΣΚΑΦΩΝ ΑΝΑΨΥΧΗΣ, ΛΕΜΒΩΝ ΚΑΙ ΜΗΧΑΝΩΝ ΘΑΛΑΣΣΗΣ","112129508000","099045307","yahoo.gr"
"Γ. ΒΑΛΑΒΑΝΗΣ - Χ. ΑΥΓΟΥΣΤΗΣ Ο.Ε.","B","free-mail","yer9933@yahoo.gr","2109933981","ΑΓΙΟΥ ΔΗΜΗΤΡΙΟΥ / ΝΟΤΙΟΥ ΤΟΜΕΑ ΑΘΗΝΩΝ","ΑΘΗΝΩΝ","ΟΕ","1989","","","ΥΠΗΡΕΣΙΕΣ ΕΠΙΣΚΕΥΗΣ ΚΑΙ ΣΥΝΤΗΡΗΣΗΣ ΣΚΑΦΩΝ ΑΝΑΨΥΧΗΣ, ΛΕΜΒΩΝ ΚΑΙ ΜΗΧΑΝΩΝ ΘΑΛΑΣΣΗΣ","84106802000","082384128","yahoo.gr"
"ΓΑΛΑΝΗΣ ΜΙΧΑΗΛ ΤΟΥ ΑΛΕΞΑΝΔΡΟΥ","B","free-mail","galanism@gmail.com","2104965113","ΠΕΙΡΑΙΩΣ / ΠΕΙΡΑΙΩΣ","ΑΤΤΙΚΗΣ","ΑΤΟΜΙΚΗ","2025","","","ΥΠΗΡΕΣΙΕΣ ΕΠΙΣΚΕΥΗΣ ΚΑΙ ΣΥΝΤΗΡΗΣΗΣ ΣΚΑΦΩΝ ΑΝΑΨΥΧΗΣ, ΛΕΜΒΩΝ ΚΑΙ ΜΗΧΑΝΩΝ ΘΑΛΑΣΣΗΣ","138238438000","053955451","gmail.com"
"ΓΑΣΠΑΡΗΣ ΓΕΡΑΣΙΜΟΣ ΤΟΥ ΠΑΝΑΓΗ","B","free-mail","matthaiakis.dim@gmail.com","6980655672","ΣΑΜΗΣ / ΚΕΦΑΛΛΗΝΙΑΣ","ΚΕΦΑΛΛΗΝΙΑΣ","ΑΤΟΜΙΚΗ","2025","","","ΥΠΗΡΕΣΙΕΣ ΕΠΙΣΚΕΥΗΣ ΚΑΙ ΣΥΝΤΗΡΗΣΗΣ ΣΚΑΦΩΝ ΑΝΑΨΥΧΗΣ, ΛΕΜΒΩΝ ΚΑΙ ΜΗΧΑΝΩΝ ΘΑΛΑΣΣΗΣ","187950734000","169116573","gmail.com"
"ΓΕΜΕΛΙΑΡΗΣ ΑΘΑΝΑΣΙΟΣ","B","free-mail","athanasiosgemeliaris@gmail.com","6946619047","ΠΑΡΟΥ / ΠΑΡΟΥ","ΚΥΚΛΑΔΩΝ","ΑΤΟΜΙΚΗ","2025","","","ΥΠΗΡΕΣΙΕΣ ΣΤΑΘΜΕΥΣΗΣ ΚΑΙ ΦΥΛΑΞΗΣ ΣΚΑΦΩΝ, ΣΕ ΧΕΡΣΑΙΟ ΧΩΡΟ","185410938000","138088917","gmail.com"
"ΓΕΩΡΓΙΑΔΗΣ ΔΗΜΗΤΡΙΟΣ","B","free-mail","dimitrisgeorgiadis58@gmail.com","2610451883","ΠΑΤΡΕΩΝ / ΑΧΑΙΑΣ","ΑΧΑΙΑΣ","ΑΤΟΜΙΚΗ","2025","","","ΥΠΗΡΕΣΙΕΣ ΕΠΙΣΚΕΥΗΣ ΚΑΙ ΣΥΝΤΗΡΗΣΗΣ ΣΚΑΦΩΝ ΑΝΑΨΥΧΗΣ, ΛΕΜΒΩΝ ΚΑΙ ΜΗΧΑΝΩΝ ΘΑΛΑΣΣΗΣ","182449716000","160066211","gmail.com"
"ΓΕΩΡΓΙΟΣ ΕΥΣΤΡΑΤΙΟΥ ΜΕΛΑΝΙΤΗΣ","B","free-mail","melanitisi@yahoo.gr","","ΤΗΝΟΥ / ΤΗΝΟΥ","ΚΥΚΛΑΔΩΝ","ΑΤΟΜΙΚΗ","2014","","","ΥΠΗΡΕΣΙΕΣ ΣΤΑΘΜΕΥΣΗΣ ΚΑΙ ΦΥΛΑΞΗΣ ΣΚΑΦΩΝ, ΣΕ ΧΕΡΣΑΙΟ ΧΩΡΟ","48332938000","048013900","yahoo.gr"
"ΓΕΩΡΓΙΟΣ ΚΟΚΚΑΛΟΣ ΚΑΙ ΣΙΑ Ε.Ε.","B","free-mail","eleni2608@yahoo.gr","2103213720","ΚΑΛΛΙΘΕΑΣ / ΝΟΤΙΟΥ ΤΟΜΕΑ ΑΘΗΝΩΝ","ΑΤΤΙΚΗΣ","ΕΕ","2023","","","ΥΠΗΡΕΣΙΕΣ ΕΠΙΣΚΕΥΗΣ ΚΑΙ ΣΥΝΤΗΡΗΣΗΣ ΣΚΑΦΩΝ ΑΝΑΨΥΧΗΣ, ΛΕΜΒΩΝ ΚΑΙ ΜΗΧΑΝΩΝ ΘΑΛΑΣΣΗΣ","174106708000","802310872","yahoo.gr"
"ΓΙΑΙΤΖΟΓΛΟΥ ΔΗΜΗΤΡΙΟΣ","B","free-mail","gianniskanakakhs@gmail.com","2242048083","ΚΩ / ΚΩ","ΔΩΔΕΚΑΝΗΣΟΥ","ΑΤΟΜΙΚΗ","2015","","","ΥΠΗΡΕΣΙΕΣ ΣΤΑΘΜΕΥΣΗΣ ΚΑΙ ΦΥΛΑΞΗΣ ΣΚΑΦΩΝ, ΣΕ ΠΑΡΑΚΤΙΟ ΧΩΡΟ","71482220000","029023580","gmail.com"
"ΓΙΑΙΤΖΟΓΛΟΥ ΧΡΗΣΤΟΣ ΒΑΛΑΝΤΗΣ","B","free-mail","gianniskanakakhs@gmail.com","2242048083","ΚΩ / ΚΩ","ΔΩΔΕΚΑΝΗΣΟΥ","ΑΤΟΜΙΚΗ","2019","","","ΥΠΗΡΕΣΙΕΣ ΣΤΑΘΜΕΥΣΗΣ ΚΑΙ ΦΥΛΑΞΗΣ ΣΚΑΦΩΝ, ΣΕ ΠΑΡΑΚΤΙΟ ΧΩΡΟ","167165620000","143321228","gmail.com"
"ΓΚΑΡΑΓΚΟΥΝΗ ΚΑΣΣΙΑΝΗ ΤΟΥ ΚΩΝΣΤΑΝΤΙΝΟΥ","B","free-mail","vaziakas@yahoo.gr","","ΒΟΛΟΥ / ΜΑΓΝΗΣΙΑΣ","ΜΑΓΝΗΣΙΑΣ","ΑΤΟΜΙΚΗ","2022","","","ΥΠΗΡΕΣΙΕΣ ΕΠΙΣΚΕΥΗΣ ΚΑΙ ΣΥΝΤΗΡΗΣΗΣ ΣΚΑΦΩΝ ΑΝΑΨΥΧΗΣ, ΛΕΜΒΩΝ ΚΑΙ ΜΗΧΑΝΩΝ ΘΑΛΑΣΣΗΣ","167638444000","046096778","yahoo.gr"
"ΓΚΙΡΚΑΣ ΝΙΚΟΛΑΟΣ ΤΟΥ ΔΗΜΗΤΡΙΟΥ","B","free-mail","makismargelis@gmail.com","","ΛΕΥΚΑΔΑΣ / ΛΕΥΚΑΔΑΣ","ΛΕΥΚΑΔΑΣ","ΑΤΟΜΙΚΗ","1997","","","ΥΠΗΡΕΣΙΕΣ ΕΠΙΣΚΕΥΗΣ ΚΑΙ ΣΥΝΤΗΡΗΣΗΣ ΣΚΑΦΩΝ ΑΝΑΨΥΧΗΣ, ΛΕΜΒΩΝ ΚΑΙ ΜΗΧΑΝΩΝ ΘΑΛΑΣΣΗΣ","16321443000","051213750","gmail.com"
"ΓΚΟΛΟΣΗ ΟΛΓΚΕΡ","B","free-mail","ipokratis1965@gmail.com","2242069893","ΚΩ / ΚΩ","ΔΩΔΕΚΑΝΗΣΟΥ","ΑΤΟΜΙΚΗ","2023","","","ΥΠΗΡΕΣΙΕΣ ΕΠΙΣΚΕΥΗΣ ΚΑΙ ΣΥΝΤΗΡΗΣΗΣ ΣΚΑΦΩΝ ΑΝΑΨΥΧΗΣ, ΛΕΜΒΩΝ ΚΑΙ ΜΗΧΑΝΩΝ ΘΑΛΑΣΣΗΣ","169443120000","117354682","gmail.com"
"ΓΛΥΝΙΑΔΑΚΗΣ ΚΩΝ/ΝΟΣ ΤΟΥ ΕΜΜΑΝΟΥΗΛ (Υποκατάστημα)","B","free-mail","glinias_k@yahoo.gr","2821070992","ΧΑΝΙΩΝ / ΧΑΝΙΩΝ","ΧΑΝΙΩΝ","ΑΤΟΜΙΚΗ","2023","","","ΥΠΗΡΕΣΙΕΣ ΣΤΑΘΜΕΥΣΗΣ ΚΑΙ ΦΥΛΑΞΗΣ ΣΚΑΦΩΝ, ΣΕ ΧΕΡΣΑΙΟ ΧΩΡΟ","75134958001","036731052","yahoo.gr"
"ΓΟΥΝΑΡΗ ΧΡΥΣΟΥΛΑ ΤΟΥ ΔΗΜΗΤΡΙΟΥ","B","free-mail","p.gounaris60@gmail.com","2641022979","ΑΓΡΙΝΙΟΥ / ΑΙΤΩΛΟΑΚΑΡΝΑΝΙΑΣ","ΑΙΤΩΛΟΑΚΑΡΝΑΝΙΑΣ","ΑΤΟΜΙΚΗ","2019","","","ΥΠΗΡΕΣΙΕΣ ΕΠΙΣΚΕΥΗΣ ΚΑΙ ΣΥΝΤΗΡΗΣΗΣ ΣΚΑΦΩΝ ΑΝΑΨΥΧΗΣ, ΛΕΜΒΩΝ ΚΑΙ ΜΗΧΑΝΩΝ ΘΑΛΑΣΣΗΣ","150045512000","064861323","gmail.com"
"ΓΟΥΣΙΟΣ ΑΛΕΞΑΝΔΡΟΣ ΤΟΥ ΓΕΩΡΓΙΟΥ","B","free-mail","alexandrosspl@yahoo.gr","2410555825","ΚΙΛΕΛΕΡ / ΛΑΡΙΣΑΣ","ΛΑΡΙΣΑΣ","ΑΤΟΜΙΚΗ","2022","","","ΥΠΗΡΕΣΙΕΣ ΕΠΙΣΚΕΥΗΣ ΚΑΙ ΣΥΝΤΗΡΗΣΗΣ ΣΚΑΦΩΝ ΑΝΑΨΥΧΗΣ, ΛΕΜΒΩΝ ΚΑΙ ΜΗΧΑΝΩΝ ΘΑΛΑΣΣΗΣ","163439040000","130289874","yahoo.gr"
"ΓΡΥΛΛΗΣ  ΜΙΧΑΗΛ","B","free-mail","lipsiboatparking@gmail.com","6977083658","ΛΕΙΨΩΝ / ΚΑΛΥΜΝΟΥ","ΔΩΔΕΚΑΝΗΣΟΥ","ΑΤΟΜΙΚΗ","2017","","","ΥΠΗΡΕΣΙΕΣ ΣΤΑΘΜΕΥΣΗΣ ΚΑΙ ΦΥΛΑΞΗΣ ΣΚΑΦΩΝ, ΣΕ ΧΕΡΣΑΙΟ ΧΩΡΟ","141405720000","108100162","gmail.com"
"Δ. ΒΑΣΙΛΑΣ -  Χ. ΚΟΥΚΟΒΙΝΟΣ Ο.Ε","B","free-mail","trienatec@yahoo.gr","2374071111","ΚΑΣΣΑΝΔΡΑΣ / ΧΑΛΚΙΔΙΚΗΣ","ΧΑΛΚΙΔΙΚΗΣ","ΟΕ","2007","","","ΥΠΗΡΕΣΙΕΣ ΣΤΑΘΜΕΥΣΗΣ ΚΑΙ ΦΥΛΑΞΗΣ ΣΚΑΦΩΝ, ΣΕ ΧΕΡΣΑΙΟ ΧΩΡΟ","31995257000","999435315","yahoo.gr"
"Δ. ΓΙΕΜΕΝΤΖΗΣ & ΣΙΑ Ο.Ε. (Υποκατάστημα)","B","free-mail","gementzis@gmail.com","6937319507","ΝΕΑΣ ΠΡΟΠΟΝΤΙΔΑΣ / ΧΑΛΚΙΔΙΚΗΣ","ΧΑΛΚΙΔΙΚΗΣ","ΟΕ","2025","","","ΥΠΗΡΕΣΙΕΣ ΣΤΑΘΜΕΥΣΗΣ ΚΑΙ ΦΥΛΑΞΗΣ ΣΚΑΦΩΝ, ΣΕ ΧΕΡΣΑΙΟ ΧΩΡΟ","31955957001","999536636","gmail.com"
"Δ.ΣΑΞΙΩΝΗΣ ΚΑΙ ΣΙΑ Ε.Ε.","B","free-mail","dsaxionis@yahoo.com","2733052071","ΑΝΑΤΟΛΙΚΗΣ ΜΑΝΗΣ / ΛΑΚΩΝΙΑΣ","ΛΑΚΩΝΙΑΣ","ΕΕ","2023","","","ΥΠΗΡΕΣΙΕΣ ΕΠΙΣΚΕΥΗΣ ΚΑΙ ΣΥΝΤΗΡΗΣΗΣ ΣΚΑΦΩΝ ΑΝΑΨΥΧΗΣ, ΛΕΜΒΩΝ ΚΑΙ ΜΗΧΑΝΩΝ ΘΑΛΑΣΣΗΣ","170758439000","802140020","yahoo.com"
"ΔΑΓΚΛΗΣ ΒΑΣΙΛΕΙΟΣ","B","free-mail","dag_bill@hotmail.com","6972995741","ΑΘΗΝΑΙΩΝ / ΚΕΝΤΡΙΚΟΥ ΤΟΜΕΑ ΑΘΗΝΩΝ","ΑΤΤΙΚΗΣ","ΑΤΟΜΙΚΗ","2025","","","ΥΠΗΡΕΣΙΕΣ ΕΠΙΣΚΕΥΗΣ ΚΑΙ ΣΥΝΤΗΡΗΣΗΣ ΣΚΑΦΩΝ ΑΝΑΨΥΧΗΣ, ΛΕΜΒΩΝ ΚΑΙ ΜΗΧΑΝΩΝ ΘΑΛΑΣΣΗΣ","184159403000","128642464","hotmail.com"
"ΔΑΔΕΝΑΣ ΕΥΣΤΡΑΤΙΟΣ ΤΟΥ ΓΕΩΡΓΙΟΥ","B","free-mail","kipreosa@yahoo.gr","2104322846","ΚΕΡΑΤΣΙΝΙΟΥ - ΔΡΑΠΕΤΣΩΝΑΣ / ΠΕΙΡΑΙΩΣ","ΑΤΤΙΚΗΣ","ΑΤΟΜΙΚΗ","2018","","","ΥΠΗΡΕΣΙΕΣ ΕΠΙΣΚΕΥΗΣ ΚΑΙ ΣΥΝΤΗΡΗΣΗΣ ΣΚΑΦΩΝ ΑΝΑΨΥΧΗΣ, ΛΕΜΒΩΝ ΚΑΙ ΜΗΧΑΝΩΝ ΘΑΛΑΣΣΗΣ","149401609000","050337679","yahoo.gr"
"ΔΑΛΑΒΙΤΣΟΣ ΑΝΕΣΤΗΣ του ΣΤΥΛΙΑΝΟΥ","B","free-mail","d.marineservice@gmail.com","2254092083","ΛΗΜΝΟΥ / ΛΗΜΝΟΥ","ΛΕΣΒΟΥ","ΑΤΟΜΙΚΗ","2007","","","ΥΠΗΡΕΣΙΕΣ ΕΠΙΣΚΕΥΗΣ ΚΑΙ ΣΥΝΤΗΡΗΣΗΣ ΣΚΑΦΩΝ ΑΝΑΨΥΧΗΣ, ΛΕΜΒΩΝ ΚΑΙ ΜΗΧΑΝΩΝ ΘΑΛΑΣΣΗΣ","111806808000","301429579","gmail.com"
"ΔΕΛΗΔΗΜΗΤΡΗΣ ΜΑΡΜΑΡΑΣ ΙΩΑΝΝΗΣ","B","free-mail","giannisdelidimitris@gmail.com","2104008035","ΑΛΙΜΟΥ / ΝΟΤΙΟΥ ΤΟΜΕΑ ΑΘΗΝΩΝ","ΑΤΤΙΚΗΣ","ΑΤΟΜΙΚΗ","2025","","","ΥΠΗΡΕΣΙΕΣ ΕΠΙΣΚΕΥΗΣ ΚΑΙ ΣΥΝΤΗΡΗΣΗΣ ΣΚΑΦΩΝ ΑΝΑΨΥΧΗΣ, ΛΕΜΒΩΝ ΚΑΙ ΜΗΧΑΝΩΝ ΘΑΛΑΣΣΗΣ","182839208000","139115713","gmail.com"
"ΔΕΜΙΡΟΓΛΟΥ ΜΙΧΑΗΛ ΤΟΥ ΙΩΑΝΝΟΥ","B","free-mail","mixalisdemi@gmail.com","6972092079","ΚΑΛΛΙΘΕΑΣ / ΝΟΤΙΟΥ ΤΟΜΕΑ ΑΘΗΝΩΝ","ΑΤΤΙΚΗΣ","ΑΤΟΜΙΚΗ","2020","","","ΥΠΗΡΕΣΙΕΣ ΕΠΙΣΚΕΥΗΣ ΚΑΙ ΣΥΝΤΗΡΗΣΗΣ ΣΚΑΦΩΝ ΑΝΑΨΥΧΗΣ, ΛΕΜΒΩΝ ΚΑΙ ΜΗΧΑΝΩΝ ΘΑΛΑΣΣΗΣ","136477508000","038237309","gmail.com"
"ΔΕΣΚΑΣ ΑΧΙΛΛΕΥΣ ΤΟΥ ΚΩΝΣΤΑΝΤΙΝΟΥ","B","free-mail","axileasdeskas@yahoo.com","","ΠΡΕΒΕΖΑΣ / ΠΡΕΒΕΖΑΣ","ΠΡΕΒΕΖΑΣ","ΑΤΟΜΙΚΗ","2019","","","ΥΠΗΡΕΣΙΕΣ ΕΠΙΣΚΕΥΗΣ ΚΑΙ ΣΥΝΤΗΡΗΣΗΣ ΣΚΑΦΩΝ ΑΝΑΨΥΧΗΣ, ΛΕΜΒΩΝ ΚΑΙ ΜΗΧΑΝΩΝ ΘΑΛΑΣΣΗΣ","148791149000","063715567","yahoo.com"
"ΔΗΜΑΣ ΔΗΜΗΤΡΙΟΣ ΤΟΥ ΜΙΧΑΗΛ","B","free-mail","ddimas.carpenter@gmail.com","","ΠΡΕΒΕΖΑΣ / ΠΡΕΒΕΖΑΣ","ΠΡΕΒΕΖΑΣ","ΑΤΟΜΙΚΗ","2022","","","ΥΠΗΡΕΣΙΕΣ ΕΠΙΣΚΕΥΗΣ ΚΑΙ ΣΥΝΤΗΡΗΣΗΣ ΣΚΑΦΩΝ ΑΝΑΨΥΧΗΣ, ΛΕΜΒΩΝ ΚΑΙ ΜΗΧΑΝΩΝ ΘΑΛΑΣΣΗΣ","165354749000","101355069","gmail.com"
"ΔΗΜΗΤΡΗΣ ΑΔΑΜ Ε.Ε.","B","free-mail","adam_d@windowslive.com","","ΛΑΥΡΕΩΤΙΚΗΣ / ΑΝΑΤΟΛΙΚΗΣ ΑΤΤΙΚΗΣ","ΑΤΤΙΚΗΣ","ΕΕ","2022","","","ΥΠΗΡΕΣΙΕΣ ΕΠΙΣΚΕΥΗΣ ΚΑΙ ΣΥΝΤΗΡΗΣΗΣ ΣΚΑΦΩΝ ΑΝΑΨΥΧΗΣ, ΛΕΜΒΩΝ ΚΑΙ ΜΗΧΑΝΩΝ ΘΑΛΑΣΣΗΣ","162570809000","801745821","windowslive.com"
"ΔΗΜΗΤΡΙΟΣ ΓΕΩΡΓΙΟΥ ΚΑΡΑΤΖΑΣ","B","free-mail","dimitriskaratzas81@gmail.com","2282024070","ΑΝΔΡΟΥ / ΑΝΔΡΟΥ","ΚΥΚΛΑΔΩΝ","ΑΤΟΜΙΚΗ","","","","ΥΠΗΡΕΣΙΕΣ ΣΤΑΘΜΕΥΣΗΣ ΚΑΙ ΦΥΛΑΞΗΣ ΣΚΑΦΩΝ, ΣΕ ΧΕΡΣΑΙΟ ΧΩΡΟ","121127738000","049262207","gmail.com"
"ΔΗΜΗΤΡΙΟΣ ΠΟΛΥΔΟΥΛΗΣ - ΚΥΡΙΑΚΟΣ ΠΟΛΥΔΟΥΛΗΣ Ο.Ε.Ε.","B","free-mail","kyriakospol1981@gmail.com","2281080676","ΣΥΡΟΥ-ΕΡΜΟΥΠΟΛΗΣ / ΣΥΡΟΥ","ΚΥΚΛΑΔΩΝ","ΟΕ","2008","","","ΥΠΗΡΕΣΙΕΣ ΑΝΕΛΚΥΣΗΣ ΚΑΙ ΚΑΘΕΛΚΥΣΗΣ ΣΚΑΦΩΝ","48477338000","998224495","gmail.com"
"ΔΗΜΗΤΡΙΟΥ ΕΜΜΑΝΟΥΗΛ  ΤΟΥ  ΔΗΜΗΤΡΙΟΥ","B","free-mail","dimitrioumarineservices@yahoo.com","2427024049","ΣΚΙΑΘΟΥ / ΣΠΟΡΑΔΩΝ","ΜΑΓΝΗΣΙΑΣ","ΑΤΟΜΙΚΗ","2013","","","ΥΠΗΡΕΣΙΕΣ ΣΤΑΘΜΕΥΣΗΣ ΚΑΙ ΦΥΛΑΞΗΣ ΣΚΑΦΩΝ, ΣΕ ΧΕΡΣΑΙΟ ΧΩΡΟ","125090044000","107872569","yahoo.com"
"ΔΙΑΜΑΝΤΟΠΟΥΛΟΣ ΛΕΩΝΙΔΑΣ TOY ΝΙΚΟΛΑΟΥ","B","free-mail","leonidasdiamantopoulos@gmail.com","2292041511","ΛΑΥΡΕΩΤΙΚΗΣ / ΑΝΑΤΟΛΙΚΗΣ ΑΤΤΙΚΗΣ","ΑΤΤΙΚΗΣ","ΑΤΟΜΙΚΗ","2010","","","ΥΠΗΡΕΣΙΕΣ ΣΤΑΘΜΕΥΣΗΣ ΚΑΙ ΦΥΛΑΞΗΣ ΣΚΑΦΩΝ, ΣΕ ΧΕΡΣΑΙΟ ΧΩΡΟ","56358409000","105755173","gmail.com"
"ΔΝ ΤΑΞΙΔΕΥΤΗΣ Ι.Κ.Ε.","B","free-mail","Jimarasellas@hotmail.com","6984374204","ΛΑΥΡΕΩΤΙΚΗΣ / ΑΝΑΤΟΛΙΚΗΣ ΑΤΤΙΚΗΣ","ΑΤΤΙΚΗΣ","ΙΚΕ","2025","","","ΥΠΗΡΕΣΙΕΣ ΣΤΑΘΜΕΥΣΗΣ ΚΑΙ ΦΥΛΑΞΗΣ ΣΚΑΦΩΝ, ΣΕ ΠΑΡΑΚΤΙΟ ΧΩΡΟ","188949801000","803081731","hotmail.com"
"ΔΡΙΒΑ ΑΛΕΞΑΝΔΡΑ ΤΟΥ ΝΙΚΟΛΑΟΥ","B","free-mail","drivaalexandra49@gmail.com","6971721424","ΞΗΡΟΜΕΡΟΥ / ΑΙΤΩΛΟΑΚΑΡΝΑΝΙΑΣ","ΑΙΤΩΛΟΑΚΑΡΝΑΝΙΑΣ","ΑΤΟΜΙΚΗ","2025","","","ΥΠΗΡΕΣΙΕΣ ΣΤΑΘΜΕΥΣΗΣ ΚΑΙ ΦΥΛΑΞΗΣ ΣΚΑΦΩΝ, ΣΕ ΧΕΡΣΑΙΟ ΧΩΡΟ","182195912000","110763886","gmail.com"
"Ε. ΓΑΝΩΤΗΣ - Σ. ΚΟΡΕΝΤΗ Ο.Ε.","B","free-mail","ganotism@gmail.com","6948897045","ΒΟΛΟΥ / ΜΑΓΝΗΣΙΑΣ","ΜΑΓΝΗΣΙΑΣ","ΟΕ","2025","","","ΥΠΗΡΕΣΙΕΣ ΣΤΑΘΜΕΥΣΗΣ ΚΑΙ ΦΥΛΑΞΗΣ ΣΚΑΦΩΝ, ΣΕ ΠΑΡΑΚΤΙΟ ΧΩΡΟ","186488444000","802971428","gmail.com"
"Ε. ΚΑΙ Ν. ΔΙΑΜΑΝΤΟΠΟΥΛΟΣ Ο.Ε.","B","free-mail","b-marine@hotmail.com","2286025314","ΘΗΡΑΣ / ΘΗΡΑΣ","ΚΥΚΛΑΔΩΝ","ΟΕ","2011","","","ΥΠΗΡΕΣΙΕΣ ΕΠΙΣΚΕΥΗΣ ΚΑΙ ΣΥΝΤΗΡΗΣΗΣ ΣΚΑΦΩΝ ΑΝΑΨΥΧΗΣ, ΛΕΜΒΩΝ ΚΑΙ ΜΗΧΑΝΩΝ ΘΑΛΑΣΣΗΣ","116061938000","997877890","hotmail.com"
"ΕΙΡΗΝΗ ΣΤΕΦΑΝΑΚΗ ΚΑΙ ΣΙΑ ΟΕ (Υποκατάστημα)","B","free-mail","xploreribrental@gmail.com","2241029329","ΡΟΔΟΥ / ΡΟΔΟΥ","ΔΩΔΕΚΑΝΗΣΟΥ","ΟΕ","2011","","","ΥΠΗΡΕΣΙΕΣ ΕΚΠΑΙΔΕΥΣΗΣ ΣΤΗΝ ΟΔΗΓΗΣΗ ΤΑΧΥΠΛΟΩΝ ΣΚΑΦΩΝ","71752720001","082561752","gmail.com"
"ΕΞΗΝΤΑΡΗΣ ΙΩΑΝΝΗΣ ΤΟΥ ΑΝΑΣΤΑΣΙΟΥ","B","free-mail","exintaris@yahoo.gr","2341064852","ΠΑΥΛΟΥ ΜΕΛΑ / ΘΕΣΣΑΛΟΝΙΚΗΣ","ΘΕΣΣΑΛΟΝΙΚΗΣ","ΑΤΟΜΙΚΗ","1997","","","ΥΠΗΡΕΣΙΕΣ ΕΠΙΣΚΕΥΗΣ ΚΑΙ ΣΥΝΤΗΡΗΣΗΣ ΣΚΑΦΩΝ ΑΝΑΨΥΧΗΣ, ΛΕΜΒΩΝ ΚΑΙ ΜΗΧΑΝΩΝ ΘΑΛΑΣΣΗΣ","37113005000","029150810","yahoo.gr"
"ΖΑΒΙΤΣΑΝΟΣ ΘΕΟΔΩΡΟΣ ΑΓΓΕΛΟΣ ΤΟΥ ΧΡΥΣΑΝΘΟΥ","B","free-mail","diavlosmarine@gmail.com","","ΛΕΥΚΑΔΑΣ / ΛΕΥΚΑΔΑΣ","ΛΕΥΚΑΔΑΣ","ΑΤΟΜΙΚΗ","2022","","","ΥΠΗΡΕΣΙΕΣ ΕΠΙΣΚΕΥΗΣ ΚΑΙ ΣΥΝΤΗΡΗΣΗΣ ΣΚΑΦΩΝ ΑΝΑΨΥΧΗΣ, ΛΕΜΒΩΝ ΚΑΙ ΜΗΧΑΝΩΝ ΘΑΛΑΣΣΗΣ","162590343000","170880020","gmail.com"
"ΖΙΚΟΣ & ΛΑΣΚΑΡΙΔΟΥ Ο.Ε.","B","free-mail","zikosparis@gmail.com","6949549390","ΒΟΛΟΥ / ΜΑΓΝΗΣΙΑΣ","ΜΑΓΝΗΣΙΑΣ","ΟΕ","2024","","","ΥΠΗΡΕΣΙΕΣ ΕΠΙΣΚΕΥΗΣ ΚΑΙ ΣΥΝΤΗΡΗΣΗΣ ΣΚΑΦΩΝ ΑΝΑΨΥΧΗΣ, ΛΕΜΒΩΝ ΚΑΙ ΜΗΧΑΝΩΝ ΘΑΛΑΣΣΗΣ","176055944000","802421615","gmail.com"
"ΖΟΥΜΗ ΔΕΣΠΟΙΝΑ ΚΑΙ ΣΙΑ Ε.Ε.","B","free-mail","zoomvalantis@gmail.com","6944740608","ΧΙΟΥ / ΧΙΟΥ","ΧΙΟΥ","ΕΕ","2026","","","ΥΠΗΡΕΣΙΕΣ ΣΤΑΘΜΕΥΣΗΣ ΚΑΙ ΦΥΛΑΞΗΣ ΣΚΑΦΩΝ, ΣΕ ΧΕΡΣΑΙΟ ΧΩΡΟ","193680759000","803279653","gmail.com"
"ΖΩΝΤΗΡΟΥ ΓΕΩΡΓΙΑ-ΜΟΣΤΡΟΥΣ ΚΩΝΣΤΑΝΤΙΝΟΣ Ο.Ε.","B","free-mail","karnagio1@yahoo.gr","2105541921","ΕΛΕΥΣΙΝΑΣ / ΔΥΤΙΚΗΣ ΑΤΤΙΚΗΣ","ΔΥΤΙΚΗΣ ΑΤΤΙΚΗΣ","ΟΕ","2009","","","ΥΠΗΡΕΣΙΕΣ ΕΠΙΣΚΕΥΗΣ ΚΑΙ ΣΥΝΤΗΡΗΣΗΣ ΣΚΑΦΩΝ ΑΝΑΨΥΧΗΣ, ΛΕΜΒΩΝ ΚΑΙ ΜΗΧΑΝΩΝ ΘΑΛΑΣΣΗΣ","122673908000","998118103","yahoo.gr"
"Η.ΠΛΕΑΣ-Γ.ΚΟΖΟΜΠΟΛΗΣ Ε.Ε.","B","free-mail","fanovafespleas@gmail.com","","ΜΕΓΑΡΕΩΝ / ΔΥΤΙΚΗΣ ΑΤΤΙΚΗΣ","ΑΤΤΙΚΗΣ","ΕΕ","2025","","","ΥΠΗΡΕΣΙΕΣ ΣΤΑΘΜΕΥΣΗΣ ΚΑΙ ΦΥΛΑΞΗΣ ΣΚΑΦΩΝ, ΣΕ ΧΕΡΣΑΙΟ ΧΩΡΟ","185883809000","802944033","gmail.com"
"ΗΛΙΑΣ ΙΩΑΝ. ΠΑΠΑΓΕΩΡΓΙΟΥ","B","free-mail","papageorgiou.helias1@gmail.com","6972621355","ΛΟΥΤΡΑΚΙΟΥ-ΠΕΡΑΧΩΡΑΣ-ΑΓΙΩΝ ΘΕΟΔΩΡΩΝ / ΚΟΡΙΝΘΙΑΣ","ΚΟΡΙΝΘΙΑΣ","ΑΤΟΜΙΚΗ","2009","","","ΥΠΗΡΕΣΙΕΣ ΕΠΙΣΚΕΥΗΣ ΚΑΙ ΣΥΝΤΗΡΗΣΗΣ ΣΚΑΦΩΝ ΑΝΑΨΥΧΗΣ, ΛΕΜΒΩΝ ΚΑΙ ΜΗΧΑΝΩΝ ΘΑΛΑΣΣΗΣ","115049737000","133436939","gmail.com"
"ΗΛΙΑΣ ΜΠΑΛΟΠΗΤΟΣ ΚΑΙ ΣΙΑ Ο.Ε (Υποκατάστημα)","B","free-mail","fra2@otenet.gr","2102137691","ΛΑΥΡΕΩΤΙΚΗΣ / ΑΝΑΤΟΛΙΚΗΣ ΑΤΤΙΚΗΣ","ΑΤΤΙΚΗΣ","ΟΕ","2023","","","ΥΠΗΡΕΣΙΕΣ ΣΤΑΘΜΕΥΣΗΣ ΚΑΙ ΦΥΛΑΞΗΣ ΣΚΑΦΩΝ, ΣΕ ΧΕΡΣΑΙΟ ΧΩΡΟ","125839207001","998291237","otenet.gr"
"ΗΛΙΟΠΟΥΛΟΣ ΓΕΩΡΓΙΟΣ ΤΟΥ ΘΕΟΦΙΛΟΥ","B","free-mail","giliopboat@yahoo.gr","6981278742","ΒΟΛΟΥ / ΜΑΓΝΗΣΙΑΣ","ΜΑΓΝΗΣΙΑΣ","ΑΤΟΜΙΚΗ","1999","","","ΥΠΗΡΕΣΙΕΣ ΕΚΠΑΙΔΕΥΣΗΣ ΣΤΗΝ ΟΔΗΓΗΣΗ ΤΑΧΥΠΛΟΩΝ ΣΚΑΦΩΝ","49779744000","030420828","yahoo.gr"
"Θ.ΔΕΛΗΚΩΣΤΙΔΗΣ - Δ.ΜΠΑΡΖΟΣ Ο.Ε.","B","free-mail","xarisdel21@gmail.com","6974234034","ΦΥΛΗΣ / ΔΥΤΙΚΗΣ ΑΤΤΙΚΗΣ","ΑΤΤΙΚΗΣ","ΟΕ","2022","","","ΥΠΗΡΕΣΙΕΣ ΕΠΙΣΚΕΥΗΣ ΚΑΙ ΣΥΝΤΗΡΗΣΗΣ ΣΚΑΦΩΝ ΑΝΑΨΥΧΗΣ, ΛΕΜΒΩΝ ΚΑΙ ΜΗΧΑΝΩΝ ΘΑΛΑΣΣΗΣ","164849103000","801867418","gmail.com"
"ΘΑΛΑΣΣΙΝΟΣ Π. - ΠΡΙΝΤΕΖΗ Χ. Ι.Κ.Ε.","B","free-mail","thalassinosservice@windowslive.com","2281061975","ΣΥΡΟΥ-ΕΡΜΟΥΠΟΛΗΣ / ΣΥΡΟΥ","ΚΥΚΛΑΔΩΝ","ΙΚΕ","2024","","","ΥΠΗΡΕΣΙΕΣ ΣΤΑΘΜΕΥΣΗΣ ΚΑΙ ΦΥΛΑΞΗΣ ΣΚΑΦΩΝ, ΣΕ ΧΕΡΣΑΙΟ ΧΩΡΟ","176886838000","802466528","windowslive.com"
"ΘΕΟΔΩΡΟΣ ΑΝΔΡΕΑ ΤΣΙΓΑΡΑΣ","B","free-mail","antiparosmarine@hotmail.com","2284061454","ΑΝΤΙΠΑΡΟΥ / ΠΑΡΟΥ","ΚΥΚΛΑΔΩΝ","ΑΤΟΜΙΚΗ","2012","","","ΥΠΗΡΕΣΙΕΣ ΕΠΙΣΚΕΥΗΣ ΚΑΙ ΣΥΝΤΗΡΗΣΗΣ ΣΚΑΦΩΝ ΑΝΑΨΥΧΗΣ, ΛΕΜΒΩΝ ΚΑΙ ΜΗΧΑΝΩΝ ΘΑΛΑΣΣΗΣ","119936538000","118736701","hotmail.com"
"ΘΕΟΔΩΡΟΣ ΑΝΤΡΕΑ ΤΣΙΓΑΡΑΣ","B","free-mail","antiparosmarine@hotmail.com","","ΑΝΤΙΠΑΡΟΥ / ΠΑΡΟΥ","ΚΥΚΛΑΔΩΝ","ΑΤΟΜΙΚΗ","2013","","","ΥΠΗΡΕΣΙΕΣ ΣΤΑΘΜΕΥΣΗΣ ΚΑΙ ΦΥΛΑΞΗΣ ΣΚΑΦΩΝ, ΣΕ ΠΑΡΑΚΤΙΟ ΧΩΡΟ","119936538001","118736701","hotmail.com"
"ΘΕΟΧΑΡΗΣ ΑΘ. ΚΑΙ ΣΙΑ Ο.Ε.","B","free-mail","taxpetros@gmail.com","2104594280","ΠΕΙΡΑΙΩΣ / ΠΕΙΡΑΙΩΣ","ΑΤΤΙΚΗΣ","ΟΕ","2020","","","ΥΠΗΡΕΣΙΕΣ ΑΝΕΛΚΥΣΗΣ ΚΑΙ ΚΑΘΕΛΚΥΣΗΣ ΣΚΑΦΩΝ","154827707000","801346139","gmail.com"
"ΙΟΝΙΟ ΓΙΟΤ ΣΕΡΒΙΣ Ι.Κ.Ε.","B","free-mail","gmargwnis@gmail.com","2646042008","ΞΗΡΟΜΕΡΟΥ / ΑΙΤΩΛΟΑΚΑΡΝΑΝΙΑΣ","ΑΙΤΩΛΟΑΚΑΡΝΑΝΙΑΣ","ΙΚΕ","2019","","","ΥΠΗΡΕΣΙΕΣ ΣΤΑΘΜΕΥΣΗΣ ΚΑΙ ΦΥΛΑΞΗΣ ΣΚΑΦΩΝ, ΣΕ ΧΕΡΣΑΙΟ ΧΩΡΟ","152571212000","801244669","gmail.com"
"ΙΩΑΚΕΙΜ ΔΗΜΗΤΡΙΟΣ ΤΟΥ ΠΑΝΑΓΙΩΤΗ","B","free-mail","k_otsi@hotmail.com","","ΜΕΓΑΡΕΩΝ / ΔΥΤΙΚΗΣ ΑΤΤΙΚΗΣ","ΑΤΤΙΚΗΣ","ΑΤΟΜΙΚΗ","2024","","","ΥΠΗΡΕΣΙΕΣ ΣΤΑΘΜΕΥΣΗΣ ΚΑΙ ΦΥΛΑΞΗΣ ΣΚΑΦΩΝ, ΣΕ ΧΕΡΣΑΙΟ ΧΩΡΟ","179143009000","138221364","hotmail.com"
"ΙΩΑΝΝΗΣ ΑΝΤΩΝΙΟΥ ΣΜΑΡΑΓΔΗΣ","B","free-mail","bsajohn1@gmail.com","6947443868","ΠΑΡΟΥ / ΠΑΡΟΥ","ΚΥΚΛΑΔΩΝ","ΑΤΟΜΙΚΗ","2022","","","ΥΠΗΡΕΣΙΕΣ ΣΤΑΘΜΕΥΣΗΣ ΚΑΙ ΦΥΛΑΞΗΣ ΣΚΑΦΩΝ, ΣΕ ΧΕΡΣΑΙΟ ΧΩΡΟ","171639338000","046758674","gmail.com"
"ΙΩΑΝΝΗΣ ΞΟΥΡΙΔΑΣ","B","free-mail","g.xouridas@gmail.com","","ΠΑΤΡΕΩΝ / ΑΧΑΙΑΣ","ΑΧΑΙΑΣ","ΑΤΟΜΙΚΗ","2025","","","ΥΠΗΡΕΣΙΕΣ ΕΚΠΑΙΔΕΥΣΗΣ ΣΤΗΝ ΟΔΗΓΗΣΗ ΤΑΧΥΠΛΟΩΝ ΣΚΑΦΩΝ","185547016000","104114335","gmail.com"
"ΙΩΣΗΦ ΙΣΙΔΩΡΟΥ ΜΑΡΙΟΥ ΦΡΕΡΗΣ","B","free-mail","iosiffre@gmail.com","","ΣΥΡΟΥ-ΕΡΜΟΥΠΟΛΗΣ / ΣΥΡΟΥ","ΚΥΚΛΑΔΩΝ","ΑΤΟΜΙΚΗ","2020","","","ΥΠΗΡΕΣΙΕΣ ΕΠΙΣΚΕΥΗΣ ΚΑΙ ΣΥΝΤΗΡΗΣΗΣ ΣΚΑΦΩΝ ΑΝΑΨΥΧΗΣ, ΛΕΜΒΩΝ ΚΑΙ ΜΗΧΑΝΩΝ ΘΑΛΑΣΣΗΣ","192906838000","132532561","gmail.com"
"Κ.ΚΟΝΤΟΒΑΣ-Κ.ΔΟΥΜΟΥΧΤΟΥΔΗΣ Ο.Ε.","B","free-mail","kontovasdinos@gmail.com","6982770849","ΒΟΛΟΥ / ΜΑΓΝΗΣΙΑΣ","ΜΑΓΝΗΣΙΑΣ","ΟΕ","2022","","","ΥΠΗΡΕΣΙΕΣ ΕΠΙΣΚΕΥΗΣ ΚΑΙ ΣΥΝΤΗΡΗΣΗΣ ΣΚΑΦΩΝ ΑΝΑΨΥΧΗΣ, ΛΕΜΒΩΝ ΚΑΙ ΜΗΧΑΝΩΝ ΘΑΛΑΣΣΗΣ","164253344000","801836349","gmail.com"
"ΚΑΜΙΤΣΗΣ ΠΕΡΟΣ","B","free-mail","kamitsisperos@gmail.com","2247031903","ΠΑΤΜΟΥ / ΚΑΛΥΜΝΟΥ","ΔΩΔΕΚΑΝΗΣΟΥ","ΑΤΟΜΙΚΗ","2021","","","ΥΠΗΡΕΣΙΕΣ ΕΠΙΣΚΕΥΗΣ ΚΑΙ ΣΥΝΤΗΡΗΣΗΣ ΣΚΑΦΩΝ ΑΝΑΨΥΧΗΣ, ΛΕΜΒΩΝ ΚΑΙ ΜΗΧΑΝΩΝ ΘΑΛΑΣΣΗΣ","72708620000","042815589","gmail.com"
"ΚΑΝΕΛΛΟΣ ΑΘΑΝΑΣΙΟΣ ΤΟΥ ΚΩΝΣΤΑΝΤΙΝΟΥ","B","free-mail","vmessini@gmail.com","","ΛΕΥΚΑΔΑΣ / ΛΕΥΚΑΔΑΣ","ΛΕΥΚΑΔΑΣ","ΑΤΟΜΙΚΗ","2022","","","ΥΠΗΡΕΣΙΕΣ ΕΠΙΣΚΕΥΗΣ ΚΑΙ ΣΥΝΤΗΡΗΣΗΣ ΣΚΑΦΩΝ ΑΝΑΨΥΧΗΣ, ΛΕΜΒΩΝ ΚΑΙ ΜΗΧΑΝΩΝ ΘΑΛΑΣΣΗΣ","163529643000","052924894","gmail.com"
"ΚΑΝΟΥΤΑΣ ΓΕΩΡΓΙΟΣ ΤΟΥ ΔΙΟΝΥΣΙΟΥ","B","free-mail","kanoutasmarine@gmail.com","6947116019","ΙΕΡΑΣ ΠΟΛΗΣ ΜΕΣΟΛΟΓΓΙΟΥ / ΑΙΤΩΛΟΑΚΑΡΝΑΝΙΑΣ","ΑΙΤΩΛΟΑΚΑΡΝΑΝΙΑΣ","ΑΤΟΜΙΚΗ","2010","","","ΥΠΗΡΕΣΙΕΣ ΕΠΙΣΚΕΥΗΣ ΚΑΙ ΣΥΝΤΗΡΗΣΗΣ ΣΚΑΦΩΝ ΑΝΑΨΥΧΗΣ, ΛΕΜΒΩΝ ΚΑΙ ΜΗΧΑΝΩΝ ΘΑΛΑΣΣΗΣ","27592712000","135969684","gmail.com"
"ΚΑΠΟΛΟΣ ΝΙΚΟΛΑΟΣ ΤΟΥ ΧΡΗΣΤΟΥ","B","free-mail","sxoliplown11@gmail.com","2226060745","ΙΣΤΙΑΙΑΣ-ΑΙΔΗΨΟΥ / ΕΥΒΟΙΑΣ","ΕΥΒΟΙΑΣ","ΑΤΟΜΙΚΗ","1997","","","ΥΠΗΡΕΣΙΕΣ ΕΚΠΑΙΔΕΥΣΗΣ ΣΤΗΝ ΟΔΗΓΗΣΗ ΤΑΧΥΠΛΟΩΝ ΣΚΑΦΩΝ","45364122000","039226422","gmail.com"
"ΚΑΡΑΓΙΑΝΝΗΣ ΗΛΙΑΣ ΤΟΥ ΔΗΜΗΤΡΙΟΥ","B","free-mail","kohler.service.karagiannis@gmail.com","2109935790","ΕΛΛΗΝΙΚΟΥ - ΑΡΓΥΡΟΥΠΟΛΗΣ / ΝΟΤΙΟΥ ΤΟΜΕΑ ΑΘΗΝΩΝ","ΑΤΤΙΚΗΣ","ΑΤΟΜΙΚΗ","2008","","","ΥΠΗΡΕΣΙΕΣ ΕΠΙΣΚΕΥΗΣ ΚΑΙ ΣΥΝΤΗΡΗΣΗΣ ΣΚΑΦΩΝ ΑΝΑΨΥΧΗΣ, ΛΕΜΒΩΝ ΚΑΙ ΜΗΧΑΝΩΝ ΘΑΛΑΣΣΗΣ","87235102000","048257617","gmail.com"
"ΚΑΡΑΝΤΖΟΠΟΥΛΟΣ ΣΠΥΡΙΔΩΝ ΤΟΥ ΚΩΝΣΤΑΝΤΙΝΟΥ","B","free-mail","sriroskaratzop@gmail.com","","ΠΡΕΒΕΖΑΣ / ΠΡΕΒΕΖΑΣ","ΠΡΕΒΕΖΑΣ","ΑΤΟΜΙΚΗ","2025","","","ΥΠΗΡΕΣΙΕΣ ΕΠΙΣΚΕΥΗΣ ΚΑΙ ΣΥΝΤΗΡΗΣΗΣ ΣΚΑΦΩΝ ΑΝΑΨΥΧΗΣ, ΛΕΜΒΩΝ ΚΑΙ ΜΗΧΑΝΩΝ ΘΑΛΑΣΣΗΣ","182168449000","162044066","gmail.com"
"ΚΑΡΑΤΖΙΚΟΣ ΣΤΥΛΙΑΝΟΣ ΤΟΥ ΑΘΑΝΑΣΙΟΥ","B","free-mail","saronicmarine@gmail.com","2298035280","ΤΡΟΙΖΗΝΙΑΣ-ΜΕΘΑΝΩΝ / ΝΗΣΩΝ","ΑΤΤΙΚΗΣ","ΑΤΟΜΙΚΗ","2000","","","ΥΠΗΡΕΣΙΕΣ ΕΠΙΣΚΕΥΗΣ ΚΑΙ ΣΥΝΤΗΡΗΣΗΣ ΣΚΑΦΩΝ ΑΝΑΨΥΧΗΣ, ΛΕΜΒΩΝ ΚΑΙ ΜΗΧΑΝΩΝ ΘΑΛΑΣΣΗΣ","111943208000","111653900","gmail.com"
"ΚΑΡΤΑΠΑΝΗΣ ΠΑΝΤΕΛΕΗΜΩΝ ΤΟΥ ΓΡΗΓΟΡΙΟΥ","B","free-mail","kosma999@otenet.gr","","ΒΟΛΟΥ / ΜΑΓΝΗΣΙΑΣ","ΜΑΓΝΗΣΙΑΣ","ΑΤΟΜΙΚΗ","2021","","","ΥΠΗΡΕΣΙΕΣ ΕΠΙΣΚΕΥΗΣ ΚΑΙ ΣΥΝΤΗΡΗΣΗΣ ΣΚΑΦΩΝ ΑΝΑΨΥΧΗΣ, ΛΕΜΒΩΝ ΚΑΙ ΜΗΧΑΝΩΝ ΘΑΛΑΣΣΗΣ","161882644000","165598695","otenet.gr"
"ΚΑΤΣΙΑΝΟΣ ΑΝΑΣΤΑΣΙΟΣ ΤΟΥ ΝΙΚΟΛΑΟΥ","B","free-mail","tasoskatsianos@gmail.com","","ΚΡΩΠΙΑΣ / ΑΝΑΤΟΛΙΚΗΣ ΑΤΤΙΚΗΣ","ΑΤΤΙΚΗΣ","ΑΤΟΜΙΚΗ","2017","","","ΥΠΗΡΕΣΙΕΣ ΕΠΙΣΚΕΥΗΣ ΚΑΙ ΣΥΝΤΗΡΗΣΗΣ ΣΚΑΦΩΝ ΑΝΑΨΥΧΗΣ, ΛΕΜΒΩΝ ΚΑΙ ΜΗΧΑΝΩΝ ΘΑΛΑΣΣΗΣ","190251203000","152811055","gmail.com"
"ΚΑΤΣΙΚΑΚΗΣ ΝΙΚΟΛΑΟΣ ΤΟΥ ΙΩΑΝΝΗ","B","free-mail","nkatsikakis@yahoo.gr","2109820072","ΑΛΙΜΟΥ / ΝΟΤΙΟΥ ΤΟΜΕΑ ΑΘΗΝΩΝ","ΑΤΤΙΚΗΣ","ΑΤΟΜΙΚΗ","1998","","","ΥΠΗΡΕΣΙΕΣ ΕΠΙΣΚΕΥΗΣ ΚΑΙ ΣΥΝΤΗΡΗΣΗΣ ΣΚΑΦΩΝ ΑΝΑΨΥΧΗΣ, ΛΕΜΒΩΝ ΚΑΙ ΜΗΧΑΝΩΝ ΘΑΛΑΣΣΗΣ","121623602000","051939812","yahoo.gr"
"ΚΑΤΣΙΟΣ Κ.-ΣΥΡΡΗΣ Μ.-ΝΑΣΙΟ Π. Ο.Ε.","B","free-mail","europemarine2018@gmail.com","2105441727","ΗΓΟΥΜΕΝΙΤΣΑΣ / ΘΕΣΠΡΩΤΙΑΣ","ΘΕΣΠΡΩΤΙΑΣ","ΟΕ","2018","","","ΥΠΗΡΕΣΙΕΣ ΕΠΙΣΚΕΥΗΣ ΚΑΙ ΣΥΝΤΗΡΗΣΗΣ ΣΚΑΦΩΝ ΑΝΑΨΥΧΗΣ, ΛΕΜΒΩΝ ΚΑΙ ΜΗΧΑΝΩΝ ΘΑΛΑΣΣΗΣ","144869428000","800916917","gmail.com"
"ΚΑΦΕΤΖΗ ΕΥΤΥΧΙΑ","B","free-mail","effiekaf@gmail.com","","ΡΟΔΟΥ / ΡΟΔΟΥ","ΔΩΔΕΚΑΝΗΣΟΥ","ΑΤΟΜΙΚΗ","2025","","","ΥΠΗΡΕΣΙΕΣ ΣΤΑΘΜΕΥΣΗΣ ΚΑΙ ΦΥΛΑΞΗΣ ΣΚΑΦΩΝ, ΣΕ ΠΑΡΑΚΤΙΟ ΧΩΡΟ","186908520000","150863702","gmail.com"
"ΚΑΨΑΛΗΣ ΘΕΟΔΩΡΟΣ ΤΟΥ ΑΝΔΡΕΑ","B","free-mail","Thodoris.kapsalis@gmail.com","2643091465","ΑΚΤΙΟΥ-ΒΟΝΙΤΣΑΣ / ΑΙΤΩΛΟΑΚΑΡΝΑΝΙΑΣ","ΑΙΤΩΛΟΑΚΑΡΝΑΝΙΑΣ","ΑΤΟΜΙΚΗ","2023","","","ΥΠΗΡΕΣΙΕΣ ΕΠΙΣΚΕΥΗΣ ΚΑΙ ΣΥΝΤΗΡΗΣΗΣ ΣΚΑΦΩΝ ΑΝΑΨΥΧΗΣ, ΛΕΜΒΩΝ ΚΑΙ ΜΗΧΑΝΩΝ ΘΑΛΑΣΣΗΣ","171784212000","157911203","gmail.com"
"ΚΑΨΙΩΧΑΣ ΔΗΜΗΤΡΙΟΣ","B","free-mail","mits.kapsiohas@gmail.com","6984223031","ΛΑΡΙΣΑΙΩΝ / ΛΑΡΙΣΑΣ","ΛΑΡΙΣΑΣ","ΑΤΟΜΙΚΗ","2025","","","ΥΠΗΡΕΣΙΕΣ ΣΤΑΘΜΕΥΣΗΣ ΚΑΙ ΦΥΛΑΞΗΣ ΣΚΑΦΩΝ, ΣΕ ΧΕΡΣΑΙΟ ΧΩΡΟ","187882540000","150561607","gmail.com"
"ΚΕΧΑΓΙΑΣ ΑΝΤΩΝΙΟΣ ΤΟΥ ΠΑΥΛΟΥ","B","free-mail","akechagiasmarine@gmail.com","6938271104","ΝΕΑΣ ΠΡΟΠΟΝΤΙΔΑΣ / ΧΑΛΚΙΔΙΚΗΣ","ΧΑΛΚΙΔΙΚΗΣ","ΑΤΟΜΙΚΗ","2014","","","ΥΠΗΡΕΣΙΕΣ ΕΠΙΣΚΕΥΗΣ ΚΑΙ ΣΥΝΤΗΡΗΣΗΣ ΣΚΑΦΩΝ ΑΝΑΨΥΧΗΣ, ΛΕΜΒΩΝ ΚΑΙ ΜΗΧΑΝΩΝ ΘΑΛΑΣΣΗΣ","131494057000","123782576","gmail.com"
"ΚΙΤΣΙΟΣ ΓΕΩΡΓΙΟΣ ΤΟΥ ΒΑΣΙΛΕΙΟΥ","B","free-mail","giorgoskitsios82@gmail.com","2410538391","ΤΕΜΠΩΝ / ΛΑΡΙΣΑΣ","ΛΑΡΙΣΑΣ","ΑΤΟΜΙΚΗ","2022","","","ΥΠΗΡΕΣΙΕΣ ΕΠΙΣΚΕΥΗΣ ΚΑΙ ΣΥΝΤΗΡΗΣΗΣ ΣΚΑΦΩΝ ΑΝΑΨΥΧΗΣ, ΛΕΜΒΩΝ ΚΑΙ ΜΗΧΑΝΩΝ ΘΑΛΑΣΣΗΣ","130565340000","114107192","gmail.com"
"ΚΛΕΙΔΩΝΑΣ ΓΡΗΓΟΡΙΟΣ ΤΟΥ ΛΕΩΝΙΔΑ","B","free-mail","gregoriklidonas@gmail.com","2105735089","ΠΕΡΙΣΤΕΡΙΟΥ / ΔΥΤΙΚΟΥ ΤΟΜΕΑ ΑΘΗΝΩΝ","ΑΤΤΙΚΗΣ","ΑΤΟΜΙΚΗ","2016","","","ΥΠΗΡΕΣΙΕΣ ΕΠΙΣΚΕΥΗΣ ΚΑΙ ΣΥΝΤΗΡΗΣΗΣ ΣΚΑΦΩΝ ΑΝΑΨΥΧΗΣ, ΛΕΜΒΩΝ ΚΑΙ ΜΗΧΑΝΩΝ ΘΑΛΑΣΣΗΣ","139140303000","040947609","gmail.com"
"ΚΛΕΙΣΑΣ ΝΕΚΤΑΡΙΟΣ ΤΟΥ ΕΥΑΓΓΕΛΟΥ.","B","free-mail","aggelpapa@yahoo.gr","2298072794","ΣΠΕΤΣΩΝ / ΝΗΣΩΝ","ΑΤΤΙΚΗΣ","ΑΤΟΜΙΚΗ","1996","","","ΥΠΗΡΕΣΙΕΣ ΑΝΕΛΚΥΣΗΣ ΚΑΙ ΚΑΘΕΛΚΥΣΗΣ ΣΚΑΦΩΝ","112041108000","055992952","yahoo.gr"
"Κονιδάρης Νικόλαος του Αποστόλου","B","free-mail","nikos_nasia15@hotmail.com","","ΛΕΥΚΑΔΑΣ / ΛΕΥΚΑΔΑΣ","ΛΕΥΚΑΔΑΣ","ΑΤΟΜΙΚΗ","2016","","","ΥΠΗΡΕΣΙΕΣ ΣΤΑΘΜΕΥΣΗΣ ΚΑΙ ΦΥΛΑΞΗΣ ΣΚΑΦΩΝ, ΣΕ ΧΕΡΣΑΙΟ ΧΩΡΟ","139671043000","128482998","hotmail.com"
"ΚΟΝΤΙΝΟΣ ΚΩΝΣΤΑΝΤΙΝΟΣ ΤΟΥ ΕΜΜΑΝΟΥΗΛ","B","free-mail","e1961@otenet.gr","2422021307","ΑΛΜΥΡΟΥ / ΜΑΓΝΗΣΙΑΣ","ΜΑΓΝΗΣΙΑΣ","ΑΤΟΜΙΚΗ","1993","","","ΥΠΗΡΕΣΙΕΣ ΕΠΙΣΚΕΥΗΣ ΚΑΙ ΣΥΝΤΗΡΗΣΗΣ ΣΚΑΦΩΝ ΑΝΑΨΥΧΗΣ, ΛΕΜΒΩΝ ΚΑΙ ΜΗΧΑΝΩΝ ΘΑΛΑΣΣΗΣ","50131044000","045220655","otenet.gr"
"ΚΟΝΤΟΓΙΩΡΓΑΚΗΣ ΘΕΟΔΩΡΟΣ","B","free-mail","logistikilerou2@yahoo.gr","2247028380","ΛΕΡΟΥ / ΚΑΛΥΜΝΟΥ","ΔΩΔΕΚΑΝΗΣΟΥ","ΑΤΟΜΙΚΗ","2024","","","ΥΠΗΡΕΣΙΕΣ ΕΠΙΣΚΕΥΗΣ ΚΑΙ ΣΥΝΤΗΡΗΣΗΣ ΣΚΑΦΩΝ ΑΝΑΨΥΧΗΣ, ΛΕΜΒΩΝ ΚΑΙ ΜΗΧΑΝΩΝ ΘΑΛΑΣΣΗΣ","177266920000","147861758","yahoo.gr"
"ΚΟΝΤΟΣ ΕΛΕΥΘΕΡΙΟΣ-ΛΑΖΑΡΟΣ ΤΟΥ ΑΘΑΝΑΣΙΟΥ","B","free-mail","lefteris.kontos@hotmail.com","2227032031","ΜΑΝΤΟΥΔΙΟΥ-ΛΙΜΝΗΣ-ΑΓΙΑΣ ΑΝΝΑΣ / ΕΥΒΟΙΑΣ","ΕΥΒΟΙΑΣ","ΑΤΟΜΙΚΗ","2011","","","ΥΠΗΡΕΣΙΕΣ ΕΠΙΣΚΕΥΗΣ ΚΑΙ ΣΥΝΤΗΡΗΣΗΣ ΣΚΑΦΩΝ ΑΝΑΨΥΧΗΣ, ΛΕΜΒΩΝ ΚΑΙ ΜΗΧΑΝΩΝ ΘΑΛΑΣΣΗΣ","134434622000","301572279","hotmail.com"
"ΚΟΝΤΟΣ ΙΩΑΝΝΗΣ ΤΟΥ ΓΕΩΡΓΙΟΥ","B","free-mail","gianniskontos122@gmail.com","","ΕΡΜΙΟΝΙΔΑΣ / ΑΡΓΟΛΙΔΑΣ","ΑΡΓΟΛΙΔΑΣ","ΑΤΟΜΙΚΗ","2017","","","ΥΠΗΡΕΣΙΕΣ ΕΠΙΣΚΕΥΗΣ ΚΑΙ ΣΥΝΤΗΡΗΣΗΣ ΣΚΑΦΩΝ ΑΝΑΨΥΧΗΣ, ΛΕΜΒΩΝ ΚΑΙ ΜΗΧΑΝΩΝ ΘΑΛΑΣΣΗΣ","29548013000","038174910","gmail.com"
"ΚΟΡΛΟΣ ΝΙΚΟΛΑΟΣ","B","free-mail","nikos.korlos@gmail.com","6978054755","ΒΡΙΛΗΣΣΙΩΝ / ΒΟΡΕΙΟΥ ΤΟΜΕΑ ΑΘΗΝΩΝ","ΑΤΤΙΚΗΣ","ΑΤΟΜΙΚΗ","2026","","","ΥΠΗΡΕΣΙΕΣ ΕΚΠΑΙΔΕΥΣΗΣ ΣΤΗΝ ΟΔΗΓΗΣΗ ΤΑΧΥΠΛΟΩΝ ΣΚΑΦΩΝ","192076501000","169578651","gmail.com"
"ΚΟΣΜΑΤΟΣ ΣΠΥΡΑΓΓΕΛΟΣ ΤΟΥ ΓΕΡΑΣΙΜΟΥ","B","free-mail","eyap.64@gmail.com","2671028337","ΑΡΓΟΣΤΟΛΙΟΥ / ΚΕΦΑΛΛΗΝΙΑΣ","ΚΕΦΑΛΛΗΝΙΑΣ","ΑΤΟΜΙΚΗ","2011","","","ΥΠΗΡΕΣΙΕΣ ΣΤΑΘΜΕΥΣΗΣ ΚΑΙ ΦΥΛΑΞΗΣ ΣΚΑΦΩΝ, ΣΕ ΧΕΡΣΑΙΟ ΧΩΡΟ","117789634000","132437637","gmail.com"
"ΚΟΤΟΜΑΤΗΣ ΑΝΤΩΝΙΟΣ TOY ΣΑΡΑΝΤΟΥ","B","free-mail","antonis.kotomatis@gmail.com","2104133646","ΠΕΙΡΑΙΩΣ / ΠΕΙΡΑΙΩΣ","","ΑΤΟΜΙΚΗ","1996","","","ΥΠΗΡΕΣΙΕΣ ΕΠΙΣΚΕΥΗΣ ΚΑΙ ΣΥΝΤΗΡΗΣΗΣ ΣΚΑΦΩΝ ΑΝΑΨΥΧΗΣ, ΛΕΜΒΩΝ ΚΑΙ ΜΗΧΑΝΩΝ ΘΑΛΑΣΣΗΣ","55274209000","031834273","gmail.com"
"ΚΟΥΖΟΓΛΟΥ ΑΡΙΣΤΕΙΔΗΣ ΤΟΥ ΠΑΝΑΓΙΩΤΗ","B","free-mail","etaxis2014@gmail.com","","","","ΑΤΟΜΙΚΗ","2012","","","ΥΠΗΡΕΣΙΕΣ ΕΠΙΣΚΕΥΗΣ ΚΑΙ ΣΥΝΤΗΡΗΣΗΣ ΣΚΑΦΩΝ ΑΝΑΨΥΧΗΣ, ΛΕΜΒΩΝ ΚΑΙ ΜΗΧΑΝΩΝ ΘΑΛΑΣΣΗΣ","122078408000","120910721","gmail.com"
"ΚΟΥΚΟΒΙΝΟΣ ΑΘΑΝΑΣΙΟΣ","B","free-mail","sakis_1995@hotmail.com","6975517767","ΚΑΣΣΑΝΔΡΑΣ / ΧΑΛΚΙΔΙΚΗΣ","ΧΑΛΚΙΔΙΚΗΣ","ΑΤΟΜΙΚΗ","2025","","","ΥΠΗΡΕΣΙΕΣ ΣΤΑΘΜΕΥΣΗΣ ΚΑΙ ΦΥΛΑΞΗΣ ΣΚΑΦΩΝ, ΣΕ ΧΕΡΣΑΙΟ ΧΩΡΟ","186557257000","152549116","hotmail.com"
"ΚΟΥΜΠΑΓΙΩΤΗΣ ΔΗΜΗΤΡΙΟΣ ΤΟΥ  ΔΟΞΑΚΗ","B","free-mail","dimkoubagiotis@gmail.com","6982618570","ΝΕΑΣ ΠΡΟΠΟΝΤΙΔΑΣ / ΧΑΛΚΙΔΙΚΗΣ","ΧΑΛΚΙΔΙΚΗΣ","ΑΤΟΜΙΚΗ","2019","","","ΥΠΗΡΕΣΙΕΣ ΕΠΙΣΚΕΥΗΣ ΚΑΙ ΣΥΝΤΗΡΗΣΗΣ ΣΚΑΦΩΝ ΑΝΑΨΥΧΗΣ, ΛΕΜΒΩΝ ΚΑΙ ΜΗΧΑΝΩΝ ΘΑΛΑΣΣΗΣ","183543257000","109572396","gmail.com"
"ΚΟΥΤΕΝΤΑΚΗΣ ΓΕΩΡΓΙΟΣ ΤΟΥ ΙΩΑΝΝΗ","B","free-mail","koutentakisgiorgo@gmail.com","","ΗΡΑΚΛΕΙΟΥ / ΗΡΑΚΛΕΙΟΥ","ΗΡΑΚΛΕΙΟΥ","ΑΤΟΜΙΚΗ","2024","","","ΥΠΗΡΕΣΙΕΣ ΣΤΑΘΜΕΥΣΗΣ ΚΑΙ ΦΥΛΑΞΗΣ ΣΚΑΦΩΝ, ΣΕ ΧΕΡΣΑΙΟ ΧΩΡΟ","121372527000","159228354","gmail.com"
"ΚΡΕΜΛΙΔΗΣ ΔΗΜΗΤΡΙΟΣ","B","free-mail","kremlidisdimitris@gmail.com","2310627917","ΝΕΑΠΟΛΗΣ-ΣΥΚΕΩΝ / ΘΕΣΣΑΛΟΝΙΚΗΣ","ΘΕΣΣΑΛΟΝΙΚΗΣ","ΑΤΟΜΙΚΗ","2026","","","ΥΠΗΡΕΣΙΕΣ ΕΠΙΣΚΕΥΗΣ ΚΑΙ ΣΥΝΤΗΡΗΣΗΣ ΣΚΑΦΩΝ ΑΝΑΨΥΧΗΣ, ΛΕΜΒΩΝ ΚΑΙ ΜΗΧΑΝΩΝ ΘΑΛΑΣΣΗΣ","190599406000","171075366","gmail.com"
"ΚΡΟΜΠΑ ΜΑΡΙΑ ΤΟΥ ΚΩΝΣΤΑΝΤΙΝΟΥ","B","free-mail","Krobasmarine@gmail.com","2298077108","ΣΠΕΤΣΩΝ / ΝΗΣΩΝ","ΠΕΙΡΑΙΑ","ΑΤΟΜΙΚΗ","2021","","","ΥΠΗΡΕΣΙΕΣ ΣΤΑΘΜΕΥΣΗΣ ΚΑΙ ΦΥΛΑΞΗΣ ΣΚΑΦΩΝ, ΣΕ ΧΕΡΣΑΙΟ ΧΩΡΟ","176963208000","166731080","gmail.com"
"ΚΡΟΜΠΑ ΜΑΡΙΑ ΤΟΥ ΚΩΝΣΤΑΝΤΙΝΟΥ (Υποκατάστημα)","B","free-mail","aggelpapa@yahoo.gr","2298075309","ΕΡΜΙΟΝΙΔΑΣ / ΑΡΓΟΛΙΔΑΣ","ΑΡΓΟΛΙΔΑΣ","ΑΤΟΜΙΚΗ","2021","","","ΥΠΗΡΕΣΙΕΣ ΣΤΑΘΜΕΥΣΗΣ ΚΑΙ ΦΥΛΑΞΗΣ ΣΚΑΦΩΝ, ΣΕ ΧΕΡΣΑΙΟ ΧΩΡΟ","176963213001","166731080","yahoo.gr"
"ΚΡΟΜΠΑΣ ΓΕΩΡΓΙΟΣ ΤΟΥ ΠΑΝΑΓΙΩΤΗ","B","free-mail","gkrompas@gmail.com","6937141166","ΚΑΛΑΜΑΤΑΣ / ΜΕΣΣΗΝΙΑΣ","ΜΕΣΣΗΝΙΑΣ","ΑΤΟΜΙΚΗ","2019","","","ΥΠΗΡΕΣΙΕΣ ΕΠΙΣΚΕΥΗΣ ΚΑΙ ΣΥΝΤΗΡΗΣΗΣ ΣΚΑΦΩΝ ΑΝΑΨΥΧΗΣ, ΛΕΜΒΩΝ ΚΑΙ ΜΗΧΑΝΩΝ ΘΑΛΑΣΣΗΣ","177388445000","073830565","gmail.com"
"ΚΩΝΣΤΑΝΤΙΝΟΣ ΕΥΦΡΑΙΜΙΑΔΗΣ - ΠΑΝΑΓΙΩΤΗΣ ΧΑΡΟΣ ΟΕ","B","free-mail","tax.office88@gmail.com","2291038831","ΣΑΡΩΝΙΚΟΥ / ΑΝΑΤΟΛΙΚΗΣ ΑΤΤΙΚΗΣ","ΑΝΑΤΟΛΙΚΗΣ ΑΤΤΙΚΗΣ","ΟΕ","2009","","","ΥΠΗΡΕΣΙΕΣ ΣΤΑΘΜΕΥΣΗΣ ΚΑΙ ΦΥΛΑΞΗΣ ΣΚΑΦΩΝ, ΣΕ ΠΑΡΑΚΤΙΟ ΧΩΡΟ","69665203000","998291495","gmail.com"
"ΚΩΝΣΤΑΝΤΙΝΟΣ ΙΩΑΝΝΗ ΚΑΠΝΟΡΙΖΑΣ","B","free-mail","k.kapnorizas@gmail.com","6936560466","ΜΗΛΟΥ / ΜΗΛΟΥ","ΚΥΚΛΑΔΩΝ","ΑΤΟΜΙΚΗ","2021","","","ΥΠΗΡΕΣΙΕΣ ΕΠΙΣΚΕΥΗΣ ΚΑΙ ΣΥΝΤΗΡΗΣΗΣ ΣΚΑΦΩΝ ΑΝΑΨΥΧΗΣ, ΛΕΜΒΩΝ ΚΑΙ ΜΗΧΑΝΩΝ ΘΑΛΑΣΣΗΣ","189721638000","140560363","gmail.com"
"ΚΩΝΣΤΑΝΤΙΝΟΣ ΚΟΥΚΟΥΡΑΣ ΜΟΝΟΠΡΟΣΩΠΗ Ι.Κ.Ε.","B","free-mail","STASINOS.FINANCIAL@GMAIL.COM","2105810608","ΕΛΕΥΣΙΝΑΣ / ΔΥΤΙΚΗΣ ΑΤΤΙΚΗΣ","ΑΤΤΙΚΗΣ","ΙΚΕ","2025","","","ΥΠΗΡΕΣΙΕΣ ΕΠΙΣΚΕΥΗΣ ΚΑΙ ΣΥΝΤΗΡΗΣΗΣ ΣΚΑΦΩΝ ΑΝΑΨΥΧΗΣ, ΛΕΜΒΩΝ ΚΑΙ ΜΗΧΑΝΩΝ ΘΑΛΑΣΣΗΣ","181627508000","802725659","gmail.com"
"ΚΩΝΣΤΑΝΤΙΝΟΣ ΜΑΡΤΙΝΟΣ ΚΑΙ ΣΙΑ Ο.Ε.","B","free-mail","martinosoe23@gmail.com","6973972631","ΚΕΝΤΡΙΚΗΣ ΚΕΡΚΥΡΑΣ ΚΑΙ ΔΙΑΠΟΝΤΙΩΝ ΝΗΣΩΝ / ΚΕΡΚΥΡΑΣ","ΚΕΡΚΥΡΑΣ","ΟΕ","2023","","","ΥΠΗΡΕΣΙΕΣ ΕΠΙΣΚΕΥΗΣ ΚΑΙ ΣΥΝΤΗΡΗΣΗΣ ΣΚΑΦΩΝ ΑΝΑΨΥΧΗΣ, ΛΕΜΒΩΝ ΚΑΙ ΜΗΧΑΝΩΝ ΘΑΛΑΣΣΗΣ","174072333000","802308655","gmail.com"
"ΚΩΣΤΑΚΗΣ ΝΙΚΟΛΑΟΣ ΤΟΥ ΠΑΝΑΓΙΩΤΟΥ","B","free-mail","aquaspeedmarine@gmail.com","2296024448","ΜΕΓΑΡΕΩΝ / ΔΥΤΙΚΗΣ ΑΤΤΙΚΗΣ","ΑΤΤΙΚΗΣ","ΑΤΟΜΙΚΗ","2021","","","ΥΠΗΡΕΣΙΕΣ ΕΠΙΣΚΕΥΗΣ ΚΑΙ ΣΥΝΤΗΡΗΣΗΣ ΣΚΑΦΩΝ ΑΝΑΨΥΧΗΣ, ΛΕΜΒΩΝ ΚΑΙ ΜΗΧΑΝΩΝ ΘΑΛΑΣΣΗΣ","159982008000","127946947","gmail.com"
"ΛΑΖΑΡΙΔΗΣ ΠΑΥΛΟΣ ΤΟΥ ΙΟΡΔΑΝΗ","B","free-mail","nikosboulis56@gmail.com","2510240524","ΚΑΒΑΛΑΣ / ΚΑΒΑΛΑΣ","ΚΑΒΑΛΑΣ","ΑΤΟΜΙΚΗ","2012","","","ΥΠΗΡΕΣΙΕΣ ΕΚΠΑΙΔΕΥΣΗΣ ΣΤΗΝ ΟΔΗΓΗΣΗ ΤΑΧΥΠΛΟΩΝ ΣΚΑΦΩΝ","20588530000","102450789","gmail.com"
"ΛΑΜΠΟΥ ΛΟΥΚΑΣ ΤΟΥ ΒΑΣΙΛΕΙΟΥ","B","free-mail","loukas.marineservices@gmail.com","2392072555","ΘΕΡΜΑΪΚΟΥ / ΘΕΣΣΑΛΟΝΙΚΗΣ","ΘΕΣΣΑΛΟΝΙΚΗΣ","ΑΤΟΜΙΚΗ","2005","","","ΥΠΗΡΕΣΙΕΣ ΕΠΙΣΚΕΥΗΣ ΚΑΙ ΣΥΝΤΗΡΗΣΗΣ ΣΚΑΦΩΝ ΑΝΑΨΥΧΗΣ, ΛΕΜΒΩΝ ΚΑΙ ΜΗΧΑΝΩΝ ΘΑΛΑΣΣΗΣ","37558105000","045029812","gmail.com"
"ΛΑΜΠΡΙΝΟΣ ΡΟΥΣΣΕΤΟΣ ΤΟΥ ΝΙΚΗΤΑ","B","free-mail","damos_l@hotmail.com","","ΧΑΝΙΩΝ / ΧΑΝΙΩΝ","ΧΑΝΙΩΝ","ΑΤΟΜΙΚΗ","2020","","","ΥΠΗΡΕΣΙΕΣ ΕΠΙΣΚΕΥΗΣ ΚΑΙ ΣΥΝΤΗΡΗΣΗΣ ΣΚΑΦΩΝ ΑΝΑΨΥΧΗΣ, ΛΕΜΒΩΝ ΚΑΙ ΜΗΧΑΝΩΝ ΘΑΛΑΣΣΗΣ","176257558000","073685173","hotmail.com"
"ΛΑΜΠΡΟΥ ΔΗΜΗΤΡΙΟΣ & ΣΙΑ ΟΕ","B","free-mail","apoplousbs@gmail.com","2351046114","ΚΑΤΕΡΙΝΗΣ / ΠΙΕΡΙΑΣ","ΠΙΕΡΙΑΣ","ΟΕ","2019","","","ΥΠΗΡΕΣΙΕΣ ΕΚΠΑΙΔΕΥΣΗΣ ΣΤΗΝ ΟΔΗΓΗΣΗ ΤΑΧΥΠΛΟΩΝ ΣΚΑΦΩΝ","148677248000","801083206","gmail.com"
"ΛΑΣΚΑΡΙΔΗΣ ΠΑΝ. & ΣΙΑ Επισκευές Σκαφών ΕΤΕΡΟΡΡΥΘΜΗ ΕΤΑΙΡΙΑ","B","free-mail","panagiotislaskaridi@gmail.com","6943758114","ΛΑΥΡΕΩΤΙΚΗΣ / ΑΝΑΤΟΛΙΚΗΣ ΑΤΤΙΚΗΣ","ΑΤΤΙΚΗΣ","ΕΕ","2026","","","ΥΠΗΡΕΣΙΕΣ ΕΠΙΣΚΕΥΗΣ ΚΑΙ ΣΥΝΤΗΡΗΣΗΣ ΣΚΑΦΩΝ ΑΝΑΨΥΧΗΣ, ΛΕΜΒΩΝ ΚΑΙ ΜΗΧΑΝΩΝ ΘΑΛΑΣΣΗΣ","193396608000","803266319","gmail.com"
"ΛΑΧΑΝΙΔΗΣ ΓΕΩΡΓΙΟΣ ΤΟΥ ΠΕΤΡΟΥ","B","free-mail","george.laxanidis@gmail.com","2351073184","ΚΑΤΕΡΙΝΗΣ / ΠΙΕΡΙΑΣ","ΠΙΕΡΙΑΣ","ΑΤΟΜΙΚΗ","2016","","","ΥΠΗΡΕΣΙΕΣ ΕΠΙΣΚΕΥΗΣ ΚΑΙ ΣΥΝΤΗΡΗΣΗΣ ΣΚΑΦΩΝ ΑΝΑΨΥΧΗΣ, ΛΕΜΒΩΝ ΚΑΙ ΜΗΧΑΝΩΝ ΘΑΛΑΣΣΗΣ","140403748000","045264615","gmail.com"
"ΛΕΡΙΑΣ ΑΛΕΞΑΝΔΡΟΣ","B","free-mail","symimarine@gmail.com","2246070222","ΣΥΜΗΣ / ΡΟΔΟΥ","ΔΩΔΕΚΑΝΗΣΟΥ","ΑΤΟΜΙΚΗ","2012","","","ΥΠΗΡΕΣΙΕΣ ΣΤΑΘΜΕΥΣΗΣ ΚΑΙ ΦΥΛΑΞΗΣ ΣΚΑΦΩΝ, ΣΕ ΧΕΡΣΑΙΟ ΧΩΡΟ","122883920000","123276317","gmail.com"
"ΛΙΝΟΣΠΟΡΗΣ ΚΩΣΤΑΣ ΜΟΝΟΠΡΟΣΩΠΗ ΙΔΙΩΤΙΚΗ ΚΕΦΑΛΑΙΟΥΧΙΚΗ ΕΤΑΙΡΕΙΑ","B","free-mail","chrisoulakaripidi@gmail.com","2661551030","ΚΕΝΤΡΙΚΗΣ ΚΕΡΚΥΡΑΣ ΚΑΙ ΔΙΑΠΟΝΤΙΩΝ ΝΗΣΩΝ / ΚΕΡΚΥΡΑΣ","ΚΕΡΚΥΡΑΣ","ΙΚΕ","2018","","","ΥΠΗΡΕΣΙΕΣ ΣΤΑΘΜΕΥΣΗΣ ΚΑΙ ΦΥΛΑΞΗΣ ΣΚΑΦΩΝ, ΣΕ ΧΕΡΣΑΙΟ ΧΩΡΟ","146271433000","800982576","gmail.com"
"ΛΙΤΣΙΟΥ ΑΝΑΣΤΑΣΙΑ ΤΟΥ ΙΩΑΝΝΟΥ","B","free-mail","annastasialitsiou@gmail.com","6955010066","","ΛΑΡΙΣΑΣ","ΑΤΟΜΙΚΗ","2008","","","ΥΠΗΡΕΣΙΕΣ ΣΤΑΘΜΕΥΣΗΣ ΚΑΙ ΦΥΛΑΞΗΣ ΣΚΑΦΩΝ, ΣΕ ΧΕΡΣΑΙΟ ΧΩΡΟ","26717540000","104726131","gmail.com"
"ΛΟΥΚΟΥΜΗΣ ΓΕΩΡΓΙΟΣ ΤΟΥ ΑΘΑΝΑΣΙΟΥ","B","free-mail","gloukoumis@gmail.com","2593051087","ΘΑΣΟΥ / ΘΑΣΟΥ","ΚΑΒΑΛΑΣ","ΑΤΟΜΙΚΗ","2010","","","ΥΠΗΡΕΣΙΕΣ ΕΠΙΣΚΕΥΗΣ ΚΑΙ ΣΥΝΤΗΡΗΣΗΣ ΣΚΑΦΩΝ ΑΝΑΨΥΧΗΣ, ΛΕΜΒΩΝ ΚΑΙ ΜΗΧΑΝΩΝ ΘΑΛΑΣΣΗΣ","20745630000","300803979","gmail.com"
"ΛΥΡΑΝΤΖΑΚΗΣ ΑΝΤΩΝΗΣ ΙΚΕ","B","free-mail","antonislyrantzakis@gmail.com","2130908925","ΠΕΙΡΑΙΩΣ / ΠΕΙΡΑΙΩΣ","ΑΤΤΙΚΗΣ","ΙΚΕ","2018","","","ΥΠΗΡΕΣΙΕΣ ΕΠΙΣΚΕΥΗΣ ΚΑΙ ΣΥΝΤΗΡΗΣΗΣ ΣΚΑΦΩΝ ΑΝΑΨΥΧΗΣ, ΛΕΜΒΩΝ ΚΑΙ ΜΗΧΑΝΩΝ ΘΑΛΑΣΣΗΣ","148106708000","801059476","gmail.com"
"ΛΩΛΗΣ ΠΑΝΤΕΛΗΣ ΚΑΙ ΣΙΑ Ε.Ε.","B","free-mail","energysystemslolis@hotmail.com","2682029300","ΠΡΕΒΕΖΑΣ / ΠΡΕΒΕΖΑΣ","ΠΡΕΒΕΖΑΣ","ΕΕ","2024","","","ΥΠΗΡΕΣΙΕΣ ΕΠΙΣΚΕΥΗΣ ΚΑΙ ΣΥΝΤΗΡΗΣΗΣ ΣΚΑΦΩΝ ΑΝΑΨΥΧΗΣ, ΛΕΜΒΩΝ ΚΑΙ ΜΗΧΑΝΩΝ ΘΑΛΑΣΣΗΣ","176079949000","802422790","hotmail.com"
"Μ. Δ. ΜΠΟΥΓΙΟΥΡΗΣ - Ο. Ι. ΒΕΛΛΗΣ Ο.Ε","B","free-mail","orestis14@gmail.com","2281042227","ΣΥΡΟΥ-ΕΡΜΟΥΠΟΛΗΣ / ΣΥΡΟΥ","ΚΥΚΛΑΔΩΝ","ΟΕ","2010","","","ΥΠΗΡΕΣΙΕΣ ΕΠΙΣΚΕΥΗΣ ΚΑΙ ΣΥΝΤΗΡΗΣΗΣ ΣΚΑΦΩΝ ΑΝΑΨΥΧΗΣ, ΛΕΜΒΩΝ ΚΑΙ ΜΗΧΑΝΩΝ ΘΑΛΑΣΣΗΣ","48974338000","998225719","gmail.com"
"Μ. ΣΤΑΜΟΣ - Ι. ΜΑΧΑΙΡΑΣ ΟΜΟΡΡΥΘΜΗ ΕΤΑΙΡΕΙΑ","B","free-mail","machairas.stamos.marine@gmail.com","2109409570","ΚΑΛΛΙΘΕΑΣ / ΝΟΤΙΟΥ ΤΟΜΕΑ ΑΘΗΝΩΝ","ΑΤΤΙΚΗΣ","ΟΕ","2020","","","ΥΠΗΡΕΣΙΕΣ ΕΠΙΣΚΕΥΗΣ ΚΑΙ ΣΥΝΤΗΡΗΣΗΣ ΣΚΑΦΩΝ ΑΝΑΨΥΧΗΣ, ΛΕΜΒΩΝ ΚΑΙ ΜΗΧΑΝΩΝ ΘΑΛΑΣΣΗΣ","154714308000","801339714","gmail.com"
"Μ.Ε.Σ Boat Estates Ε.Ε.","B","free-mail","antali.accounting@yahoo.com","6947732555","ΠΕΙΡΑΙΩΣ / ΠΕΙΡΑΙΩΣ","ΑΤΤΙΚΗΣ","ΕΕ","2026","","","ΥΠΗΡΕΣΙΕΣ ΕΠΙΣΚΕΥΗΣ ΚΑΙ ΣΥΝΤΗΡΗΣΗΣ ΣΚΑΦΩΝ ΑΝΑΨΥΧΗΣ, ΛΕΜΒΩΝ ΚΑΙ ΜΗΧΑΝΩΝ ΘΑΛΑΣΣΗΣ","195108107000","803349950","yahoo.com"
"ΜΑΓΓΛΑΡΗΣ ΑΠΟΣΤΟΛΟΣ ΤΟΥ ΣΤΑΥΡΟΥ","B","free-mail","ap_magglaris@hotmail.com","6970772236","ΘΕΡΜΑΪΚΟΥ / ΘΕΣΣΑΛΟΝΙΚΗΣ","ΘΕΣΣΑΛΟΝΙΚΗΣ","ΑΤΟΜΙΚΗ","2024","","","ΥΠΗΡΕΣΙΕΣ ΣΤΑΘΜΕΥΣΗΣ ΚΑΙ ΦΥΛΑΞΗΣ ΣΚΑΦΩΝ, ΣΕ ΧΕΡΣΑΙΟ ΧΩΡΟ","179045606000","160574715","hotmail.com"
"ΜΑΛΑΜΑΤΕΝΙΟΣ ΝΙΚΟΛΑΟΣ ΤΟΥ ΔΗΜΗΤΡΙΟΥ","B","free-mail","nickmalam1996@gmail.com","","ΑΛΟΝΝΗΣΟΥ / ΣΠΟΡΑΔΩΝ","ΜΑΓΝΗΣΙΑΣ","ΑΤΟΜΙΚΗ","2019","","","ΥΠΗΡΕΣΙΕΣ ΣΤΑΘΜΕΥΣΗΣ ΚΑΙ ΦΥΛΑΞΗΣ ΣΚΑΦΩΝ, ΣΕ ΧΕΡΣΑΙΟ ΧΩΡΟ","152176744000","152661337","gmail.com"
"ΜΑΝΙΝΗΣ ΜΕΝΕΛΑΟΣ ΤΟΥ ΕΜΜΑΝΟΥΗΛ","B","free-mail","george.chr1984@gmail.com","","ΒΟΛΟΥ / ΜΑΓΝΗΣΙΑΣ","ΜΑΓΝΗΣΙΑΣ","ΑΤΟΜΙΚΗ","2014","","","ΥΠΗΡΕΣΙΕΣ ΣΤΑΘΜΕΥΣΗΣ ΚΑΙ ΦΥΛΑΞΗΣ ΣΚΑΦΩΝ, ΣΕ ΠΑΡΑΚΤΙΟ ΧΩΡΟ","156772444000","022279435","gmail.com"
"ΜΑΝΩΛΑΣ ΖΗΝΩΝ ΤΟΥ ΚΩΝΣΤΑΝΤΙΝΟΥ","B","free-mail","manolaszinon@yahoo.gr","2109952984","ΑΛΙΜΟΥ / ΝΟΤΙΟΥ ΤΟΜΕΑ ΑΘΗΝΩΝ","ΑΤΤΙΚΗΣ","ΑΤΟΜΙΚΗ","2012","","","ΥΠΗΡΕΣΙΕΣ ΕΠΙΣΚΕΥΗΣ ΚΑΙ ΣΥΝΤΗΡΗΣΗΣ ΣΚΑΦΩΝ ΑΝΑΨΥΧΗΣ, ΛΕΜΒΩΝ ΚΑΙ ΜΗΧΑΝΩΝ ΘΑΛΑΣΣΗΣ","122569702000","131656420","yahoo.gr"
"ΜΑΝΩΛΕΣΚΟΣ ΑΓΑΠΗΤΟΣ ΤΟΥ ΙΩΑΝΝΗ","B","free-mail","agapitosman89@gmail.com","6946944192","ΣΥΜΗΣ / ΡΟΔΟΥ","ΔΩΔΕΚΑΝΗΣΟΥ","ΑΤΟΜΙΚΗ","2013","","","ΥΠΗΡΕΣΙΕΣ ΑΝΕΛΚΥΣΗΣ ΚΑΙ ΚΑΘΕΛΚΥΣΗΣ ΣΚΑΦΩΝ","125970220000","142825605","gmail.com"
"ΜΑΡΑΣ ΣΠΥΡΙΔΩΝ ΤΟΥ ΣΤΑΜΑΤΙΟΥ","B","free-mail","vdimitri@otenet.gr","2299023605","ΜΑΡΚΟΠΟΥΛΟΥ ΜΕΣΟΓΑΙΑΣ / ΑΝΑΤΟΛΙΚΗΣ ΑΤΤΙΚΗΣ","ΑΤΤΙΚΗΣ","ΑΤΟΜΙΚΗ","2017","","","ΥΠΗΡΕΣΙΕΣ ΣΤΑΘΜΕΥΣΗΣ ΚΑΙ ΦΥΛΑΞΗΣ ΣΚΑΦΩΝ, ΣΕ ΧΕΡΣΑΙΟ ΧΩΡΟ","141478103000","066785852","otenet.gr"
"ΜΑΡΓΑΡΙΤΗ ΧΡΙΣΤΙΝΑ ΤΟΥ ΝΙΚΟΛΑΟΥ","B","free-mail","xristinamarine@gmail.com","","ΑΘΗΝΑΙΩΝ / ΚΕΝΤΡΙΚΟΥ ΤΟΜΕΑ ΑΘΗΝΩΝ","ΑΤΤΙΚΗΣ","ΑΤΟΜΙΚΗ","2024","","","ΥΠΗΡΕΣΙΕΣ ΕΠΙΣΚΕΥΗΣ ΚΑΙ ΣΥΝΤΗΡΗΣΗΣ ΣΚΑΦΩΝ ΑΝΑΨΥΧΗΣ, ΛΕΜΒΩΝ ΚΑΙ ΜΗΧΑΝΩΝ ΘΑΛΑΣΣΗΣ","180110203000","079575550","gmail.com"
"ΜΑΡΙΝΟΥ ΔΙΟΝΥΣΙΑ ΤΟΥ ΓΕΩΡΓΙΟΥ","B","free-mail","boatc@otenet.gr","2295071744","ΩΡΩΠΟΥ / ΑΝΑΤΟΛΙΚΗΣ ΑΤΤΙΚΗΣ","ΑΤΤΙΚΗΣ","ΑΤΟΜΙΚΗ","2012","","","ΥΠΗΡΕΣΙΕΣ ΣΤΑΘΜΕΥΣΗΣ ΚΑΙ ΦΥΛΑΞΗΣ ΣΚΑΦΩΝ, ΣΕ ΠΑΡΑΚΤΙΟ ΧΩΡΟ","123406303000","141464674","otenet.gr"
"ΜΑΡΚΙ ΣΙΜΟΝΕ","B","free-mail","barbunaki@outlook.com","","ΛΕΡΟΥ / ΚΑΛΥΜΝΟΥ","ΔΩΔΕΚΑΝΗΣΟΥ","ΑΤΟΜΙΚΗ","2023","","","ΥΠΗΡΕΣΙΕΣ ΕΠΙΣΚΕΥΗΣ ΚΑΙ ΣΥΝΤΗΡΗΣΗΣ ΣΚΑΦΩΝ ΑΝΑΨΥΧΗΣ, ΛΕΜΒΩΝ ΚΑΙ ΜΗΧΑΝΩΝ ΘΑΛΑΣΣΗΣ","170395420000","147871950","outlook.com"
"ΜΑΣΤΟΡΗΣ ΦΙΛΙΠΠΟΣ ΙΩΑΝ.","B","free-mail","mastoris.f@gmail.com","2841082460","ΑΓΙΟΥ ΝΙΚΟΛΑΟΥ / ΛΑΣΙΘΙΟΥ","ΛΑΣΙΘΙΟΥ","ΑΤΟΜΙΚΗ","2004","","","ΥΠΗΡΕΣΙΕΣ ΕΚΠΑΙΔΕΥΣΗΣ ΣΤΗΝ ΟΔΗΓΗΣΗ ΤΑΧΥΠΛΟΩΝ ΣΚΑΦΩΝ","25288041000","065857239","gmail.com"
"ΜΑΥΡΟΘΑΛΑΣΣΙΤΗ ΑΙΚΑΤΕΡΙΝΗ ΤΟΥ ΕΛΕΥΘΕΡΙΟΥ","B","free-mail","katlin@hotmail.gr","6979928868","ΒΟΡΕΙΑΣ ΚΥΝΟΥΡΙΑΣ / ΑΡΚΑΔΙΑΣ","ΑΡΚΑΔΙΑΣ","ΑΤΟΜΙΚΗ","2022","","","ΥΠΗΡΕΣΙΕΣ ΣΤΑΘΜΕΥΣΗΣ ΚΑΙ ΦΥΛΑΞΗΣ ΣΚΑΦΩΝ, ΣΕ ΧΕΡΣΑΙΟ ΧΩΡΟ","172224714000","154105181","hotmail.gr"
"ΜΗΝΑ ΕΛΠΙΔΑ","B","free-mail","elpida.mina.5881@gmail.com","2645023008","ΛΕΥΚΑΔΑΣ / ΛΕΥΚΑΔΑΣ","ΛΕΥΚΑΔΑΣ","ΑΤΟΜΙΚΗ","2025","","","ΥΠΗΡΕΣΙΕΣ ΕΠΙΣΚΕΥΗΣ ΚΑΙ ΣΥΝΤΗΡΗΣΗΣ ΣΚΑΦΩΝ ΑΝΑΨΥΧΗΣ, ΛΕΜΒΩΝ ΚΑΙ ΜΗΧΑΝΩΝ ΘΑΛΑΣΣΗΣ","187244343000","105863184","gmail.com"
"ΜΗΤΣΟΥΔΗΣ ΛΑΜΠΡΟΣ ΤΟΥ ΓΕΩΡΓΙΟΥ","B","free-mail","mitsoudis@gmail.com","2310473214","ΠΥΛΑΙΑΣ-ΧΟΡΤΙΑΤΗ / ΘΕΣΣΑΛΟΝΙΚΗΣ","ΘΕΣΣΑΛΟΝΙΚΗΣ","ΑΤΟΜΙΚΗ","2010","","","ΥΠΗΡΕΣΙΕΣ ΕΠΙΣΚΕΥΗΣ ΚΑΙ ΣΥΝΤΗΡΗΣΗΣ ΣΚΑΦΩΝ ΑΝΑΨΥΧΗΣ, ΛΕΜΒΩΝ ΚΑΙ ΜΗΧΑΝΩΝ ΘΑΛΑΣΣΗΣ","38648605000","136257389","gmail.com"
"ΜΙΧΑΗΛ ΔΙΔΑΣΚΑΛΟΥ ΜΟΝΟΠΡΟΣΩΠΗ ΙΔΙΩΤΙΚΗ ΚΕΦΑΛΑΙΟΥΧΙΚΗ ΕΤΑΙΡΕΙΑ","B","free-mail","daccount@otenet.gr","2752027204","ΕΠΙΔΑΥΡΟΥ / ΑΡΓΟΛΙΔΑΣ","ΑΡΓΟΛΙΔΑΣ","ΙΚΕ","2021","","","ΥΠΗΡΕΣΙΕΣ ΣΤΑΘΜΕΥΣΗΣ ΚΑΙ ΦΥΛΑΞΗΣ ΣΚΑΦΩΝ, ΣΕ ΧΕΡΣΑΙΟ ΧΩΡΟ","159941413000","801602778","otenet.gr"
"ΜΙΧΑΛΑΚΗΣ ΔΗΜΗΤΡΙΟΣ ΤΟΥ ΕΥΑΓΓΕΛΟΥ","B","free-mail","dimitris_mixalakis@hotmail.com","","ΑΣΠΡΟΠΥΡΓΟΥ / ΔΥΤΙΚΗΣ ΑΤΤΙΚΗΣ","ΑΤΤΙΚΗΣ","ΑΤΟΜΙΚΗ","2025","","","ΥΠΗΡΕΣΙΕΣ ΣΤΑΘΜΕΥΣΗΣ ΚΑΙ ΦΥΛΑΞΗΣ ΣΚΑΦΩΝ, ΣΕ ΧΕΡΣΑΙΟ ΧΩΡΟ","184235409000","116788204","hotmail.com"
"ΜΙΧΟΣ ΕΥΑΓΓΕΛΟΣ ΤΟΥ ΧΡΗΣΤΟΥ","B","free-mail","vag.michos@gmail.com","2106666189","ΙΛΙΟΥ / ΔΥΤΙΚΟΥ ΤΟΜΕΑ ΑΘΗΝΩΝ","ΑΤΤΙΚΗΣ","ΑΤΟΜΙΚΗ","1994","","","ΥΠΗΡΕΣΙΕΣ ΕΠΙΣΚΕΥΗΣ ΚΑΙ ΣΥΝΤΗΡΗΣΗΣ ΣΚΑΦΩΝ ΑΝΑΨΥΧΗΣ, ΛΕΜΒΩΝ ΚΑΙ ΜΗΧΑΝΩΝ ΘΑΛΑΣΣΗΣ","85982902000","046108444","gmail.com"
"ΜΟΝΟΠΡΟΣΩΠΗ Ι.Κ.Ε. MARINA GLAROKAVOS","B","free-mail","petropoulosbg@hotmail.gr","6940331623","ΚΑΣΣΑΝΔΡΑΣ / ΧΑΛΚΙΔΙΚΗΣ","ΧΑΛΚΙΔΙΚΗΣ","ΙΚΕ","2021","","","ΥΠΗΡΕΣΙΕΣ ΣΤΑΘΜΕΥΣΗΣ ΚΑΙ ΦΥΛΑΞΗΣ ΣΚΑΦΩΝ, ΣΕ ΧΕΡΣΑΙΟ ΧΩΡΟ","158847457000","801544076","hotmail.gr"
"ΜΟΥΣΑΜΕΤΗ ΙΩΑΝΝΑ ΤΟΥ ΜΠΑΡΙΑΜ","B","free-mail","joana.mushameti@gmail.com","2104650162","ΣΑΛΑΜΙΝΑΣ / ΝΗΣΩΝ","ΠΕΙΡΑΙΑ","ΑΤΟΜΙΚΗ","2026","","","ΥΠΗΡΕΣΙΕΣ ΣΤΑΘΜΕΥΣΗΣ ΚΑΙ ΦΥΛΑΞΗΣ ΣΚΑΦΩΝ, ΣΕ ΠΑΡΑΚΤΙΟ ΧΩΡΟ","191953608000","142598510","gmail.com"
"ΜΟΥΤΣΑΚΗΣ ΜΙΧΑΗΛ ΤΟΥ ΔΗΜΗΤΡΙΟΥ","B","free-mail","mixalhs195252@gmail.com","2821081445","ΑΠΟΚΟΡΩΝΟΥ / ΧΑΝΙΩΝ","ΧΑΝΙΩΝ","ΑΤΟΜΙΚΗ","2024","","","ΥΠΗΡΕΣΙΕΣ ΣΤΑΘΜΕΥΣΗΣ ΚΑΙ ΦΥΛΑΞΗΣ ΣΚΑΦΩΝ, ΣΕ ΧΕΡΣΑΙΟ ΧΩΡΟ","180830958000","164787933","gmail.com"
"ΜΠΑΖΗΣ ΘΕΟΔΩΡΟΣ ΤΟΥ ΝΙΚΗΦΟΡΟΥ","B","free-mail","twodoor76@gmail.com","6948831355","ΑΛΜΥΡΟΥ / ΜΑΓΝΗΣΙΑΣ","ΜΑΓΝΗΣΙΑΣ","ΑΤΟΜΙΚΗ","2000","","","ΥΠΗΡΕΣΙΕΣ ΣΤΑΘΜΕΥΣΗΣ ΚΑΙ ΦΥΛΑΞΗΣ ΣΚΑΦΩΝ, ΣΕ ΧΕΡΣΑΙΟ ΧΩΡΟ","50551544000","074388582","gmail.com"
"ΜΠΑΜΠΟΥΚΗΣ ΜΙΛΤΙΑΔΗΣ ΤΟΥ ΘΩΜΑ","B","free-mail","nauticaltechsolutions@gmail.com","6947673260","ΘΕΣΣΑΛΟΝΙΚΗΣ / ΘΕΣΣΑΛΟΝΙΚΗΣ","ΘΕΣΣΑΛΟΝΙΚΗΣ","ΑΤΟΜΙΚΗ","2024","","","ΥΠΗΡΕΣΙΕΣ ΕΠΙΣΚΕΥΗΣ ΚΑΙ ΣΥΝΤΗΡΗΣΗΣ ΣΚΑΦΩΝ ΑΝΑΨΥΧΗΣ, ΛΕΜΒΩΝ ΚΑΙ ΜΗΧΑΝΩΝ ΘΑΛΑΣΣΗΣ","179300405000","133488278","gmail.com"
"ΜΠΑΡΑΚΟΣ ΚΩΝΣΤΑΝΤΙΝΟΣ ΜΟΝΟΠΡΟΣΩΠΗ I.K.E. (Υποκατάστημα)","B","free-mail","araftop11@gmail.com","2106610242","ΣΠΑΤΩΝ - ΑΡΤΕΜΙΔΟΣ / ΑΝΑΤΟΛΙΚΗΣ ΑΤΤΙΚΗΣ","ΑΤΤΙΚΗΣ","ΙΚΕ","2023","","","ΥΠΗΡΕΣΙΕΣ ΣΤΑΘΜΕΥΣΗΣ ΚΑΙ ΦΥΛΑΞΗΣ ΣΚΑΦΩΝ, ΣΕ ΧΕΡΣΑΙΟ ΧΩΡΟ","140316001001","800769998","gmail.com"
"ΜΠΑΧΑΝΤΟΥΡΗΣ ΣΤ. ΚΑΙ ΣΙΑ Ε.Ε.","B","free-mail","mpahantouris@gmail.com","6985996950","ΧΙΟΥ / ΧΙΟΥ","ΧΙΟΥ","ΕΕ","2025","","","ΥΠΗΡΕΣΙΕΣ ΣΤΑΘΜΕΥΣΗΣ ΚΑΙ ΦΥΛΑΞΗΣ ΣΚΑΦΩΝ, ΣΕ ΧΕΡΣΑΙΟ ΧΩΡΟ","184250859000","802866850","gmail.com"
"ΜΠΕΓΝΗ ΑΘΗΝΑ TOY ΧΡΗΣΤΟΥ","B","free-mail","actionmarine20@gmail.com","2104640527","ΣΑΛΑΜΙΝΑΣ / ΝΗΣΩΝ","ΑΤΤΙΚΗΣ","ΑΤΟΜΙΚΗ","2009","","","ΥΠΗΡΕΣΙΕΣ ΣΤΑΘΜΕΥΣΗΣ ΚΑΙ ΦΥΛΑΞΗΣ ΣΚΑΦΩΝ, ΣΕ ΧΕΡΣΑΙΟ ΧΩΡΟ","55065609000","045540640","gmail.com"
"ΜΠΕΙΟΓΛΟΥ ΠΑΝΤΕΛΕΗΜΩΝ ΤΟΥ ΒΑΣΙΛΕΙΟΥ","B","free-mail","pantelis.mpeioglou@gmail.com","6936854385","ΠΕΡΙΣΤΕΡΙΟΥ / ΔΥΤΙΚΟΥ ΤΟΜΕΑ ΑΘΗΝΩΝ","ΑΤΤΙΚΗΣ","ΑΤΟΜΙΚΗ","2021","","","ΥΠΗΡΕΣΙΕΣ ΕΠΙΣΚΕΥΗΣ ΚΑΙ ΣΥΝΤΗΡΗΣΗΣ ΣΚΑΦΩΝ ΑΝΑΨΥΧΗΣ, ΛΕΜΒΩΝ ΚΑΙ ΜΗΧΑΝΩΝ ΘΑΛΑΣΣΗΣ","157725003000","048102472","gmail.com"
"ΜΠΕΛΕΓΡΙΝΟΣ ΚΩΝΣΤΑΝΤΙΝΟΣ ΤΟΥ ΔΗΜΗΤΡΙΟΥ","B","free-mail","LAZARISM@HOTMAIL.GR","2645025736","ΛΕΥΚΑΔΑΣ / ΛΕΥΚΑΔΑΣ","ΛΕΥΚΑΔΑΣ","ΑΤΟΜΙΚΗ","2010","","","ΥΠΗΡΕΣΙΕΣ ΣΤΑΘΜΕΥΣΗΣ ΚΑΙ ΦΥΛΑΞΗΣ ΣΚΑΦΩΝ, ΣΕ ΧΕΡΣΑΙΟ ΧΩΡΟ","16469743000","128467368","hotmail.gr"
"ΜΠΙΣΑΡΑΚΗΣ ΑΛΕΞΑΝΔΡΟΣ ΤΟΥ ΑΝΤΩΝΙΟΥ","B","free-mail","alexandrosnl2013@gmail.com","2695053271","ΖΑΚΥΝΘΟΥ / ΖΑΚΥΝΘΟΥ","ΖΑΚΥΝΘΟΥ","ΑΤΟΜΙΚΗ","2023","","","ΥΠΗΡΕΣΙΕΣ ΕΠΙΣΚΕΥΗΣ ΚΑΙ ΣΥΝΤΗΡΗΣΗΣ ΣΚΑΦΩΝ ΑΝΑΨΥΧΗΣ, ΛΕΜΒΩΝ ΚΑΙ ΜΗΧΑΝΩΝ ΘΑΛΑΣΣΗΣ","191269724000","139463271","gmail.com"
"ΜΠΟΓΡΗΣ ΣΠΥΡΙΔΩΝ ΤΟΥ ΓΕΩΡΓΙΟΥ","B","free-mail","dsorrou@gmail.com","2297028842","ΑΙΓΙΝΑΣ / ΝΗΣΩΝ","ΠΕΙΡΑΙΑ","ΑΤΟΜΙΚΗ","2013","","","ΥΠΗΡΕΣΙΕΣ ΕΠΙΣΚΕΥΗΣ ΚΑΙ ΣΥΝΤΗΡΗΣΗΣ ΣΚΑΦΩΝ ΑΝΑΨΥΧΗΣ, ΛΕΜΒΩΝ ΚΑΙ ΜΗΧΑΝΩΝ ΘΑΛΑΣΣΗΣ","124197208000","113446862","gmail.com"
"ΜΠΟΝΑΡΟΣ ΘΕΟΔΩΡΟΣ ΤΟΥ ΝΙΚΟΛΑΟΥ","B","free-mail","theobonaros@hotmail.com","6932561725","ΠΕΙΡΑΙΩΣ / ΠΕΙΡΑΙΩΣ","ΠΕΙΡΑΙΑ","ΑΤΟΜΙΚΗ","2021","","","ΥΠΗΡΕΣΙΕΣ ΕΠΙΣΚΕΥΗΣ ΚΑΙ ΣΥΝΤΗΡΗΣΗΣ ΣΚΑΦΩΝ ΑΝΑΨΥΧΗΣ, ΛΕΜΒΩΝ ΚΑΙ ΜΗΧΑΝΩΝ ΘΑΛΑΣΣΗΣ","163587808000","074858627","hotmail.com"
"ΜΠΟΥΝΤΑΛΗ ΙΩΑΝΝΑ ΤΟΥ ΠΑΝΑΓΙΩΤΗ","B","free-mail","logistisper@gmail.com","","ΣΑΡΩΝΙΚΟΥ / ΑΝΑΤΟΛΙΚΗΣ ΑΤΤΙΚΗΣ","ΑΤΤΙΚΗΣ","ΑΤΟΜΙΚΗ","2022","","","ΥΠΗΡΕΣΙΕΣ ΣΤΑΘΜΕΥΣΗΣ ΚΑΙ ΦΥΛΑΞΗΣ ΣΚΑΦΩΝ, ΣΕ ΠΑΡΑΚΤΙΟ ΧΩΡΟ","164477303000","175619598","gmail.com"
"ΜΠΟΥΡΓΑΛΗΣ ΔΡΑΚΟΥΛΗΣ ΤΟΥ ΠΕΤΡΟΥ","B","free-mail","isalosschool@yahoo.gr","6974738139","ΘΕΣΣΑΛΟΝΙΚΗΣ / ΘΕΣΣΑΛΟΝΙΚΗΣ","ΘΕΣΣΑΛΟΝΙΚΗΣ","ΑΤΟΜΙΚΗ","2022","","","ΥΠΗΡΕΣΙΕΣ ΕΚΠΑΙΔΕΥΣΗΣ ΣΤΗΝ ΟΔΗΓΗΣΗ ΤΑΧΥΠΛΟΩΝ ΣΚΑΦΩΝ","167155806000","049002815","yahoo.gr"
"ΜΠΟΥΡΓΚΗΣ ΣΩΚΡΑΤΗΣ","B","free-mail","bourgkis@gmail.com","6978993303","ΚΩ / ΚΩ","ΔΩΔΕΚΑΝΗΣΟΥ","ΑΤΟΜΙΚΗ","2022","","","ΥΠΗΡΕΣΙΕΣ ΕΠΙΣΚΕΥΗΣ ΚΑΙ ΣΥΝΤΗΡΗΣΗΣ ΣΚΑΦΩΝ ΑΝΑΨΥΧΗΣ, ΛΕΜΒΩΝ ΚΑΙ ΜΗΧΑΝΩΝ ΘΑΛΑΣΣΗΣ","190366120000","118678404","gmail.com"
"ΜΠΟΥΡΝΗΣ ΕΥΤΥΧΙΟΣ","B","free-mail","eytyxiosbournis@gmail.com","","ΡΟΔΟΥ / ΡΟΔΟΥ","ΔΩΔΕΚΑΝΗΣΟΥ","ΑΤΟΜΙΚΗ","2023","","","ΥΠΗΡΕΣΙΕΣ ΣΤΑΘΜΕΥΣΗΣ ΚΑΙ ΦΥΛΑΞΗΣ ΣΚΑΦΩΝ, ΣΕ ΧΕΡΣΑΙΟ ΧΩΡΟ","174901020000","175577382","gmail.com"
"ΜΠΟΥΣΙΑΚΗΣ ΣΤΕΦΑΝΟΣ ΤΟΥ ΔΗΜΗΤΡΙΟΥ","B","free-mail","log676392@gmail.com","","ΒΟΛΟΥ / ΜΑΓΝΗΣΙΑΣ","ΜΑΓΝΗΣΙΑΣ","ΑΤΟΜΙΚΗ","2019","","","ΥΠΗΡΕΣΙΕΣ ΕΠΙΣΚΕΥΗΣ ΚΑΙ ΣΥΝΤΗΡΗΣΗΣ ΣΚΑΦΩΝ ΑΝΑΨΥΧΗΣ, ΛΕΜΒΩΝ ΚΑΙ ΜΗΧΑΝΩΝ ΘΑΛΑΣΣΗΣ","152902244000","059428300","gmail.com"
"ΜΠΟΥΦΗΣ ΙΩΑΝΝΗΣ ΤΟΥ ΔΗΜΗΤΡΙΟΥ","B","free-mail","aggelpapa@yahoo.gr","2298075309","ΣΠΕΤΣΩΝ / ΝΗΣΩΝ","ΑΤΤΙΚΗΣ","ΑΤΟΜΙΚΗ","2003","","","ΥΠΗΡΕΣΙΕΣ ΑΝΕΛΚΥΣΗΣ ΚΑΙ ΚΑΘΕΛΚΥΣΗΣ ΣΚΑΦΩΝ","112647408000","038894600","yahoo.gr"
"ΜΠΟΥΧΩΡΙΤΗΣ ΓΕΩΡΓΙΟΣ ΤΟΥ ΗΛΙΑ","B","free-mail","boatfinders@gmail.com","2235041094","ΚΑΜΕΝΩΝ ΒΟΥΡΛΩΝ / ΦΘΙΩΤΙΔΑΣ","ΦΘΙΩΤΙΔΑΣ","ΑΤΟΜΙΚΗ","2010","","","ΥΠΗΡΕΣΙΕΣ ΣΤΑΘΜΕΥΣΗΣ ΚΑΙ ΦΥΛΑΞΗΣ ΣΚΑΦΩΝ, ΣΕ ΠΑΡΑΚΤΙΟ ΧΩΡΟ","23013854000","037254610","gmail.com"
"ΜΥΛΩΝΑΚΗΣ ΓΕΩΡΓΙΟΣ","B","free-mail","EKONT88@HOTMAIL.COM","6985980640","ΧΑΝΙΩΝ / ΧΑΝΙΩΝ","ΧΑΝΙΩΝ","ΑΤΟΜΙΚΗ","2025","","","ΥΠΗΡΕΣΙΕΣ ΕΠΙΣΚΕΥΗΣ ΚΑΙ ΣΥΝΤΗΡΗΣΗΣ ΣΚΑΦΩΝ ΑΝΑΨΥΧΗΣ, ΛΕΜΒΩΝ ΚΑΙ ΜΗΧΑΝΩΝ ΘΑΛΑΣΣΗΣ","73533158000","112392894","hotmail.com"
"ΜΩΡΑΪΤΗΣ ΜΑΡΙΟΣ ΤΟΥ ΧΑΡΑΛΑΜΠΟΥ","B","free-mail","Mariosmo1987@gmail.com","2661044792","ΚΕΝΤΡΙΚΗΣ ΚΕΡΚΥΡΑΣ ΚΑΙ ΔΙΑΠΟΝΤΙΩΝ ΝΗΣΩΝ / ΚΕΡΚΥΡΑΣ","ΚΕΡΚΥΡΑΣ","ΑΤΟΜΙΚΗ","2021","","","ΥΠΗΡΕΣΙΕΣ ΕΠΙΣΚΕΥΗΣ ΚΑΙ ΣΥΝΤΗΡΗΣΗΣ ΣΚΑΦΩΝ ΑΝΑΨΥΧΗΣ, ΛΕΜΒΩΝ ΚΑΙ ΜΗΧΑΝΩΝ ΘΑΛΑΣΣΗΣ","184379633000","143570792","gmail.com"
"ΝΑΣΙΟΣ ΕΛΕΥΘΕΡΙΟΣ του Ιωάννη","B","free-mail","nasioseleutherios@gmail.com","","ΗΓΟΥΜΕΝΙΤΣΑΣ / ΘΕΣΠΡΩΤΙΑΣ","ΘΕΣΠΡΩΤΙΑΣ","ΑΤΟΜΙΚΗ","2022","","","ΥΠΗΡΕΣΙΕΣ ΕΠΙΣΚΕΥΗΣ ΚΑΙ ΣΥΝΤΗΡΗΣΗΣ ΣΚΑΦΩΝ ΑΝΑΨΥΧΗΣ, ΛΕΜΒΩΝ ΚΑΙ ΜΗΧΑΝΩΝ ΘΑΛΑΣΣΗΣ","189050828000","153720432","gmail.com"
"ΝΑΥΠΗΓΕΙΑ ΔΗΜΗΤΡΙΟΥ Γ ΑΤΣΑΛΑΚΗ ΜΟΝΟΠΡΟΣΩΠΗ Ι.Κ.Ε.","B","free-mail","atsalakishipyard@gmail.com","2104415921","ΠΕΡΑΜΑΤΟΣ / ΠΕΙΡΑΙΩΣ","ΑΤΤΙΚΗΣ","ΙΚΕ","2021","","","ΥΠΗΡΕΣΙΕΣ ΕΠΙΣΚΕΥΗΣ ΚΑΙ ΣΥΝΤΗΡΗΣΗΣ ΣΚΑΦΩΝ ΑΝΑΨΥΧΗΣ, ΛΕΜΒΩΝ ΚΑΙ ΜΗΧΑΝΩΝ ΘΑΛΑΣΣΗΣ","158216008000","801509768","gmail.com"
"ΝΑΥΠΗΓΕΙΑ ΠΑΝΑΓΙΩΤΗ Ι. ΑΣΠΡΑΚΗ – ΣΠΥΡΟΥ Κ. ΚΑΛΔΗ – ΓΕΩΡΓΙΟΥ Π. ΑΣΠΡΑΚΗ ΟΜΟΡΡΥΘΜΗ ΕΤΑΙΡΕΙΑ","B","free-mail","kaldis.1.mat@hotmail.com","2297024120","ΑΙΓΙΝΑΣ / ΝΗΣΩΝ","ΑΤΤΙΚΗΣ","ΟΕ","2009","","","ΥΠΗΡΕΣΙΕΣ ΣΤΑΘΜΕΥΣΗΣ ΚΑΙ ΦΥΛΑΞΗΣ ΣΚΑΦΩΝ, ΣΕ ΠΑΡΑΚΤΙΟ ΧΩΡΟ","128306808000","998539769","hotmail.com"
"ΝΕΖΑΣ ΙΟΡΔΑΝΗΣ ΤΟΥ ΚΩΝΣΤΑΝΤΙΝΟΥ","B","free-mail","marine.service.nezas@gmail.com","","ΠΑΓΓΑΙΟΥ / ΚΑΒΑΛΑΣ","ΚΑΒΑΛΑΣ","ΑΤΟΜΙΚΗ","2015","","","ΥΠΗΡΕΣΙΕΣ ΕΠΙΣΚΕΥΗΣ ΚΑΙ ΣΥΝΤΗΡΗΣΗΣ ΣΚΑΦΩΝ ΑΝΑΨΥΧΗΣ, ΛΕΜΒΩΝ ΚΑΙ ΜΗΧΑΝΩΝ ΘΑΛΑΣΣΗΣ","171834730000","142219549","gmail.com"
"ΝΙΚ. Β. ΔΗΜΟΠΟΥΛΟΣ ΚΑΙ ΣΙΑ Ο.Ε.","B","free-mail","aktiomarina@gmail.com","2682061305","ΑΚΤΙΟΥ-ΒΟΝΙΤΣΑΣ / ΑΙΤΩΛΟΑΚΑΡΝΑΝΙΑΣ","ΑΙΤΩΛΟΑΚΑΡΝΑΝΙΑΣ","ΟΕ","1997","","","ΥΠΗΡΕΣΙΕΣ ΣΤΑΘΜΕΥΣΗΣ ΚΑΙ ΦΥΛΑΞΗΣ ΣΚΑΦΩΝ, ΣΕ ΧΕΡΣΑΙΟ ΧΩΡΟ","28060012000","082357163","gmail.com"
"ΝΙΚΟΛΑΚΑΚΗΣ ΚΩΝΣΤΑΝΤΙΝΟΣ TOY ΘΕΟΔΩΡΟΥ","B","free-mail","k.knikolakakis@gmail.com","","ΛΑΥΡΕΩΤΙΚΗΣ / ΑΝΑΤΟΛΙΚΗΣ ΑΤΤΙΚΗΣ","ΑΤΤΙΚΗΣ","ΑΤΟΜΙΚΗ","2007","","","ΥΠΗΡΕΣΙΕΣ ΣΤΑΘΜΕΥΣΗΣ ΚΑΙ ΦΥΛΑΞΗΣ ΣΚΑΦΩΝ, ΣΕ ΧΕΡΣΑΙΟ ΧΩΡΟ","56317709000","038637827","gmail.com"
"ΝΙΚΟΛΑΟΣ ΑΡΤΕΜΙΟΥ ΞΥΔΟΥΣ","B","free-mail","nxydous@gmail.com","2287023822","ΜΗΛΟΥ / ΜΗΛΟΥ","ΚΥΚΛΑΔΩΝ","ΑΤΟΜΙΚΗ","2018","","","ΥΠΗΡΕΣΙΕΣ ΣΤΑΘΜΕΥΣΗΣ ΚΑΙ ΦΥΛΑΞΗΣ ΣΚΑΦΩΝ, ΣΕ ΧΕΡΣΑΙΟ ΧΩΡΟ","148351138000","036038743","gmail.com"
"ΝΙΚΟΛΑΟΣ ΜΑΡΚΑΚΗΣ ΤΟΥ ΚΩΝ/ΝΟΥ","B","free-mail","nikos.markakis@hotmail.gr","2103425626","ΑΘΗΝΑΙΩΝ / ΚΕΝΤΡΙΚΟΥ ΤΟΜΕΑ ΑΘΗΝΩΝ","ΑΤΤΙΚΗΣ","ΑΤΟΜΙΚΗ","1985","","","ΥΠΗΡΕΣΙΕΣ ΕΠΙΣΚΕΥΗΣ ΚΑΙ ΣΥΝΤΗΡΗΣΗΣ ΣΚΑΦΩΝ ΑΝΑΨΥΧΗΣ, ΛΕΜΒΩΝ ΚΑΙ ΜΗΧΑΝΩΝ ΘΑΛΑΣΣΗΣ","156201000","030251788","hotmail.gr"
"ΝΙΚΟΛΑΟΣ ΤΡΑΓΚΑΣ","B","free-mail","nikostragkas02@gmail.com","6974301214","ΣΑΡΩΝΙΚΟΥ / ΑΝΑΤΟΛΙΚΗΣ ΑΤΤΙΚΗΣ","ΑΤΤΙΚΗΣ","ΑΤΟΜΙΚΗ","2010","","","ΥΠΗΡΕΣΙΕΣ ΣΤΑΘΜΕΥΣΗΣ ΚΑΙ ΦΥΛΑΞΗΣ ΣΚΑΦΩΝ, ΣΕ ΧΕΡΣΑΙΟ ΧΩΡΟ","67556003000","055338063","gmail.com"
"ΝΙΚΟΣ ΜΑΡΚΑΚΗΣ ΚΑΙ ΣΙΑ Ε.Ε.","B","free-mail","nikos.markakis@hotmail.gr","6932230676","ΑΘΗΝΑΙΩΝ / ΚΕΝΤΡΙΚΟΥ ΤΟΜΕΑ ΑΘΗΝΩΝ","ΑΤΤΙΚΗΣ","ΕΕ","2025","","","ΥΠΗΡΕΣΙΕΣ ΕΠΙΣΚΕΥΗΣ ΚΑΙ ΣΥΝΤΗΡΗΣΗΣ ΣΚΑΦΩΝ ΑΝΑΨΥΧΗΣ, ΛΕΜΒΩΝ ΚΑΙ ΜΗΧΑΝΩΝ ΘΑΛΑΣΣΗΣ","182791103000","802789065","hotmail.gr"
"ΝΤΖΑΛΑΣ ΣΩΚΡΑΤΗΣ ΤΟΥ ΧΡΗΣΤΟΥ","B","free-mail","ionionboats@gmail.com","2635051643","ΑΓΡΙΝΙΟΥ / ΑΙΤΩΛΟΑΚΑΡΝΑΝΙΑΣ","ΑΙΤΩΛΟΑΚΑΡΝΑΝΙΑΣ","ΑΤΟΜΙΚΗ","2015","","","ΥΠΗΡΕΣΙΕΣ ΕΠΙΣΚΕΥΗΣ ΚΑΙ ΣΥΝΤΗΡΗΣΗΣ ΣΚΑΦΩΝ ΑΝΑΨΥΧΗΣ, ΛΕΜΒΩΝ ΚΑΙ ΜΗΧΑΝΩΝ ΘΑΛΑΣΣΗΣ","137040812000","120164897","gmail.com"
"ΝΤΡΙΤΣΟΣ ΘΩΜΑΣ ΚΑΙ ΣΙΑ ΕΤΕΡΟΡΡΥΘΜΗ ΕΤΑΙΡΕΙΑ","B","free-mail","eape19@otenet.gr","2666024385","ΗΓΟΥΜΕΝΙΤΣΑΣ / ΘΕΣΠΡΩΤΙΑΣ","ΘΕΣΠΡΩΤΙΑΣ","ΕΕ","2021","","","ΥΠΗΡΕΣΙΕΣ ΣΤΑΘΜΕΥΣΗΣ ΚΑΙ ΦΥΛΑΞΗΣ ΣΚΑΦΩΝ, ΣΕ ΧΕΡΣΑΙΟ ΧΩΡΟ","159847228000","801597900","otenet.gr"
"ΞΥΔΗΣ ΑΝΤΩΝΙΟΣ ΤΟΥ ΜΑΡΚΟΥ","B","free-mail","antonisxidis7@gmail.com","2296032066","ΜΕΓΑΡΕΩΝ / ΔΥΤΙΚΗΣ ΑΤΤΙΚΗΣ","ΑΤΤΙΚΗΣ","ΑΤΟΜΙΚΗ","2020","","","ΥΠΗΡΕΣΙΕΣ ΣΤΑΘΜΕΥΣΗΣ ΚΑΙ ΦΥΛΑΞΗΣ ΣΚΑΦΩΝ, ΣΕ ΧΕΡΣΑΙΟ ΧΩΡΟ","154631809000","066191620","gmail.com"
"ΟΙΚΟΝΟΜΟΥ ΓΕΩΡΓΙΟΣ ΤΟΥ ΑΘΑΝΑΣΙΟΥ","B","free-mail","G.Oikonomou97@gmail.com","2107297949","ΔΙΡΦΥΩΝ-ΜΕΣΣΑΠΙΩΝ / ΕΥΒΟΙΑΣ","ΕΥΒΟΙΑΣ","ΑΤΟΜΙΚΗ","2026","","","ΥΠΗΡΕΣΙΕΣ ΣΤΑΘΜΕΥΣΗΣ ΚΑΙ ΦΥΛΑΞΗΣ ΣΚΑΦΩΝ, ΣΕ ΧΕΡΣΑΙΟ ΧΩΡΟ","193013622000","134373589","gmail.com"
"ΟΙΚΟΝΟΜΟΥ ΣΤΕΦΑΝΟΣ ΧΡΥΣΟΒΑΛΑΝΤΗΣ","B","free-mail","soikonomou1234@gmail.com","2421402472","ΚΙΛΕΛΕΡ / ΛΑΡΙΣΑΣ","ΛΑΡΙΣΑΣ","ΑΤΟΜΙΚΗ","2026","","","ΥΠΗΡΕΣΙΕΣ ΕΠΙΣΚΕΥΗΣ ΚΑΙ ΣΥΝΤΗΡΗΣΗΣ ΣΚΑΦΩΝ ΑΝΑΨΥΧΗΣ, ΛΕΜΒΩΝ ΚΑΙ ΜΗΧΑΝΩΝ ΘΑΛΑΣΣΗΣ","192574040000","113599320","gmail.com"
"ΟΥΤΣΑΣ ΠΑΝΑΓΙΩΤΗΣ ΤΟΥ ΓΕΩΡΓΙΟΥ","B","free-mail","panosoutsas@gmail.com","2682060215","ΠΡΕΒΕΖΑΣ / ΠΡΕΒΕΖΑΣ","ΠΡΕΒΕΖΑΣ","ΑΤΟΜΙΚΗ","2020","","","ΥΠΗΡΕΣΙΕΣ ΕΠΙΣΚΕΥΗΣ ΚΑΙ ΣΥΝΤΗΡΗΣΗΣ ΣΚΑΦΩΝ ΑΝΑΨΥΧΗΣ, ΛΕΜΒΩΝ ΚΑΙ ΜΗΧΑΝΩΝ ΘΑΛΑΣΣΗΣ","154055449000","146762181","gmail.com"
"Π. ΝΤΟΥΝΙΑΣ & ΣΙΑ Ο.Ε.","B","free-mail","escapeportorafti@yahoo.gr","2299041280","ΜΑΡΚΟΠΟΥΛΟΥ ΜΕΣΟΓΑΙΑΣ / ΑΝΑΤΟΛΙΚΗΣ ΑΤΤΙΚΗΣ","ΑΝΑΤΟΛΙΚΗΣ ΑΤΤΙΚΗΣ","ΟΕ","2009","","","ΥΠΗΡΕΣΙΕΣ ΣΤΑΘΜΕΥΣΗΣ ΚΑΙ ΦΥΛΑΞΗΣ ΣΚΑΦΩΝ, ΣΕ ΧΕΡΣΑΙΟ ΧΩΡΟ","8656801000","998044877","yahoo.gr"
"ΠΑΓΟΥΔΗΣ ΓΕΩΡΓΙΟΣ ΤΟΥ ΙΩΑΝΝΟΥ","B","free-mail","kokkinakis.dimitris@hotmail.com","2130331511","ΠΕΙΡΑΙΩΣ / ΠΕΙΡΑΙΩΣ","ΠΕΙΡΑΙΑ","ΑΤΟΜΙΚΗ","2024","","","ΥΠΗΡΕΣΙΕΣ ΕΠΙΣΚΕΥΗΣ ΚΑΙ ΣΥΝΤΗΡΗΣΗΣ ΣΚΑΦΩΝ ΑΝΑΨΥΧΗΣ, ΛΕΜΒΩΝ ΚΑΙ ΜΗΧΑΝΩΝ ΘΑΛΑΣΣΗΣ","175915208000","112973793","hotmail.com"
"ΠΑΓΟΥΔΗΣ ΗΛΙΑΣ ΤΟΥ ΙΩΑΝΝΟΥ.","B","free-mail","kokkinakis.dimitris@hotmail.com","2104971821","ΝΙΚΑΙΑΣ - ΑΓΙΟΥ ΙΩΑΝΝΗ ΡΕΝΤΗ / ΠΕΙΡΑΙΩΣ","","ΑΤΟΜΙΚΗ","2013","","","ΥΠΗΡΕΣΙΕΣ ΕΠΙΣΚΕΥΗΣ ΚΑΙ ΣΥΝΤΗΡΗΣΗΣ ΣΚΑΦΩΝ ΑΝΑΨΥΧΗΣ, ΛΕΜΒΩΝ ΚΑΙ ΜΗΧΑΝΩΝ ΘΑΛΑΣΣΗΣ","135624008000","074517673","hotmail.com"
"ΠΑΙΤΑΡΙΔΗΣ ΑΘΑΝΑΣΙΟΣ ΤΟΥ ΧΡΗΣΤΟΥ","B","free-mail","thanasispaitaridis@gmail.com","6945298268","ΚΕΝΤΡΙΚΗΣ ΚΕΡΚΥΡΑΣ ΚΑΙ ΔΙΑΠΟΝΤΙΩΝ ΝΗΣΩΝ / ΚΕΡΚΥΡΑΣ","ΚΕΡΚΥΡΑΣ","ΑΤΟΜΙΚΗ","2015","","","ΥΠΗΡΕΣΙΕΣ ΕΠΙΣΚΕΥΗΣ ΚΑΙ ΣΥΝΤΗΡΗΣΗΣ ΣΚΑΦΩΝ ΑΝΑΨΥΧΗΣ, ΛΕΜΒΩΝ ΚΑΙ ΜΗΧΑΝΩΝ ΘΑΛΑΣΣΗΣ","176495533000","043753187","gmail.com"
"ΠΑΝΑΓΙΩΤΑΡΑΚΟΣ ΣΩΤΗΡΙΟΣ","B","free-mail","sotirakoshandaglx53@gmail.com","","","ΑΤΤΙΚΗΣ","ΑΤΟΜΙΚΗ","2026","","","ΥΠΗΡΕΣΙΕΣ ΕΠΙΣΚΕΥΗΣ ΚΑΙ ΣΥΝΤΗΡΗΣΗΣ ΣΚΑΦΩΝ ΑΝΑΨΥΧΗΣ, ΛΕΜΒΩΝ ΚΑΙ ΜΗΧΑΝΩΝ ΘΑΛΑΣΣΗΣ","193788608000","169704451","gmail.com"
"ΠΑΝΑΓΙΩΤΗΣ ΘΕΟΔΩΡΑΚΟΠΟΥΛΟΣ του ΓΕΩΡΓΙΟΥ","B","free-mail","pan.theo91@gmail.com","2691022012","ΑΙΓΙΑΛΕΙΑΣ / ΑΧΑΙΑΣ","ΑΧΑΙΑΣ","ΑΤΟΜΙΚΗ","2014","","","ΥΠΗΡΕΣΙΕΣ ΕΠΙΣΚΕΥΗΣ ΚΑΙ ΣΥΝΤΗΡΗΣΗΣ ΣΚΑΦΩΝ ΑΝΑΨΥΧΗΣ, ΛΕΜΒΩΝ ΚΑΙ ΜΗΧΑΝΩΝ ΘΑΛΑΣΣΗΣ","132856616000","067465412","gmail.com"
"ΠΑΝΑΓΙΩΤΗΣ ΜΩΡΑΙΤΗΣ ΤΟΥ ΒΑΣΙΛΕΙΟΥ ΚΑΙ ΤΗΣ ΕΛΕΥΘΕΡΙΑΣ","B","free-mail","panosmors@gmail.com","2109618437","ΕΛΛΗΝΙΚΟΥ - ΑΡΓΥΡΟΥΠΟΛΗΣ / ΝΟΤΙΟΥ ΤΟΜΕΑ ΑΘΗΝΩΝ","ΑΤΤΙΚΗΣ","ΑΤΟΜΙΚΗ","2012","","","ΥΠΗΡΕΣΙΕΣ ΕΠΙΣΚΕΥΗΣ ΚΑΙ ΣΥΝΤΗΡΗΣΗΣ ΣΚΑΦΩΝ ΑΝΑΨΥΧΗΣ, ΛΕΜΒΩΝ ΚΑΙ ΜΗΧΑΝΩΝ ΘΑΛΑΣΣΗΣ","123181101000","054093647","gmail.com"
"ΠΑΠΑΔΑΚΗΣ ΒΑΣΙΛΕΙΟΣ ΤΟΥ ΕΜΜΑΝΟΥΗΛ","B","free-mail","kanakistaxis@yahoo.gr","","ΠΟΡΟΥ / ΝΗΣΩΝ","ΠΕΙΡΑΙΑ","ΑΤΟΜΙΚΗ","2014","","","ΥΠΗΡΕΣΙΕΣ ΣΤΑΘΜΕΥΣΗΣ ΚΑΙ ΦΥΛΑΞΗΣ ΣΚΑΦΩΝ, ΣΕ ΧΕΡΣΑΙΟ ΧΩΡΟ","129403408000","137554634","yahoo.gr"
"ΠΑΠΑΔΑΤΟΣ ΝΙΚΟΛΑΟΣ ΤΟΥ ΓΕΩΡΓΙΟΥ","B","free-mail","npyachtservice@yahoo.com","2645026726","ΛΕΥΚΑΔΑΣ / ΛΕΥΚΑΔΑΣ","ΛΕΥΚΑΔΑΣ","ΑΤΟΜΙΚΗ","2011","","","ΥΠΗΡΕΣΙΕΣ ΕΠΙΣΚΕΥΗΣ ΚΑΙ ΣΥΝΤΗΡΗΣΗΣ ΣΚΑΦΩΝ ΑΝΑΨΥΧΗΣ, ΛΕΜΒΩΝ ΚΑΙ ΜΗΧΑΝΩΝ ΘΑΛΑΣΣΗΣ","135878043000","047893519","yahoo.com"
"ΠΑΠΑΙΩΑΝΝΟΥ ΑΛΕΞΑΝΔΡΟΣ ΤΟΥ ΑΝΤΩΝΙΟΥ","B","free-mail","alekan305@gmail.com","","ΙΣΤΙΑΙΑΣ-ΑΙΔΗΨΟΥ / ΕΥΒΟΙΑΣ","ΕΥΒΟΙΑΣ","ΑΤΟΜΙΚΗ","2014","","","ΥΠΗΡΕΣΙΕΣ ΕΠΙΣΚΕΥΗΣ ΚΑΙ ΣΥΝΤΗΡΗΣΗΣ ΣΚΑΦΩΝ ΑΝΑΨΥΧΗΣ, ΛΕΜΒΩΝ ΚΑΙ ΜΗΧΑΝΩΝ ΘΑΛΑΣΣΗΣ","146173822000","134721590","gmail.com"
"ΠΑΡΑΣΚΕΥΑΣ ΓΕΩΡΓΙΟΣ","B","free-mail","gudaras1@otenet.gr","2421027903","ΒΟΛΟΥ / ΜΑΓΝΗΣΙΑΣ","ΜΑΓΝΗΣΙΑΣ","ΑΤΟΜΙΚΗ","2024","","","ΥΠΗΡΕΣΙΕΣ ΕΠΙΣΚΕΥΗΣ ΚΑΙ ΣΥΝΤΗΡΗΣΗΣ ΣΚΑΦΩΝ ΑΝΑΨΥΧΗΣ, ΛΕΜΒΩΝ ΚΑΙ ΜΗΧΑΝΩΝ ΘΑΛΑΣΣΗΣ","180565544000","160429087","otenet.gr"
"ΠΑΣΤΡΙΚΟΣ ΜΙΧΑΛΗΣ (Υποκατάστημα)","B","free-mail","mickpast@gmail.com","6945387333","ΚΩ / ΚΩ","ΔΩΔΕΚΑΝΗΣΟΥ","ΑΤΟΜΙΚΗ","2020","","","ΥΠΗΡΕΣΙΕΣ ΣΤΑΘΜΕΥΣΗΣ ΚΑΙ ΦΥΛΑΞΗΣ ΣΚΑΦΩΝ, ΣΕ ΧΕΡΣΑΙΟ ΧΩΡΟ","71185720002","050146433","gmail.com"
"ΠΑΤΕΝΙΔΗΣ ΜΑΡΙΝΟΣ του ΧΡΗΣΤΟΥ","B","free-mail","triiris@outlook.com","2551032476","ΑΛΕΞΑΝΔΡΟΥΠΟΛΗΣ / ΕΒΡΟΥ","ΕΒΡΟΥ","ΑΤΟΜΙΚΗ","2017","","","ΥΠΗΡΕΣΙΕΣ ΕΚΠΑΙΔΕΥΣΗΣ ΣΤΗΝ ΟΔΗΓΗΣΗ ΤΑΧΥΠΛΟΩΝ ΣΚΑΦΩΝ","54502021000","112474248","outlook.com"
"ΠΕΛΕΚΗΣ ΒΑΣΙΛΕΙΟΣ ΤΟΥ ΓΕΩΡΓΙΟΥ","B","free-mail","pelekismarine71@gmail.com","","ΕΡΜΙΟΝΙΔΑΣ / ΑΡΓΟΛΙΔΑΣ","ΑΡΓΟΛΙΔΑΣ","ΑΤΟΜΙΚΗ","2024","","","ΥΠΗΡΕΣΙΕΣ ΕΠΙΣΚΕΥΗΣ ΚΑΙ ΣΥΝΤΗΡΗΣΗΣ ΣΚΑΦΩΝ ΑΝΑΨΥΧΗΣ, ΛΕΜΒΩΝ ΚΑΙ ΜΗΧΑΝΩΝ ΘΑΛΑΣΣΗΣ","181015013000","053763164","gmail.com"
"ΠΕΡΔΙΚΟΥΡΗΣ ΝΙΚΟΛΑΟΣ ΤΟΥ ΛΕΩΝΙΔΑ","B","free-mail","NPERDIKOURIS@GMAIL.COM","2661033597","ΚΕΝΤΡΙΚΗΣ ΚΕΡΚΥΡΑΣ ΚΑΙ ΔΙΑΠΟΝΤΙΩΝ ΝΗΣΩΝ / ΚΕΡΚΥΡΑΣ","ΚΕΡΚΥΡΑΣ","ΑΤΟΜΙΚΗ","2011","","","ΥΠΗΡΕΣΙΕΣ ΕΠΙΣΚΕΥΗΣ ΚΑΙ ΣΥΝΤΗΡΗΣΗΣ ΣΚΑΦΩΝ ΑΝΑΨΥΧΗΣ, ΛΕΜΒΩΝ ΚΑΙ ΜΗΧΑΝΩΝ ΘΑΛΑΣΣΗΣ","116163333000","055863183","gmail.com"
"ΠΕΡΙΑΛΗΣ ΖΑΓΟΡΙΤΗΣ Ο.Ε.","B","free-mail","giannisperialis@gmail.com","6930300031","ΛΕΥΚΑΔΑΣ / ΛΕΥΚΑΔΑΣ","ΛΕΥΚΑΔΑΣ","ΟΕ","2026","","","ΥΠΗΡΕΣΙΕΣ ΕΠΙΣΚΕΥΗΣ ΚΑΙ ΣΥΝΤΗΡΗΣΗΣ ΣΚΑΦΩΝ ΑΝΑΨΥΧΗΣ, ΛΕΜΒΩΝ ΚΑΙ ΜΗΧΑΝΩΝ ΘΑΛΑΣΣΗΣ","192059643000","803204182","gmail.com"
"ΠΕΤΡΟΥ ΕΥΑΓΓΕΛΟΣ ΤΟΥ ΑΝΔΡΕΑ","B","free-mail","bora92.tzagia@gmail.com","2662031154","ΠΑΞΩΝ / ΚΕΡΚΥΡΑΣ","ΚΕΡΚΥΡΑΣ","ΑΤΟΜΙΚΗ","2020","","","ΥΠΗΡΕΣΙΕΣ ΕΠΙΣΚΕΥΗΣ ΚΑΙ ΣΥΝΤΗΡΗΣΗΣ ΣΚΑΦΩΝ ΑΝΑΨΥΧΗΣ, ΛΕΜΒΩΝ ΚΑΙ ΜΗΧΑΝΩΝ ΘΑΛΑΣΣΗΣ","191008033000","302215274","gmail.com"
"ΠΙΤΣΙΛΑΔΗΣ ΔΗΜΗΤΡΙΟΣ","B","free-mail","dpitsiladislogistics@gmail.com","6940708870","ΑΘΗΝΑΙΩΝ / ΚΕΝΤΡΙΚΟΥ ΤΟΜΕΑ ΑΘΗΝΩΝ","ΑΤΤΙΚΗΣ","ΑΤΟΜΙΚΗ","2024","","","ΥΠΗΡΕΣΙΕΣ ΕΠΙΣΚΕΥΗΣ ΚΑΙ ΣΥΝΤΗΡΗΣΗΣ ΣΚΑΦΩΝ ΑΝΑΨΥΧΗΣ, ΛΕΜΒΩΝ ΚΑΙ ΜΗΧΑΝΩΝ ΘΑΛΑΣΣΗΣ","179089703000","164444438","gmail.com"
"ΠΙΤΣΟΥΛΗΣ ΚΩΝΣΤΑΝΤΙΝΟΣ ΤΟΥ ΓΕΩΡΓΙΟΥ","B","free-mail","pitsoulisk@gmail.com","6979701108","ΘΕΡΜΗΣ / ΘΕΣΣΑΛΟΝΙΚΗΣ","ΘΕΣΣΑΛΟΝΙΚΗΣ","ΑΤΟΜΙΚΗ","2018","","","ΥΠΗΡΕΣΙΕΣ ΕΠΙΣΚΕΥΗΣ ΚΑΙ ΣΥΝΤΗΡΗΣΗΣ ΣΚΑΦΩΝ ΑΝΑΨΥΧΗΣ, ΛΕΜΒΩΝ ΚΑΙ ΜΗΧΑΝΩΝ ΘΑΛΑΣΣΗΣ","147095905000","145968505","gmail.com"
"ΠΟΡΤΟ ΧΕΛΙ ΘΑΛΑΣΣΙΑ ΣΠΟΡ Ε.Ε. (Υποκατάστημα)","B","free-mail","chefkorolis@gmail.com","6951789789","ΕΡΜΙΟΝΙΔΑΣ / ΑΡΓΟΛΙΔΑΣ","ΑΡΓΟΛΙΔΑΣ","ΕΕ","2025","","","ΥΠΗΡΕΣΙΕΣ ΣΤΑΘΜΕΥΣΗΣ ΚΑΙ ΦΥΛΑΞΗΣ ΣΚΑΦΩΝ, ΣΕ ΧΕΡΣΑΙΟ ΧΩΡΟ","159469913002","801577789","gmail.com"
"ΠΡΑΣΙΝΗ ΜΑΡΙΝΑ ΑΓΙΑ ΑΙΚΑΤΕΡΙΝΗ"" Ι.Κ.Ε.","B","free-mail","marinagazi@yahoo.gr","6972202945","ΛΕΥΚΑΔΑΣ / ΛΕΥΚΑΔΑΣ","ΛΕΥΚΑΔΑΣ","ΙΚΕ","2023","","","ΥΠΗΡΕΣΙΕΣ ΣΤΑΘΜΕΥΣΗΣ ΚΑΙ ΦΥΛΑΞΗΣ ΣΚΑΦΩΝ, ΣΕ ΠΑΡΑΚΤΙΟ ΧΩΡΟ","170339243000","802119371","yahoo.gr"
"ΡΑΛΛΗΣ ΣΠΥΡΙΔΩΝ ΤΟΥ ΓΡΗΓΟΡΙΟΥ","B","free-mail","logist65@otenet.gr","","ΚΕΡΑΤΣΙΝΙΟΥ - ΔΡΑΠΕΤΣΩΝΑΣ / ΠΕΙΡΑΙΩΣ","ΠΕΙΡΑΙΑ","ΑΤΟΜΙΚΗ","2017","","","ΥΠΗΡΕΣΙΕΣ ΕΠΙΣΚΕΥΗΣ ΚΑΙ ΣΥΝΤΗΡΗΣΗΣ ΣΚΑΦΩΝ ΑΝΑΨΥΧΗΣ, ΛΕΜΒΩΝ ΚΑΙ ΜΗΧΑΝΩΝ ΘΑΛΑΣΣΗΣ","142300808000","044567131","otenet.gr"
"ΡΗΓΑΣ ΘΕΟΔΟΣΙΟΣ ΤΟΥ ΓΕΩΡΓΙΟΥ","B","free-mail","kyriakidis_g@hotmail.com","","ΩΡΩΠΟΥ / ΑΝΑΤΟΛΙΚΗΣ ΑΤΤΙΚΗΣ","ΑΤΤΙΚΗΣ","ΑΤΟΜΙΚΗ","2017","","","ΥΠΗΡΕΣΙΕΣ ΕΠΙΣΚΕΥΗΣ ΚΑΙ ΣΥΝΤΗΡΗΣΗΣ ΣΚΑΦΩΝ ΑΝΑΨΥΧΗΣ, ΛΕΜΒΩΝ ΚΑΙ ΜΗΧΑΝΩΝ ΘΑΛΑΣΣΗΣ","144469003000","141493424","hotmail.com"
"ΡΙΝΗΣ ΚΩΝΣΤΑΝΤΙΝΟΣ ΤΟΥ ΠΑΝΑΓΙΩΤΗ","B","free-mail","konstantinosyachting93@gmail.com","","ΠΡΕΒΕΖΑΣ / ΠΡΕΒΕΖΑΣ","ΠΡΕΒΕΖΑΣ","ΑΤΟΜΙΚΗ","2023","","","ΥΠΗΡΕΣΙΕΣ ΕΠΙΣΚΕΥΗΣ ΚΑΙ ΣΥΝΤΗΡΗΣΗΣ ΣΚΑΦΩΝ ΑΝΑΨΥΧΗΣ, ΛΕΜΒΩΝ ΚΑΙ ΜΗΧΑΝΩΝ ΘΑΛΑΣΣΗΣ","174730549000","152196400","gmail.com"
"Σ. ΠΕΤΡΙΔΗΣ - Δ. ΠΕΤΡΙΔΗ ΚΑΙ ΣΙΑ ΟΜΟΡΡΥΘΜΗ ΕΤΑΙΡΕΙΑ","B","free-mail","mycaptaindino@gmail.com","2292026928","ΛΑΥΡΕΩΤΙΚΗΣ / ΑΝΑΤΟΛΙΚΗΣ ΑΤΤΙΚΗΣ","ΑΤΤΙΚΗΣ","ΟΕ","2022","","","ΥΠΗΡΕΣΙΕΣ ΕΚΠΑΙΔΕΥΣΗΣ ΣΤΗΝ ΟΔΗΓΗΣΗ ΤΑΧΥΠΛΟΩΝ ΣΚΑΦΩΝ","162722809000","801754749","gmail.com"
"ΣΑΚΚΑΣ ΣΠΥΡΙΔΩΝ ΤΟΥ ΝΙΚΟΛΑΟΥ","B","free-mail","sakaleas@yahoo.gr","698672310","ΒΟΛΟΥ / ΜΑΓΝΗΣΙΑΣ","ΜΑΓΝΗΣΙΑΣ","ΑΤΟΜΙΚΗ","2026","","","ΥΠΗΡΕΣΙΕΣ ΕΠΙΣΚΕΥΗΣ ΚΑΙ ΣΥΝΤΗΡΗΣΗΣ ΣΚΑΦΩΝ ΑΝΑΨΥΧΗΣ, ΛΕΜΒΩΝ ΚΑΙ ΜΗΧΑΝΩΝ ΘΑΛΑΣΣΗΣ","191970944000","145491888","yahoo.gr"
"ΣΑΞΙΩΝΗΣ ΔΗΜΗΤΡΙΟΣ ΤΟΥ ΙΩΑΝΝΗ","B","free-mail","d.saxionis@yahoo.com","2733052071","ΑΝΑΤΟΛΙΚΗΣ ΜΑΝΗΣ / ΛΑΚΩΝΙΑΣ","ΛΑΚΩΝΙΑΣ","ΑΤΟΜΙΚΗ","2021","","","ΥΠΗΡΕΣΙΕΣ ΕΠΙΣΚΕΥΗΣ ΚΑΙ ΣΥΝΤΗΡΗΣΗΣ ΣΚΑΦΩΝ ΑΝΑΨΥΧΗΣ, ΛΕΜΒΩΝ ΚΑΙ ΜΗΧΑΝΩΝ ΘΑΛΑΣΣΗΣ","158086139000","115851273","yahoo.com"
"ΣΓΟΥΡΟΣ ΕΥΓΕΝΙΟΣ TOY ΙΩΑΝΝΗ- ΣΕ ΕΚΚΡΕΜΟΤΗΤΑ","B","free-mail","evg.sgouros@gmail.com","2104908179","ΚΟΡΥΔΑΛΛΟΥ / ΠΕΙΡΑΙΩΣ","ΑΤΤΙΚΗΣ","ΑΤΟΜΙΚΗ","2009","","","ΥΠΗΡΕΣΙΕΣ ΕΚΠΑΙΔΕΥΣΗΣ ΣΤΗΝ ΟΔΗΓΗΣΗ ΤΑΧΥΠΛΟΩΝ ΣΚΑΦΩΝ","55926109000","118332061","gmail.com"
"ΣΓΟΥΡΟΣ ΜΑΤΘΑΙΟΣ ΤΟΥ ΙΩΑΝΝΟΥ","B","free-mail","msgouros1972@gmail.com","2104930749","","","ΑΤΟΜΙΚΗ","","","","ΥΠΗΡΕΣΙΕΣ ΕΚΠΑΙΔΕΥΣΗΣ ΣΤΗΝ ΟΔΗΓΗΣΗ ΤΑΧΥΠΛΟΩΝ ΣΚΑΦΩΝ","119018908000","058535377","gmail.com"
"ΣΙΜΗΤΟΠΟΥΛΟΣ ΔΗΜΟΣΘΕΝΗΣ ΤΟΥ ΑΡΧΙΜΗΔΗ","B","free-mail","simitopoulos@outlook.com","2310237744","ΘΕΣΣΑΛΟΝΙΚΗΣ / ΘΕΣΣΑΛΟΝΙΚΗΣ","ΘΕΣΣΑΛΟΝΙΚΗΣ","ΑΤΟΜΙΚΗ","2013","","","ΥΠΗΡΕΣΙΕΣ ΕΚΠΑΙΔΕΥΣΗΣ ΣΤΗΝ ΟΔΗΓΗΣΗ ΤΑΧΥΠΛΟΩΝ ΣΚΑΦΩΝ","124497906000","121678384","outlook.com"
"ΣΙΜΙΤΙΚΟΠΟΥΛΟΥ ΓΕΩΡΓΙΑ ΤΟΥ ΔΗΜΗΤΡΙΟΥ","B","free-mail","gsimitikopoulou@gmail.com","","ΑΣΠΡΟΠΥΡΓΟΥ / ΔΥΤΙΚΗΣ ΑΤΤΙΚΗΣ","ΑΤΤΙΚΗΣ","ΑΤΟΜΙΚΗ","2026","","","ΥΠΗΡΕΣΙΕΣ ΣΤΑΘΜΕΥΣΗΣ ΚΑΙ ΦΥΛΑΞΗΣ ΣΚΑΦΩΝ, ΣΕ ΧΕΡΣΑΙΟ ΧΩΡΟ","192260409000","143216404","gmail.com"
"ΣΟΥΡΛΑ ΠΑΝΑΓΙΩΤΑ ΤΟΥ ΝΙΚΟΛΑΟΥ","B","free-mail","ntina_liarou_log@yahoo.com","","ΒΟΛΟΥ / ΜΑΓΝΗΣΙΑΣ","ΜΑΓΝΗΣΙΑΣ","ΑΤΟΜΙΚΗ","2021","","","ΥΠΗΡΕΣΙΕΣ ΣΤΑΘΜΕΥΣΗΣ ΚΑΙ ΦΥΛΑΞΗΣ ΣΚΑΦΩΝ, ΣΕ ΧΕΡΣΑΙΟ ΧΩΡΟ","160100044000","126024918","yahoo.com"
"ΣΠ.ΚΑΤΣΙΚΑΡΗΣ - ΑΝΤ.ΒΙΚΟΣ & ΣΙΑ Ο.Ε.","B","free-mail","akagroup.gr@gmail.com","69632321001","ΠΟΡΟΥ / ΝΗΣΩΝ","ΠΕΙΡΑΙΑ","ΟΕ","2004","","","ΥΠΗΡΕΣΙΕΣ ΕΠΙΣΚΕΥΗΣ ΚΑΙ ΣΥΝΤΗΡΗΣΗΣ ΣΚΑΦΩΝ ΑΝΑΨΥΧΗΣ, ΛΕΜΒΩΝ ΚΑΙ ΜΗΧΑΝΩΝ ΘΑΛΑΣΣΗΣ","44630107000","099721142","gmail.com"
"ΣΠΗΛΙΩΤΗ ΠΑΝΑΓΙΩΤΑ ΚΑΙ ΣΙΑ Ο.Ε.","B","free-mail","totaspilioti@gmail.com","6983404785","ΞΥΛΟΚΑΣΤΡΟΥ-ΕΥΡΩΣΤΙΝΗΣ / ΚΟΡΙΝΘΙΑΣ","ΚΟΡΙΝΘΙΑΣ","ΟΕ","2025","","","ΥΠΗΡΕΣΙΕΣ ΣΤΑΘΜΕΥΣΗΣ ΚΑΙ ΦΥΛΑΞΗΣ ΣΚΑΦΩΝ, ΣΕ ΧΕΡΣΑΙΟ ΧΩΡΟ","183947737000","802851105","gmail.com"
"ΣΠΥΡΙΔΩΝ ΜΠΟΦΙΛΙΟΣ","B","free-mail","bofiliosmarine@gmail.com","","ΠΑΤΡΕΩΝ / ΑΧΑΙΑΣ","ΑΧΑΙΑΣ","ΑΤΟΜΙΚΗ","2019","","","ΥΠΗΡΕΣΙΕΣ ΕΠΙΣΚΕΥΗΣ ΚΑΙ ΣΥΝΤΗΡΗΣΗΣ ΣΚΑΦΩΝ ΑΝΑΨΥΧΗΣ, ΛΕΜΒΩΝ ΚΑΙ ΜΗΧΑΝΩΝ ΘΑΛΑΣΣΗΣ","167083616000","101751029","gmail.com"
"ΣΤΑΥΡΑΚΑΣ ΣΠΥΡΙΔΩΝ ΤΟΥ ΠΑΝΤΕΛΗ","B","free-mail","lakis7@otenet.gr","","ΛΕΥΚΑΔΑΣ / ΛΕΥΚΑΔΑΣ","ΛΕΥΚΑΔΑΣ","ΑΤΟΜΙΚΗ","2010","","","ΥΠΗΡΕΣΙΕΣ ΣΤΑΘΜΕΥΣΗΣ ΚΑΙ ΦΥΛΑΞΗΣ ΣΚΑΦΩΝ, ΣΕ ΧΕΡΣΑΙΟ ΧΩΡΟ","16539743000","301367874","otenet.gr"
"ΣΤΕΡΓΙΟΣ ΠΑΝΑΓΙΩΤΗ ΠΑΠΑΝΑΣΤΑΣΙΟΥ","B","free-mail","stergiosei@hotmail.com","6981853304","ΣΥΡΟΥ-ΕΡΜΟΥΠΟΛΗΣ / ΣΥΡΟΥ","ΚΥΚΛΑΔΩΝ","ΑΤΟΜΙΚΗ","2023","","","ΥΠΗΡΕΣΙΕΣ ΕΠΙΣΚΕΥΗΣ ΚΑΙ ΣΥΝΤΗΡΗΣΗΣ ΣΚΑΦΩΝ ΑΝΑΨΥΧΗΣ, ΛΕΜΒΩΝ ΚΑΙ ΜΗΧΑΝΩΝ ΘΑΛΑΣΣΗΣ","169714438000","107362140","hotmail.com"
"ΣΤΡΟΓΓΥΛΟΣ ΒΑΣΙΛΕΙΟΣ ΤΟΥ ΦΩΤΗ","B","free-mail","katerinampara@hotmail.com","2271022640","ΧΙΟΥ / ΧΙΟΥ","ΧΙΟΥ","ΑΤΟΜΙΚΗ","2005","","","ΥΠΗΡΕΣΙΕΣ ΕΠΙΣΚΕΥΗΣ ΚΑΙ ΣΥΝΤΗΡΗΣΗΣ ΣΚΑΦΩΝ ΑΝΑΨΥΧΗΣ, ΛΕΜΒΩΝ ΚΑΙ ΜΗΧΑΝΩΝ ΘΑΛΑΣΣΗΣ","12089159000","120289891","hotmail.com"
"ΣΩΖΟΣ ΕΛΕΥΘΕΡΙΟΣ ΤΟΥ ΕΥΑΓΓΕΛΟΥ","B","free-mail","sozosmarine@gmail.com","2645026713","ΛΕΥΚΑΔΑΣ / ΛΕΥΚΑΔΑΣ","ΛΕΥΚΑΔΑΣ","ΑΤΟΜΙΚΗ","2020","","","ΥΠΗΡΕΣΙΕΣ ΕΠΙΣΚΕΥΗΣ ΚΑΙ ΣΥΝΤΗΡΗΣΗΣ ΣΚΑΦΩΝ ΑΝΑΨΥΧΗΣ, ΛΕΜΒΩΝ ΚΑΙ ΜΗΧΑΝΩΝ ΘΑΛΑΣΣΗΣ","153799643000","148571009","gmail.com"
"ΣΩΤΗΡΑΛΗΣ ΛΕΩΝΙΔΑΣ TOY ΧΑΡΑΛΑΜΠΟΥ","B","free-mail","leonxray977@gmail.com","2292159428","ΛΑΥΡΕΩΤΙΚΗΣ / ΑΝΑΤΟΛΙΚΗΣ ΑΤΤΙΚΗΣ","ΑΤΤΙΚΗΣ","ΑΤΟΜΙΚΗ","2015","","","ΥΠΗΡΕΣΙΕΣ ΕΠΙΣΚΕΥΗΣ ΚΑΙ ΣΥΝΤΗΡΗΣΗΣ ΣΚΑΦΩΝ ΑΝΑΨΥΧΗΣ, ΛΕΜΒΩΝ ΚΑΙ ΜΗΧΑΝΩΝ ΘΑΛΑΣΣΗΣ","134761709000","106530584","gmail.com"
"ΣΩΤΗΡΑΛΗΣ ΝΙΚΟΛΑΟΣ ΤΟΥ ΧΑΡΑΛΑΜΠΟΥ","B","free-mail","nikosbmwm34@gmail.com","2292027356","ΛΑΥΡΕΩΤΙΚΗΣ / ΑΝΑΤΟΛΙΚΗΣ ΑΤΤΙΚΗΣ","ΑΤΤΙΚΗΣ","ΑΤΟΜΙΚΗ","2023","","","ΥΠΗΡΕΣΙΕΣ ΕΠΙΣΚΕΥΗΣ ΚΑΙ ΣΥΝΤΗΡΗΣΗΣ ΣΚΑΦΩΝ ΑΝΑΨΥΧΗΣ, ΛΕΜΒΩΝ ΚΑΙ ΜΗΧΑΝΩΝ ΘΑΛΑΣΣΗΣ","169977609000","142728610","gmail.com"
"ΣΩΤΗΡΙΟΥ Σ. - ΣΤΕΦΑΝΙΔΗΣ Λ. - ΡΩΜΑΣ Ι.  Ο.Ε.","B","free-mail","sotirioysimos@gmail.com","6937319315","ΛΑΥΡΕΩΤΙΚΗΣ / ΑΝΑΤΟΛΙΚΗΣ ΑΤΤΙΚΗΣ","ΑΤΤΙΚΗΣ","ΟΕ","2024","","","ΥΠΗΡΕΣΙΕΣ ΣΤΑΘΜΕΥΣΗΣ ΚΑΙ ΦΥΛΑΞΗΣ ΣΚΑΦΩΝ, ΣΕ ΧΕΡΣΑΙΟ ΧΩΡΟ","180272809000","802651918","gmail.com"
"ΤΖΑΜΟΣ ΧΡΗΣΤΟΣ ΤΟΥ ΚΩΝΣΤΑΝΤΙΝΟΥ","B","free-mail","chris92tzm@gmail.com","2664051537","ΦΙΛΙΑΤΩΝ / ΘΕΣΠΡΩΤΙΑΣ","ΘΕΣΠΡΩΤΙΑΣ","ΑΤΟΜΙΚΗ","2023","","","ΥΠΗΡΕΣΙΕΣ ΕΠΙΣΚΕΥΗΣ ΚΑΙ ΣΥΝΤΗΡΗΣΗΣ ΣΚΑΦΩΝ ΑΝΑΨΥΧΗΣ, ΛΕΜΒΩΝ ΚΑΙ ΜΗΧΑΝΩΝ ΘΑΛΑΣΣΗΣ","125100328000","153718290","gmail.com"
"ΤΖΑΝΟΠΟΥΛΟΣ ΒΕΛΙΣΣΑΡΙΟΣ ΤΟΥ ΓΕΩΡΓΙΟΥ.","B","free-mail","dpilafas@gmail.com","2104022787","ΠΕΡΑΜΑΤΟΣ / ΠΕΙΡΑΙΩΣ","ΑΤΤΙΚΗΣ","ΑΤΟΜΙΚΗ","2010","","","ΥΠΗΡΕΣΙΕΣ ΕΠΙΣΚΕΥΗΣ ΚΑΙ ΣΥΝΤΗΡΗΣΗΣ ΣΚΑΦΩΝ ΑΝΑΨΥΧΗΣ, ΛΕΜΒΩΝ ΚΑΙ ΜΗΧΑΝΩΝ ΘΑΛΑΣΣΗΣ","112918408000","038097204","gmail.com"
"ΤΟΥΜΑΖΑΤΟΣ ΣΩΤΗΡΙΟΣ ΤΟΥ ΣΠΥΡΙΔΩΝ","B","free-mail","exantas111@gmail.com","00000","ΑΡΓΟΣΤΟΛΙΟΥ / ΚΕΦΑΛΛΗΝΙΑΣ","ΚΕΦΑΛΛΗΝΙΑΣ","ΑΤΟΜΙΚΗ","2010","","","ΥΠΗΡΕΣΙΕΣ ΕΚΠΑΙΔΕΥΣΗΣ ΣΤΗΝ ΟΔΗΓΗΣΗ ΤΑΧΥΠΛΟΩΝ ΣΚΑΦΩΝ","16066134000","075254946","gmail.com"
"ΤΣΑΓΚΟΥΡΝΗΣ ΕΥΣΤΑΘΙΟΣ ΤΟΥ ΙΩΑΝΝΗ","B","free-mail","akismark@gmail.com","","ΠΕΡΙΣΤΕΡΙΟΥ / ΔΥΤΙΚΟΥ ΤΟΜΕΑ ΑΘΗΝΩΝ","ΑΤΤΙΚΗΣ","ΑΤΟΜΙΚΗ","2021","","","ΥΠΗΡΕΣΙΕΣ ΕΠΙΣΚΕΥΗΣ ΚΑΙ ΣΥΝΤΗΡΗΣΗΣ ΣΚΑΦΩΝ ΑΝΑΨΥΧΗΣ, ΛΕΜΒΩΝ ΚΑΙ ΜΗΧΑΝΩΝ ΘΑΛΑΣΣΗΣ","138235303000","105394511","gmail.com"
"ΤΣΑΙΑΣ ΚΩΝΣΤΑΝΤΙΝΟΣ ΤΟΥ ΣΩΤΗΡΙΟΥ","B","free-mail","tsaiastech@hotmail.com","2310248926","ΘΕΣΣΑΛΟΝΙΚΗΣ / ΘΕΣΣΑΛΟΝΙΚΗΣ","ΘΕΣΣΑΛΟΝΙΚΗΣ","ΑΤΟΜΙΚΗ","2021","","","ΥΠΗΡΕΣΙΕΣ ΕΠΙΣΚΕΥΗΣ ΚΑΙ ΣΥΝΤΗΡΗΣΗΣ ΣΚΑΦΩΝ ΑΝΑΨΥΧΗΣ, ΛΕΜΒΩΝ ΚΑΙ ΜΗΧΑΝΩΝ ΘΑΛΑΣΣΗΣ","177390104000","066275643","hotmail.com"
"ΤΣΑΛΗ Μ . & ΛΙΑΚΟΣ Δ. Ο.Ε.","B","free-mail","JOHNARAVANIS.LEFKADA@GMAIL.COM","2645300538","ΑΚΤΙΟΥ-ΒΟΝΙΤΣΑΣ / ΑΙΤΩΛΟΑΚΑΡΝΑΝΙΑΣ","ΑΙΤΩΛΟΑΚΑΡΝΑΝΙΑΣ","ΟΕ","2024","","","ΥΠΗΡΕΣΙΕΣ ΕΠΙΣΚΕΥΗΣ ΚΑΙ ΣΥΝΤΗΡΗΣΗΣ ΣΚΑΦΩΝ ΑΝΑΨΥΧΗΣ, ΛΕΜΒΩΝ ΚΑΙ ΜΗΧΑΝΩΝ ΘΑΛΑΣΣΗΣ","180466712000","802663179","gmail.com"
"ΤΣΑΠΑΛΗΣ ΙΩΑΝΝΗΣ ΤΟΥ ΑΘΑΝΑΣΙΟΥ","B","free-mail","tsapalisgiannis@gmail.com","2233023040","ΛΟΚΡΩΝ / ΦΘΙΩΤΙΔΑΣ","ΦΘΙΩΤΙΔΑΣ","ΑΤΟΜΙΚΗ","2011","","","ΥΠΗΡΕΣΙΕΣ ΕΠΙΣΚΕΥΗΣ ΚΑΙ ΣΥΝΤΗΡΗΣΗΣ ΣΚΑΦΩΝ ΑΝΑΨΥΧΗΣ, ΛΕΜΒΩΝ ΚΑΙ ΜΗΧΑΝΩΝ ΘΑΛΑΣΣΗΣ","136767154000","129353062","gmail.com"
"ΤΣΑΡΜΑΚΛΗΣ ΛΟΥΚΑΣ","B","free-mail","tsarloukas@hotmail.com","2106218345","ΔΙΟΝΥΣΟΥ / ΑΝΑΤΟΛΙΚΗΣ ΑΤΤΙΚΗΣ","ΑΝΑΤΟΛΙΚΗΣ ΑΤΤΙΚΗΣ","ΑΤΟΜΙΚΗ","2024","","","ΥΠΗΡΕΣΙΕΣ ΕΠΙΣΚΕΥΗΣ ΚΑΙ ΣΥΝΤΗΡΗΣΗΣ ΣΚΑΦΩΝ ΑΝΑΨΥΧΗΣ, ΛΕΜΒΩΝ ΚΑΙ ΜΗΧΑΝΩΝ ΘΑΛΑΣΣΗΣ","178697003000","038230947","hotmail.com"
"ΤΣΑΤΣΗΣ ΙΩΑΚΕΙΜ","B","free-mail","makis_tsatsis@hotmail.com","","ΗΓΟΥΜΕΝΙΤΣΑΣ / ΘΕΣΠΡΩΤΙΑΣ","ΘΕΣΠΡΩΤΙΑΣ","ΑΤΟΜΙΚΗ","2026","","","ΥΠΗΡΕΣΙΕΣ ΕΠΙΣΚΕΥΗΣ ΚΑΙ ΣΥΝΤΗΡΗΣΗΣ ΣΚΑΦΩΝ ΑΝΑΨΥΧΗΣ, ΛΕΜΒΩΝ ΚΑΙ ΜΗΧΑΝΩΝ ΘΑΛΑΣΣΗΣ","190032628000","138391980","hotmail.com"
"ΤΣΕΚΟΥΡΑΣ ΑΠΟΣΤΟΛΟΣ ΤΟΥ ΓΕΩΡΓΙΟΥ","B","free-mail","a.tsekouras@yahoo.com","2422092136","ΑΛΜΥΡΟΥ / ΜΑΓΝΗΣΙΑΣ","ΜΑΓΝΗΣΙΑΣ","ΑΤΟΜΙΚΗ","2020","","","ΥΠΗΡΕΣΙΕΣ ΣΤΑΘΜΕΥΣΗΣ ΚΑΙ ΦΥΛΑΞΗΣ ΣΚΑΦΩΝ, ΣΕ ΧΕΡΣΑΙΟ ΧΩΡΟ","153847044000","135140896","yahoo.com"
"ΤΣΕΚΟΥΡΑΣ ΑΠΟΣΤΟΛΟΣ ΤΟΥ ΓΕΩΡΓΙΟΥ (Υποκατάστημα)","B","free-mail","a.tsekouras@yahoo.com","6972135445","ΑΛΜΥΡΟΥ / ΜΑΓΝΗΣΙΑΣ","ΜΑΓΝΗΣΙΑΣ","ΑΤΟΜΙΚΗ","2024","","","ΥΠΗΡΕΣΙΕΣ ΣΤΑΘΜΕΥΣΗΣ ΚΑΙ ΦΥΛΑΞΗΣ ΣΚΑΦΩΝ, ΣΕ ΧΕΡΣΑΙΟ ΧΩΡΟ","153847044001","135140896","yahoo.com"
"ΤΣΙΛΦΙΔΗΣ ΣΩΚΡΑΤΗΣ ΤΟΥ ΛΑΖΑΡΟΥ","B","free-mail","soktsilsnake@yahoo.gr","6948464734","ΚΟΡΔΕΛΙΟΥ-ΕΥΟΣΜΟΥ / ΘΕΣΣΑΛΟΝΙΚΗΣ","ΘΕΣΣΑΛΟΝΙΚΗΣ","ΑΤΟΜΙΚΗ","2024","","","ΥΠΗΡΕΣΙΕΣ ΕΠΙΣΚΕΥΗΣ ΚΑΙ ΣΥΝΤΗΡΗΣΗΣ ΣΚΑΦΩΝ ΑΝΑΨΥΧΗΣ, ΛΕΜΒΩΝ ΚΑΙ ΜΗΧΑΝΩΝ ΘΑΛΑΣΣΗΣ","177494605000","066515133","yahoo.gr"
"ΤΣΙΡΙΤΑΣ ΑΝΔΡΕΑΣ ΤΟΥ ΙΩΑΝΝΟΥ","B","free-mail","andtsiritas@gmail.com","2292027481","ΛΑΥΡΕΩΤΙΚΗΣ / ΑΝΑΤΟΛΙΚΗΣ ΑΤΤΙΚΗΣ","ΑΤΤΙΚΗΣ","ΑΤΟΜΙΚΗ","2013","","","ΥΠΗΡΕΣΙΕΣ ΕΠΙΣΚΕΥΗΣ ΚΑΙ ΣΥΝΤΗΡΗΣΗΣ ΣΚΑΦΩΝ ΑΝΑΨΥΧΗΣ, ΛΕΜΒΩΝ ΚΑΙ ΜΗΧΑΝΩΝ ΘΑΛΑΣΣΗΣ","128943808000","106511477","gmail.com"
"ΤΣΟΠΑΝΑΣ ΚΩΝΣΤΑΝΤΙΝΟΣ ΤΟΥ ΧΡΗΣΤΟΥ","B","free-mail","costat_10@hotmail.com","2109022548","ΠΕΡΑΜΑΤΟΣ / ΠΕΙΡΑΙΩΣ","ΑΤΤΙΚΗΣ","ΑΤΟΜΙΚΗ","2023","","","ΥΠΗΡΕΣΙΕΣ ΕΠΙΣΚΕΥΗΣ ΚΑΙ ΣΥΝΤΗΡΗΣΗΣ ΣΚΑΦΩΝ ΑΝΑΨΥΧΗΣ, ΛΕΜΒΩΝ ΚΑΙ ΜΗΧΑΝΩΝ ΘΑΛΑΣΣΗΣ","173546309000","173347372","hotmail.com"
"ΤΣΟΥΡΟΠΑΝΟΥ ΑΓΓΕΛΙΚΗ ΤΟΥ ΧΡΗΣΤΟΥ ΚΑΙ ΤΗΣ ΑΙΚΑΤΕΡΙΝΗΣ","B","free-mail","tzouropanou@gmail.com","2661099507","ΚΕΝΤΡΙΚΗΣ ΚΕΡΚΥΡΑΣ ΚΑΙ ΔΙΑΠΟΝΤΙΩΝ ΝΗΣΩΝ / ΚΕΡΚΥΡΑΣ","ΚΕΡΚΥΡΑΣ","ΑΤΟΜΙΚΗ","2004","","","ΥΠΗΡΕΣΙΕΣ ΕΠΙΣΚΕΥΗΣ ΚΑΙ ΣΥΝΤΗΡΗΣΗΣ ΣΚΑΦΩΝ ΑΝΑΨΥΧΗΣ, ΛΕΜΒΩΝ ΚΑΙ ΜΗΧΑΝΩΝ ΘΑΛΑΣΣΗΣ","34486233000","071764330","gmail.com"
"ΥΔΡΑΙΟΣ ΒΑΣΙΛΕΙΟΣ","B","free-mail","skiathosmarine@gmail.com","2427023115","ΣΚΙΑΘΟΥ / ΣΠΟΡΑΔΩΝ","ΜΑΓΝΗΣΙΑΣ","ΑΤΟΜΙΚΗ","2023","","","ΥΠΗΡΕΣΙΕΣ ΕΠΙΣΚΕΥΗΣ ΚΑΙ ΣΥΝΤΗΡΗΣΗΣ ΣΚΑΦΩΝ ΑΝΑΨΥΧΗΣ, ΛΕΜΒΩΝ ΚΑΙ ΜΗΧΑΝΩΝ ΘΑΛΑΣΣΗΣ","172867944000","107890460","gmail.com"
"Φιδέογλου Ιωάννης   Ζαμπογιάννης Κωνσταντίνος Ο.Ε.","B","free-mail","giannis.fideoglou@yahoo.gr","6970114662","ΑΡΙΣΤΟΤΕΛΗ / ΧΑΛΚΙΔΙΚΗΣ","ΧΑΛΚΙΔΙΚΗΣ","ΟΕ","2018","","","ΥΠΗΡΕΣΙΕΣ ΣΤΑΘΜΕΥΣΗΣ ΚΑΙ ΦΥΛΑΞΗΣ ΣΚΑΦΩΝ, ΣΕ ΧΕΡΣΑΙΟ ΧΩΡΟ","145760157000","800958853","yahoo.gr"
"ΦΟΥΖΟΥ ΜΟΝΟΠΡΟΣΩΠΗ Ι.Κ.Ε.","B","free-mail","seasailsunskiathos@gmail.com","6978406091","ΧΑΛΚΙΔΕΩΝ / ΕΥΒΟΙΑΣ","ΕΥΒΟΙΑΣ","ΙΚΕ","2025","","","ΥΠΗΡΕΣΙΕΣ ΕΠΙΣΚΕΥΗΣ ΚΑΙ ΣΥΝΤΗΡΗΣΗΣ ΣΚΑΦΩΝ ΑΝΑΨΥΧΗΣ, ΛΕΜΒΩΝ ΚΑΙ ΜΗΧΑΝΩΝ ΘΑΛΑΣΣΗΣ","189065322000","803086277","gmail.com"
"ΦΡΑΓΚΟΠΟΥΛΟΣ ΚΟΤΕΡΑ Ε.Ε.","B","free-mail","nfragop@gmail.com","6944455750","ΛΕΥΚΑΔΑΣ / ΛΕΥΚΑΔΑΣ","ΛΕΥΚΑΔΑΣ","ΕΕ","2025","","","ΥΠΗΡΕΣΙΕΣ ΕΠΙΣΚΕΥΗΣ ΚΑΙ ΣΥΝΤΗΡΗΣΗΣ ΣΚΑΦΩΝ ΑΝΑΨΥΧΗΣ, ΛΕΜΒΩΝ ΚΑΙ ΜΗΧΑΝΩΝ ΘΑΛΑΣΣΗΣ","181738443000","802731931","gmail.com"
"ΦΡΕΜΕΝΤΙΤΗΣ ΣΠΥΡΙΔΩΝ ΤΟΥ ΑΝΑΣΤΑΣΙΟΥ","B","free-mail","lefkasmarine@hol.gr","2645021163","ΛΕΥΚΑΔΑΣ / ΛΕΥΚΑΔΑΣ","ΛΕΥΚΑΔΑΣ","ΑΤΟΜΙΚΗ","2008","","","ΥΠΗΡΕΣΙΕΣ ΕΠΙΣΚΕΥΗΣ ΚΑΙ ΣΥΝΤΗΡΗΣΗΣ ΣΚΑΦΩΝ ΑΝΑΨΥΧΗΣ, ΛΕΜΒΩΝ ΚΑΙ ΜΗΧΑΝΩΝ ΘΑΛΑΣΣΗΣ","16564443000","065497010","hol.gr"
"ΦΩΚΑΣ ΙΩΑΝΝΗΣ ΔΗΜΗΤΡΙΟΣ ΤΟΥ ΔΙΟΝΥΣΙΟΥ","B","free-mail","john_fokas@hotmail.com","2310316996","ΘΕΣΣΑΛΟΝΙΚΗΣ / ΘΕΣΣΑΛΟΝΙΚΗΣ","ΘΕΣΣΑΛΟΝΙΚΗΣ","ΑΤΟΜΙΚΗ","2018","","","ΥΠΗΡΕΣΙΕΣ ΕΠΙΣΚΕΥΗΣ ΚΑΙ ΣΥΝΤΗΡΗΣΗΣ ΣΚΑΦΩΝ ΑΝΑΨΥΧΗΣ, ΛΕΜΒΩΝ ΚΑΙ ΜΗΧΑΝΩΝ ΘΑΛΑΣΣΗΣ","165800104000","160598528","hotmail.com"
"Χ.ΔΟΞΑΣ-Χ.ΜΠΑΝΟΣ ΟΕ","B","free-mail","chriskbanos@gmail.com","2292023456","ΛΑΥΡΕΩΤΙΚΗΣ / ΑΝΑΤΟΛΙΚΗΣ ΑΤΤΙΚΗΣ","ΑΤΤΙΚΗΣ","ΟΕ","2001","","","ΥΠΗΡΕΣΙΕΣ ΣΤΑΘΜΕΥΣΗΣ ΚΑΙ ΦΥΛΑΞΗΣ ΣΚΑΦΩΝ, ΣΕ ΧΕΡΣΑΙΟ ΧΩΡΟ","121569109000","099099094","gmail.com"
"ΧΑΛΚΙΤΗΣ ΙΩΑΝΝΗΣ ΤΟΥ ΗΛΙΟΥ.","B","free-mail","irene12-6-86@hotmail.com","2104416987","ΠΕΡΑΜΑΤΟΣ / ΠΕΙΡΑΙΩΣ","ΑΤΤΙΚΗΣ","ΑΤΟΜΙΚΗ","2010","","","ΥΠΗΡΕΣΙΕΣ ΕΠΙΣΚΕΥΗΣ ΚΑΙ ΣΥΝΤΗΡΗΣΗΣ ΣΚΑΦΩΝ ΑΝΑΨΥΧΗΣ, ΛΕΜΒΩΝ ΚΑΙ ΜΗΧΑΝΩΝ ΘΑΛΑΣΣΗΣ","112918508000","050319361","hotmail.com"
"ΧΑΡΤΙΟΣ ΙΩΑΝΝΗΣ ΤΟΥ ΣΤΟΙΛΑ","B","free-mail","chartioservice@gmail.com","","ΑΓΙΟΥ ΔΗΜΗΤΡΙΟΥ / ΝΟΤΙΟΥ ΤΟΜΕΑ ΑΘΗΝΩΝ","ΑΤΤΙΚΗΣ","ΑΤΟΜΙΚΗ","2020","","","ΥΠΗΡΕΣΙΕΣ ΕΠΙΣΚΕΥΗΣ ΚΑΙ ΣΥΝΤΗΡΗΣΗΣ ΣΚΑΦΩΝ ΑΝΑΨΥΧΗΣ, ΛΕΜΒΩΝ ΚΑΙ ΜΗΧΑΝΩΝ ΘΑΛΑΣΣΗΣ","154413202000","061116852","gmail.com"
"ΧΑΤΖΗΒΕΡΟΓΛΟΥ ΓΕΩΡΓΙΟΣ","B","free-mail","makischatziveroglou@yahoo.gr","2104410976","ΑΛΙΜΟΥ / ΝΟΤΙΟΥ ΤΟΜΕΑ ΑΘΗΝΩΝ","ΑΤΤΙΚΗΣ","ΑΤΟΜΙΚΗ","2025","","","ΥΠΗΡΕΣΙΕΣ ΕΠΙΣΚΕΥΗΣ ΚΑΙ ΣΥΝΤΗΡΗΣΗΣ ΣΚΑΦΩΝ ΑΝΑΨΥΧΗΣ, ΛΕΜΒΩΝ ΚΑΙ ΜΗΧΑΝΩΝ ΘΑΛΑΣΣΗΣ","183500707000","145988516","yahoo.gr"
"ΧΑΤΖΗΔΗΜΗΤΡΙΟΥ ΛΕΩΝΙΔΑΣ ΤΟΥ ΓΕΩΡΓΙΟΥ","B","free-mail","L.CHATZIDIMITRIOU@YAHOO.GR","2351041855","ΚΑΤΕΡΙΝΗΣ / ΠΙΕΡΙΑΣ","ΠΙΕΡΙΑΣ","ΑΤΟΜΙΚΗ","2002","","","ΥΠΗΡΕΣΙΕΣ ΕΠΙΣΚΕΥΗΣ ΚΑΙ ΣΥΝΤΗΡΗΣΗΣ ΣΚΑΦΩΝ ΑΝΑΨΥΧΗΣ, ΛΕΜΒΩΝ ΚΑΙ ΜΗΧΑΝΩΝ ΘΑΛΑΣΣΗΣ","53374048000","108516630","yahoo.gr"
"ΧΑΤΖΗΕΡΓΑΤΗΣ ΓΕΩΡΓΙΟΣ ΤΟΥ ΝΙΚΟΛΑΟΥ","B","free-mail","engiegeorgie@gmail.com","","ΠΡΕΒΕΖΑΣ / ΠΡΕΒΕΖΑΣ","ΠΡΕΒΕΖΑΣ","ΑΤΟΜΙΚΗ","2026","","","ΥΠΗΡΕΣΙΕΣ ΕΠΙΣΚΕΥΗΣ ΚΑΙ ΣΥΝΤΗΡΗΣΗΣ ΣΚΑΦΩΝ ΑΝΑΨΥΧΗΣ, ΛΕΜΒΩΝ ΚΑΙ ΜΗΧΑΝΩΝ ΘΑΛΑΣΣΗΣ","16765349000","046179340","gmail.com"
"ΧΡ.ΖΑΦΕΙΡΙΔΗΣ ΚΑΙ ΣΙΑ Ο.Ε.","B","free-mail","xzaf67@gmail.com","2104002738","ΚΕΡΑΤΣΙΝΙΟΥ - ΔΡΑΠΕΤΣΩΝΑΣ / ΠΕΙΡΑΙΩΣ","ΠΕΙΡΑΙΑ","ΟΕ","1995","","","ΥΠΗΡΕΣΙΕΣ ΕΠΙΣΚΕΥΗΣ ΚΑΙ ΣΥΝΤΗΡΗΣΗΣ ΣΚΑΦΩΝ ΑΝΑΨΥΧΗΣ, ΛΕΜΒΩΝ ΚΑΙ ΜΗΧΑΝΩΝ ΘΑΛΑΣΣΗΣ","112080908000","084066785","gmail.com"
"ΧΡΗΣΤΟΣ ΜΗΤΣΟΥ & ΣΙΑ ΟΕ","B","free-mail","taxis31541@gmail.com","6978777672","ΕΡΜΙΟΝΙΔΑΣ / ΑΡΓΟΛΙΔΑΣ","ΑΡΓΟΛΙΔΑΣ","ΟΕ","2001","","","ΥΠΗΡΕΣΙΕΣ ΕΠΙΣΚΕΥΗΣ ΚΑΙ ΣΥΝΤΗΡΗΣΗΣ ΣΚΑΦΩΝ ΑΝΑΨΥΧΗΣ, ΛΕΜΒΩΝ ΚΑΙ ΜΗΧΑΝΩΝ ΘΑΛΑΣΣΗΣ","30039613000","099129411","gmail.com"
"ΧΡΙΣΤ. ΓΙΑΝΝΟΠΟΥΛΟΣ ΚΑΙ ΣΙΑ ΕΕ","B","free-mail","d181279@otenet.gr","6973390103","ΣΑΡΩΝΙΚΟΥ / ΑΝΑΤΟΛΙΚΗΣ ΑΤΤΙΚΗΣ","ΑΤΤΙΚΗΣ","ΕΕ","2019","","","ΥΠΗΡΕΣΙΕΣ ΣΤΑΘΜΕΥΣΗΣ ΚΑΙ ΦΥΛΑΞΗΣ ΣΚΑΦΩΝ, ΣΕ ΧΕΡΣΑΙΟ ΧΩΡΟ","149302601000","801108820","otenet.gr"
"ΨΥΧΟΓΥΙΟΣ ΠΑΝΑΓΙΩΤΗΣ","B","free-mail","ppsyhogios@gmail.com","2109832698","ΠΑΛΑΙΟΥ ΦΑΛΗΡΟΥ / ΝΟΤΙΟΥ ΤΟΜΕΑ ΑΘΗΝΩΝ","ΑΤΤΙΚΗΣ","ΑΤΟΜΙΚΗ","2023","","","ΥΠΗΡΕΣΙΕΣ ΕΠΙΣΚΕΥΗΣ ΚΑΙ ΣΥΝΤΗΡΗΣΗΣ ΣΚΑΦΩΝ ΑΝΑΨΥΧΗΣ, ΛΕΜΒΩΝ ΚΑΙ ΜΗΧΑΝΩΝ ΘΑΛΑΣΣΗΣ","170951703000","061498444","gmail.com"
"Status Yachts Hellas Ι.Κ.Ε.","C","verified-no-site","info@bookkeeper.gr","2102617454","ΑΛΙΜΟΥ / ΝΟΤΙΟΥ ΤΟΜΕΑ ΑΘΗΝΩΝ","ΑΤΤΙΚΗΣ","ΙΚΕ","2024","","","ΕΜΠΟΡΙΚΟΙ ΑΝΤΙΠΡΟΣΩΠΟΙ ΠΟΥ ΜΕΣΟΛΑΒΟΥΝ ΣΤΗΝ ΠΩΛΗΣΗ ΣΚΑΦΩΝ ΑΝΑΨΥΧΗΣ ΚΑΙ ΑΘΛΗΤΙΣΜΟΥ ΚΑΙ ΜΕΡΩΝ ΤΟΥΣ","178595052000","802559155","bookkeeper.gr"
"THRACE LABEA Ι.Κ.Ε.","C","verified-no-site","gchioti@chiotispartners.com","2105203400","ΑΛΙΜΟΥ / ΝΟΤΙΟΥ ΤΟΜΕΑ ΑΘΗΝΩΝ","ΑΤΤΙΚΗΣ","ΙΚΕ","2021","","","ΧΟΝΔΡΙΚΟ ΕΜΠΟΡΙΟ ΑΛΛΩΝ ΣΚΑΦΩΝ ΓΙΑ ΑΝΑΨΥΧΗ Η ΑΘΛΗΤΙΣΜΟ, ΚΩΠΗΛΑΤΩΝ ΒΑΡΚΩΝ ΚΑΙ ΚΑΝΟ","158181701000","801507820","chiotispartners.com"
"ΕΛΕΥΘΕΡΙΟΣ ΚΑΙ ΕΥΑΓΓΕΛΟΣ ΘΡΑΣΥΒΟΥΛΟΥ ΠΑΠΙΛΑΣ ΚΑΙ ΣΙΑ ΟΕ","C","verified-no-site","info@vdk.gr","2104410030","ΠΕΡΑΜΑΤΟΣ / ΠΕΙΡΑΙΩΣ","ΠΕΙΡΑΙΑ","ΟΕ","1962","","","ΝΑΥΠΗΓΗΣΗ ΣΚΑΦΩΝ ΑΝΑΨΥΧΗΣ ΚΑΙ ΑΘΛΗΤΙΣΜΟΥ","111935008000","091036330","vdk.gr"
"ΝΑΥΠΗΓΕΙΑ ΠΑΠΙΛΑ ΑΝΩΝΥΜΗ ΕΤΑΙΡΕΙΑ","C","verified-no-site","info@vdk.gr","2104410391","ΠΕΡΑΜΑΤΟΣ / ΠΕΙΡΑΙΩΣ","ΠΕΙΡΑΙΑ","ΑΕ","1974","","","ΝΑΥΠΗΓΗΣΗ ΣΚΑΦΩΝ ΑΝΑΨΥΧΗΣ ΚΑΙ ΑΘΛΗΤΙΣΜΟΥ","111934908000","081037495","vdk.gr"
"ALTUNTAS OZER TOY DURSUN","C","free-mail","ozeraltuntas@icloud.com","","ΒΟΛΟΥ / ΜΑΓΝΗΣΙΑΣ","ΜΑΓΝΗΣΙΑΣ","ΑΤΟΜΙΚΗ","2024","","","ΛΙΑΝΙΚΟ ΕΜΠΟΡΙΟ ΑΛΛΩΝ ΣΚΑΦΩΝ ΓΙΑ ΑΝΑΨΥΧΗ Η ΑΘΛΗΤΙΣΜΟ, ΚΩΠΗΛΑΤΩΝ ΒΑΡΚΩΝ ΚΑΙ ΚΑΝΟ","174901944000","159471796","icloud.com"
"BOATLAND Ι.Κ.Ε.","C","free-mail","sofiakik@otenet.gr","2310461324","ΠΥΛΑΙΑΣ-ΧΟΡΤΙΑΤΗ / ΘΕΣΣΑΛΟΝΙΚΗΣ","ΘΕΣΣΑΛΟΝΙΚΗΣ","ΙΚΕ","2019","","","ΛΙΑΝΙΚΟ ΕΜΠΟΡΙΟ ΑΛΛΩΝ ΣΚΑΦΩΝ ΓΙΑ ΑΝΑΨΥΧΗ Η ΑΘΛΗΤΙΣΜΟ, ΚΩΠΗΛΑΤΩΝ ΒΑΡΚΩΝ ΚΑΙ ΚΑΝΟ","151958504000","801216289","otenet.gr"
"CRETAN NAVIS Ε.Ε.","C","free-mail","cretanavis95@gmail.com","6974863243","ΑΓΙΟΥ ΝΙΚΟΛΑΟΥ / ΛΑΣΙΘΙΟΥ","ΛΑΣΙΘΙΟΥ","ΕΕ","2026","","","ΝΑΥΠΗΓΗΣΗ ΣΚΑΦΩΝ ΑΝΑΨΥΧΗΣ ΚΑΙ ΑΘΛΗΤΙΣΜΟΥ","194335741000","803311239","gmail.com"
"ELEMENT C ΜΟΝΟΠΡΟΣΩΠΗ Ι.Κ.Ε.","C","free-mail","captainchristosmetallinos@gmail.com","6945995074","ΑΘΗΝΑΙΩΝ / ΚΕΝΤΡΙΚΟΥ ΤΟΜΕΑ ΑΘΗΝΩΝ","ΑΤΤΙΚΗΣ","ΙΚΕ","2026","","","ΕΜΠΟΡΙΚΟΙ ΑΝΤΙΠΡΟΣΩΠΟΙ ΠΟΥ ΜΕΣΟΛΑΒΟΥΝ ΣΤΗΝ ΠΩΛΗΣΗ ΣΚΑΦΩΝ ΑΝΑΨΥΧΗΣ ΚΑΙ ΑΘΛΗΤΙΣΜΟΥ ΚΑΙ ΜΕΡΩΝ ΤΟΥΣ","190713501000","803149232","gmail.com"
"ELLYATT MARK DAVID ΤΟΥ MARTIN RICHARD","C","free-mail","vmessini@gmail.com","2645025795","ΛΕΥΚΑΔΑΣ / ΛΕΥΚΑΔΑΣ","ΛΕΥΚΑΔΑΣ","ΑΤΟΜΙΚΗ","2006","","","ΕΜΠΟΡΙΚΟΙ ΑΝΤΙΠΡΟΣΩΠΟΙ ΠΟΥ ΜΕΣΟΛΑΒΟΥΝ ΣΤΗΝ ΠΩΛΗΣΗ ΣΚΑΦΩΝ ΑΝΑΨΥΧΗΣ ΚΑΙ ΑΘΛΗΤΙΣΜΟΥ ΚΑΙ ΜΕΡΩΝ ΤΟΥΣ","16241143000","142969164","gmail.com"
"FRENCH OCEAN GROUP","C","free-mail","sklirosspiros@gmail.com","2299152406","ΠΕΙΡΑΙΩΣ / ΠΕΙΡΑΙΩΣ","ΑΤΤΙΚΗΣ","Υποκατάστημα Αλλοδαπής","2017","","","ΝΑΥΠΗΓΗΣΗ ΣΚΑΦΩΝ ΑΝΑΨΥΧΗΣ ΚΑΙ ΑΘΛΗΤΙΣΜΟΥ","142886607001","997521953","gmail.com"
"HYPERION MARINE ΝΑΥΤΙΛΙΑΚΗ ΠΑΡΟΧΗΣ ΥΠΗΡΕΣΙΩΝ ΕΤΑΙΡΕΙΑ ΠΕΡΙΩΡΙΣΜΕΝΗΣ ΕΥΘΥΝΗΣ (ΥΠΕΡΙΩΝ ΜΑΡΙΝ ΝΑΥΤΙΛΙΑΚΗ ΠΑΡΟΧΗΣ ΥΠΗΡΕΣΙΩΝ ΕΤΑΙΡΕΙΑ ΠΕΡΙΩΡΙΣΜΕΝΗΣ ΕΥΘΥΝΗΣ)","C","free-mail","manolis.hatjudis@gmail.com","2109830094","ΗΛΙΟΥΠΟΛΕΩΣ / ΚΕΝΤΡΙΚΟΥ ΤΟΜΕΑ ΑΘΗΝΩΝ","ΑΤΤΙΚΗΣ","ΕΠΕ","2005","","","ΝΑΥΠΗΓΗΣΗ ΣΚΑΦΩΝ ΑΝΑΨΥΧΗΣ ΚΑΙ ΑΘΛΗΤΙΣΜΟΥ","44905607000","999016391","gmail.com"
"ID YACHTS Ι.Κ.Ε.","C","free-mail","dvoudouris@gmail.com","2109634973","ΓΛΥΦΑΔΑΣ / ΝΟΤΙΟΥ ΤΟΜΕΑ ΑΘΗΝΩΝ","ΑΤΤΙΚΗΣ","ΙΚΕ","2022","","","ΕΜΠΟΡΙΚΟΙ ΑΝΤΙΠΡΟΣΩΠΟΙ ΠΟΥ ΜΕΣΟΛΑΒΟΥΝ ΣΤΗΝ ΠΩΛΗΣΗ ΣΚΑΦΩΝ ΑΝΑΨΥΧΗΣ ΚΑΙ ΑΘΛΗΤΙΣΜΟΥ ΚΑΙ ΜΕΡΩΝ ΤΟΥΣ","166784907000","801945333","gmail.com"
"INDIGO RIBS ΜΟΝΟΠΡΟΣΩΠΗ Ι.Κ.Ε.","C","free-mail","indigo.ribs@gmail.com","2130448889","ΓΛΥΦΑΔΑΣ / ΝΟΤΙΟΥ ΤΟΜΕΑ ΑΘΗΝΩΝ","ΑΤΤΙΚΗΣ","ΙΚΕ","2022","","","ΝΑΥΠΗΓΗΣΗ ΣΚΑΦΩΝ ΑΝΑΨΥΧΗΣ ΚΑΙ ΑΘΛΗΤΙΣΜΟΥ","164151603000","801830935","gmail.com"
"K X FIBERWORKS Ι.Κ.Ε.","C","free-mail","kxfiberworks@gmail.com","2510834460","ΘΕΣΣΑΛΟΝΙΚΗΣ / ΘΕΣΣΑΛΟΝΙΚΗΣ","ΘΕΣΣΑΛΟΝΙΚΗΣ","ΙΚΕ","2025","","","ΝΑΥΠΗΓΗΣΗ ΣΚΑΦΩΝ ΑΝΑΨΥΧΗΣ ΚΑΙ ΑΘΛΗΤΙΣΜΟΥ","187753705000","803028944","gmail.com"
"LOBSTER MARINE Ε.Ε.","C","free-mail","adaperistera@gmail.com","6908333238","ΠΑΙΑΝΙΑΣ / ΑΝΑΤΟΛΙΚΗΣ ΑΤΤΙΚΗΣ","ΑΤΤΙΚΗΣ","ΕΕ","2026","","","ΛΙΑΝΙΚΟ ΕΜΠΟΡΙΟ ΑΛΛΩΝ ΣΚΑΦΩΝ ΓΙΑ ΑΝΑΨΥΧΗ Η ΑΘΛΗΤΙΣΜΟ, ΚΩΠΗΛΑΤΩΝ ΒΑΡΚΩΝ ΚΑΙ ΚΑΝΟ","190050603000","803120908","gmail.com"
"MGS MARINE GLOBAL SERVICES OE","C","free-mail","leomarltd@hotmail.com","6936726722","ΓΛΥΦΑΔΑΣ / ΝΟΤΙΟΥ ΤΟΜΕΑ ΑΘΗΝΩΝ","ΑΤΤΙΚΗΣ","ΟΕ","2017","","","ΕΜΠΟΡΙΚΟΙ ΑΝΤΙΠΡΟΣΩΠΟΙ ΠΟΥ ΜΕΣΟΛΑΒΟΥΝ ΣΤΗΝ ΠΩΛΗΣΗ ΣΚΑΦΩΝ ΑΝΑΨΥΧΗΣ ΚΑΙ ΑΘΛΗΤΙΣΜΟΥ ΚΑΙ ΜΕΡΩΝ ΤΟΥΣ","143620301000","800874031","hotmail.com"
"NATIONAL BOATS ΜΟΝΟΠΡΟΣΩΠΗ ΙΔΙΩΤΙΚΗ ΚΕΦΑΛΑΙΟΥΧΙΚΗ ΕΤΑΙΡΕΙΑ","C","free-mail","makisolog@yahoo.gr","6906998088","ΑΧΑΡΝΩΝ / ΑΝΑΤΟΛΙΚΗΣ ΑΤΤΙΚΗΣ","ΑΤΤΙΚΗΣ","ΙΚΕ","2021","","","ΕΜΠΟΡΙΚΟΙ ΑΝΤΙΠΡΟΣΩΠΟΙ ΠΟΥ ΜΕΣΟΛΑΒΟΥΝ ΣΤΗΝ ΠΩΛΗΣΗ ΣΚΑΦΩΝ ΑΝΑΨΥΧΗΣ ΚΑΙ ΑΘΛΗΤΙΣΜΟΥ ΚΑΙ ΜΕΡΩΝ ΤΟΥΣ","160049403000","801608285","yahoo.gr"
"NIKOLAEVA ANASTASIIA TOY VASILII","C","free-mail","anastasiianicky@gmail.com","6945027952","ΚΑΛΑΜΑΤΑΣ / ΜΕΣΣΗΝΙΑΣ","ΜΕΣΣΗΝΙΑΣ","ΑΤΟΜΙΚΗ","2025","","","ΛΙΑΝΙΚΟ ΕΜΠΟΡΙΟ ΑΛΛΩΝ ΣΚΑΦΩΝ ΓΙΑ ΑΝΑΨΥΧΗ Η ΑΘΛΗΤΙΣΜΟ, ΚΩΠΗΛΑΤΩΝ ΒΑΡΚΩΝ ΚΑΙ ΚΑΝΟ","186647745000","173753141","gmail.com"
"OCEANIC RIBS SINGLE MEMBER P.C","C","free-mail","gxlogistes@gmail.com","2109595768","ΤΑΝΑΓΡΑΣ / ΒΟΙΩΤΙΑΣ","ΒΟΙΩΤΙΑΣ","ΙΚΕ","2017","","","ΝΑΥΠΗΓΗΣΗ ΣΚΑΦΩΝ ΑΝΑΨΥΧΗΣ ΚΑΙ ΑΘΛΗΤΙΣΜΟΥ","141127617000","800794203","gmail.com"
"PARADOM ΜΟΝΟΠΡΟΣΩΠΗ Ι.Κ.Ε.","C","free-mail","and.paraschos@gmail.com","6979228027","ΘΕΡΜΗΣ / ΘΕΣΣΑΛΟΝΙΚΗΣ","ΘΕΣΣΑΛΟΝΙΚΗΣ","ΙΚΕ","2022","","","ΝΑΥΠΗΓΗΣΗ ΣΚΑΦΩΝ ΑΝΑΨΥΧΗΣ ΚΑΙ ΑΘΛΗΤΙΣΜΟΥ","166445206000","801931457","gmail.com"
"PEARL MARINE Α.Ε.","C","free-mail","pstoubis@gmail.com","6946790347","ΛΑΥΡΕΩΤΙΚΗΣ / ΑΝΑΤΟΛΙΚΗΣ ΑΤΤΙΚΗΣ","ΑΤΤΙΚΗΣ","ΑΕ","2026","","","ΝΑΥΠΗΓΗΣΗ ΦΟΥΣΚΩΤΩΝ ΣΚΑΦΩΝ ΓΙΑ ΑΝΑΨΥΧΗ Η ΑΘΛΗΤΙΣΜΟ","192164201000","803208525","gmail.com"
"PELAGOS YACHTS Ι.Κ.Ε.","C","free-mail","tsobanoglousot@gmail.com","6944234550","ΑΛΙΜΟΥ / ΝΟΤΙΟΥ ΤΟΜΕΑ ΑΘΗΝΩΝ","ΑΤΤΙΚΗΣ","ΙΚΕ","2026","","","ΛΙΑΝΙΚΟ ΕΜΠΟΡΙΟ ΑΛΛΩΝ ΣΚΑΦΩΝ ΓΙΑ ΑΝΑΨΥΧΗ Η ΑΘΛΗΤΙΣΜΟ, ΚΩΠΗΛΑΤΩΝ ΒΑΡΚΩΝ ΚΑΙ ΚΑΝΟ","190380801000","803134810","gmail.com"
"PLANATECH PAROUSIS Ε.Ε.","C","free-mail","nanou.labrini@gmail.com","6985792943","ΣΑΡΩΝΙΚΟΥ / ΑΝΑΤΟΛΙΚΗΣ ΑΤΤΙΚΗΣ","ΑΤΤΙΚΗΣ","ΕΕ","2024","","","ΝΑΥΠΗΓΗΣΗ ΣΚΑΦΩΝ ΑΝΑΨΥΧΗΣ ΚΑΙ ΑΘΛΗΤΙΣΜΟΥ","176353602000","802438265","gmail.com"
"PLANATECH RIB BOATS ΜΟΝΟΠΡΟΣΩΠΗ Ι.Κ.Ε.","C","free-mail","logistisper@gmail.com","6940389353","ΚΡΩΠΙΑΣ / ΑΝΑΤΟΛΙΚΗΣ ΑΤΤΙΚΗΣ","ΑΤΤΙΚΗΣ","ΙΚΕ","2024","","","ΝΑΥΠΗΓΗΣΗ ΣΚΑΦΩΝ ΑΝΑΨΥΧΗΣ ΚΑΙ ΑΘΛΗΤΙΣΜΟΥ","180080602000","802642006","gmail.com"
"ROGERSON YACHTING Ε.Ε.","C","free-mail","paulaconroy@gmail.com","6946996229","ΑΚΤΙΟΥ-ΒΟΝΙΤΣΑΣ / ΑΙΤΩΛΟΑΚΑΡΝΑΝΙΑΣ","ΑΙΤΩΛΟΑΚΑΡΝΑΝΙΑΣ","ΕΕ","2024","","","ΕΜΠΟΡΙΚΟΙ ΑΝΤΙΠΡΟΣΩΠΟΙ ΠΟΥ ΜΕΣΟΛΑΒΟΥΝ ΣΤΗΝ ΠΩΛΗΣΗ ΣΚΑΦΩΝ ΑΝΑΨΥΧΗΣ ΚΑΙ ΑΘΛΗΤΙΣΜΟΥ ΚΑΙ ΜΕΡΩΝ ΤΟΥΣ","176069512000","802422311","gmail.com"
"RΩΤΑΣ ΕΤΕΡΟΡΡΥΘΜΗ ΕΤΑΙΡΕΙΑ","C","free-mail","giannisrotas@icloud.com","6936522635","ΗΛΙΟΥΠΟΛΕΩΣ / ΚΕΝΤΡΙΚΟΥ ΤΟΜΕΑ ΑΘΗΝΩΝ","ΑΤΤΙΚΗΣ","ΕΕ","2026","","","ΛΙΑΝΙΚΟ ΕΜΠΟΡΙΟ ΦΟΥΣΚΩΤΩΝ ΣΚΑΦΩΝ ΓΙΑ ΑΝΑΨΥΧΗ Η ΑΘΛΗΤΙΣΜΟ","192265001000","803214279","icloud.com"
"SEADELTA RIB MANUFACTURER Ε.Ε.","C","free-mail","egeotrian@gmail.com","2310240824","ΚΡΩΠΙΑΣ / ΑΝΑΤΟΛΙΚΗΣ ΑΤΤΙΚΗΣ","ΑΤΤΙΚΗΣ","ΕΕ","2023","","","ΝΑΥΠΗΓΗΣΗ ΣΚΑΦΩΝ ΑΝΑΨΥΧΗΣ ΚΑΙ ΑΘΛΗΤΙΣΜΟΥ","173442801000","802275251","gmail.com"
"SEAFIGHTER RIB - ΝΑΥΠΗΓΗΣΗ & ΕΜΠΟΡΙΑ ΣΚΑΦΩΝ - ΠΕΤΡΟΣ ΚΑΡΑΜΙΧΑΛΗΣ & ΣΙΑ ΕΤΕΡΟΡΡΥΘΜΗ ΕΤΑΙΡΕΙΑ","C","free-mail","seafighter.rib@gmail.com","2108972720","ΚΡΩΠΙΑΣ / ΑΝΑΤΟΛΙΚΗΣ ΑΤΤΙΚΗΣ","ΑΤΤΙΚΗΣ","ΕΕ","2021","","","ΝΑΥΠΗΓΗΣΗ ΣΚΑΦΩΝ ΑΝΑΨΥΧΗΣ ΚΑΙ ΑΘΛΗΤΙΣΜΟΥ","158921702000","801548376","gmail.com"
"SH YACHT RENT AND SALES ΜΟΝΟΠΡΟΣΩΠΗ ΙΔΙΩΤΙΚΗ ΚΕΦΑΛΑΙΟΥΧΙΚΗ ΕΤΑΙΡΕΙΑ","C","free-mail","johnzografos68@gmail.com","6938888885","ΑΘΗΝΑΙΩΝ / ΚΕΝΤΡΙΚΟΥ ΤΟΜΕΑ ΑΘΗΝΩΝ","ΑΤΤΙΚΗΣ","ΙΚΕ","2021","","","ΕΜΠΟΡΙΚΟΙ ΑΝΤΙΠΡΟΣΩΠΟΙ ΠΟΥ ΜΕΣΟΛΑΒΟΥΝ ΣΤΗΝ ΠΩΛΗΣΗ ΣΚΑΦΩΝ ΑΝΑΨΥΧΗΣ ΚΑΙ ΑΘΛΗΤΙΣΜΟΥ ΚΑΙ ΜΕΡΩΝ ΤΟΥΣ","160450201000","801630199","gmail.com"
"SpeedHull ΜΟΝΟΠΡΟΣΩΠΗ Ι.Κ.Ε.","C","free-mail","athanasioskatsaounis@gmail.com","6942650172","ΦΑΡΚΑΔΟΝΑΣ / ΤΡΙΚΑΛΩΝ","ΤΡΙΚΑΛΩΝ","ΙΚΕ","2025","","","ΝΑΥΠΗΓΗΣΗ ΣΚΑΦΩΝ ΑΝΑΨΥΧΗΣ ΚΑΙ ΑΘΛΗΤΙΣΜΟΥ","186121453000","802954769","gmail.com"
"THEODMARINE ΜΟΝΟΠΡΟΣΩΠΗ Ι.Κ.Ε.","C","free-mail","hts.v.theodorou@gmail.com","6978177876","ΛΑΥΡΕΩΤΙΚΗΣ / ΑΝΑΤΟΛΙΚΗΣ ΑΤΤΙΚΗΣ","ΑΤΤΙΚΗΣ","ΙΚΕ","2023","","","ΝΑΥΠΗΓΗΣΗ ΦΟΥΣΚΩΤΩΝ ΣΚΑΦΩΝ ΓΙΑ ΑΝΑΨΥΧΗ Η ΑΘΛΗΤΙΣΜΟ","169848603000","802095370","gmail.com"
"TROPIDA MARINE Ε.Ε.","C","free-mail","mantelena@gmail.com","6972112879","ΚΡΩΠΙΑΣ / ΑΝΑΤΟΛΙΚΗΣ ΑΤΤΙΚΗΣ","ΑΤΤΙΚΗΣ","ΕΕ","2024","","","ΛΙΑΝΙΚΟ ΕΜΠΟΡΙΟ ΦΟΥΣΚΩΤΩΝ ΣΚΑΦΩΝ ΓΙΑ ΑΝΑΨΥΧΗ Η ΑΘΛΗΤΙΣΜΟ","179762601000","802623680","gmail.com"
"V8 LUXURY TORQUE ΙΔΙΩΤΙΚΗ ΚΕΦΑΛΑΙΟΥΧΙΚΗ ΕΤΑΙΡΕΙΑ","C","free-mail","ologistismou1@gmail.com","6973285698","ΘΕΡΜΗΣ / ΘΕΣΣΑΛΟΝΙΚΗΣ","ΘΕΣΣΑΛΟΝΙΚΗΣ","ΙΚΕ","2026","","","ΕΜΠΟΡΙΚΟΙ ΑΝΤΙΠΡΟΣΩΠΟΙ ΠΟΥ ΜΕΣΟΛΑΒΟΥΝ ΣΤΗΝ ΠΩΛΗΣΗ ΣΚΑΦΩΝ ΑΝΑΨΥΧΗΣ ΚΑΙ ΑΘΛΗΤΙΣΜΟΥ ΚΑΙ ΜΕΡΩΝ ΤΟΥΣ","194799906000","803334542","gmail.com"
"VELOJET Ι.Κ.Ε.","C","free-mail","sofiazoannou@gmail.com","6978384327","ΠΕΙΡΑΙΩΣ / ΠΕΙΡΑΙΩΣ","ΑΤΤΙΚΗΣ","ΙΚΕ","2025","","","ΛΙΑΝΙΚΟ ΕΜΠΟΡΙΟ ΑΛΛΩΝ ΣΚΑΦΩΝ ΓΙΑ ΑΝΑΨΥΧΗ Η ΑΘΛΗΤΙΣΜΟ, ΚΩΠΗΛΑΤΩΝ ΒΑΡΚΩΝ ΚΑΙ ΚΑΝΟ","184634807000","802886222","gmail.com"
"YACHTS Co. INTERNATIONAL Ε.Π.Ε.","C","free-mail","dfkorf@otenet.gr","2661090868","ΚΕΝΤΡΙΚΗΣ ΚΕΡΚΥΡΑΣ ΚΑΙ ΔΙΑΠΟΝΤΙΩΝ ΝΗΣΩΝ / ΚΕΡΚΥΡΑΣ","ΚΕΡΚΥΡΑΣ","ΕΠΕ","2024","","","ΕΜΠΟΡΙΚΟΙ ΑΝΤΙΠΡΟΣΩΠΟΙ ΠΟΥ ΜΕΣΟΛΑΒΟΥΝ ΣΤΗΝ ΠΩΛΗΣΗ ΣΚΑΦΩΝ ΑΝΑΨΥΧΗΣ ΚΑΙ ΑΘΛΗΤΙΣΜΟΥ ΚΑΙ ΜΕΡΩΝ ΤΟΥΣ","175837333000","802408795","otenet.gr"
"ΑΒΔΕΛΑΡΟΣ ΑΝΑΣΤΑΣΙΟΣ ΤΟΥ ΙΩΑΝΝΗ","C","free-mail","popi_kb@hotmail.com","2428092484","ΒΟΛΟΥ / ΜΑΓΝΗΣΙΑΣ","ΜΑΓΝΗΣΙΑΣ","ΑΤΟΜΙΚΗ","2023","","","ΕΜΠΟΡΙΚΟΙ ΑΝΤΙΠΡΟΣΩΠΟΙ ΠΟΥ ΜΕΣΟΛΑΒΟΥΝ ΣΤΗΝ ΠΩΛΗΣΗ ΣΚΑΦΩΝ ΑΝΑΨΥΧΗΣ ΚΑΙ ΑΘΛΗΤΙΣΜΟΥ ΚΑΙ ΜΕΡΩΝ ΤΟΥΣ","168976944000","105463000","hotmail.com"
"ΑΛΕΞΑΝΔΡΟΠΟΥΛΟΣ ΝΙΚΟΛΑΟΣ ΜΟΝΟΠΡΟΣΩΠΗ Ι.Κ.Ε.","C","free-mail","nikosmarine@gmail.com","2109915605","ΑΛΙΜΟΥ / ΝΟΤΙΟΥ ΤΟΜΕΑ ΑΘΗΝΩΝ","ΑΤΤΙΚΗΣ","ΙΚΕ","2021","","","ΕΜΠΟΡΙΚΟΙ ΑΝΤΙΠΡΟΣΩΠΟΙ ΠΟΥ ΜΕΣΟΛΑΒΟΥΝ ΣΤΗΝ ΠΩΛΗΣΗ ΣΚΑΦΩΝ ΑΝΑΨΥΧΗΣ ΚΑΙ ΑΘΛΗΤΙΣΜΟΥ ΚΑΙ ΜΕΡΩΝ ΤΟΥΣ","158945701000","801549742","gmail.com"
"ΑΝΑΣΟΓΛΟΥ ΑΓΓΕΛΟΣ","C","free-mail","Angelosanas93@gmail.com","2510222239","ΚΑΒΑΛΑΣ / ΚΑΒΑΛΑΣ","ΚΑΒΑΛΑΣ","ΑΤΟΜΙΚΗ","2026","","","ΧΟΝΔΡΙΚΟ ΕΜΠΟΡΙΟ ΑΛΛΩΝ ΣΚΑΦΩΝ ΓΙΑ ΑΝΑΨΥΧΗ Η ΑΘΛΗΤΙΣΜΟ, ΚΩΠΗΛΑΤΩΝ ΒΑΡΚΩΝ ΚΑΙ ΚΑΝΟ","192697830000","152628920","gmail.com"
"ΑΝΔΡΙΑΝΟΥ ΝΕΣΤΟΡΑΣ ΤΟΥ ΑΛΕΞΑΝΔΡΟΥ","C","free-mail","andboat69@gmail.com","2104681113","ΣΑΛΑΜΙΝΑΣ / ΝΗΣΩΝ","ΑΤΤΙΚΗΣ","ΑΤΟΜΙΚΗ","1988","","","ΛΙΑΝΙΚΟ ΕΜΠΟΡΙΟ ΑΛΛΩΝ ΣΚΑΦΩΝ ΓΙΑ ΑΝΑΨΥΧΗ Η ΑΘΛΗΤΙΣΜΟ, ΚΩΠΗΛΑΤΩΝ ΒΑΡΚΩΝ ΚΑΙ ΚΑΝΟ","44030007000","041754465","gmail.com"
"ΒΑΣΙΛΙΚΑΡΗΣ ΣΤΥΛΙΑΝΟΣ ΤΟΥ ΑΘΑΝΑΣΙΟΥ","C","free-mail","ipocamposseaservice@gmail.com","2510392069","ΚΑΒΑΛΑΣ / ΚΑΒΑΛΑΣ","ΚΑΒΑΛΑΣ","ΑΤΟΜΙΚΗ","2008","","","ΛΙΑΝΙΚΟ ΕΜΠΟΡΙΟ ΑΛΛΩΝ ΣΚΑΦΩΝ ΓΙΑ ΑΝΑΨΥΧΗ Η ΑΘΛΗΤΙΣΜΟ, ΚΩΠΗΛΑΤΩΝ ΒΑΡΚΩΝ ΚΑΙ ΚΑΝΟ","20589530000","102451960","gmail.com"
"ΓΕΩΡΓΙΟΣ ΖΩΗ ΑΝΤΩΝΟΠΟΥΛΟΣ","C","free-mail","mimisando1962@yahoo.com","2107297945","ΛΟΥΤΡΑΚΙΟΥ-ΠΕΡΑΧΩΡΑΣ-ΑΓΙΩΝ ΘΕΟΔΩΡΩΝ / ΚΟΡΙΝΘΙΑΣ","ΚΟΡΙΝΘΙΑΣ","ΑΤΟΜΙΚΗ","2017","","","ΝΑΥΠΗΓΗΣΗ ΦΟΥΣΚΩΤΩΝ ΣΚΑΦΩΝ ΓΙΑ ΑΝΑΨΥΧΗ Η ΑΘΛΗΤΙΣΜΟ","161205837000","026444608","yahoo.com"
"ΓΙΑΜΑΛΑΚΗΣ ΕΜΜΑΝΟΥΗΛ ΤΟΥ ΔΗΜΗΤΡΙΟΥ","C","free-mail","giamalakisdolfin@gmail.com","2813019073","ΗΡΑΚΛΕΙΟΥ / ΗΡΑΚΛΕΙΟΥ","ΗΡΑΚΛΕΙΟΥ","ΑΤΟΜΙΚΗ","1995","","","ΝΑΥΠΗΓΗΣΗ ΦΟΥΣΚΩΤΩΝ ΣΚΑΦΩΝ ΓΙΑ ΑΝΑΨΥΧΗ Η ΑΘΛΗΤΙΣΜΟ","76631827000","059258853","gmail.com"
"ΓΙΑΝΝΙΟΣ ΚΑΛΛΙΚΡΑΤΗΣ ΙΩΑΝ","C","free-mail","kallikratisgiannios@yahoo.gr","2721069140","ΚΑΛΑΜΑΤΑΣ / ΜΕΣΣΗΝΙΑΣ","ΜΕΣΣΗΝΙΑΣ","ΑΤΟΜΙΚΗ","1997","","","ΛΙΑΝΙΚΟ ΕΜΠΟΡΙΟ ΑΛΛΩΝ ΣΚΑΦΩΝ ΓΙΑ ΑΝΑΨΥΧΗ Η ΑΘΛΗΤΙΣΜΟ, ΚΩΠΗΛΑΤΩΝ ΒΑΡΚΩΝ ΚΑΙ ΚΑΝΟ","14900245000","047491162","yahoo.gr"
"ΓΚΕΚΑΣ ΣΤΥΛΙΑΝΟΣ - ΓΡΑΦΑΚΟΣ ΚΩΝΣΤΑΝΤΙΝΟΣ Ο.Ε.","C","free-mail","sbistarakis@yahoo.gr","2106561630","ΚΑΛΛΙΘΕΑΣ / ΝΟΤΙΟΥ ΤΟΜΕΑ ΑΘΗΝΩΝ","ΑΤΤΙΚΗΣ","ΟΕ","2019","","","ΧΟΝΔΡΙΚΟ ΕΜΠΟΡΙΟ ΑΛΛΩΝ ΣΚΑΦΩΝ ΓΙΑ ΑΝΑΨΥΧΗ Η ΑΘΛΗΤΙΣΜΟ, ΚΩΠΗΛΑΤΩΝ ΒΑΡΚΩΝ ΚΑΙ ΚΑΝΟ","153320503000","801276679","yahoo.gr"
"ΓΚΟΓΚΑΣ ΙΩΑΝΝΗΣ ΤΟΥ ΑΘΑΝΑΣΙΟΥ","C","free-mail","gkogkasmarine@gmail.com","2410571700","ΛΑΡΙΣΑΙΩΝ / ΛΑΡΙΣΑΣ","ΛΑΡΙΣΑΣ","ΑΤΟΜΙΚΗ","1994","","","ΛΙΑΝΙΚΟ ΕΜΠΟΡΙΟ ΑΛΛΩΝ ΣΚΑΦΩΝ ΓΙΑ ΑΝΑΨΥΧΗ Η ΑΘΛΗΤΙΣΜΟ, ΚΩΠΗΛΑΤΩΝ ΒΑΡΚΩΝ ΚΑΙ ΚΑΝΟ","25680640000","038707895","gmail.com"
"ΔΕΛΦΙΝΙ ΕΛΛΑΣ Π.ΠΡΕΖΕΡΑΚΟΣ ΕΤΑΙΡΕΙΑ ΠΕΡΙΩΡΙΣΜΕΝΗΣ ΕΥΘΥΝΗΣ","C","free-mail","jkartap64@gmail.com","2130449123","ΑΓΙΩΝ ΑΝΑΡΓΥΡΩΝ - ΚΑΜΑΤΕΡΟΥ / ΔΥΤΙΚΟΥ ΤΟΜΕΑ ΑΘΗΝΩΝ","ΑΘΗΝΩΝ","ΕΠΕ","1985","","","ΛΙΑΝΙΚΟ ΕΜΠΟΡΙΟ ΦΟΥΣΚΩΤΩΝ ΣΚΑΦΩΝ ΓΙΑ ΑΝΑΨΥΧΗ Η ΑΘΛΗΤΙΣΜΟ","83203002000","095250300","gmail.com"
"ΔΙΑΝΑ ΕΙΡΗΝΗ","C","free-mail","irinidiana@gmail.com","2109835572","ΑΛΙΜΟΥ / ΝΟΤΙΟΥ ΤΟΜΕΑ ΑΘΗΝΩΝ","ΑΤΤΙΚΗΣ","ΑΤΟΜΙΚΗ","2023","","","ΕΜΠΟΡΙΚΟΙ ΑΝΤΙΠΡΟΣΩΠΟΙ ΠΟΥ ΜΕΣΟΛΑΒΟΥΝ ΣΤΗΝ ΠΩΛΗΣΗ ΣΚΑΦΩΝ ΑΝΑΨΥΧΗΣ ΚΑΙ ΑΘΛΗΤΙΣΜΟΥ ΚΑΙ ΜΕΡΩΝ ΤΟΥΣ","169901003000","131690749","gmail.com"
"ΔΙΟΝΥΣΙΟΣ ΝΙΚΟΛΑΟΥ & ΣΙΑ ΟΜΟΡΡΥΘΜΗ ΕΤΑΙΡΕΙΑ","C","free-mail","motonikolaou@gmail.com","2102916028","ΓΑΛΑΤΣΙΟΥ / ΚΕΝΤΡΙΚΟΥ ΤΟΜΕΑ ΑΘΗΝΩΝ","ΑΤΤΙΚΗΣ","ΟΕ","1983","","","ΧΟΝΔΡΙΚΟ ΕΜΠΟΡΙΟ ΑΛΛΩΝ ΣΚΑΦΩΝ ΓΙΑ ΑΝΑΨΥΧΗ Η ΑΘΛΗΤΙΣΜΟ, ΚΩΠΗΛΑΤΩΝ ΒΑΡΚΩΝ ΚΑΙ ΚΑΝΟ","600601000","081190601","gmail.com"
"Ε.ΒΑΡΕΛΑΣ-Π.ΒΑΡΕΛΑΣ Ο.Ε.","C","free-mail","nvarelas.plefsi@gmail.com","6945845161","ΗΛΙΟΥΠΟΛΕΩΣ / ΚΕΝΤΡΙΚΟΥ ΤΟΜΕΑ ΑΘΗΝΩΝ","ΑΤΤΙΚΗΣ","ΟΕ","2019","","","ΝΑΥΠΗΓΗΣΗ ΦΟΥΣΚΩΤΩΝ ΣΚΑΦΩΝ ΓΙΑ ΑΝΑΨΥΧΗ Η ΑΘΛΗΤΙΣΜΟ","151524902000","801196631","gmail.com"
"ΕΥΑΓΓΕΛΟΥ ΓΕΩΡΓΙΑ ΤΟΥ ΕΥΑΓΓΕΛΟΥ","C","free-mail","geoevapap@gmail.com","6978874423","ΑΓΡΙΝΙΟΥ / ΑΙΤΩΛΟΑΚΑΡΝΑΝΙΑΣ","ΑΙΤΩΛΟΑΚΑΡΝΑΝΙΑΣ","ΑΤΟΜΙΚΗ","2021","","","ΛΙΑΝΙΚΟ ΕΜΠΟΡΙΟ ΦΟΥΣΚΩΤΩΝ ΣΚΑΦΩΝ ΓΙΑ ΑΝΑΨΥΧΗ Η ΑΘΛΗΤΙΣΜΟ","166639112000","102396744","gmail.com"
"ΕΥΣΤΑΘΙΟΣ ΠΑΓΑΝΟΠΟΥΛΟΣ ΤΟΥ ΓΕΩΡΓΙΟΥ","C","free-mail","sta-suzuki@hotmail.com","2106628749","ΚΡΩΠΙΑΣ / ΑΝΑΤΟΛΙΚΗΣ ΑΤΤΙΚΗΣ","ΑΤΤΙΚΗΣ","ΑΤΟΜΙΚΗ","2024","","","ΕΜΠΟΡΙΚΟΙ ΑΝΤΙΠΡΟΣΩΠΟΙ ΠΟΥ ΜΕΣΟΛΑΒΟΥΝ ΣΤΗΝ ΠΩΛΗΣΗ ΣΚΑΦΩΝ ΑΝΑΨΥΧΗΣ ΚΑΙ ΑΘΛΗΤΙΣΜΟΥ ΚΑΙ ΜΕΡΩΝ ΤΟΥΣ","65818303000","047600310","hotmail.com"
"ΖΑΓΓΑΣ ΕΥΘΥΜΙΟΣ ΤΟΥ ΣΤΥΛΙΑΝΟΥ","C","free-mail","zaggas@otenet.gr","2310692899","ΘΕΡΜΗΣ / ΘΕΣΣΑΛΟΝΙΚΗΣ","ΘΕΣΣΑΛΟΝΙΚΗΣ","ΑΤΟΜΙΚΗ","2009","","","ΧΟΝΔΡΙΚΟ ΕΜΠΟΡΙΟ ΑΛΛΩΝ ΣΚΑΦΩΝ ΓΙΑ ΑΝΑΨΥΧΗ Η ΑΘΛΗΤΙΣΜΟ, ΚΩΠΗΛΑΤΩΝ ΒΑΡΚΩΝ ΚΑΙ ΚΑΝΟ","39876406000","039075836","otenet.gr"
"ΖΩΤΟΣ ΠΚΖ Ε.Ε.","C","free-mail","rapti1987@yahoo.com","2299047692","ΚΡΩΠΙΑΣ / ΑΝΑΤΟΛΙΚΗΣ ΑΤΤΙΚΗΣ","ΑΤΤΙΚΗΣ","ΕΕ","2023","","","ΝΑΥΠΗΓΗΣΗ ΣΚΑΦΩΝ ΑΝΑΨΥΧΗΣ ΚΑΙ ΑΘΛΗΤΙΣΜΟΥ","169872202000","802096457","yahoo.com"
"ΙΝΤΙΓΚΟ ΜΑΡΙΝ ΜΟΝΟΠΡΟΣΩΠΗ Ι.Κ.Ε.","C","free-mail","indigo.ribs@gmail.com","2109641111","ΓΛΥΦΑΔΑΣ / ΝΟΤΙΟΥ ΤΟΜΕΑ ΑΘΗΝΩΝ","ΑΤΤΙΚΗΣ","ΙΚΕ","2019","","","ΝΑΥΠΗΓΗΣΗ ΣΚΑΦΩΝ ΑΝΑΨΥΧΗΣ ΚΑΙ ΑΘΛΗΤΙΣΜΟΥ","151717803000","801205994","gmail.com"
"ΙΩΑΝΝΙΔΗΣ ΑΛΕΞΑΝΔΡΟΣ ΤΟΥ ΜΕΝΕΛΑΟΥ","C","free-mail","kostastheodorou3@gmail.com","","ΧΑΛΚΙΔΕΩΝ / ΕΥΒΟΙΑΣ","ΕΥΒΟΙΑΣ","ΑΤΟΜΙΚΗ","2024","","","ΧΟΝΔΡΙΚΟ ΕΜΠΟΡΙΟ ΑΛΛΩΝ ΣΚΑΦΩΝ ΓΙΑ ΑΝΑΨΥΧΗ Η ΑΘΛΗΤΙΣΜΟ, ΚΩΠΗΛΑΤΩΝ ΒΑΡΚΩΝ ΚΑΙ ΚΑΝΟ","179834022000","180836329","gmail.com"
"ΚΑΡΡΑΣ ΗΛΙΑΣ ΤΟΥ ΓΕΩΡΓΙΟΥ","C","free-mail","TREMEZA@HOL.GR","2102842103","ΑΣΠΡΟΠΥΡΓΟΥ / ΔΥΤΙΚΗΣ ΑΤΤΙΚΗΣ","ΑΤΤΙΚΗΣ","ΑΤΟΜΙΚΗ","1998","","","ΝΑΥΠΗΓΗΣΗ ΦΟΥΣΚΩΤΩΝ ΣΚΑΦΩΝ ΓΙΑ ΑΝΑΨΥΧΗ Η ΑΘΛΗΤΙΣΜΟ","3865601000","020873662","hol.gr"
"ΚΟΡΑΚΗΣ ΠΑΝΤΕΛΕΗΜΩΝ ΤΟΥ ΚΩΝ/ΝΟΥ","C","free-mail","panteliskkorakis@gmail.com","2298074128","ΣΠΕΤΣΩΝ / ΝΗΣΩΝ","ΑΤΤΙΚΗΣ","ΑΤΟΜΙΚΗ","1999","","","ΝΑΥΠΗΓΗΣΗ ΣΚΑΦΩΝ ΑΝΑΨΥΧΗΣ ΚΑΙ ΑΘΛΗΤΙΣΜΟΥ","112560808000","045760997","gmail.com"
"ΚΟΤΣΗΣ ΠΑΝΑΓΙΩΤΗΣ ΤΟΥ ΗΛΙΑ","C","free-mail","panagiotiskotsis335@gmail.com","6975992113","ΚΑΛΑΜΑΤΑΣ / ΜΕΣΣΗΝΙΑΣ","ΜΕΣΣΗΝΙΑΣ","ΑΤΟΜΙΚΗ","2017","","","ΛΙΑΝΙΚΟ ΕΜΠΟΡΙΟ ΑΛΛΩΝ ΣΚΑΦΩΝ ΓΙΑ ΑΝΑΨΥΧΗ Η ΑΘΛΗΤΙΣΜΟ, ΚΩΠΗΛΑΤΩΝ ΒΑΡΚΩΝ ΚΑΙ ΚΑΝΟ","142623745000","156557027","gmail.com"
"ΚΟΥΒΑΚΑΣ ΠΑΤΡΟΚΛΟΣ","C","free-mail","patkou@gmail.com","2106254679","ΚΗΦΙΣΙΑΣ / ΒΟΡΕΙΟΥ ΤΟΜΕΑ ΑΘΗΝΩΝ","ΑΤΤΙΚΗΣ","ΑΤΟΜΙΚΗ","2024","","","ΕΜΠΟΡΙΚΟΙ ΑΝΤΙΠΡΟΣΩΠΟΙ ΠΟΥ ΜΕΣΟΛΑΒΟΥΝ ΣΤΗΝ ΠΩΛΗΣΗ ΣΚΑΦΩΝ ΑΝΑΨΥΧΗΣ ΚΑΙ ΑΘΛΗΤΙΣΜΟΥ ΚΑΙ ΜΕΡΩΝ ΤΟΥΣ","130113901000","064869787","gmail.com"
"ΚΩΝΣΤΑΝΤΙΝΟΣ ΧΑΛΟΥΛΑΚΟΣ - ΣΤΑΥΡΟΣ ΤΟΡΤΟΠΙΔΗΣ ΚΑΙ ΣΙΑ ΟΕ","C","free-mail","seasidethe@yahoo.gr","2310383893","ΘΕΡΜΗΣ / ΘΕΣΣΑΛΟΝΙΚΗΣ","ΘΕΣΣΑΛΟΝΙΚΗΣ","ΟΕ","2010","","","ΛΙΑΝΙΚΟ ΕΜΠΟΡΙΟ ΑΛΛΩΝ ΣΚΑΦΩΝ ΓΙΑ ΑΝΑΨΥΧΗ Η ΑΘΛΗΤΙΣΜΟ, ΚΩΠΗΛΑΤΩΝ ΒΑΡΚΩΝ ΚΑΙ ΚΑΝΟ","43306306000","997612297","yahoo.gr"
"ΛΑΓΙΟΣ ΔΗΜΗΤΡΙΟΣ ΤΟΥ ΑΛΕΞΙΟΥ","C","free-mail","dlagios@hotmail.com","2622038184","ΗΛΙΔΑΣ / ΗΛΕΙΑΣ","ΗΛΕΙΑΣ","ΑΤΟΜΙΚΗ","2002","","","ΛΙΑΝΙΚΟ ΕΜΠΟΡΙΟ ΑΛΛΩΝ ΣΚΑΦΩΝ ΓΙΑ ΑΝΑΨΥΧΗ Η ΑΘΛΗΤΙΣΜΟ, ΚΩΠΗΛΑΤΩΝ ΒΑΡΚΩΝ ΚΑΙ ΚΑΝΟ","47419025000","300150614","hotmail.com"
"ΛΟΥΚΟΠΟΥΛΟΥ ΜΑΡΙΑ ΤΟΥ ΚΩΝΣΤΑΝΤΙΝΟΥ","C","free-mail","ionionmarine@gmail.com","2641021542","ΛΕΥΚΑΔΑΣ / ΛΕΥΚΑΔΑΣ","ΛΕΥΚΑΔΑΣ","ΑΤΟΜΙΚΗ","2015","","","ΛΙΑΝΙΚΟ ΕΜΠΟΡΙΟ ΑΛΛΩΝ ΣΚΑΦΩΝ ΓΙΑ ΑΝΑΨΥΧΗ Η ΑΘΛΗΤΙΣΜΟ, ΚΩΠΗΛΑΤΩΝ ΒΑΡΚΩΝ ΚΑΙ ΚΑΝΟ","133969843000","138564300","gmail.com"
"ΜΑΖΗΣ ΑΝΑΣΤΑΣΙΟΣ ΤΟΥ ΚΩΝΣΤΑΝΤΙΝΟΥ","C","free-mail","suzukicorfu@gmail.com","6978200240","ΚΕΝΤΡΙΚΗΣ ΚΕΡΚΥΡΑΣ ΚΑΙ ΔΙΑΠΟΝΤΙΩΝ ΝΗΣΩΝ / ΚΕΡΚΥΡΑΣ","ΚΕΡΚΥΡΑΣ","ΑΤΟΜΙΚΗ","2022","","","ΧΟΝΔΡΙΚΟ ΕΜΠΟΡΙΟ ΑΛΛΩΝ ΣΚΑΦΩΝ ΓΙΑ ΑΝΑΨΥΧΗ Η ΑΘΛΗΤΙΣΜΟ, ΚΩΠΗΛΑΤΩΝ ΒΑΡΚΩΝ ΚΑΙ ΚΑΝΟ","165924433000","169779393","gmail.com"
"ΜΑΝΤΙΚΟΣ ΝΙΚΗΤΑΣ ΤΟΥ ΝΙΚΟΛΑΟΥ","C","free-mail","mantikosnik@gmail.com","2105615380","ΚΑΛΛΙΘΕΑΣ / ΝΟΤΙΟΥ ΤΟΜΕΑ ΑΘΗΝΩΝ","ΑΤΤΙΚΗΣ","ΑΤΟΜΙΚΗ","2018","","","ΝΑΥΠΗΓΗΣΗ ΦΟΥΣΚΩΤΩΝ ΣΚΑΦΩΝ ΓΙΑ ΑΝΑΨΥΧΗ Η ΑΘΛΗΤΙΣΜΟ","168638808000","055761271","gmail.com"
"ΜΑΡΤΙΡΟΣΙΑΝ GROUP Ε.Ε.","C","free-mail","aregaris@gmail.com","6940269000","ΧΕΡΣΟΝΗΣΟΥ / ΗΡΑΚΛΕΙΟΥ","ΗΡΑΚΛΕΙΟΥ","ΕΕ","2025","","","ΧΟΝΔΡΙΚΟ ΕΜΠΟΡΙΟ ΑΛΛΩΝ ΣΚΑΦΩΝ ΓΙΑ ΑΝΑΨΥΧΗ Η ΑΘΛΗΤΙΣΜΟ, ΚΩΠΗΛΑΤΩΝ ΒΑΡΚΩΝ ΚΑΙ ΚΑΝΟ","185649627000","802933762","gmail.com"
"ΜΕΛΙΤΑΣ ΜΟΝΟΠΡΟΣΩΠΗ Ι.Κ.Ε.","C","free-mail","melitasd@gmail.com","2104118110","ΠΕΙΡΑΙΩΣ / ΠΕΙΡΑΙΩΣ","ΑΤΤΙΚΗΣ","ΙΚΕ","2026","","","ΕΜΠΟΡΙΚΟΙ ΑΝΤΙΠΡΟΣΩΠΟΙ ΠΟΥ ΜΕΣΟΛΑΒΟΥΝ ΣΤΗΝ ΠΩΛΗΣΗ ΣΚΑΦΩΝ ΑΝΑΨΥΧΗΣ ΚΑΙ ΑΘΛΗΤΙΣΜΟΥ ΚΑΙ ΜΕΡΩΝ ΤΟΥΣ","190556607000","803142488","gmail.com"
"ΜΥΡΩΔΙΑ ΠΑΝΤΟΥ ΤΟΥ ΣΠΥΡΙΔΩΝΟΣ","C","free-mail","miropantou_91@hotmail.com","2295023588","ΩΡΩΠΟΥ / ΑΝΑΤΟΛΙΚΗΣ ΑΤΤΙΚΗΣ","ΑΤΤΙΚΗΣ","ΑΤΟΜΙΚΗ","2019","","","ΛΙΑΝΙΚΟ ΕΜΠΟΡΙΟ ΑΛΛΩΝ ΣΚΑΦΩΝ ΓΙΑ ΑΝΑΨΥΧΗ Η ΑΘΛΗΤΙΣΜΟ, ΚΩΠΗΛΑΤΩΝ ΒΑΡΚΩΝ ΚΑΙ ΚΑΝΟ","152612701000","128696417","hotmail.com"
"ΝΑΥΤΙΛΙΑΚΗ D.D.K ΜΟΝΟΠΡΟΣΩΠΗ Ι.Κ.Ε.","C","free-mail","g.boukis@gmail.com","2104599822","ΝΙΚΑΙΑΣ - ΑΓΙΟΥ ΙΩΑΝΝΗ ΡΕΝΤΗ / ΠΕΙΡΑΙΩΣ","ΑΤΤΙΚΗΣ","ΙΚΕ","2023","","","ΧΟΝΔΡΙΚΟ ΕΜΠΟΡΙΟ ΑΛΛΩΝ ΣΚΑΦΩΝ ΓΙΑ ΑΝΑΨΥΧΗ Η ΑΘΛΗΤΙΣΜΟ, ΚΩΠΗΛΑΤΩΝ ΒΑΡΚΩΝ ΚΑΙ ΚΑΝΟ","168274907000","802020358","gmail.com"
"ΝΙΚΟΛΑΟΣ ΑΜΠΡΑΖΗΣ - ΑΛΕΞΑΝΔΡΟΣ ΑΜΠΡΑΖΗΣ Ο.Ε.","C","free-mail","kotakixristina@gmail.com","2106743257","ΜΑΡΚΟΠΟΥΛΟΥ ΜΕΣΟΓΑΙΑΣ / ΑΝΑΤΟΛΙΚΗΣ ΑΤΤΙΚΗΣ","ΑΤΤΙΚΗΣ","ΟΕ","1985","","","ΧΟΝΔΡΙΚΟ ΕΜΠΟΡΙΟ ΑΛΛΩΝ ΣΚΑΦΩΝ ΓΙΑ ΑΝΑΨΥΧΗ Η ΑΘΛΗΤΙΣΜΟ, ΚΩΠΗΛΑΤΩΝ ΒΑΡΚΩΝ ΚΑΙ ΚΑΝΟ","150101000","081042120","gmail.com"
"ΝΙΚΟΛΑΟΣ ΚΟΥΤΣΟΠΟΥΛΟΣ ΜΟΝΟΠΡΟΣΩΠΗ Ι.Κ.Ε.","C","free-mail","cloudlogistiko@gmail.com","2752027204","ΝΑΥΠΛΙΕΩΝ / ΑΡΓΟΛΙΔΑΣ","ΑΡΓΟΛΙΔΑΣ","ΙΚΕ","2024","","","ΕΜΠΟΡΙΚΟΙ ΑΝΤΙΠΡΟΣΩΠΟΙ ΠΟΥ ΜΕΣΟΛΑΒΟΥΝ ΣΤΗΝ ΠΩΛΗΣΗ ΣΚΑΦΩΝ ΑΝΑΨΥΧΗΣ ΚΑΙ ΑΘΛΗΤΙΣΜΟΥ ΚΑΙ ΜΕΡΩΝ ΤΟΥΣ","178419613000","802548651","gmail.com"
"ΝΙΚΟΛΑΟΣ ΜΟΣΧΟΝΑΣ","C","free-mail","moschonasmarine@gmail.com","2614000010","ΠΑΤΡΕΩΝ / ΑΧΑΙΑΣ","ΑΧΑΙΑΣ","ΑΤΟΜΙΚΗ","2011","","","ΛΙΑΝΙΚΟ ΕΜΠΟΡΙΟ ΑΛΛΩΝ ΣΚΑΦΩΝ ΓΙΑ ΑΝΑΨΥΧΗ Η ΑΘΛΗΤΙΣΜΟ, ΚΩΠΗΛΑΤΩΝ ΒΑΡΚΩΝ ΚΑΙ ΚΑΝΟ","116886616000","079420016","gmail.com"
"Π. ΚΑΡΡΑΣ ΚΑΙ ΣΙΑ ΟΕ","C","free-mail","evripusreb@gmail.com","2106627215","ΚΡΩΠΙΑΣ / ΑΝΑΤΟΛΙΚΗΣ ΑΤΤΙΚΗΣ","ΑΝΑΤΟΛΙΚΗΣ ΑΤΤΙΚΗΣ","ΟΕ","1991","","","ΝΑΥΠΗΓΗΣΗ ΦΟΥΣΚΩΤΩΝ ΣΚΑΦΩΝ ΓΙΑ ΑΝΑΨΥΧΗ Η ΑΘΛΗΤΙΣΜΟ","83439702000","082752218","gmail.com"
"Π.ΜΑΝΤΟΥΔΗΣ ΚΑΙ ΣΙΑ Ε.Ε.","C","free-mail","pmboats@gmail.com","2108972219","ΚΡΩΠΙΑΣ / ΑΝΑΤΟΛΙΚΗΣ ΑΤΤΙΚΗΣ","ΑΤΤΙΚΗΣ","ΕΕ","2019","","","ΛΙΑΝΙΚΟ ΕΜΠΟΡΙΟ ΦΟΥΣΚΩΤΩΝ ΣΚΑΦΩΝ ΓΙΑ ΑΝΑΨΥΧΗ Η ΑΘΛΗΤΙΣΜΟ","150302501000","801152820","gmail.com"
"ΠΑΠΑΓΕΩΡΓΙΟΥ ΔΗΜΗΤΡΙΟΣ ΤΟΥ ΠΑΝΑΓΙΩΤΟΥ","C","free-mail","krokospapag@gmail.com","6939744477","ΑΙΓΙΝΑΣ / ΝΗΣΩΝ","ΠΕΙΡΑΙΑ","ΑΤΟΜΙΚΗ","2016","","","ΛΙΑΝΙΚΟ ΕΜΠΟΡΙΟ ΑΛΛΩΝ ΣΚΑΦΩΝ ΓΙΑ ΑΝΑΨΥΧΗ Η ΑΘΛΗΤΙΣΜΟ, ΚΩΠΗΛΑΤΩΝ ΒΑΡΚΩΝ ΚΑΙ ΚΑΝΟ","138973908000","061541414","gmail.com"
"ΠΑΠΑΖΟΓΛΟΥ ΧΡΙΣΤΙΝΑ ΤΟΥ ΚΟΣΜΑ","C","free-mail","papazoglou.marine@gmail.com","2810225815","ΗΡΑΚΛΕΙΟΥ / ΗΡΑΚΛΕΙΟΥ","ΗΡΑΚΛΕΙΟΥ","ΑΤΟΜΙΚΗ","2015","","","ΛΙΑΝΙΚΟ ΕΜΠΟΡΙΟ ΑΛΛΩΝ ΣΚΑΦΩΝ ΓΙΑ ΑΝΑΨΥΧΗ Η ΑΘΛΗΤΙΣΜΟ, ΚΩΠΗΛΑΤΩΝ ΒΑΡΚΩΝ ΚΑΙ ΚΑΝΟ","135406527000","124168979","gmail.com"
"ΠΑΡΑΣΧΟΣ ΠΑΝΤΕΛΗΣ","C","free-mail","telisp@yahoo.gr","6979228025","ΘΕΡΜΑΪΚΟΥ / ΘΕΣΣΑΛΟΝΙΚΗΣ","ΘΕΣΣΑΛΟΝΙΚΗΣ","ΑΤΟΜΙΚΗ","2025","","","ΧΟΝΔΡΙΚΟ ΕΜΠΟΡΙΟ ΑΛΛΩΝ ΣΚΑΦΩΝ ΓΙΑ ΑΝΑΨΥΧΗ Η ΑΘΛΗΤΙΣΜΟ, ΚΩΠΗΛΑΤΩΝ ΒΑΡΚΩΝ ΚΑΙ ΚΑΝΟ","188474204000","156308729","yahoo.gr"
"ΠΡΟΜΑΡΙΝ  MONOΠΡΟΣΩΠΗ ΕΤΑΙΡΕΙΑ ΠΕΡΙΟΡΙΣΜΕΝΗΣ ΕΥΘΥΝΗΣ ΕΜΠΟΡΙΟ- ΕΠΙΣΚΕΥΗ ΕΞΩΛΕΜΒΙΩΝ ΚΙΝΗΤΗΡΩΝ ΚΑΙ ΣΚΑΦΩΝ ΑΝΑΨΥΧΗΣ","C","free-mail","p.keramidas@hotmail.com","2294067905","ΜΑΡΑΘΩΝΟΣ / ΑΝΑΤΟΛΙΚΗΣ ΑΤΤΙΚΗΣ","ΑΝΑΤΟΛΙΚΗΣ ΑΤΤΙΚΗΣ","ΕΠΕ","2005","","","ΛΙΑΝΙΚΟ ΕΜΠΟΡΙΟ ΦΟΥΣΚΩΤΩΝ ΣΚΑΦΩΝ ΓΙΑ ΑΝΑΨΥΧΗ Η ΑΘΛΗΤΙΣΜΟ","6941001000","999194195","hotmail.com"
"ΣΑΛΑΜΑΝΗΣ MARINE ΜΟΝΟΠΡΟΣΩΠΗ ΙΚΕ","C","free-mail","rokkos10071971@gmail.com","6932488848","ΑΘΗΝΑΙΩΝ / ΚΕΝΤΡΙΚΟΥ ΤΟΜΕΑ ΑΘΗΝΩΝ","ΑΤΤΙΚΗΣ","ΙΚΕ","2019","","","ΧΟΝΔΡΙΚΟ ΕΜΠΟΡΙΟ ΦΟΥΣΚΩΤΩΝ ΣΚΑΦΩΝ ΓΙΑ ΑΝΑΨΥΧΗ Η ΑΘΛΗΤΙΣΜΟ","148748301000","801086233","gmail.com"
"ΣΑΜΑΡΤΖΗΣ ΠΑΝΑΓΙΩΤΗΣ ΤΟΥ ΙΩΑΝΝΗ","C","free-mail","tropidahellas@gmail.com","6945155581","ΚΡΩΠΙΑΣ / ΑΝΑΤΟΛΙΚΗΣ ΑΤΤΙΚΗΣ","ΑΤΤΙΚΗΣ","ΑΤΟΜΙΚΗ","2014","","","ΝΑΥΠΗΓΗΣΗ ΦΟΥΣΚΩΤΩΝ ΣΚΑΦΩΝ ΓΙΑ ΑΝΑΨΥΧΗ Η ΑΘΛΗΤΙΣΜΟ","67863003000","039973126","gmail.com"
"ΣΑΝΦΕΛΙΞ ΡΙΚΟ ΚΥΡΙΑΚΟΣ-ΑΝΔΡΕΑΣ ΤΟΥ ΒΙΣΕΝΤΕ","C","free-mail","argyrofil@yahoo.gr","2593023700","ΘΑΣΟΥ / ΘΑΣΟΥ","ΚΑΒΑΛΑΣ","ΑΤΟΜΙΚΗ","1999","","","ΛΙΑΝΙΚΟ ΕΜΠΟΡΙΟ ΦΟΥΣΚΩΤΩΝ ΣΚΑΦΩΝ ΓΙΑ ΑΝΑΨΥΧΗ Η ΑΘΛΗΤΙΣΜΟ","20373230000","063105704","yahoo.gr"
"ΣΓΟΥΡΟΣ ΕΥΣΤΑΘΙΟΣ ΤΟΥ ΣΠΥΡΙΔΩΝ","C","free-mail","esgouros@gmail.com","2108020585","ΚΕΝΤΡΙΚΗΣ ΚΕΡΚΥΡΑΣ ΚΑΙ ΔΙΑΠΟΝΤΙΩΝ ΝΗΣΩΝ / ΚΕΡΚΥΡΑΣ","ΚΕΡΚΥΡΑΣ","ΑΤΟΜΙΚΗ","2013","","","ΝΑΥΠΗΓΗΣΗ ΣΚΑΦΩΝ ΑΝΑΨΥΧΗΣ ΚΑΙ ΑΘΛΗΤΙΣΜΟΥ","124337633000","147131504","gmail.com"
"ΣΟΥΠΕΡ ΤΟΙΣ ΣΚΑΦΗ ΕΤΑΙΡΕΙΑ ΠΕΡΙΟΡΙΣΜΕΝΗΣ ΕΥΘΥΝΗΣ","C","free-mail","lydataz@gmail.com","2106619164","ΚΡΩΠΙΑΣ / ΑΝΑΤΟΛΙΚΗΣ ΑΤΤΙΚΗΣ","ΑΝΑΤΟΛΙΚΗΣ ΑΤΤΙΚΗΣ","ΕΠΕ","2007","","","ΛΙΑΝΙΚΟ ΕΜΠΟΡΙΟ ΑΛΛΩΝ ΣΚΑΦΩΝ ΓΙΑ ΑΝΑΨΥΧΗ Η ΑΘΛΗΤΙΣΜΟ, ΚΩΠΗΛΑΤΩΝ ΒΑΡΚΩΝ ΚΑΙ ΚΑΝΟ","7903201000","998420328","gmail.com"
"ΣΠΥΡΙΔΩΝ ΜΑΝΔΗΛΑΡΑΣ ΤΟΥ ΝΙΚΗΦΟΡΟΥ","C","free-mail","tampaskon@gmail.com","2109957210","ΗΛΙΟΥΠΟΛΕΩΣ / ΚΕΝΤΡΙΚΟΥ ΤΟΜΕΑ ΑΘΗΝΩΝ","ΑΤΤΙΚΗΣ","ΑΤΟΜΙΚΗ","1995","","","ΧΟΝΔΡΙΚΟ ΕΜΠΟΡΙΟ ΦΟΥΣΚΩΤΩΝ ΣΚΑΦΩΝ ΓΙΑ ΑΝΑΨΥΧΗ Η ΑΘΛΗΤΙΣΜΟ","1884101000","050222680","gmail.com"
"ΣΠΥΡΙΔΩΝ ΠΑΝΤΟΣ ΤΟΥ ΧΡΗΣΤΟΥ","C","free-mail","miropantou_91@hotmail.com","2295023588","ΩΡΩΠΟΥ / ΑΝΑΤΟΛΙΚΗΣ ΑΤΤΙΚΗΣ","ΑΤΤΙΚΗΣ","ΑΤΟΜΙΚΗ","2009","","","ΛΙΑΝΙΚΟ ΕΜΠΟΡΙΟ ΑΛΛΩΝ ΣΚΑΦΩΝ ΓΙΑ ΑΝΑΨΥΧΗ Η ΑΘΛΗΤΙΣΜΟ, ΚΩΠΗΛΑΤΩΝ ΒΑΡΚΩΝ ΚΑΙ ΚΑΝΟ","8600101000","020366861","hotmail.com"
"ΣΤΕΦΑΝΟΣ ΣΤΕΦΑΝΑΤΟΣ","C","free-mail","stef-honda@hotmail.com","2610990644","ΠΑΤΡΕΩΝ / ΑΧΑΙΑΣ","ΑΧΑΙΑΣ","ΑΤΟΜΙΚΗ","2013","","","ΝΑΥΠΗΓΗΣΗ ΣΚΑΦΩΝ ΑΝΑΨΥΧΗΣ ΚΑΙ ΑΘΛΗΤΙΣΜΟΥ","125818516000","146854106","hotmail.com"
"ΣΥΜΕΩΝ ΚΥΠΡΙΑΝΙΔΗΣ ΕΜΠΟΡΙΑ ΣΚΑΦΩΝ ΑΝΑΨΥΧΗΣ ΜΟΝΟΠΡΟΣΩΠΗ Ι.Κ.Ε.","C","free-mail","kyprianidis.simos@gmail.com","2106810372","ΑΜΑΡΟΥΣΙΟΥ / ΒΟΡΕΙΟΥ ΤΟΜΕΑ ΑΘΗΝΩΝ","ΑΤΤΙΚΗΣ","ΙΚΕ","2023","","","ΛΙΑΝΙΚΟ ΕΜΠΟΡΙΟ ΑΛΛΩΝ ΣΚΑΦΩΝ ΓΙΑ ΑΝΑΨΥΧΗ Η ΑΘΛΗΤΙΣΜΟ, ΚΩΠΗΛΑΤΩΝ ΒΑΡΚΩΝ ΚΑΙ ΚΑΝΟ","173488001000","802277662","gmail.com"
"ΤΖΑΓΚΑΡΑΚΗΣ ΜΙΧΑΗΛ ΤΟΥ ΓΕΩΡΓΙΟΥ","C","free-mail","kthalassa@gmail.com","","ΜΑΛΕΒΙΖΙΟΥ / ΗΡΑΚΛΕΙΟΥ","ΗΡΑΚΛΕΙΟΥ","ΑΤΟΜΙΚΗ","2009","","","ΛΙΑΝΙΚΟ ΕΜΠΟΡΙΟ ΦΟΥΣΚΩΤΩΝ ΣΚΑΦΩΝ ΓΙΑ ΑΝΑΨΥΧΗ Η ΑΘΛΗΤΙΣΜΟ","77321727000","103823025","gmail.com"
"ΤΡΙΑΝΤΑΦΥΛΛΑΚΗΣ ΗΛΙΑΣ ΤΟΥ ΒΑΣΙΛΕΙΟΥ","C","free-mail","etriantafyllakis@gmail.com","2721087818","ΚΑΛΑΜΑΤΑΣ / ΜΕΣΣΗΝΙΑΣ","ΜΕΣΣΗΝΙΑΣ","ΑΤΟΜΙΚΗ","2023","","","ΕΜΠΟΡΙΚΟΙ ΑΝΤΙΠΡΟΣΩΠΟΙ ΠΟΥ ΜΕΣΟΛΑΒΟΥΝ ΣΤΗΝ ΠΩΛΗΣΗ ΣΚΑΦΩΝ ΑΝΑΨΥΧΗΣ ΚΑΙ ΑΘΛΗΤΙΣΜΟΥ ΚΑΙ ΜΕΡΩΝ ΤΟΥΣ","193840745000","114809141","gmail.com"
"ΤΣΕΚΟΥΡΑ ΜΑΡΙΑ & ΣΙΑ ΟΕ","C","free-mail","joannatsek@yahoo.gr","2299042594","ΛΑΥΡΕΩΤΙΚΗΣ / ΑΝΑΤΟΛΙΚΗΣ ΑΤΤΙΚΗΣ","ΑΤΤΙΚΗΣ","ΟΕ","1999","","","ΝΑΥΠΗΓΗΣΗ ΦΟΥΣΚΩΤΩΝ ΣΚΑΦΩΝ ΓΙΑ ΑΝΑΨΥΧΗ Η ΑΘΛΗΤΙΣΜΟ","3164701000","099050587","yahoo.gr"
"ΤΣΙΚΝΗΣ ΚΩΝΣΤΑΝΤΙΝΟΣ ΤΟΥ ΙΩΑΝΝΗ","C","free-mail","expertmarinekt@gmail.com","2695025798","ΖΑΚΥΝΘΟΥ / ΖΑΚΥΝΘΟΥ","ΖΑΚΥΝΘΟΥ","ΑΤΟΜΙΚΗ","2008","","","ΛΙΑΝΙΚΟ ΕΜΠΟΡΙΟ ΦΟΥΣΚΩΤΩΝ ΣΚΑΦΩΝ ΓΙΑ ΑΝΑΨΥΧΗ Η ΑΘΛΗΤΙΣΜΟ","8023501000","107656420","gmail.com"
"ΦΡΑΓΚΟΜΑΝΩΛΗΣ ΧΡΗΣΤΟΣ ΜΟΝΟΠΡΟΣΩΠΗ ΕΤΑΙΡΕΙΑ ΠΕΡΙΩΡΙΣΜΕΝΗΣ ΕΥΘΥΝΗΣ","C","free-mail","office.finfinis@gmail.com","2104009375","ΚΕΡΑΤΣΙΝΙΟΥ - ΔΡΑΠΕΤΣΩΝΑΣ / ΠΕΙΡΑΙΩΣ","ΑΤΤΙΚΗΣ","ΕΠΕ","2010","","","ΕΜΠΟΡΙΚΟΙ ΑΝΤΙΠΡΟΣΩΠΟΙ ΠΟΥ ΜΕΣΟΛΑΒΟΥΝ ΣΤΗΝ ΠΩΛΗΣΗ ΣΚΑΦΩΝ ΑΝΑΨΥΧΗΣ ΚΑΙ ΑΘΛΗΤΙΣΜΟΥ ΚΑΙ ΜΕΡΩΝ ΤΟΥΣ","44752007000","997879895","gmail.com"
"ΦΩΣΤΙΕΡΗΣ ΠΕΤΡΟΣ ΚΑΙ ΣΙΑ Ε.Ε.","C","free-mail","ntoulasa@gmail.com","2108971347","ΚΡΩΠΙΑΣ / ΑΝΑΤΟΛΙΚΗΣ ΑΤΤΙΚΗΣ","ΑΤΤΙΚΗΣ","ΕΕ","2023","","","ΝΑΥΠΗΓΗΣΗ ΣΚΑΦΩΝ ΑΝΑΨΥΧΗΣ ΚΑΙ ΑΘΛΗΤΙΣΜΟΥ","172615202000","802231580","gmail.com"
"ΧΑΛΙΑΖΗ ΠΑΝΑΓΙΩΤΑ ΑΘΑΝΑΣΙΟΥ","C","free-mail","chaliaziyiota@yahoo.gr","6977510357","","ΘΕΣΣΑΛΟΝΙΚΗΣ","ΑΤΟΜΙΚΗ","2010","","","ΛΙΑΝΙΚΟ ΕΜΠΟΡΙΟ ΦΟΥΣΚΩΤΩΝ ΣΚΑΦΩΝ ΓΙΑ ΑΝΑΨΥΧΗ Η ΑΘΛΗΤΙΣΜΟ","59246504000","126390457","yahoo.gr"
"ΨΑΡΡΑΣ Ν. SpeedFire Ε.Ε.","C","free-mail","psarras.nikolaos@yahoo.com","6979110024","ΘΕΡΜΗΣ / ΘΕΣΣΑΛΟΝΙΚΗΣ","ΘΕΣΣΑΛΟΝΙΚΗΣ","ΕΕ","2026","","","ΝΑΥΠΗΓΗΣΗ ΣΚΑΦΩΝ ΑΝΑΨΥΧΗΣ ΚΑΙ ΑΘΛΗΤΙΣΜΟΥ","195067905000","803347709","yahoo.com"
